MANDT,EBELN,EBELP,ZEKKN,VGABE,GJAHR,BELNR,BUZEI,BEWTP,BWART,BUDAT,MENGE,BPMNG,DMBTR,WRBTR,WAERS,WESBS,BPWES,SHKZG,ELIKZ,CPUDT,MATNR,WERKS,ERNAM
100,4500000000,00010,0,6,2024,5100000000,0001,U,,2024-05-21,115.0,115.0,23748.65,23748.65,USD,0,0,H,,2024-05-21,MAT00008,P003,FINANCE02
100,4500000001,00010,0,1,2024,5000000001,0001,E,101,2024-05-08,294.0,294.0,81049.92,81049.92,USD,294.0,294.0,S,,2024-05-08,MAT00005,P003,FINANCE02
100,4500000001,00010,0,6,2024,5100000001,0001,U,,2024-05-26,294.0,294.0,81049.92,81049.92,USD,0,0,H,,2024-05-26,MAT00005,P003,FINANCE01
100,4500000002,00010,0,1,2024,5000000003,0001,E,101,2024-06-21,127.0,127.0,25900.38,25900.38,USD,127.0,127.0,S,,2024-06-21,MAT00009,P001,BUYER02
100,4500000002,00010,0,6,2024,5100000002,0001,U,,2024-06-24,127.0,127.0,25900.38,25900.38,USD,0,0,H,,2024-06-24,MAT00009,P001,FINANCE02
100,4500000003,00010,0,1,2024,5000000005,0001,E,101,2024-06-18,410.0,410.0,64247.0,64247.0,USD,410.0,410.0,S,,2024-06-18,MAT00015,P002,SALEUSER2
100,4500000003,00010,0,6,2024,5100000003,0001,U,,2024-06-24,410.0,410.0,64247.0,64247.0,USD,0,0,H,,2024-06-24,MAT00015,P002,FINANCE01
100,4500000003,00020,0,1,2024,5000000007,0001,E,101,2024-06-18,139.0,139.0,47626.96,47626.96,USD,139.0,139.0,S,,2024-06-18,MAT00004,P002,WHOUSE02
100,4500000003,00020,0,6,2024,5100000003,0001,U,,2024-06-29,139.0,139.0,47626.96,47626.96,USD,0,0,H,,2024-06-29,MAT00004,P002,FINANCE01
100,4500000004,00010,0,1,2024,5000000009,0001,E,101,2024-08-26,47.0,47.0,20807.84,20807.84,USD,47.0,47.0,S,,2024-08-26,MAT00018,P002,FINANCE02
100,4500000004,00010,0,6,2024,5100000004,0001,U,,2024-09-15,47.0,47.0,20807.84,20807.84,USD,0,0,H,,2024-09-15,MAT00018,P002,FINANCE01
100,4500000005,00010,0,1,2024,5000000011,0001,E,101,2024-04-21,209.0,209.0,65651.08,65651.08,USD,209.0,209.0,S,,2024-04-21,MAT00022,P002,BUYER03
100,4500000005,00010,0,6,2024,5100000005,0001,U,,2024-04-24,209.0,209.0,77614.24,77614.24,USD,0,0,H,,2024-04-24,MAT00022,P002,FINANCE01
100,4500000006,00010,0,1,2024,5000000013,0001,E,101,2024-06-04,160.0,160.0,63955.2,63955.2,USD,160.0,160.0,S,,2024-06-04,MAT00008,P002,SALEUSER1
100,4500000006,00010,0,6,2024,5100000006,0001,U,,2024-06-19,160.0,160.0,63955.2,63955.2,USD,0,0,H,,2024-06-19,MAT00008,P002,FINANCE02
100,4500000007,00010,0,1,2024,5000000015,0001,E,101,2024-07-08,29.0,29.0,8767.28,8767.28,USD,29.0,29.0,S,,2024-07-08,MAT00004,P003,FINANCE02
100,4500000007,00010,0,6,2024,5100000007,0001,U,,2024-07-27,29.0,29.0,8767.28,8767.28,USD,0,0,H,,2024-07-27,MAT00004,P003,FINANCE01
100,4500000008,00010,0,1,2024,5000000017,0001,E,101,2024-04-17,162.0,162.0,34037.82,34037.82,USD,162.0,162.0,S,,2024-04-17,MAT00022,P003,BUYER03
100,4500000008,00010,0,6,2024,5100000008,0001,U,,2024-04-26,162.0,162.0,34037.82,34037.82,USD,0,0,H,,2024-04-26,MAT00022,P003,FINANCE02
100,4500000009,00010,0,6,2024,5100000009,0001,U,,2024-08-21,341.0,341.0,88823.68,88823.68,USD,0,0,H,,2024-08-21,MAT00019,P002,FINANCE02
100,4500000010,00010,0,1,2024,5000000020,0001,E,101,2024-09-27,362.0,362.0,71730.3,71730.3,USD,362.0,362.0,S,,2024-09-27,MAT00015,P001,BUYER01
100,4500000010,00010,0,6,2024,5100000010,0001,U,,2024-10-03,362.0,362.0,71730.3,71730.3,USD,0,0,H,,2024-10-03,MAT00015,P001,FINANCE02
100,4500000010,00020,0,1,2024,5000000022,0001,E,101,2024-09-27,29.0,29.0,1798.0,1798.0,USD,29.0,29.0,S,,2024-09-27,MAT00014,P001,FINANCE01
100,4500000010,00020,0,6,2024,5100000010,0001,U,,2024-10-17,29.0,29.0,1798.0,1798.0,USD,0,0,H,,2024-10-17,MAT00014,P001,FINANCE02
100,4500000011,00010,0,1,2024,5000000024,0001,E,101,2024-07-18,317.0,317.0,45822.35,45822.35,USD,317.0,317.0,S,,2024-07-18,MAT00021,P002,SALEUSER2
100,4500000011,00010,0,6,2024,5100000011,0001,U,,2024-07-31,317.0,317.0,45822.35,45822.35,USD,0,0,H,,2024-07-31,MAT00021,P002,FINANCE02
100,4500000012,00010,0,1,2024,5000000026,0001,E,101,2024-03-13,296.0,296.0,103839.76,103839.76,USD,296.0,296.0,S,,2024-03-13,MAT00014,P002,BUYER01
100,4500000012,00010,0,6,2024,5100000012,0001,U,,2024-03-27,296.0,296.0,103839.76,103839.76,USD,0,0,H,,2024-03-27,MAT00014,P002,FINANCE02
100,4500000013,00010,0,1,2024,5000000028,0001,E,101,2024-10-12,343.0,343.0,71385.16,71385.16,USD,343.0,343.0,S,,2024-10-12,MAT00014,P002,BUYER03
100,4500000013,00010,0,6,2024,5100000013,0001,U,,2024-11-01,343.0,343.0,71385.16,71385.16,USD,0,0,H,,2024-11-01,MAT00014,P002,FINANCE01
100,4500000014,00010,0,1,2024,5000000030,0001,E,101,2024-10-04,441.0,441.0,64540.35,64540.35,USD,441.0,441.0,S,,2024-10-04,MAT00007,P002,WHOUSE02
100,4500000014,00010,0,6,2024,5100000014,0001,U,,2024-10-07,441.0,441.0,64540.35,64540.35,USD,0,0,H,,2024-10-07,MAT00007,P002,FINANCE01
100,4500000015,00010,0,1,2024,5000000032,0001,E,101,2024-04-25,238.0,238.0,32263.28,32263.28,USD,238.0,238.0,S,,2024-04-25,MAT00008,P001,FINANCE02
100,4500000015,00010,0,6,2024,5100000015,0001,U,,2024-05-01,238.0,238.0,32263.28,32263.28,USD,0,0,H,,2024-05-01,MAT00008,P001,FINANCE01
100,4500000016,00010,0,1,2024,5000000034,0001,E,101,2024-07-25,405.0,405.0,162060.75,162060.75,USD,405.0,405.0,S,,2024-07-25,MAT00019,P003,FINANCE01
100,4500000016,00010,0,6,2024,5100000016,0001,U,,2024-08-10,405.0,405.0,162060.75,162060.75,USD,0,0,H,,2024-08-10,MAT00019,P003,FINANCE02
100,4500000016,00020,0,1,2024,5000000036,0001,E,101,2024-07-25,26.0,26.0,10002.46,10002.46,USD,26.0,26.0,S,,2024-07-25,MAT00008,P003,WHOUSE02
100,4500000016,00020,0,6,2024,5100000016,0001,U,,2024-08-01,26.0,26.0,10002.46,10002.46,USD,0,0,H,,2024-08-01,MAT00008,P003,FINANCE02
100,4500000017,00010,0,1,2024,5000000038,0001,E,101,2024-06-03,442.0,442.0,57234.58,57234.58,USD,442.0,442.0,S,,2024-06-03,MAT00011,P003,BUYER01
100,4500000017,00010,0,6,2024,5100000017,0001,U,,2024-06-21,442.0,442.0,57234.58,57234.58,USD,0,0,H,,2024-06-21,MAT00011,P003,FINANCE02
100,4500000018,00010,0,1,2024,5000000040,0001,E,101,2024-05-13,209.0,209.0,58946.36,58946.36,USD,209.0,209.0,S,,2024-05-13,MAT00017,P002,WHOUSE02
100,4500000018,00010,0,6,2024,5100000018,0001,U,,2024-05-30,209.0,209.0,58946.36,58946.36,USD,0,0,H,,2024-05-30,MAT00017,P002,FINANCE01
100,4500000019,00010,0,1,2024,5000000042,0001,E,101,2024-08-22,143.0,143.0,19046.17,19046.17,USD,143.0,143.0,S,,2024-08-22,MAT00014,P003,BUYER02
100,4500000019,00010,0,6,2024,5100000019,0001,U,,2024-09-11,143.0,143.0,19046.17,19046.17,USD,0,0,H,,2024-09-11,MAT00014,P003,FINANCE01
100,4500000020,00010,0,1,2024,5000000044,0001,E,101,2024-08-08,357.0,357.0,25714.71,25714.71,USD,357.0,357.0,S,,2024-08-08,MAT00008,P001,SALEUSER2
100,4500000020,00010,0,6,2024,5100000020,0001,U,,2024-08-15,357.0,357.0,25714.71,25714.71,USD,0,0,H,,2024-08-15,MAT00008,P001,FINANCE02
100,4500000021,00010,0,1,2024,5000000046,0001,E,101,2024-08-20,318.0,318.0,11533.86,11533.86,USD,318.0,318.0,S,,2024-08-20,MAT00003,P002,SALEUSER1
100,4500000021,00010,0,6,2024,5100000021,0001,U,,2024-08-26,318.0,318.0,11533.86,11533.86,USD,0,0,H,,2024-08-26,MAT00003,P002,FINANCE02
100,4500000022,00010,0,1,2024,5000000048,0001,E,101,2024-04-14,140.0,140.0,6969.2,6969.2,USD,140.0,140.0,S,,2024-04-14,MAT00020,P003,FINANCE01
100,4500000022,00010,0,6,2024,5100000022,0001,U,,2024-04-19,140.0,140.0,6969.2,6969.2,USD,0,0,H,,2024-04-19,MAT00020,P003,FINANCE01
100,4500000023,00010,0,1,2024,5000000050,0001,E,101,2024-06-01,120.0,120.0,9960.0,9960.0,USD,120.0,120.0,S,,2024-06-01,MAT00009,P001,BUYER01
100,4500000023,00010,0,6,2024,5100000023,0001,U,,2024-06-09,120.0,120.0,9960.0,9960.0,USD,0,0,H,,2024-06-09,MAT00009,P001,FINANCE02
100,4500000024,00010,0,1,2024,5000000052,0001,E,101,2024-03-04,133.0,133.0,7281.75,7281.75,USD,133.0,133.0,S,,2024-03-04,MAT00003,P003,BUYER01
100,4500000024,00010,0,6,2024,5100000024,0001,U,,2024-03-12,133.0,133.0,8478.75,8478.75,USD,0,0,H,,2024-03-12,MAT00003,P003,FINANCE02
100,4500000025,00010,0,1,2024,5000000054,0001,E,101,2024-08-22,151.0,151.0,71444.14,71444.14,USD,151.0,151.0,S,,2024-08-22,MAT00006,P002,SALEUSER3
100,4500000025,00010,0,6,2024,5100000025,0001,U,,2024-09-02,151.0,151.0,71444.14,71444.14,USD,0,0,H,,2024-09-02,MAT00006,P002,FINANCE02
100,4500000026,00010,0,1,2024,5000000056,0001,E,101,2024-09-09,141.0,141.0,10462.2,10462.2,USD,141.0,141.0,S,,2024-09-09,MAT00021,P002,WHOUSE02
100,4500000026,00010,0,6,2024,5100000026,0001,U,,2024-09-15,141.0,141.0,10462.2,10462.2,USD,0,0,H,,2024-09-15,MAT00021,P002,FINANCE01
100,4500000027,00010,0,1,2024,5000000058,0001,E,101,2024-08-04,214.0,214.0,52733.88,52733.88,USD,214.0,214.0,S,,2024-08-04,MAT00016,P002,BUYER03
100,4500000027,00010,0,6,2024,5100000027,0001,U,,2024-08-19,214.0,214.0,52733.88,52733.88,USD,0,0,H,,2024-08-19,MAT00016,P002,FINANCE01
100,4500000027,00020,0,1,2024,5000000060,0001,E,101,2024-08-04,71.0,71.0,22521.91,22521.91,USD,71.0,71.0,S,,2024-08-04,MAT00007,P002,BUYER01
100,4500000027,00020,0,6,2024,5100000027,0001,U,,2024-08-16,71.0,71.0,22521.91,22521.91,USD,0,0,H,,2024-08-16,MAT00007,P002,FINANCE02
100,4500000028,00010,0,1,2024,5000000062,0001,E,101,2024-06-30,429.0,429.0,90639.12,90639.12,USD,429.0,429.0,S,,2024-06-30,MAT00007,P002,WHOUSE01
100,4500000028,00010,0,6,2024,5100000028,0001,U,,2024-07-15,429.0,429.0,90639.12,90639.12,USD,0,0,H,,2024-07-15,MAT00007,P002,FINANCE01
100,4500000029,00010,0,6,2024,5100000029,0001,U,,2024-05-29,47.0,47.0,18468.65,18468.65,USD,0,0,H,,2024-05-29,MAT00001,P001,FINANCE01
100,4500000030,00010,0,1,2024,5000000065,0001,E,101,2024-06-21,489.0,489.0,187081.62,187081.62,USD,489.0,489.0,S,,2024-06-21,MAT00008,P001,SALEUSER2
100,4500000030,00010,0,6,2024,5100000030,0001,U,,2024-06-24,489.0,489.0,187081.62,187081.62,USD,0,0,H,,2024-06-24,MAT00008,P001,FINANCE01
100,4500000030,00020,0,1,2024,5000000067,0001,E,101,2024-06-21,53.0,53.0,9047.1,9047.1,USD,53.0,53.0,S,,2024-06-21,MAT00003,P001,BUYER03
100,4500000030,00020,0,6,2024,5100000030,0001,U,,2024-06-29,53.0,53.0,9047.1,9047.1,USD,0,0,H,,2024-06-29,MAT00003,P001,FINANCE01
100,4500000031,00010,0,1,2024,5000000069,0001,E,101,2024-06-06,238.0,238.0,35923.72,35923.72,USD,238.0,238.0,S,,2024-06-06,MAT00015,P002,FINANCE02
100,4500000031,00010,0,6,2024,5100000031,0001,U,,2024-06-18,238.0,238.0,35923.72,35923.72,USD,0,0,H,,2024-06-18,MAT00015,P002,FINANCE02
100,4500000031,00020,0,1,2024,5000000071,0001,E,101,2024-06-06,26.0,26.0,4126.98,4126.98,USD,26.0,26.0,S,,2024-06-06,MAT00008,P002,FINANCE02
100,4500000031,00020,0,6,2024,5100000031,0001,U,,2024-06-18,26.0,26.0,4126.98,4126.98,USD,0,0,H,,2024-06-18,MAT00008,P002,FINANCE02
100,4500000032,00010,0,1,2024,5000000073,0001,E,101,2024-06-09,322.0,322.0,101185.28,101185.28,USD,322.0,322.0,S,,2024-06-09,MAT00010,P003,WHOUSE02
100,4500000032,00010,0,6,2024,5100000032,0001,U,,2024-06-23,322.0,322.0,106749.44,106749.44,USD,0,0,H,,2024-06-23,MAT00010,P003,FINANCE01
100,4500000032,00020,0,1,2024,5000000075,0001,E,101,2024-06-09,158.0,158.0,55587.56,55587.56,USD,158.0,158.0,S,,2024-06-09,MAT00003,P003,FINANCE01
100,4500000032,00020,0,6,2024,5100000032,0001,U,,2024-06-20,158.0,158.0,62550.62,62550.62,USD,0,0,H,,2024-06-20,MAT00003,P003,FINANCE01
100,4500000033,00010,0,1,2024,5000000077,0001,E,101,2024-08-24,140.0,140.0,9878.4,9878.4,USD,140.0,140.0,S,,2024-08-24,MAT00018,P003,WHOUSE01
100,4500000033,00010,0,6,2024,5100000033,0001,U,,2024-09-07,140.0,140.0,9878.4,9878.4,USD,0,0,H,,2024-09-07,MAT00018,P003,FINANCE01
100,4500000034,00010,0,1,2024,5000000079,0001,E,101,2024-07-20,78.0,78.0,36946.26,36946.26,USD,78.0,78.0,S,,2024-07-20,MAT00023,P003,SALEUSER1
100,4500000034,00010,0,6,2024,5100000034,0001,U,,2024-08-09,78.0,78.0,36946.26,36946.26,USD,0,0,H,,2024-08-09,MAT00023,P003,FINANCE01
100,4500000034,00020,0,1,2024,5000000081,0001,E,101,2024-07-20,87.0,87.0,26054.76,26054.76,USD,87.0,87.0,S,,2024-07-20,MAT00009,P003,WHOUSE01
100,4500000034,00020,0,6,2024,5100000034,0001,U,,2024-07-26,87.0,87.0,26054.76,26054.76,USD,0,0,H,,2024-07-26,MAT00009,P003,FINANCE02
100,4500000035,00010,0,6,2024,5100000035,0001,U,,2024-09-06,103.0,103.0,7195.58,7195.58,USD,0,0,H,,2024-09-06,MAT00018,P001,FINANCE01
100,4500000036,00010,0,1,2024,5000000084,0001,E,101,2024-08-20,451.0,451.0,5136.89,5136.89,USD,451.0,451.0,S,,2024-08-20,MAT00008,P001,BUYER02
100,4500000036,00010,0,6,2024,5100000036,0001,U,,2024-08-23,451.0,451.0,5136.89,5136.89,USD,0,0,H,,2024-08-23,MAT00008,P001,FINANCE01
100,4500000036,00020,0,1,2024,5000000086,0001,E,101,2024-08-20,15.0,15.0,4489.05,4489.05,USD,15.0,15.0,S,,2024-08-20,MAT00005,P001,BUYER02
100,4500000036,00020,0,6,2024,5100000036,0001,U,,2024-08-25,15.0,15.0,4489.05,4489.05,USD,0,0,H,,2024-08-25,MAT00005,P001,FINANCE02
100,4500000037,00010,0,1,2024,5000000088,0001,E,101,2024-03-08,207.0,207.0,71661.33,71661.33,USD,207.0,207.0,S,,2024-03-08,MAT00015,P003,BUYER02
100,4500000037,00010,0,6,2024,5100000037,0001,U,,2024-03-21,207.0,207.0,71661.33,71661.33,USD,0,0,H,,2024-03-21,MAT00015,P003,FINANCE01
100,4500000038,00010,0,1,2024,5000000090,0001,E,101,2024-10-07,428.0,428.0,140790.6,140790.6,USD,428.0,428.0,S,,2024-10-07,MAT00017,P003,WHOUSE01
100,4500000038,00010,0,6,2024,5100000038,0001,U,,2024-10-20,428.0,428.0,140790.6,140790.6,USD,0,0,H,,2024-10-20,MAT00017,P003,FINANCE02
100,4500000038,00020,0,1,2024,5000000092,0001,E,101,2024-10-07,78.0,78.0,5423.34,5423.34,USD,78.0,78.0,S,,2024-10-07,MAT00005,P003,BUYER02
100,4500000038,00020,0,6,2024,5100000038,0001,U,,2024-10-12,78.0,78.0,5423.34,5423.34,USD,0,0,H,,2024-10-12,MAT00005,P003,FINANCE01
100,4500000039,00010,0,1,2024,5000000094,0001,E,101,2024-10-11,485.0,485.0,147537.0,147537.0,USD,485.0,485.0,S,,2024-10-11,MAT00022,P001,FINANCE01
100,4500000039,00010,0,6,2024,5100000039,0001,U,,2024-10-20,485.0,485.0,147537.0,147537.0,USD,0,0,H,,2024-10-20,MAT00022,P001,FINANCE01
100,4500000040,00010,0,6,2024,5100000040,0001,U,,2024-07-06,354.0,354.0,57135.6,57135.6,USD,0,0,H,,2024-07-06,MAT00020,P003,FINANCE01
100,4500000041,00010,0,1,2024,5000000097,0001,E,101,2024-03-10,380.0,380.0,13064.4,13064.4,USD,380.0,380.0,S,,2024-03-10,MAT00011,P001,WHOUSE01
100,4500000041,00010,0,6,2024,5100000041,0001,U,,2024-03-28,380.0,380.0,13064.4,13064.4,USD,0,0,H,,2024-03-28,MAT00011,P001,FINANCE02
100,4500000042,00010,0,1,2024,5000000099,0001,E,101,2024-07-09,492.0,492.0,18125.28,18125.28,USD,492.0,492.0,S,,2024-07-09,MAT00017,P003,BUYER03
100,4500000042,00010,0,6,2024,5100000042,0001,U,,2024-07-20,492.0,492.0,18125.28,18125.28,USD,0,0,H,,2024-07-20,MAT00017,P003,FINANCE02
100,4500000043,00010,0,6,2024,5100000043,0001,U,,2024-10-01,432.0,432.0,126195.84,126195.84,USD,0,0,H,,2024-10-01,MAT00002,P002,FINANCE02
100,4500000044,00010,0,1,2024,5000000102,0001,E,101,2024-09-24,204.0,204.0,33054.12,33054.12,USD,204.0,204.0,S,,2024-09-24,MAT00008,P001,SALEUSER3
100,4500000044,00010,0,6,2024,5100000044,0001,U,,2024-10-02,204.0,204.0,33054.12,33054.12,USD,0,0,H,,2024-10-02,MAT00008,P001,FINANCE01
100,4500000045,00010,0,1,2024,5000000104,0001,E,101,2024-06-12,85.0,85.0,32468.3,32468.3,USD,85.0,85.0,S,,2024-06-12,MAT00005,P001,WHOUSE02
100,4500000045,00010,0,6,2024,5100000045,0001,U,,2024-06-29,85.0,85.0,32468.3,32468.3,USD,0,0,H,,2024-06-29,MAT00005,P001,FINANCE02
100,4500000046,00010,0,1,2024,5000000106,0001,E,101,2024-03-28,28.0,28.0,5339.04,5339.04,USD,28.0,28.0,S,,2024-03-28,MAT00017,P003,BUYER02
100,4500000046,00010,0,6,2024,5100000046,0001,U,,2024-04-16,28.0,28.0,6098.4,6098.4,USD,0,0,H,,2024-04-16,MAT00017,P003,FINANCE02
100,4500000047,00010,0,1,2024,5000000108,0001,E,101,2024-02-29,357.0,357.0,176922.06,176922.06,USD,357.0,357.0,S,,2024-02-29,MAT00011,P001,SALEUSER3
100,4500000047,00010,0,6,2024,5100000047,0001,U,,2024-03-12,357.0,357.0,176922.06,176922.06,USD,0,0,H,,2024-03-12,MAT00011,P001,FINANCE02
100,4500000048,00010,0,1,2024,5000000110,0001,E,101,2024-07-15,438.0,438.0,75927.3,75927.3,USD,438.0,438.0,S,,2024-07-15,MAT00010,P002,WHOUSE01
100,4500000048,00010,0,6,2024,5100000048,0001,U,,2024-07-22,438.0,438.0,75927.3,75927.3,USD,0,0,H,,2024-07-22,MAT00010,P002,FINANCE01
100,4500000048,00020,0,1,2024,5000000112,0001,E,101,2024-07-15,136.0,136.0,45327.44,45327.44,USD,136.0,136.0,S,,2024-07-15,MAT00003,P002,FINANCE01
100,4500000048,00020,0,6,2024,5100000048,0001,U,,2024-07-20,136.0,136.0,45327.44,45327.44,USD,0,0,H,,2024-07-20,MAT00003,P002,FINANCE02
100,4500000049,00010,0,1,2024,5000000114,0001,E,101,2024-04-01,274.0,274.0,101911.56,101911.56,USD,274.0,274.0,S,,2024-04-01,MAT00005,P001,SALEUSER3
100,4500000049,00010,0,6,2024,5100000049,0001,U,,2024-04-08,274.0,274.0,101911.56,101911.56,USD,0,0,H,,2024-04-08,MAT00005,P001,FINANCE02
100,4500000049,00020,0,1,2024,5000000116,0001,E,101,2024-04-01,181.0,181.0,52718.06,52718.06,USD,181.0,181.0,S,,2024-04-01,MAT00013,P001,WHOUSE01
100,4500000049,00020,0,6,2024,5100000049,0001,U,,2024-04-15,181.0,181.0,52718.06,52718.06,USD,0,0,H,,2024-04-15,MAT00013,P001,FINANCE01
100,4500000050,00010,0,1,2024,5000000118,0001,E,101,2024-09-25,197.0,197.0,52886.62,52886.62,USD,197.0,197.0,S,,2024-09-25,MAT00022,P002,BUYER01
100,4500000050,00010,0,6,2024,5100000050,0001,U,,2024-10-13,197.0,197.0,52886.62,52886.62,USD,0,0,H,,2024-10-13,MAT00022,P002,FINANCE02
100,4500000050,00020,0,1,2024,5000000120,0001,E,101,2024-09-25,93.0,93.0,19549.53,19549.53,USD,93.0,93.0,S,,2024-09-25,MAT00005,P002,BUYER02
100,4500000050,00020,0,6,2024,5100000050,0001,U,,2024-10-05,93.0,93.0,19549.53,19549.53,USD,0,0,H,,2024-10-05,MAT00005,P002,FINANCE02
100,4500000051,00010,0,1,2024,5000000122,0001,E,101,2024-08-02,29.0,29.0,13326.08,13326.08,USD,29.0,29.0,S,,2024-08-02,MAT00004,P001,WHOUSE02
100,4500000051,00010,0,6,2024,5100000051,0001,U,,2024-08-19,29.0,29.0,13326.08,13326.08,USD,0,0,H,,2024-08-19,MAT00004,P001,FINANCE01
100,4500000052,00010,0,1,2024,5000000124,0001,E,101,2024-07-05,323.0,323.0,101803.14,101803.14,USD,323.0,323.0,S,,2024-07-05,MAT00008,P002,WHOUSE02
100,4500000052,00010,0,6,2024,5100000052,0001,U,,2024-07-25,323.0,323.0,101803.14,101803.14,USD,0,0,H,,2024-07-25,MAT00008,P002,FINANCE01
100,4500000053,00010,0,1,2024,5000000126,0001,E,101,2024-08-25,259.0,259.0,128018.52,128018.52,USD,259.0,259.0,S,,2024-08-25,MAT00017,P001,BUYER01
100,4500000053,00010,0,6,2024,5100000053,0001,U,,2024-09-09,259.0,259.0,128018.52,128018.52,USD,0,0,H,,2024-09-09,MAT00017,P001,FINANCE02
100,4500000054,00010,0,1,2024,5000000128,0001,E,101,2024-03-17,409.0,409.0,39178.11,39178.11,USD,409.0,409.0,S,,2024-03-17,MAT00005,P001,BUYER03
100,4500000054,00010,0,6,2024,5100000054,0001,U,,2024-03-24,409.0,409.0,39178.11,39178.11,USD,0,0,H,,2024-03-24,MAT00005,P001,FINANCE01
100,4500000055,00010,0,1,2024,5000000130,0001,E,101,2024-05-23,393.0,393.0,170656.32,170656.32,USD,393.0,393.0,S,,2024-05-23,MAT00021,P002,WHOUSE01
100,4500000055,00010,0,6,2024,5100000055,0001,U,,2024-06-07,393.0,393.0,170656.32,170656.32,USD,0,0,H,,2024-06-07,MAT00021,P002,FINANCE02
100,4500000055,00020,0,1,2024,5000000132,0001,E,101,2024-05-23,160.0,160.0,18243.2,18243.2,USD,160.0,160.0,S,,2024-05-23,MAT00015,P002,WHOUSE01
100,4500000055,00020,0,6,2024,5100000055,0001,U,,2024-05-28,160.0,160.0,18243.2,18243.2,USD,0,0,H,,2024-05-28,MAT00015,P002,FINANCE02
100,4500000056,00010,0,1,2024,5000000134,0001,E,101,2024-09-30,366.0,366.0,167148.54,167148.54,USD,366.0,366.0,S,,2024-09-30,MAT00006,P003,BUYER01
100,4500000056,00010,0,6,2024,5100000056,0001,U,,2024-10-15,366.0,366.0,177389.22,177389.22,USD,0,0,H,,2024-10-15,MAT00006,P003,FINANCE02
100,4500000057,00010,0,6,2024,5100000057,0001,U,,2024-03-23,475.0,475.0,91337.75,91337.75,USD,0,0,H,,2024-03-23,MAT00019,P002,FINANCE02
100,4500000058,00010,0,1,2024,5000000137,0001,E,101,2024-07-18,70.0,70.0,29951.6,29951.6,USD,70.0,70.0,S,,2024-07-18,MAT00020,P003,WHOUSE02
100,4500000058,00010,0,6,2024,5100000058,0001,U,,2024-07-31,70.0,70.0,35929.6,35929.6,USD,0,0,H,,2024-07-31,MAT00020,P003,FINANCE02
100,4500000059,00010,0,1,2024,5000000139,0001,E,101,2024-08-30,239.0,239.0,117511.52,117511.52,USD,239.0,239.0,S,,2024-08-30,MAT00001,P001,SALEUSER2
100,4500000059,00010,0,6,2024,5100000059,0001,U,,2024-09-14,239.0,239.0,117511.52,117511.52,USD,0,0,H,,2024-09-14,MAT00001,P001,FINANCE02
100,4500000060,00010,0,1,2024,5000000141,0001,E,101,2024-05-06,256.0,256.0,111467.52,111467.52,USD,256.0,256.0,S,,2024-05-06,MAT00005,P002,BUYER03
100,4500000060,00010,0,6,2024,5100000060,0001,U,,2024-05-14,256.0,256.0,111467.52,111467.52,USD,0,0,H,,2024-05-14,MAT00005,P002,FINANCE02
100,4500000061,00010,0,1,2024,5000000143,0001,E,101,2024-04-19,300.0,300.0,88356.0,88356.0,USD,300.0,300.0,S,,2024-04-19,MAT00020,P001,BUYER02
100,4500000061,00010,0,6,2024,5100000061,0001,U,,2024-04-23,300.0,300.0,88356.0,88356.0,USD,0,0,H,,2024-04-23,MAT00020,P001,FINANCE02
100,4500000061,00020,0,1,2024,5000000145,0001,E,101,2024-04-19,127.0,127.0,15617.19,15617.19,USD,127.0,127.0,S,,2024-04-19,MAT00015,P001,WHOUSE02
100,4500000061,00020,0,6,2024,5100000061,0001,U,,2024-04-29,127.0,127.0,15617.19,15617.19,USD,0,0,H,,2024-04-29,MAT00015,P001,FINANCE02
100,4500000062,00010,0,1,2024,5000000147,0001,E,101,2024-07-28,74.0,74.0,14175.44,14175.44,USD,74.0,74.0,S,,2024-07-28,MAT00011,P002,WHOUSE02
100,4500000062,00010,0,6,2024,5100000062,0001,U,,2024-08-03,74.0,74.0,14175.44,14175.44,USD,0,0,H,,2024-08-03,MAT00011,P002,FINANCE02
100,4500000063,00010,0,1,2024,5000000149,0001,E,101,2024-07-27,239.0,239.0,105339.25,105339.25,USD,239.0,239.0,S,,2024-07-27,MAT00019,P001,BUYER02
100,4500000063,00010,0,6,2024,5100000063,0001,U,,2024-08-11,239.0,239.0,105339.25,105339.25,USD,0,0,H,,2024-08-11,MAT00019,P001,FINANCE02
100,4500000064,00010,0,6,2024,5100000064,0001,U,,2024-02-09,76.0,76.0,10608.84,10608.84,USD,0,0,H,,2024-02-09,MAT00018,P003,FINANCE02
100,4500000065,00010,0,6,2024,5100000065,0001,U,,2024-04-26,494.0,494.0,139969.96,139969.96,USD,0,0,H,,2024-04-26,MAT00005,P002,FINANCE02
100,4500000066,00010,0,1,2024,5000000153,0001,E,101,2024-07-28,372.0,372.0,58262.64,58262.64,USD,372.0,372.0,S,,2024-07-28,MAT00011,P003,FINANCE02
100,4500000066,00010,0,6,2024,5100000066,0001,U,,2024-08-09,372.0,372.0,58262.64,58262.64,USD,0,0,H,,2024-08-09,MAT00011,P003,FINANCE02
100,4500000067,00010,0,1,2024,5000000155,0001,E,101,2024-11-03,486.0,486.0,142616.7,142616.7,USD,486.0,486.0,S,,2024-11-03,MAT00020,P003,FINANCE01
100,4500000067,00010,0,6,2024,5100000067,0001,U,,2024-11-18,486.0,486.0,142616.7,142616.7,USD,0,0,H,,2024-11-18,MAT00020,P003,FINANCE01
100,4500000067,00020,0,1,2024,5000000157,0001,E,101,2024-11-03,35.0,35.0,9775.5,9775.5,USD,35.0,35.0,S,,2024-11-03,MAT00007,P003,FINANCE01
100,4500000067,00020,0,6,2024,5100000067,0001,U,,2024-11-21,35.0,35.0,9775.5,9775.5,USD,0,0,H,,2024-11-21,MAT00007,P003,FINANCE01
100,4500000068,00010,0,1,2024,5000000159,0001,E,101,2024-09-10,325.0,325.0,113659.0,113659.0,USD,325.0,325.0,S,,2024-09-10,MAT00018,P001,SALEUSER2
100,4500000068,00010,0,6,2024,5100000068,0001,U,,2024-09-30,325.0,325.0,113659.0,113659.0,USD,0,0,H,,2024-09-30,MAT00018,P001,FINANCE02
100,4500000069,00010,0,1,2024,5000000161,0001,E,101,2024-05-09,196.0,196.0,96094.88,96094.88,USD,196.0,196.0,S,,2024-05-09,MAT00010,P003,BUYER01
100,4500000069,00010,0,6,2024,5100000069,0001,U,,2024-05-21,196.0,196.0,96094.88,96094.88,USD,0,0,H,,2024-05-21,MAT00010,P003,FINANCE01
100,4500000070,00010,0,1,2024,5000000163,0001,E,101,2024-05-27,454.0,454.0,54743.32,54743.32,USD,454.0,454.0,S,,2024-05-27,MAT00004,P003,WHOUSE01
100,4500000070,00010,0,6,2024,5100000070,0001,U,,2024-06-14,454.0,454.0,60191.32,60191.32,USD,0,0,H,,2024-06-14,MAT00004,P003,FINANCE01
100,4500000071,00010,0,1,2024,5000000165,0001,E,101,2024-05-26,442.0,442.0,42493.88,42493.88,USD,442.0,442.0,S,,2024-05-26,MAT00003,P002,WHOUSE02
100,4500000071,00010,0,6,2024,5100000071,0001,U,,2024-06-07,442.0,442.0,45804.46,45804.46,USD,0,0,H,,2024-06-07,MAT00003,P002,FINANCE01
100,4500000071,00020,0,1,2024,5000000167,0001,E,101,2024-05-26,198.0,198.0,43934.22,43934.22,USD,198.0,198.0,S,,2024-05-26,MAT00008,P002,BUYER03
100,4500000071,00020,0,6,2024,5100000071,0001,U,,2024-06-12,198.0,198.0,51739.38,51739.38,USD,0,0,H,,2024-06-12,MAT00008,P002,FINANCE02
100,4500000072,00010,0,1,2024,5000000169,0001,E,101,2024-09-17,171.0,171.0,35296.11,35296.11,USD,171.0,171.0,S,,2024-09-17,MAT00006,P002,WHOUSE02
100,4500000072,00010,0,6,2024,5100000072,0001,U,,2024-09-30,171.0,171.0,35296.11,35296.11,USD,0,0,H,,2024-09-30,MAT00006,P002,FINANCE01
100,4500000073,00010,0,1,2024,5000000171,0001,E,101,2024-08-08,337.0,337.0,80219.48,80219.48,USD,337.0,337.0,S,,2024-08-08,MAT00009,P003,FINANCE01
100,4500000073,00010,0,6,2024,5100000073,0001,U,,2024-08-20,337.0,337.0,95337.3,95337.3,USD,0,0,H,,2024-08-20,MAT00009,P003,FINANCE01
100,4500000074,00010,0,1,2024,5000000173,0001,E,101,2024-04-03,355.0,355.0,17135.85,17135.85,USD,355.0,355.0,S,,2024-04-03,MAT00008,P003,FINANCE01
100,4500000074,00010,0,6,2024,5100000074,0001,U,,2024-04-12,355.0,355.0,17135.85,17135.85,USD,0,0,H,,2024-04-12,MAT00008,P003,FINANCE01
100,4500000075,00010,0,1,2024,5000000175,0001,E,101,2024-11-10,38.0,38.0,8989.66,8989.66,USD,38.0,38.0,S,,2024-11-10,MAT00005,P002,SALEUSER2
100,4500000075,00010,0,6,2024,5100000075,0001,U,,2024-11-13,38.0,38.0,8989.66,8989.66,USD,0,0,H,,2024-11-13,MAT00005,P002,FINANCE01
100,4500000076,00010,0,1,2024,5000000177,0001,E,101,2024-05-08,324.0,324.0,119021.4,119021.4,USD,324.0,324.0,S,,2024-05-08,MAT00014,P002,WHOUSE02
100,4500000076,00010,0,6,2024,5100000076,0001,U,,2024-05-23,324.0,324.0,119021.4,119021.4,USD,0,0,H,,2024-05-23,MAT00014,P002,FINANCE02
100,4500000077,00010,0,1,2024,5000000179,0001,E,101,2024-03-04,362.0,362.0,78850.84,78850.84,USD,362.0,362.0,S,,2024-03-04,MAT00001,P003,WHOUSE02
100,4500000077,00010,0,6,2024,5100000077,0001,U,,2024-03-18,362.0,362.0,78850.84,78850.84,USD,0,0,H,,2024-03-18,MAT00001,P003,FINANCE01
100,4500000078,00010,0,1,2024,5000000181,0001,E,101,2024-03-20,355.0,355.0,12016.75,12016.75,USD,355.0,355.0,S,,2024-03-20,MAT00004,P001,SALEUSER1
100,4500000078,00010,0,6,2024,5100000078,0001,U,,2024-03-24,355.0,355.0,13589.4,13589.4,USD,0,0,H,,2024-03-24,MAT00004,P001,FINANCE01
100,4500000079,00010,0,1,2024,5000000183,0001,E,101,2024-08-22,471.0,471.0,159650.16,159650.16,USD,471.0,471.0,S,,2024-08-22,MAT00021,P003,WHOUSE01
100,4500000079,00010,0,6,2024,5100000079,0001,U,,2024-09-07,471.0,471.0,159650.16,159650.16,USD,0,0,H,,2024-09-07,MAT00021,P003,FINANCE01
100,4500000080,00010,0,1,2024,5000000185,0001,E,101,2024-09-26,76.0,76.0,9804.0,9804.0,USD,76.0,76.0,S,,2024-09-26,MAT00018,P001,BUYER02
100,4500000080,00010,0,6,2024,5100000080,0001,U,,2024-10-13,76.0,76.0,9804.0,9804.0,USD,0,0,H,,2024-10-13,MAT00018,P001,FINANCE02
100,4500000081,00010,0,1,2024,5000000187,0001,E,101,2024-05-17,114.0,114.0,11754.54,11754.54,USD,114.0,114.0,S,,2024-05-17,MAT00016,P003,WHOUSE02
100,4500000081,00010,0,6,2024,5100000081,0001,U,,2024-05-26,114.0,114.0,13954.74,13954.74,USD,0,0,H,,2024-05-26,MAT00016,P003,FINANCE02
100,4500000082,00010,0,1,2024,5000000189,0001,E,101,2024-10-10,192.0,192.0,40863.36,40863.36,USD,192.0,192.0,S,,2024-10-10,MAT00004,P003,SALEUSER2
100,4500000082,00010,0,6,2024,5100000082,0001,U,,2024-10-30,192.0,192.0,40863.36,40863.36,USD,0,0,H,,2024-10-30,MAT00004,P003,FINANCE02
100,4500000083,00010,0,1,2024,5000000191,0001,E,101,2024-05-22,79.0,79.0,21946.99,21946.99,USD,79.0,79.0,S,,2024-05-22,MAT00015,P003,BUYER01
100,4500000083,00010,0,6,2024,5100000083,0001,U,,2024-05-27,79.0,79.0,21946.99,21946.99,USD,0,0,H,,2024-05-27,MAT00015,P003,FINANCE01
100,4500000084,00010,0,1,2024,5000000193,0001,E,101,2024-10-26,13.0,13.0,3644.03,3644.03,USD,13.0,13.0,S,,2024-10-26,MAT00002,P003,SALEUSER2
100,4500000084,00010,0,6,2024,5100000084,0001,U,,2024-10-29,13.0,13.0,3644.03,3644.03,USD,0,0,H,,2024-10-29,MAT00002,P003,FINANCE02
100,4500000084,00020,0,1,2024,5000000195,0001,E,101,2024-10-26,108.0,108.0,35416.44,35416.44,USD,108.0,108.0,S,,2024-10-26,MAT00010,P003,WHOUSE01
100,4500000084,00020,0,6,2024,5100000084,0001,U,,2024-10-31,108.0,108.0,35416.44,35416.44,USD,0,0,H,,2024-10-31,MAT00010,P003,FINANCE02
100,4500000085,00010,0,1,2024,5000000197,0001,E,101,2024-09-11,243.0,243.0,78248.43,78248.43,USD,243.0,243.0,S,,2024-09-11,MAT00003,P003,WHOUSE01
100,4500000085,00010,0,6,2024,5100000085,0001,U,,2024-09-24,243.0,243.0,78248.43,78248.43,USD,0,0,H,,2024-09-24,MAT00003,P003,FINANCE01
100,4500000086,00010,0,1,2024,5000000199,0001,E,101,2024-02-23,481.0,481.0,143169.65,143169.65,USD,481.0,481.0,S,,2024-02-23,MAT00018,P001,BUYER03
100,4500000086,00010,0,6,2024,5100000086,0001,U,,2024-03-04,481.0,481.0,143169.65,143169.65,USD,0,0,H,,2024-03-04,MAT00018,P001,FINANCE02
100,4500000087,00010,0,1,2024,5000000201,0001,E,101,2024-03-27,496.0,496.0,124198.4,124198.4,USD,496.0,496.0,S,,2024-03-27,MAT00011,P002,BUYER03
100,4500000087,00010,0,6,2024,5100000087,0001,U,,2024-04-11,496.0,496.0,124198.4,124198.4,USD,0,0,H,,2024-04-11,MAT00011,P002,FINANCE01
100,4500000088,00010,0,1,2024,5000000203,0001,E,101,2024-07-24,472.0,472.0,107578.24,107578.24,USD,472.0,472.0,S,,2024-07-24,MAT00011,P001,BUYER02
100,4500000088,00010,0,6,2024,5100000088,0001,U,,2024-08-01,472.0,472.0,107578.24,107578.24,USD,0,0,H,,2024-08-01,MAT00011,P001,FINANCE02
100,4500000089,00010,0,1,2024,5000000205,0001,E,101,2024-08-28,452.0,452.0,205004.6,205004.6,USD,452.0,452.0,S,,2024-08-28,MAT00010,P002,WHOUSE01
100,4500000089,00010,0,6,2024,5100000089,0001,U,,2024-09-05,452.0,452.0,205004.6,205004.6,USD,0,0,H,,2024-09-05,MAT00010,P002,FINANCE01
100,4500000090,00010,0,1,2024,5000000207,0001,E,101,2024-07-09,301.0,301.0,31851.82,31851.82,USD,301.0,301.0,S,,2024-07-09,MAT00009,P002,BUYER01
100,4500000090,00010,0,6,2024,5100000090,0001,U,,2024-07-24,301.0,301.0,31851.82,31851.82,USD,0,0,H,,2024-07-24,MAT00009,P002,FINANCE02
100,4500000091,00010,0,1,2024,5000000209,0001,E,101,2024-05-22,483.0,483.0,234100.44,234100.44,USD,483.0,483.0,S,,2024-05-22,MAT00020,P001,SALEUSER1
100,4500000091,00010,0,6,2024,5100000091,0001,U,,2024-06-04,483.0,483.0,234100.44,234100.44,USD,0,0,H,,2024-06-04,MAT00020,P001,FINANCE02
100,4500000092,00010,0,1,2024,5000000211,0001,E,101,2024-03-29,255.0,255.0,81684.15,81684.15,USD,255.0,255.0,S,,2024-03-29,MAT00010,P003,BUYER03
100,4500000092,00010,0,6,2024,5100000092,0001,U,,2024-04-14,255.0,255.0,81684.15,81684.15,USD,0,0,H,,2024-04-14,MAT00010,P003,FINANCE02
100,4500000093,00010,0,1,2024,5000000213,0001,E,101,2024-03-20,336.0,336.0,30747.36,30747.36,USD,336.0,336.0,S,,2024-03-20,MAT00012,P002,BUYER02
100,4500000093,00010,0,6,2024,5100000093,0001,U,,2024-03-23,336.0,336.0,30747.36,30747.36,USD,0,0,H,,2024-03-23,MAT00012,P002,FINANCE01
100,4500000093,00020,0,1,2024,5000000215,0001,E,101,2024-03-20,138.0,138.0,38539.26,38539.26,USD,138.0,138.0,S,,2024-03-20,MAT00013,P002,SALEUSER3
100,4500000093,00020,0,6,2024,5100000093,0001,U,,2024-03-23,138.0,138.0,38539.26,38539.26,USD,0,0,H,,2024-03-23,MAT00013,P002,FINANCE02
100,4500000094,00010,0,1,2024,5000000217,0001,E,101,2024-06-06,243.0,243.0,54602.1,54602.1,USD,243.0,243.0,S,,2024-06-06,MAT00015,P002,SALEUSER2
100,4500000094,00010,0,6,2024,5100000094,0001,U,,2024-06-10,243.0,243.0,54602.1,54602.1,USD,0,0,H,,2024-06-10,MAT00015,P002,FINANCE01
100,4500000095,00010,0,1,2024,5000000219,0001,E,101,2024-09-14,208.0,208.0,20879.04,20879.04,USD,208.0,208.0,S,,2024-09-14,MAT00011,P003,FINANCE02
100,4500000095,00010,0,6,2024,5100000095,0001,U,,2024-09-23,208.0,208.0,20879.04,20879.04,USD,0,0,H,,2024-09-23,MAT00011,P003,FINANCE02
100,4500000096,00010,0,1,2024,5000000221,0001,E,101,2024-07-31,139.0,139.0,60143.91,60143.91,USD,139.0,139.0,S,,2024-07-31,MAT00012,P003,WHOUSE01
100,4500000096,00010,0,6,2024,5100000096,0001,U,,2024-08-06,139.0,139.0,60143.91,60143.91,USD,0,0,H,,2024-08-06,MAT00012,P003,FINANCE02
100,4500000097,00010,0,1,2024,5000000223,0001,E,101,2024-04-06,100.0,100.0,34978.0,34978.0,USD,100.0,100.0,S,,2024-04-06,MAT00011,P003,WHOUSE01
100,4500000097,00010,0,6,2024,5100000097,0001,U,,2024-04-22,100.0,100.0,34978.0,34978.0,USD,0,0,H,,2024-04-22,MAT00011,P003,FINANCE01
100,4500000097,00020,0,1,2024,5000000225,0001,E,101,2024-04-06,41.0,41.0,13873.17,13873.17,USD,41.0,41.0,S,,2024-04-06,MAT00003,P003,BUYER01
100,4500000097,00020,0,6,2024,5100000097,0001,U,,2024-04-20,41.0,41.0,13873.17,13873.17,USD,0,0,H,,2024-04-20,MAT00003,P003,FINANCE01
100,4500000098,00010,0,1,2024,5000000227,0001,E,101,2024-09-23,287.0,287.0,114794.26,114794.26,USD,287.0,287.0,S,,2024-09-23,MAT00023,P003,SALEUSER1
100,4500000098,00010,0,6,2024,5100000098,0001,U,,2024-10-13,287.0,287.0,114794.26,114794.26,USD,0,0,H,,2024-10-13,MAT00023,P003,FINANCE02
100,4500000098,00020,0,1,2024,5000000229,0001,E,101,2024-09-23,112.0,112.0,6064.8,6064.8,USD,112.0,112.0,S,,2024-09-23,MAT00008,P003,SALEUSER2
100,4500000098,00020,0,6,2024,5100000098,0001,U,,2024-10-13,112.0,112.0,6064.8,6064.8,USD,0,0,H,,2024-10-13,MAT00008,P003,FINANCE02
100,4500000099,00010,0,1,2024,5000000231,0001,E,101,2024-06-20,182.0,182.0,65205.14,65205.14,USD,182.0,182.0,S,,2024-06-20,MAT00008,P001,BUYER03
100,4500000099,00010,0,6,2024,5100000099,0001,U,,2024-06-29,182.0,182.0,65205.14,65205.14,USD,0,0,H,,2024-06-29,MAT00008,P001,FINANCE01
100,4500000100,00010,0,1,2024,5000000233,0001,E,101,2024-04-01,496.0,496.0,215685.6,215685.6,USD,496.0,496.0,S,,2024-04-01,MAT00017,P002,BUYER03
100,4500000100,00010,0,6,2024,5100000100,0001,U,,2024-04-14,496.0,496.0,215685.6,215685.6,USD,0,0,H,,2024-04-14,MAT00017,P002,FINANCE01
100,4500000101,00010,0,1,2024,5000000235,0001,E,101,2024-07-05,170.0,170.0,1905.7,1905.7,USD,170.0,170.0,S,,2024-07-05,MAT00017,P003,WHOUSE02
100,4500000101,00010,0,6,2024,5100000101,0001,U,,2024-07-19,170.0,170.0,1905.7,1905.7,USD,0,0,H,,2024-07-19,MAT00017,P003,FINANCE01
100,4500000102,00010,0,1,2024,5000000237,0001,E,101,2024-04-10,71.0,71.0,30547.75,30547.75,USD,71.0,71.0,S,,2024-04-10,MAT00002,P002,SALEUSER1
100,4500000102,00010,0,6,2024,5100000102,0001,U,,2024-04-17,71.0,71.0,30547.75,30547.75,USD,0,0,H,,2024-04-17,MAT00002,P002,FINANCE02
100,4500000102,00020,0,1,2024,5000000239,0001,E,101,2024-04-10,78.0,78.0,28273.44,28273.44,USD,78.0,78.0,S,,2024-04-10,MAT00002,P002,BUYER01
100,4500000102,00020,0,6,2024,5100000102,0001,U,,2024-04-25,78.0,78.0,28273.44,28273.44,USD,0,0,H,,2024-04-25,MAT00002,P002,FINANCE02
100,4500000103,00010,0,1,2024,5000000241,0001,E,101,2024-02-22,69.0,69.0,29778.33,29778.33,USD,69.0,69.0,S,,2024-02-22,MAT00001,P001,SALEUSER1
100,4500000103,00010,0,6,2024,5100000103,0001,U,,2024-03-08,69.0,69.0,29778.33,29778.33,USD,0,0,H,,2024-03-08,MAT00001,P001,FINANCE01
100,4500000104,00010,0,1,2024,5000000243,0001,E,101,2024-03-07,226.0,226.0,82261.74,82261.74,USD,226.0,226.0,S,,2024-03-07,MAT00003,P003,WHOUSE02
100,4500000104,00010,0,6,2024,5100000104,0001,U,,2024-03-16,226.0,226.0,82261.74,82261.74,USD,0,0,H,,2024-03-16,MAT00003,P003,FINANCE01
100,4500000105,00010,0,1,2024,5000000245,0001,E,101,2024-07-30,425.0,425.0,141363.5,141363.5,USD,425.0,425.0,S,,2024-07-30,MAT00008,P001,FINANCE02
100,4500000105,00010,0,6,2024,5100000105,0001,U,,2024-08-18,425.0,425.0,141363.5,141363.5,USD,0,0,H,,2024-08-18,MAT00008,P001,FINANCE01
100,4500000106,00010,0,1,2024,5000000247,0001,E,101,2024-02-15,200.0,200.0,84220.0,84220.0,USD,200.0,200.0,S,,2024-02-15,MAT00017,P001,BUYER03
100,4500000106,00010,0,6,2024,5100000106,0001,U,,2024-03-04,200.0,200.0,84220.0,84220.0,USD,0,0,H,,2024-03-04,MAT00017,P001,FINANCE01
100,4500000107,00010,0,1,2024,5000000249,0001,E,101,2024-10-13,273.0,273.0,23153.13,23153.13,USD,273.0,273.0,S,,2024-10-13,MAT00014,P003,FINANCE01
100,4500000107,00010,0,6,2024,5100000107,0001,U,,2024-10-22,273.0,273.0,23153.13,23153.13,USD,0,0,H,,2024-10-22,MAT00014,P003,FINANCE01
100,4500000108,00010,0,1,2024,5000000251,0001,E,101,2024-10-26,162.0,162.0,60495.66,60495.66,USD,162.0,162.0,S,,2024-10-26,MAT00004,P001,BUYER03
100,4500000108,00010,0,6,2024,5100000108,0001,U,,2024-10-29,162.0,162.0,60495.66,60495.66,USD,0,0,H,,2024-10-29,MAT00004,P001,FINANCE01
100,4500000108,00020,0,1,2024,5000000253,0001,E,101,2024-10-26,175.0,175.0,51772.0,51772.0,USD,175.0,175.0,S,,2024-10-26,MAT00013,P001,BUYER01
100,4500000108,00020,0,6,2024,5100000108,0001,U,,2024-11-08,175.0,175.0,51772.0,51772.0,USD,0,0,H,,2024-11-08,MAT00013,P001,FINANCE02
100,4500000109,00010,0,1,2024,5000000255,0001,E,101,2024-04-25,389.0,389.0,174345.91,174345.91,USD,389.0,389.0,S,,2024-04-25,MAT00016,P003,BUYER01
100,4500000109,00010,0,6,2024,5100000109,0001,U,,2024-05-05,389.0,389.0,174345.91,174345.91,USD,0,0,H,,2024-05-05,MAT00016,P003,FINANCE01
100,4500000109,00020,0,1,2024,5000000257,0001,E,101,2024-04-25,12.0,12.0,3878.64,3878.64,USD,12.0,12.0,S,,2024-04-25,MAT00014,P003,WHOUSE01
100,4500000109,00020,0,6,2024,5100000109,0001,U,,2024-05-05,12.0,12.0,3878.64,3878.64,USD,0,0,H,,2024-05-05,MAT00014,P003,FINANCE02
100,4500000110,00010,0,1,2024,5000000259,0001,E,101,2024-03-13,148.0,148.0,62747.56,62747.56,USD,148.0,148.0,S,,2024-03-13,MAT00017,P001,FINANCE01
100,4500000110,00010,0,6,2024,5100000110,0001,U,,2024-03-30,148.0,148.0,62747.56,62747.56,USD,0,0,H,,2024-03-30,MAT00017,P001,FINANCE01
100,4500000111,00010,0,1,2024,5000000261,0001,E,101,2024-06-14,124.0,124.0,22289.0,22289.0,USD,124.0,124.0,S,,2024-06-14,MAT00018,P003,BUYER01
100,4500000111,00010,0,6,2024,5100000111,0001,U,,2024-06-29,124.0,124.0,22289.0,22289.0,USD,0,0,H,,2024-06-29,MAT00018,P003,FINANCE02
100,4500000112,00010,0,1,2024,5000000263,0001,E,101,2024-12-04,52.0,52.0,2955.16,2955.16,USD,52.0,52.0,S,,2024-12-04,MAT00008,P002,WHOUSE01
100,4500000112,00010,0,6,2024,5100000112,0001,U,,2024-12-08,52.0,52.0,3136.12,3136.12,USD,0,0,H,,2024-12-08,MAT00008,P002,FINANCE02
100,4500000112,00020,0,1,2024,5000000265,0001,E,101,2024-12-04,82.0,82.0,27424.08,27424.08,USD,82.0,82.0,S,,2024-12-04,MAT00013,P002,SALEUSER3
100,4500000112,00020,0,6,2024,5100000112,0001,U,,2024-12-14,82.0,82.0,30658.16,30658.16,USD,0,0,H,,2024-12-14,MAT00013,P002,FINANCE01
100,4500000113,00010,0,1,2024,5000000267,0001,E,101,2024-06-13,87.0,87.0,30116.79,30116.79,USD,87.0,87.0,S,,2024-06-13,MAT00015,P001,BUYER03
100,4500000113,00010,0,6,2024,5100000113,0001,U,,2024-06-18,87.0,87.0,30116.79,30116.79,USD,0,0,H,,2024-06-18,MAT00015,P001,FINANCE01
100,4500000114,00010,0,1,2024,5000000269,0001,E,101,2024-09-13,40.0,40.0,15706.8,15706.8,USD,40.0,40.0,S,,2024-09-13,MAT00004,P002,SALEUSER1
100,4500000114,00010,0,6,2024,5100000114,0001,U,,2024-09-28,40.0,40.0,15706.8,15706.8,USD,0,0,H,,2024-09-28,MAT00004,P002,FINANCE02
100,4500000115,00010,0,1,2024,5000000271,0001,E,101,2024-04-17,92.0,92.0,26790.4,26790.4,USD,92.0,92.0,S,,2024-04-17,MAT00011,P002,WHOUSE01
100,4500000115,00010,0,6,2024,5100000115,0001,U,,2024-04-25,92.0,92.0,26790.4,26790.4,USD,0,0,H,,2024-04-25,MAT00011,P002,FINANCE02
100,4500000115,00020,0,1,2024,5000000273,0001,E,101,2024-04-17,125.0,125.0,31327.5,31327.5,USD,125.0,125.0,S,,2024-04-17,MAT00001,P002,SALEUSER2
100,4500000115,00020,0,6,2024,5100000115,0001,U,,2024-05-05,125.0,125.0,31327.5,31327.5,USD,0,0,H,,2024-05-05,MAT00001,P002,FINANCE02
100,4500000116,00010,0,1,2024,5000000275,0001,E,101,2024-09-26,247.0,247.0,112930.87,112930.87,USD,247.0,247.0,S,,2024-09-26,MAT00013,P001,BUYER03
100,4500000116,00010,0,6,2024,5100000116,0001,U,,2024-09-29,247.0,247.0,112930.87,112930.87,USD,0,0,H,,2024-09-29,MAT00013,P001,FINANCE02
100,4500000117,00010,0,1,2024,5000000277,0001,E,101,2024-07-27,459.0,459.0,17166.6,17166.6,USD,459.0,459.0,S,,2024-07-27,MAT00008,P001,BUYER03
100,4500000117,00010,0,6,2024,5100000117,0001,U,,2024-08-06,459.0,459.0,17166.6,17166.6,USD,0,0,H,,2024-08-06,MAT00008,P001,FINANCE02
100,4500000117,00020,0,1,2024,5000000279,0001,E,101,2024-07-27,115.0,115.0,26405.15,26405.15,USD,115.0,115.0,S,,2024-07-27,MAT00010,P001,WHOUSE02
100,4500000117,00020,0,6,2024,5100000117,0001,U,,2024-08-16,115.0,115.0,26405.15,26405.15,USD,0,0,H,,2024-08-16,MAT00010,P001,FINANCE02
100,4500000118,00010,0,1,2024,5000000281,0001,E,101,2024-07-31,424.0,424.0,71469.44,71469.44,USD,424.0,424.0,S,,2024-07-31,MAT00005,P001,BUYER03
100,4500000118,00010,0,6,2024,5100000118,0001,U,,2024-08-06,424.0,424.0,71469.44,71469.44,USD,0,0,H,,2024-08-06,MAT00005,P001,FINANCE02
100,4500000119,00010,0,1,2024,5000000283,0001,E,101,2024-08-31,396.0,396.0,47278.44,47278.44,USD,396.0,396.0,S,,2024-08-31,MAT00021,P002,SALEUSER2
100,4500000119,00010,0,6,2024,5100000119,0001,U,,2024-09-12,396.0,396.0,47278.44,47278.44,USD,0,0,H,,2024-09-12,MAT00021,P002,FINANCE01
100,4500000120,00010,0,1,2024,5000000285,0001,E,101,2024-06-19,469.0,469.0,37013.48,37013.48,USD,469.0,469.0,S,,2024-06-19,MAT00020,P001,SALEUSER3
100,4500000120,00010,0,6,2024,5100000120,0001,U,,2024-06-27,469.0,469.0,37013.48,37013.48,USD,0,0,H,,2024-06-27,MAT00020,P001,FINANCE01
100,4500000121,00010,0,1,2024,5000000287,0001,E,101,2024-10-24,194.0,194.0,80727.28,80727.28,USD,194.0,194.0,S,,2024-10-24,MAT00014,P003,BUYER01
100,4500000121,00010,0,6,2024,5100000121,0001,U,,2024-11-05,194.0,194.0,80727.28,80727.28,USD,0,0,H,,2024-11-05,MAT00014,P003,FINANCE01
100,4500000121,00020,0,1,2024,5000000289,0001,E,101,2024-10-24,36.0,36.0,1413.0,1413.0,USD,36.0,36.0,S,,2024-10-24,MAT00007,P003,SALEUSER3
100,4500000121,00020,0,6,2024,5100000121,0001,U,,2024-11-11,36.0,36.0,1413.0,1413.0,USD,0,0,H,,2024-11-11,MAT00007,P003,FINANCE01
100,4500000122,00010,0,6,2024,5100000122,0001,U,,2024-07-10,34.0,34.0,9865.78,9865.78,USD,0,0,H,,2024-07-10,MAT00022,P003,FINANCE01
100,4500000123,00010,0,6,2024,5100000123,0001,U,,2024-10-20,395.0,395.0,95100.2,95100.2,USD,0,0,H,,2024-10-20,MAT00003,P001,FINANCE02
100,4500000124,00010,0,1,2024,5000000293,0001,E,101,2024-04-19,406.0,406.0,86417.1,86417.1,USD,406.0,406.0,S,,2024-04-19,MAT00005,P001,WHOUSE01
100,4500000124,00010,0,6,2024,5100000124,0001,U,,2024-05-09,406.0,406.0,86417.1,86417.1,USD,0,0,H,,2024-05-09,MAT00005,P001,FINANCE02
100,4500000124,00020,0,1,2024,5000000295,0001,E,101,2024-04-19,12.0,12.0,2793.36,2793.36,USD,12.0,12.0,S,,2024-04-19,MAT00012,P001,FINANCE02
100,4500000124,00020,0,6,2024,5100000124,0001,U,,2024-04-26,12.0,12.0,2793.36,2793.36,USD,0,0,H,,2024-04-26,MAT00012,P001,FINANCE01
100,4500000125,00010,0,1,2024,5000000297,0001,E,101,2024-04-10,281.0,281.0,120759.75,120759.75,USD,281.0,281.0,S,,2024-04-10,MAT00011,P001,FINANCE02
100,4500000125,00010,0,6,2024,5100000125,0001,U,,2024-04-29,281.0,281.0,120759.75,120759.75,USD,0,0,H,,2024-04-29,MAT00011,P001,FINANCE02
100,4500000126,00010,0,1,2024,5000000299,0001,E,101,2024-08-02,331.0,331.0,96085.99,96085.99,USD,331.0,331.0,S,,2024-08-02,MAT00018,P003,WHOUSE01
100,4500000126,00010,0,6,2024,5100000126,0001,U,,2024-08-17,331.0,331.0,102964.17,102964.17,USD,0,0,H,,2024-08-17,MAT00018,P003,FINANCE01
100,4500000126,00020,0,1,2024,5000000301,0001,E,101,2024-08-02,180.0,180.0,3220.2,3220.2,USD,180.0,180.0,S,,2024-08-02,MAT00005,P003,SALEUSER2
100,4500000126,00020,0,6,2024,5100000126,0001,U,,2024-08-20,180.0,180.0,3517.2,3517.2,USD,0,0,H,,2024-08-20,MAT00005,P003,FINANCE01
100,4500000127,00010,0,1,2024,5000000303,0001,E,101,2024-11-05,193.0,193.0,7245.22,7245.22,USD,193.0,193.0,S,,2024-11-05,MAT00014,P001,FINANCE01
100,4500000127,00010,0,6,2024,5100000127,0001,U,,2024-11-20,193.0,193.0,7245.22,7245.22,USD,0,0,H,,2024-11-20,MAT00014,P001,FINANCE01
100,4500000127,00020,0,1,2024,5000000305,0001,E,101,2024-11-05,54.0,54.0,10152.54,10152.54,USD,54.0,54.0,S,,2024-11-05,MAT00001,P001,SALEUSER1
100,4500000127,00020,0,6,2024,5100000127,0001,U,,2024-11-16,54.0,54.0,10152.54,10152.54,USD,0,0,H,,2024-11-16,MAT00001,P001,FINANCE02
100,4500000128,00010,0,1,2024,5000000307,0001,E,101,2024-05-06,417.0,417.0,22638.93,22638.93,USD,417.0,417.0,S,,2024-05-06,MAT00012,P003,BUYER03
100,4500000128,00010,0,6,2024,5100000128,0001,U,,2024-05-15,417.0,417.0,26671.32,26671.32,USD,0,0,H,,2024-05-15,MAT00012,P003,FINANCE01
100,4500000129,00010,0,1,2024,5000000309,0001,E,101,2024-06-22,484.0,484.0,157270.96,157270.96,USD,484.0,484.0,S,,2024-06-22,MAT00008,P003,WHOUSE02
100,4500000129,00010,0,6,2024,5100000129,0001,U,,2024-07-03,484.0,484.0,157270.96,157270.96,USD,0,0,H,,2024-07-03,MAT00008,P003,FINANCE01
100,4500000130,00010,0,1,2024,5000000311,0001,E,101,2024-03-21,494.0,494.0,160001.66,160001.66,USD,494.0,494.0,S,,2024-03-21,MAT00010,P003,SALEUSER2
100,4500000130,00010,0,6,2024,5100000130,0001,U,,2024-03-30,494.0,494.0,160001.66,160001.66,USD,0,0,H,,2024-03-30,MAT00010,P003,FINANCE01
100,4500000131,00010,0,1,2024,5000000313,0001,E,101,2024-08-13,357.0,357.0,103637.1,103637.1,USD,357.0,357.0,S,,2024-08-13,MAT00013,P002,SALEUSER1
100,4500000131,00010,0,6,2024,5100000131,0001,U,,2024-09-02,357.0,357.0,103637.1,103637.1,USD,0,0,H,,2024-09-02,MAT00013,P002,FINANCE02
100,4500000132,00010,0,1,2024,5000000315,0001,E,101,2024-05-20,54.0,54.0,9940.86,9940.86,USD,54.0,54.0,S,,2024-05-20,MAT00009,P001,SALEUSER3
100,4500000132,00010,0,6,2024,5100000132,0001,U,,2024-05-31,54.0,54.0,9940.86,9940.86,USD,0,0,H,,2024-05-31,MAT00009,P001,FINANCE02
100,4500000133,00010,0,1,2024,5000000317,0001,E,101,2024-08-25,36.0,36.0,15428.88,15428.88,USD,36.0,36.0,S,,2024-08-25,MAT00022,P002,WHOUSE01
100,4500000133,00010,0,6,2024,5100000133,0001,U,,2024-09-11,36.0,36.0,15428.88,15428.88,USD,0,0,H,,2024-09-11,MAT00022,P002,FINANCE01
100,4500000134,00010,0,1,2024,5000000319,0001,E,101,2024-06-20,385.0,385.0,96207.65,96207.65,USD,385.0,385.0,S,,2024-06-20,MAT00015,P003,WHOUSE01
100,4500000134,00010,0,6,2024,5100000134,0001,U,,2024-07-05,385.0,385.0,110160.05,110160.05,USD,0,0,H,,2024-07-05,MAT00015,P003,FINANCE02
100,4500000135,00010,0,1,2024,5000000321,0001,E,101,2024-07-17,257.0,257.0,41120.0,41120.0,USD,257.0,257.0,S,,2024-07-17,MAT00023,P003,SALEUSER2
100,4500000135,00010,0,6,2024,5100000135,0001,U,,2024-08-03,257.0,257.0,49025.32,49025.32,USD,0,0,H,,2024-08-03,MAT00023,P003,FINANCE02
100,4500000135,00020,0,1,2024,5000000323,0001,E,101,2024-07-17,151.0,151.0,11219.3,11219.3,USD,151.0,151.0,S,,2024-07-17,MAT00006,P003,BUYER01
100,4500000135,00020,0,6,2024,5100000135,0001,U,,2024-07-24,151.0,151.0,12164.56,12164.56,USD,0,0,H,,2024-07-24,MAT00006,P003,FINANCE01
100,4500000136,00010,0,1,2024,5000000325,0001,E,101,2024-03-27,348.0,348.0,74548.56,74548.56,USD,348.0,348.0,S,,2024-03-27,MAT00022,P001,SALEUSER2
100,4500000136,00010,0,6,2024,5100000136,0001,U,,2024-04-14,348.0,348.0,74548.56,74548.56,USD,0,0,H,,2024-04-14,MAT00022,P001,FINANCE01
100,4500000137,00010,0,1,2024,5000000327,0001,E,101,2024-04-19,107.0,107.0,11543.16,11543.16,USD,107.0,107.0,S,,2024-04-19,MAT00010,P003,WHOUSE01
100,4500000137,00010,0,6,2024,5100000137,0001,U,,2024-05-01,107.0,107.0,11543.16,11543.16,USD,0,0,H,,2024-05-01,MAT00010,P003,FINANCE01
100,4500000138,00010,0,1,2024,5000000329,0001,E,101,2024-11-02,261.0,261.0,95147.55,95147.55,USD,261.0,261.0,S,,2024-11-02,MAT00004,P001,SALEUSER1
100,4500000138,00010,0,6,2024,5100000138,0001,U,,2024-11-19,261.0,261.0,95147.55,95147.55,USD,0,0,H,,2024-11-19,MAT00004,P001,FINANCE02
100,4500000139,00010,0,1,2024,5000000331,0001,E,101,2024-05-10,478.0,478.0,67622.66,67622.66,USD,478.0,478.0,S,,2024-05-10,MAT00005,P001,BUYER03
100,4500000139,00010,0,6,2024,5100000139,0001,U,,2024-05-16,478.0,478.0,67622.66,67622.66,USD,0,0,H,,2024-05-16,MAT00005,P001,FINANCE02
100,4500000140,00010,0,1,2024,5000000333,0001,E,101,2024-02-22,457.0,457.0,112655.07,112655.07,USD,457.0,457.0,S,,2024-02-22,MAT00023,P001,FINANCE02
100,4500000140,00010,0,6,2024,5100000140,0001,U,,2024-03-08,457.0,457.0,112655.07,112655.07,USD,0,0,H,,2024-03-08,MAT00023,P001,FINANCE02
100,4500000141,00010,0,1,2024,5000000335,0001,E,101,2024-11-27,287.0,287.0,140391.79,140391.79,USD,287.0,287.0,S,,2024-11-27,MAT00001,P001,SALEUSER1
100,4500000141,00010,0,6,2024,5100000141,0001,U,,2024-12-15,287.0,287.0,140391.79,140391.79,USD,0,0,H,,2024-12-15,MAT00001,P001,FINANCE02
100,4500000142,00010,0,1,2024,5000000337,0001,E,101,2024-06-11,119.0,119.0,38702.37,38702.37,USD,119.0,119.0,S,,2024-06-11,MAT00011,P001,BUYER02
100,4500000142,00010,0,6,2024,5100000142,0001,U,,2024-06-28,119.0,119.0,38702.37,38702.37,USD,0,0,H,,2024-06-28,MAT00011,P001,FINANCE02
100,4500000142,00020,0,1,2024,5000000339,0001,E,101,2024-06-11,150.0,150.0,2539.5,2539.5,USD,150.0,150.0,S,,2024-06-11,MAT00008,P001,WHOUSE01
100,4500000142,00020,0,6,2024,5100000142,0001,U,,2024-06-15,150.0,150.0,2539.5,2539.5,USD,0,0,H,,2024-06-15,MAT00008,P001,FINANCE01
100,4500000143,00010,0,1,2024,5000000341,0001,E,101,2024-08-20,242.0,242.0,80346.42,80346.42,USD,242.0,242.0,S,,2024-08-20,MAT00015,P002,SALEUSER1
100,4500000143,00010,0,6,2024,5100000143,0001,U,,2024-08-23,242.0,242.0,80346.42,80346.42,USD,0,0,H,,2024-08-23,MAT00015,P002,FINANCE02
100,4500000144,00010,0,1,2024,5000000343,0001,E,101,2024-05-10,203.0,203.0,47491.85,47491.85,USD,203.0,203.0,S,,2024-05-10,MAT00009,P003,WHOUSE01
100,4500000144,00010,0,6,2024,5100000144,0001,U,,2024-05-14,203.0,203.0,47491.85,47491.85,USD,0,0,H,,2024-05-14,MAT00009,P003,FINANCE01
100,4500000145,00010,0,1,2024,5000000345,0001,E,101,2024-04-27,200.0,200.0,60854.0,60854.0,USD,200.0,200.0,S,,2024-04-27,MAT00023,P003,FINANCE02
100,4500000145,00010,0,6,2024,5100000145,0001,U,,2024-05-07,200.0,200.0,60854.0,60854.0,USD,0,0,H,,2024-05-07,MAT00023,P003,FINANCE02
100,4500000146,00010,0,1,2024,5000000347,0001,E,101,2024-05-25,360.0,360.0,124718.4,124718.4,USD,360.0,360.0,S,,2024-05-25,MAT00023,P003,FINANCE01
100,4500000146,00010,0,6,2024,5100000146,0001,U,,2024-06-07,360.0,360.0,124718.4,124718.4,USD,0,0,H,,2024-06-07,MAT00023,P003,FINANCE01
100,4500000147,00010,0,1,2024,5000000349,0001,E,101,2024-10-14,81.0,81.0,27412.02,27412.02,USD,81.0,81.0,S,,2024-10-14,MAT00001,P003,SALEUSER2
100,4500000147,00010,0,6,2024,5100000147,0001,U,,2024-10-25,81.0,81.0,27412.02,27412.02,USD,0,0,H,,2024-10-25,MAT00001,P003,FINANCE01
100,4500000148,00010,0,1,2024,5000000351,0001,E,101,2024-10-08,400.0,400.0,140440.0,140440.0,USD,400.0,400.0,S,,2024-10-08,MAT00021,P003,WHOUSE01
100,4500000148,00010,0,6,2024,5100000148,0001,U,,2024-10-21,400.0,400.0,140440.0,140440.0,USD,0,0,H,,2024-10-21,MAT00021,P003,FINANCE01
100,4500000149,00010,0,1,2024,5000000353,0001,E,101,2024-06-18,154.0,154.0,14928.76,14928.76,USD,154.0,154.0,S,,2024-06-18,MAT00019,P003,FINANCE01
100,4500000149,00010,0,6,2024,5100000149,0001,U,,2024-06-24,154.0,154.0,14928.76,14928.76,USD,0,0,H,,2024-06-24,MAT00019,P003,FINANCE02
100,4500000150,00010,0,1,2024,5000000355,0001,E,101,2024-05-23,389.0,389.0,123091.27,123091.27,USD,389.0,389.0,S,,2024-05-23,MAT00002,P002,FINANCE01
100,4500000150,00010,0,6,2024,5100000150,0001,U,,2024-06-06,389.0,389.0,123091.27,123091.27,USD,0,0,H,,2024-06-06,MAT00002,P002,FINANCE01
100,4500000151,00010,0,1,2024,5000000357,0001,E,101,2024-07-31,117.0,117.0,44319.6,44319.6,USD,117.0,117.0,S,,2024-07-31,MAT00022,P002,SALEUSER3
100,4500000151,00010,0,6,2024,5100000151,0001,U,,2024-08-17,117.0,117.0,44319.6,44319.6,USD,0,0,H,,2024-08-17,MAT00022,P002,FINANCE01
100,4500000152,00010,0,1,2024,5000000359,0001,E,101,2024-03-23,167.0,167.0,8408.45,8408.45,USD,167.0,167.0,S,,2024-03-23,MAT00016,P002,FINANCE01
100,4500000152,00010,0,6,2024,5100000152,0001,U,,2024-03-26,167.0,167.0,8408.45,8408.45,USD,0,0,H,,2024-03-26,MAT00016,P002,FINANCE01
100,4500000153,00010,0,1,2024,5000000361,0001,E,101,2024-05-13,45.0,45.0,18566.55,18566.55,USD,45.0,45.0,S,,2024-05-13,MAT00002,P001,WHOUSE02
100,4500000153,00010,0,6,2024,5100000153,0001,U,,2024-05-28,45.0,45.0,18566.55,18566.55,USD,0,0,H,,2024-05-28,MAT00002,P001,FINANCE02
100,4500000154,00010,0,1,2024,5000000363,0001,E,101,2024-03-28,152.0,152.0,52604.16,52604.16,USD,152.0,152.0,S,,2024-03-28,MAT00023,P003,WHOUSE01
100,4500000154,00010,0,6,2024,5100000154,0001,U,,2024-04-12,152.0,152.0,52604.16,52604.16,USD,0,0,H,,2024-04-12,MAT00023,P003,FINANCE01
100,4500000155,00010,0,1,2024,5000000365,0001,E,101,2024-09-05,282.0,282.0,19849.98,19849.98,USD,282.0,282.0,S,,2024-09-05,MAT00022,P003,FINANCE01
100,4500000155,00010,0,6,2024,5100000155,0001,U,,2024-09-10,282.0,282.0,19849.98,19849.98,USD,0,0,H,,2024-09-10,MAT00022,P003,FINANCE02
100,4500000156,00010,0,1,2024,5000000367,0001,E,101,2024-05-03,288.0,288.0,10555.2,10555.2,USD,288.0,288.0,S,,2024-05-03,MAT00007,P001,BUYER02
100,4500000156,00010,0,6,2024,5100000156,0001,U,,2024-05-14,288.0,288.0,10555.2,10555.2,USD,0,0,H,,2024-05-14,MAT00007,P001,FINANCE01
100,4500000157,00010,0,6,2024,5100000157,0001,U,,2024-08-15,312.0,312.0,49851.36,49851.36,USD,0,0,H,,2024-08-15,MAT00007,P002,FINANCE01
100,4500000158,00010,0,1,2024,5000000370,0001,E,101,2024-10-10,160.0,160.0,44851.2,44851.2,USD,160.0,160.0,S,,2024-10-10,MAT00016,P001,BUYER03
100,4500000158,00010,0,6,2024,5100000158,0001,U,,2024-10-30,160.0,160.0,44851.2,44851.2,USD,0,0,H,,2024-10-30,MAT00016,P001,FINANCE01
100,4500000159,00010,0,1,2024,5000000372,0001,E,101,2024-06-10,276.0,276.0,137828.88,137828.88,USD,276.0,276.0,S,,2024-06-10,MAT00019,P003,SALEUSER1
100,4500000159,00010,0,6,2024,5100000159,0001,U,,2024-06-22,276.0,276.0,137828.88,137828.88,USD,0,0,H,,2024-06-22,MAT00019,P003,FINANCE01
100,4500000159,00020,0,1,2024,5000000374,0001,E,101,2024-06-10,52.0,52.0,20069.92,20069.92,USD,52.0,52.0,S,,2024-06-10,MAT00011,P003,BUYER03
100,4500000159,00020,0,6,2024,5100000159,0001,U,,2024-06-29,52.0,52.0,20069.92,20069.92,USD,0,0,H,,2024-06-29,MAT00011,P003,FINANCE01
100,4500000160,00010,0,1,2024,5000000376,0001,E,101,2024-06-15,41.0,41.0,7831.82,7831.82,USD,41.0,41.0,S,,2024-06-15,MAT00002,P003,SALEUSER3
100,4500000160,00010,0,6,2024,5100000160,0001,U,,2024-06-30,41.0,41.0,7831.82,7831.82,USD,0,0,H,,2024-06-30,MAT00002,P003,FINANCE02
100,4500000161,00010,0,1,2024,5000000378,0001,E,101,2024-06-18,189.0,189.0,62394.57,62394.57,USD,189.0,189.0,S,,2024-06-18,MAT00019,P002,SALEUSER1
100,4500000161,00010,0,6,2024,5100000161,0001,U,,2024-07-07,189.0,189.0,62394.57,62394.57,USD,0,0,H,,2024-07-07,MAT00019,P002,FINANCE02
100,4500000162,00010,0,1,2024,5000000380,0001,E,101,2024-10-29,84.0,84.0,7317.24,7317.24,USD,84.0,84.0,S,,2024-10-29,MAT00003,P002,SALEUSER3
100,4500000162,00010,0,6,2024,5100000162,0001,U,,2024-11-04,84.0,84.0,7317.24,7317.24,USD,0,0,H,,2024-11-04,MAT00003,P002,FINANCE02
100,4500000163,00010,0,1,2024,5000000382,0001,E,101,2024-11-11,37.0,37.0,5052.35,5052.35,USD,37.0,37.0,S,,2024-11-11,MAT00005,P001,FINANCE02
100,4500000163,00010,0,6,2024,5100000163,0001,U,,2024-11-14,37.0,37.0,5052.35,5052.35,USD,0,0,H,,2024-11-14,MAT00005,P001,FINANCE02
100,4500000164,00010,0,1,2024,5000000384,0001,E,101,2024-10-21,346.0,346.0,159834.7,159834.7,USD,346.0,346.0,S,,2024-10-21,MAT00020,P003,WHOUSE01
100,4500000164,00010,0,6,2024,5100000164,0001,U,,2024-10-28,346.0,346.0,159834.7,159834.7,USD,0,0,H,,2024-10-28,MAT00020,P003,FINANCE01
100,4500000165,00010,0,6,2024,5100000165,0001,U,,2024-10-10,274.0,274.0,2901.66,2901.66,USD,0,0,H,,2024-10-10,MAT00003,P003,FINANCE02
100,4500000166,00010,0,1,2024,5000000387,0001,E,101,2024-06-22,149.0,149.0,65503.38,65503.38,USD,149.0,149.0,S,,2024-06-22,MAT00005,P003,BUYER01
100,4500000166,00010,0,6,2024,5100000166,0001,U,,2024-06-25,149.0,149.0,65503.38,65503.38,USD,0,0,H,,2024-06-25,MAT00005,P003,FINANCE01
100,4500000167,00010,0,1,2024,5000000389,0001,E,101,2024-09-20,145.0,145.0,49807.5,49807.5,USD,145.0,145.0,S,,2024-09-20,MAT00009,P003,FINANCE01
100,4500000167,00010,0,6,2024,5100000167,0001,U,,2024-10-08,145.0,145.0,49807.5,49807.5,USD,0,0,H,,2024-10-08,MAT00009,P003,FINANCE01
100,4500000168,00010,0,1,2024,5000000391,0001,E,101,2024-10-22,59.0,59.0,15286.31,15286.31,USD,59.0,59.0,S,,2024-10-22,MAT00008,P003,WHOUSE01
100,4500000168,00010,0,6,2024,5100000168,0001,U,,2024-10-25,59.0,59.0,15286.31,15286.31,USD,0,0,H,,2024-10-25,MAT00008,P003,FINANCE01
100,4500000169,00010,0,1,2024,5000000393,0001,E,101,2024-11-29,38.0,38.0,14784.66,14784.66,USD,38.0,38.0,S,,2024-11-29,MAT00020,P003,SALEUSER1
100,4500000169,00010,0,6,2024,5100000169,0001,U,,2024-12-18,38.0,38.0,14784.66,14784.66,USD,0,0,H,,2024-12-18,MAT00020,P003,FINANCE02
100,4500000169,00020,0,1,2024,5000000395,0001,E,101,2024-11-29,52.0,52.0,525.72,525.72,USD,52.0,52.0,S,,2024-11-29,MAT00006,P003,BUYER02
100,4500000169,00020,0,6,2024,5100000169,0001,U,,2024-12-10,52.0,52.0,525.72,525.72,USD,0,0,H,,2024-12-10,MAT00006,P003,FINANCE02
100,4500000170,00010,0,1,2024,5000000397,0001,E,101,2024-05-30,466.0,466.0,135932.2,135932.2,USD,466.0,466.0,S,,2024-05-30,MAT00009,P003,FINANCE01
100,4500000170,00010,0,6,2024,5100000170,0001,U,,2024-06-05,466.0,466.0,135932.2,135932.2,USD,0,0,H,,2024-06-05,MAT00009,P003,FINANCE01
100,4500000171,00010,0,1,2024,5000000399,0001,E,101,2024-10-17,176.0,176.0,68647.04,68647.04,USD,176.0,176.0,S,,2024-10-17,MAT00013,P002,BUYER02
100,4500000171,00010,0,6,2024,5100000171,0001,U,,2024-10-28,176.0,176.0,68647.04,68647.04,USD,0,0,H,,2024-10-28,MAT00013,P002,FINANCE01
100,4500000172,00010,0,1,2024,5000000401,0001,E,101,2024-07-25,412.0,412.0,19467.0,19467.0,USD,412.0,412.0,S,,2024-07-25,MAT00008,P003,SALEUSER3
100,4500000172,00010,0,6,2024,5100000172,0001,U,,2024-08-08,412.0,412.0,19467.0,19467.0,USD,0,0,H,,2024-08-08,MAT00008,P003,FINANCE01
100,4500000173,00010,0,1,2024,5000000403,0001,E,101,2024-07-24,461.0,461.0,157270.15,157270.15,USD,461.0,461.0,S,,2024-07-24,MAT00008,P001,SALEUSER3
100,4500000173,00010,0,6,2024,5100000173,0001,U,,2024-08-06,461.0,461.0,157270.15,157270.15,USD,0,0,H,,2024-08-06,MAT00008,P001,FINANCE02
100,4500000173,00020,0,1,2024,5000000405,0001,E,101,2024-07-24,83.0,83.0,25113.31,25113.31,USD,83.0,83.0,S,,2024-07-24,MAT00005,P001,BUYER01
100,4500000173,00020,0,6,2024,5100000173,0001,U,,2024-08-12,83.0,83.0,25113.31,25113.31,USD,0,0,H,,2024-08-12,MAT00005,P001,FINANCE02
100,4500000174,00010,0,1,2024,5000000407,0001,E,101,2024-02-15,59.0,59.0,11044.21,11044.21,USD,59.0,59.0,S,,2024-02-15,MAT00011,P001,FINANCE01
100,4500000174,00010,0,6,2024,5100000174,0001,U,,2024-02-26,59.0,59.0,11044.21,11044.21,USD,0,0,H,,2024-02-26,MAT00011,P001,FINANCE01
100,4500000175,00010,0,1,2024,5000000409,0001,E,101,2024-06-28,222.0,222.0,43651.86,43651.86,USD,222.0,222.0,S,,2024-06-28,MAT00004,P003,BUYER01
100,4500000175,00010,0,6,2024,5100000175,0001,U,,2024-07-06,222.0,222.0,43651.86,43651.86,USD,0,0,H,,2024-07-06,MAT00004,P003,FINANCE02
100,4500000176,00010,0,1,2024,5000000411,0001,E,101,2024-06-07,319.0,319.0,73507.17,73507.17,USD,319.0,319.0,S,,2024-06-07,MAT00002,P002,SALEUSER3
100,4500000176,00010,0,6,2024,5100000176,0001,U,,2024-06-21,319.0,319.0,73507.17,73507.17,USD,0,0,H,,2024-06-21,MAT00002,P002,FINANCE02
100,4500000177,00010,0,1,2024,5000000413,0001,E,101,2024-09-03,249.0,249.0,92354.1,92354.1,USD,249.0,249.0,S,,2024-09-03,MAT00010,P003,SALEUSER2
100,4500000177,00010,0,6,2024,5100000177,0001,U,,2024-09-20,249.0,249.0,92354.1,92354.1,USD,0,0,H,,2024-09-20,MAT00010,P003,FINANCE01
100,4500000178,00010,0,1,2024,5000000415,0001,E,101,2024-08-09,358.0,358.0,109777.12,109777.12,USD,358.0,358.0,S,,2024-08-09,MAT00008,P001,SALEUSER3
100,4500000178,00010,0,6,2024,5100000178,0001,U,,2024-08-28,358.0,358.0,109777.12,109777.12,USD,0,0,H,,2024-08-28,MAT00008,P001,FINANCE02
100,4500000179,00010,0,1,2024,5000000417,0001,E,101,2024-04-20,41.0,41.0,18062.96,18062.96,USD,41.0,41.0,S,,2024-04-20,MAT00007,P003,FINANCE01
100,4500000179,00010,0,6,2024,5100000179,0001,U,,2024-04-25,41.0,41.0,18062.96,18062.96,USD,0,0,H,,2024-04-25,MAT00007,P003,FINANCE01
100,4500000180,00010,0,1,2024,5000000419,0001,E,101,2024-04-30,94.0,94.0,2559.62,2559.62,USD,94.0,94.0,S,,2024-04-30,MAT00021,P003,WHOUSE02
100,4500000180,00010,0,6,2024,5100000180,0001,U,,2024-05-20,94.0,94.0,2559.62,2559.62,USD,0,0,H,,2024-05-20,MAT00021,P003,FINANCE02
100,4500000181,00010,0,1,2024,5000000421,0001,E,101,2024-11-09,54.0,54.0,8686.44,8686.44,USD,54.0,54.0,S,,2024-11-09,MAT00012,P002,BUYER01
100,4500000181,00010,0,6,2024,5100000181,0001,U,,2024-11-12,54.0,54.0,8686.44,8686.44,USD,0,0,H,,2024-11-12,MAT00012,P002,FINANCE01
100,4500000181,00020,0,1,2024,5000000423,0001,E,101,2024-11-09,190.0,190.0,37251.4,37251.4,USD,190.0,190.0,S,,2024-11-09,MAT00008,P002,WHOUSE01
100,4500000181,00020,0,6,2024,5100000181,0001,U,,2024-11-21,190.0,190.0,37251.4,37251.4,USD,0,0,H,,2024-11-21,MAT00008,P002,FINANCE01
100,4500000182,00010,0,1,2024,5000000425,0001,E,101,2024-05-18,316.0,316.0,83152.24,83152.24,USD,316.0,316.0,S,,2024-05-18,MAT00013,P003,FINANCE01
100,4500000182,00010,0,6,2024,5100000182,0001,U,,2024-05-29,316.0,316.0,83152.24,83152.24,USD,0,0,H,,2024-05-29,MAT00013,P003,FINANCE02
100,4500000183,00010,0,1,2024,5000000427,0001,E,101,2024-07-03,21.0,21.0,10215.24,10215.24,USD,21.0,21.0,S,,2024-07-03,MAT00007,P002,BUYER03
100,4500000183,00010,0,6,2024,5100000183,0001,U,,2024-07-20,21.0,21.0,10215.24,10215.24,USD,0,0,H,,2024-07-20,MAT00007,P002,FINANCE01
100,4500000184,00010,0,1,2024,5000000429,0001,E,101,2024-03-13,141.0,141.0,28522.89,28522.89,USD,141.0,141.0,S,,2024-03-13,MAT00011,P002,SALEUSER2
100,4500000184,00010,0,6,2024,5100000184,0001,U,,2024-03-28,141.0,141.0,28522.89,28522.89,USD,0,0,H,,2024-03-28,MAT00011,P002,FINANCE01
100,4500000185,00010,0,6,2024,5100000185,0001,U,,2024-07-16,481.0,481.0,268446.1,268446.1,USD,0,0,H,,2024-07-16,MAT00017,P002,FINANCE01
100,4500000186,00010,0,1,2024,5000000432,0001,E,101,2024-04-13,485.0,485.0,142944.05,142944.05,USD,485.0,485.0,S,,2024-04-13,MAT00019,P001,BUYER02
100,4500000186,00010,0,6,2024,5100000186,0001,U,,2024-04-23,485.0,485.0,142944.05,142944.05,USD,0,0,H,,2024-04-23,MAT00019,P001,FINANCE01
100,4500000187,00010,0,1,2024,5000000434,0001,E,101,2024-10-17,396.0,396.0,150788.88,150788.88,USD,396.0,396.0,S,,2024-10-17,MAT00005,P003,WHOUSE01
100,4500000187,00010,0,6,2024,5100000187,0001,U,,2024-10-31,396.0,396.0,150788.88,150788.88,USD,0,0,H,,2024-10-31,MAT00005,P003,FINANCE01
100,4500000188,00010,0,1,2024,5000000436,0001,E,101,2024-10-28,282.0,282.0,12337.5,12337.5,USD,282.0,282.0,S,,2024-10-28,MAT00011,P003,SALEUSER2
100,4500000188,00010,0,6,2024,5100000188,0001,U,,2024-11-17,282.0,282.0,12337.5,12337.5,USD,0,0,H,,2024-11-17,MAT00011,P003,FINANCE02
100,4500000189,00010,0,1,2024,5000000438,0001,E,101,2024-10-04,254.0,254.0,71175.88,71175.88,USD,254.0,254.0,S,,2024-10-04,MAT00022,P001,SALEUSER3
100,4500000189,00010,0,6,2024,5100000189,0001,U,,2024-10-10,254.0,254.0,71175.88,71175.88,USD,0,0,H,,2024-10-10,MAT00022,P001,FINANCE01
100,4500000190,00010,0,1,2024,5000000440,0001,E,101,2024-09-04,45.0,45.0,20961.0,20961.0,USD,45.0,45.0,S,,2024-09-04,MAT00002,P003,WHOUSE02
100,4500000190,00010,0,6,2024,5100000190,0001,U,,2024-09-08,45.0,45.0,20961.0,20961.0,USD,0,0,H,,2024-09-08,MAT00002,P003,FINANCE02
100,4500000191,00010,0,1,2024,5000000442,0001,E,101,2024-05-16,365.0,365.0,98736.15,98736.15,USD,365.0,365.0,S,,2024-05-16,MAT00003,P003,BUYER03
100,4500000191,00010,0,6,2024,5100000191,0001,U,,2024-06-05,365.0,365.0,98736.15,98736.15,USD,0,0,H,,2024-06-05,MAT00003,P003,FINANCE02
100,4500000191,00020,0,1,2024,5000000444,0001,E,101,2024-05-16,177.0,177.0,13285.62,13285.62,USD,177.0,177.0,S,,2024-05-16,MAT00007,P003,FINANCE01
100,4500000191,00020,0,6,2024,5100000191,0001,U,,2024-05-31,177.0,177.0,13285.62,13285.62,USD,0,0,H,,2024-05-31,MAT00007,P003,FINANCE02
100,4500000192,00010,0,1,2024,5000000446,0001,E,101,2024-06-17,135.0,135.0,64963.35,64963.35,USD,135.0,135.0,S,,2024-06-17,MAT00019,P003,BUYER01
100,4500000192,00010,0,6,2024,5100000192,0001,U,,2024-06-29,135.0,135.0,64963.35,64963.35,USD,0,0,H,,2024-06-29,MAT00019,P003,FINANCE01
100,4500000193,00010,0,1,2024,5000000448,0001,E,101,2024-03-13,78.0,78.0,14809.86,14809.86,USD,78.0,78.0,S,,2024-03-13,MAT00004,P002,SALEUSER2
100,4500000193,00010,0,6,2024,5100000193,0001,U,,2024-03-18,78.0,78.0,14809.86,14809.86,USD,0,0,H,,2024-03-18,MAT00004,P002,FINANCE02
100,4500000194,00010,0,1,2024,5000000450,0001,E,101,2024-07-16,392.0,392.0,180994.24,180994.24,USD,392.0,392.0,S,,2024-07-16,MAT00020,P003,WHOUSE01
100,4500000194,00010,0,6,2024,5100000194,0001,U,,2024-08-01,392.0,392.0,180994.24,180994.24,USD,0,0,H,,2024-08-01,MAT00020,P003,FINANCE01
100,4500000195,00010,0,1,2024,5000000452,0001,E,101,2024-04-05,486.0,486.0,184140.54,184140.54,USD,486.0,486.0,S,,2024-04-05,MAT00005,P002,SALEUSER2
100,4500000195,00010,0,6,2024,5100000195,0001,U,,2024-04-12,486.0,486.0,215069.58,215069.58,USD,0,0,H,,2024-04-12,MAT00005,P002,FINANCE01
100,4500000196,00010,0,1,2024,5000000454,0001,E,101,2024-05-30,290.0,290.0,82641.3,82641.3,USD,290.0,290.0,S,,2024-05-30,MAT00016,P003,SALEUSER2
100,4500000196,00010,0,6,2024,5100000196,0001,U,,2024-06-15,290.0,290.0,82641.3,82641.3,USD,0,0,H,,2024-06-15,MAT00016,P003,FINANCE02
100,4500000197,00010,0,1,2024,5000000456,0001,E,101,2024-09-15,32.0,32.0,13148.8,13148.8,USD,32.0,32.0,S,,2024-09-15,MAT00012,P001,BUYER02
100,4500000197,00010,0,6,2024,5100000197,0001,U,,2024-09-19,32.0,32.0,14027.84,14027.84,USD,0,0,H,,2024-09-19,MAT00012,P001,FINANCE01
100,4500000198,00010,0,1,2024,5000000458,0001,E,101,2024-11-05,247.0,247.0,90812.02,90812.02,USD,247.0,247.0,S,,2024-11-05,MAT00007,P001,FINANCE02
100,4500000198,00010,0,6,2024,5100000198,0001,U,,2024-11-24,247.0,247.0,90812.02,90812.02,USD,0,0,H,,2024-11-24,MAT00007,P001,FINANCE01
100,4500000199,00010,0,1,2024,5000000460,0001,E,101,2024-07-22,433.0,433.0,8378.55,8378.55,USD,433.0,433.0,S,,2024-07-22,MAT00013,P003,FINANCE01
100,4500000199,00010,0,6,2024,5100000199,0001,U,,2024-07-28,433.0,433.0,8378.55,8378.55,USD,0,0,H,,2024-07-28,MAT00013,P003,FINANCE02
100,4500000200,00010,0,1,2024,5000000462,0001,E,101,2024-07-27,375.0,375.0,7125.0,7125.0,USD,375.0,375.0,S,,2024-07-27,MAT00017,P001,SALEUSER2
100,4500000200,00010,0,6,2024,5100000200,0001,U,,2024-08-06,375.0,375.0,7125.0,7125.0,USD,0,0,H,,2024-08-06,MAT00017,P001,FINANCE02
100,4500000201,00010,0,1,2024,5000000464,0001,E,101,2024-08-18,368.0,368.0,97575.2,97575.2,USD,368.0,368.0,S,,2024-08-18,MAT00011,P002,FINANCE02
100,4500000201,00010,0,6,2024,5100000201,0001,U,,2024-08-25,368.0,368.0,97575.2,97575.2,USD,0,0,H,,2024-08-25,MAT00011,P002,FINANCE02
100,4500000202,00010,0,1,2024,5000000466,0001,E,101,2024-11-14,81.0,81.0,37841.58,37841.58,USD,81.0,81.0,S,,2024-11-14,MAT00010,P003,FINANCE01
100,4500000202,00010,0,6,2024,5100000202,0001,U,,2024-11-20,81.0,81.0,42759.09,42759.09,USD,0,0,H,,2024-11-20,MAT00010,P003,FINANCE01
100,4500000203,00010,0,1,2024,5000000468,0001,E,101,2024-03-23,384.0,384.0,118990.08,118990.08,USD,384.0,384.0,S,,2024-03-23,MAT00007,P003,SALEUSER1
100,4500000203,00010,0,6,2024,5100000203,0001,U,,2024-04-02,384.0,384.0,118990.08,118990.08,USD,0,0,H,,2024-04-02,MAT00007,P003,FINANCE01
100,4500000204,00010,0,1,2024,5000000470,0001,E,101,2024-04-10,26.0,26.0,10000.12,10000.12,USD,26.0,26.0,S,,2024-04-10,MAT00016,P001,SALEUSER1
100,4500000204,00010,0,6,2024,5100000204,0001,U,,2024-04-15,26.0,26.0,11636.82,11636.82,USD,0,0,H,,2024-04-15,MAT00016,P001,FINANCE01
100,4500000204,00020,0,1,2024,5000000472,0001,E,101,2024-04-10,53.0,53.0,8898.7,8898.7,USD,53.0,53.0,S,,2024-04-10,MAT00015,P001,FINANCE02
100,4500000204,00020,0,6,2024,5100000204,0001,U,,2024-04-25,53.0,53.0,10324.93,10324.93,USD,0,0,H,,2024-04-25,MAT00015,P001,FINANCE02
100,4500000205,00010,0,1,2024,5000000474,0001,E,101,2024-03-23,205.0,205.0,32642.15,32642.15,USD,205.0,205.0,S,,2024-03-23,MAT00017,P001,WHOUSE01
100,4500000205,00010,0,6,2024,5100000205,0001,U,,2024-04-04,205.0,205.0,32642.15,32642.15,USD,0,0,H,,2024-04-04,MAT00017,P001,FINANCE01
100,4500000206,00010,0,1,2024,5000000476,0001,E,101,2024-07-05,232.0,232.0,104246.88,104246.88,USD,232.0,232.0,S,,2024-07-05,MAT00014,P003,SALEUSER3
100,4500000206,00010,0,6,2024,5100000206,0001,U,,2024-07-13,232.0,232.0,104246.88,104246.88,USD,0,0,H,,2024-07-13,MAT00014,P003,FINANCE01
100,4500000206,00020,0,1,2024,5000000478,0001,E,101,2024-07-05,80.0,80.0,25481.6,25481.6,USD,80.0,80.0,S,,2024-07-05,MAT00012,P003,FINANCE02
100,4500000206,00020,0,6,2024,5100000206,0001,U,,2024-07-13,80.0,80.0,25481.6,25481.6,USD,0,0,H,,2024-07-13,MAT00012,P003,FINANCE02
100,4500000207,00010,0,1,2024,5000000480,0001,E,101,2024-08-15,481.0,481.0,72871.5,72871.5,USD,481.0,481.0,S,,2024-08-15,MAT00014,P001,SALEUSER1
100,4500000207,00010,0,6,2024,5100000207,0001,U,,2024-08-18,481.0,481.0,72871.5,72871.5,USD,0,0,H,,2024-08-18,MAT00014,P001,FINANCE02
100,4500000208,00010,0,1,2024,5000000482,0001,E,101,2024-02-27,314.0,314.0,88924.8,88924.8,USD,314.0,314.0,S,,2024-02-27,MAT00003,P002,BUYER01
100,4500000208,00010,0,6,2024,5100000208,0001,U,,2024-03-12,314.0,314.0,88924.8,88924.8,USD,0,0,H,,2024-03-12,MAT00003,P002,FINANCE01
100,4500000208,00020,0,1,2024,5000000484,0001,E,101,2024-02-27,70.0,70.0,3094.0,3094.0,USD,70.0,70.0,S,,2024-02-27,MAT00005,P002,WHOUSE01
100,4500000208,00020,0,6,2024,5100000208,0001,U,,2024-03-06,70.0,70.0,3094.0,3094.0,USD,0,0,H,,2024-03-06,MAT00005,P002,FINANCE01
100,4500000209,00010,0,1,2024,5000000486,0001,E,101,2024-03-30,280.0,280.0,42977.2,42977.2,USD,280.0,280.0,S,,2024-03-30,MAT00013,P002,SALEUSER2
100,4500000209,00010,0,6,2024,5100000209,0001,U,,2024-04-12,280.0,280.0,42977.2,42977.2,USD,0,0,H,,2024-04-12,MAT00013,P002,FINANCE02
100,4500000210,00010,0,1,2024,5000000488,0001,E,101,2024-08-05,498.0,498.0,91328.22,91328.22,USD,498.0,498.0,S,,2024-08-05,MAT00014,P001,BUYER03
100,4500000210,00010,0,6,2024,5100000210,0001,U,,2024-08-15,498.0,498.0,91328.22,91328.22,USD,0,0,H,,2024-08-15,MAT00014,P001,FINANCE02
100,4500000210,00020,0,1,2024,5000000490,0001,E,101,2024-08-05,149.0,149.0,13538.14,13538.14,USD,149.0,149.0,S,,2024-08-05,MAT00002,P001,WHOUSE01
100,4500000210,00020,0,6,2024,5100000210,0001,U,,2024-08-21,149.0,149.0,13538.14,13538.14,USD,0,0,H,,2024-08-21,MAT00002,P001,FINANCE01
100,4500000211,00010,0,1,2024,5000000492,0001,E,101,2024-04-12,204.0,204.0,58909.08,58909.08,USD,204.0,204.0,S,,2024-04-12,MAT00001,P002,SALEUSER3
100,4500000211,00010,0,6,2024,5100000211,0001,U,,2024-04-25,204.0,204.0,58909.08,58909.08,USD,0,0,H,,2024-04-25,MAT00001,P002,FINANCE02
100,4500000212,00010,0,1,2024,5000000494,0001,E,101,2024-11-21,342.0,342.0,96457.68,96457.68,USD,342.0,342.0,S,,2024-11-21,MAT00002,P002,SALEUSER3
100,4500000212,00010,0,6,2024,5100000212,0001,U,,2024-12-05,342.0,342.0,96457.68,96457.68,USD,0,0,H,,2024-12-05,MAT00002,P002,FINANCE01
100,4500000213,00010,0,1,2024,5000000496,0001,E,101,2024-04-15,430.0,430.0,153862.6,153862.6,USD,430.0,430.0,S,,2024-04-15,MAT00020,P003,WHOUSE02
100,4500000213,00010,0,6,2024,5100000213,0001,U,,2024-04-25,430.0,430.0,153862.6,153862.6,USD,0,0,H,,2024-04-25,MAT00020,P003,FINANCE02
100,4500000214,00010,0,1,2024,5000000498,0001,E,101,2024-07-28,170.0,170.0,65798.5,65798.5,USD,170.0,170.0,S,,2024-07-28,MAT00007,P002,BUYER03
100,4500000214,00010,0,6,2024,5100000214,0001,U,,2024-08-06,170.0,170.0,65798.5,65798.5,USD,0,0,H,,2024-08-06,MAT00007,P002,FINANCE01
100,4500000215,00010,0,1,2024,5000000500,0001,E,101,2024-12-01,163.0,163.0,47759.0,47759.0,USD,163.0,163.0,S,,2024-12-01,MAT00004,P002,SALEUSER1
100,4500000215,00010,0,6,2024,5100000215,0001,U,,2024-12-10,163.0,163.0,47759.0,47759.0,USD,0,0,H,,2024-12-10,MAT00004,P002,FINANCE02
100,4500000216,00010,0,1,2024,5000000502,0001,E,101,2024-07-28,472.0,472.0,190669.12,190669.12,USD,472.0,472.0,S,,2024-07-28,MAT00007,P001,BUYER02
100,4500000216,00010,0,6,2024,5100000216,0001,U,,2024-08-10,472.0,472.0,209110.16,209110.16,USD,0,0,H,,2024-08-10,MAT00007,P001,FINANCE02
100,4500000216,00020,0,1,2024,5000000504,0001,E,101,2024-07-28,80.0,80.0,3487.2,3487.2,USD,80.0,80.0,S,,2024-07-28,MAT00002,P001,BUYER03
100,4500000216,00020,0,6,2024,5100000216,0001,U,,2024-08-14,80.0,80.0,4030.4,4030.4,USD,0,0,H,,2024-08-14,MAT00002,P001,FINANCE02
100,4500000217,00010,0,1,2024,5000000506,0001,E,101,2024-08-13,386.0,386.0,92860.02,92860.02,USD,386.0,386.0,S,,2024-08-13,MAT00015,P003,SALEUSER2
100,4500000217,00010,0,6,2024,5100000217,0001,U,,2024-08-27,386.0,386.0,92860.02,92860.02,USD,0,0,H,,2024-08-27,MAT00015,P003,FINANCE02
100,4500000218,00010,0,1,2024,5000000508,0001,E,101,2024-09-27,386.0,386.0,118185.48,118185.48,USD,386.0,386.0,S,,2024-09-27,MAT00016,P002,BUYER02
100,4500000218,00010,0,6,2024,5100000218,0001,U,,2024-10-10,386.0,386.0,118185.48,118185.48,USD,0,0,H,,2024-10-10,MAT00016,P002,FINANCE01
100,4500000219,00010,0,1,2024,5000000510,0001,E,101,2024-06-25,221.0,221.0,108356.3,108356.3,USD,221.0,221.0,S,,2024-06-25,MAT00011,P002,BUYER02
100,4500000219,00010,0,6,2024,5100000219,0001,U,,2024-07-13,221.0,221.0,125790.99,125790.99,USD,0,0,H,,2024-07-13,MAT00011,P002,FINANCE01
100,4500000220,00010,0,1,2024,5000000512,0001,E,101,2024-03-07,78.0,78.0,22977.24,22977.24,USD,78.0,78.0,S,,2024-03-07,MAT00021,P002,FINANCE01
100,4500000220,00010,0,6,2024,5100000220,0001,U,,2024-03-19,78.0,78.0,22977.24,22977.24,USD,0,0,H,,2024-03-19,MAT00021,P002,FINANCE02
100,4500000220,00020,0,1,2024,5000000514,0001,E,101,2024-03-07,160.0,160.0,44004.8,44004.8,USD,160.0,160.0,S,,2024-03-07,MAT00010,P002,SALEUSER3
100,4500000220,00020,0,6,2024,5100000220,0001,U,,2024-03-12,160.0,160.0,44004.8,44004.8,USD,0,0,H,,2024-03-12,MAT00010,P002,FINANCE01
100,4500000221,00010,0,1,2024,5000000516,0001,E,101,2024-06-17,222.0,222.0,66417.96,66417.96,USD,222.0,222.0,S,,2024-06-17,MAT00004,P003,WHOUSE01
100,4500000221,00010,0,6,2024,5100000221,0001,U,,2024-07-03,222.0,222.0,66417.96,66417.96,USD,0,0,H,,2024-07-03,MAT00004,P003,FINANCE01
100,4500000222,00010,0,1,2024,5000000518,0001,E,101,2024-03-03,81.0,81.0,35931.6,35931.6,USD,81.0,81.0,S,,2024-03-03,MAT00005,P001,BUYER03
100,4500000222,00010,0,6,2024,5100000222,0001,U,,2024-03-19,81.0,81.0,35931.6,35931.6,USD,0,0,H,,2024-03-19,MAT00005,P001,FINANCE02
100,4500000223,00010,0,1,2024,5000000520,0001,E,101,2024-10-31,292.0,292.0,7708.8,7708.8,USD,292.0,292.0,S,,2024-10-31,MAT00008,P001,SALEUSER3
100,4500000223,00010,0,6,2024,5100000223,0001,U,,2024-11-06,292.0,292.0,7708.8,7708.8,USD,0,0,H,,2024-11-06,MAT00008,P001,FINANCE02
100,4500000224,00010,0,1,2024,5000000522,0001,E,101,2024-07-03,272.0,272.0,4156.16,4156.16,USD,272.0,272.0,S,,2024-07-03,MAT00022,P002,SALEUSER3
100,4500000224,00010,0,6,2024,5100000224,0001,U,,2024-07-15,272.0,272.0,4156.16,4156.16,USD,0,0,H,,2024-07-15,MAT00022,P002,FINANCE02
100,4500000224,00020,0,1,2024,5000000524,0001,E,101,2024-07-03,128.0,128.0,30141.44,30141.44,USD,128.0,128.0,S,,2024-07-03,MAT00001,P002,BUYER01
100,4500000224,00020,0,6,2024,5100000224,0001,U,,2024-07-15,128.0,128.0,30141.44,30141.44,USD,0,0,H,,2024-07-15,MAT00001,P002,FINANCE01
100,4500000225,00010,0,1,2024,5000000526,0001,E,101,2024-02-09,96.0,96.0,28797.12,28797.12,USD,96.0,96.0,S,,2024-02-09,MAT00009,P003,BUYER03
100,4500000225,00010,0,6,2024,5100000225,0001,U,,2024-02-20,96.0,96.0,28797.12,28797.12,USD,0,0,H,,2024-02-20,MAT00009,P003,FINANCE01
100,4500000226,00010,0,1,2024,5000000528,0001,E,101,2024-08-23,380.0,380.0,25399.2,25399.2,USD,380.0,380.0,S,,2024-08-23,MAT00007,P003,SALEUSER2
100,4500000226,00010,0,6,2024,5100000226,0001,U,,2024-09-10,380.0,380.0,25399.2,25399.2,USD,0,0,H,,2024-09-10,MAT00007,P003,FINANCE01
100,4500000226,00020,0,1,2024,5000000530,0001,E,101,2024-08-23,90.0,90.0,11036.7,11036.7,USD,90.0,90.0,S,,2024-08-23,MAT00014,P003,WHOUSE01
100,4500000226,00020,0,6,2024,5100000226,0001,U,,2024-09-05,90.0,90.0,11036.7,11036.7,USD,0,0,H,,2024-09-05,MAT00014,P003,FINANCE01
100,4500000227,00010,0,1,2024,5000000532,0001,E,101,2024-07-10,236.0,236.0,80450.04,80450.04,USD,236.0,236.0,S,,2024-07-10,MAT00004,P002,SALEUSER3
100,4500000227,00010,0,6,2024,5100000227,0001,U,,2024-07-18,236.0,236.0,80450.04,80450.04,USD,0,0,H,,2024-07-18,MAT00004,P002,FINANCE02
100,4500000228,00010,0,1,2024,5000000534,0001,E,101,2024-02-07,470.0,470.0,155917.8,155917.8,USD,470.0,470.0,S,,2024-02-07,MAT00002,P002,BUYER02
100,4500000228,00010,0,6,2024,5100000228,0001,U,,2024-02-12,470.0,470.0,155917.8,155917.8,USD,0,0,H,,2024-02-12,MAT00002,P002,FINANCE01
100,4500000229,00010,0,1,2024,5000000536,0001,E,101,2024-09-04,393.0,393.0,57326.91,57326.91,USD,393.0,393.0,S,,2024-09-04,MAT00009,P001,WHOUSE01
100,4500000229,00010,0,6,2024,5100000229,0001,U,,2024-09-17,393.0,393.0,57326.91,57326.91,USD,0,0,H,,2024-09-17,MAT00009,P001,FINANCE01
100,4500000229,00020,0,1,2024,5000000538,0001,E,101,2024-09-04,44.0,44.0,7177.72,7177.72,USD,44.0,44.0,S,,2024-09-04,MAT00015,P001,WHOUSE02
100,4500000229,00020,0,6,2024,5100000229,0001,U,,2024-09-10,44.0,44.0,7177.72,7177.72,USD,0,0,H,,2024-09-10,MAT00015,P001,FINANCE01
100,4500000230,00010,0,1,2024,5000000540,0001,E,101,2024-03-02,141.0,141.0,49777.23,49777.23,USD,141.0,141.0,S,,2024-03-02,MAT00021,P001,WHOUSE02
100,4500000230,00010,0,6,2024,5100000230,0001,U,,2024-03-20,141.0,141.0,49777.23,49777.23,USD,0,0,H,,2024-03-20,MAT00021,P001,FINANCE02
100,4500000231,00010,0,1,2024,5000000542,0001,E,101,2024-07-01,499.0,499.0,163207.93,163207.93,USD,499.0,499.0,S,,2024-07-01,MAT00011,P001,SALEUSER2
100,4500000231,00010,0,6,2024,5100000231,0001,U,,2024-07-10,499.0,499.0,163207.93,163207.93,USD,0,0,H,,2024-07-10,MAT00011,P001,FINANCE01
100,4500000231,00020,0,1,2024,5000000544,0001,E,101,2024-07-01,128.0,128.0,19214.08,19214.08,USD,128.0,128.0,S,,2024-07-01,MAT00002,P001,WHOUSE02
100,4500000231,00020,0,6,2024,5100000231,0001,U,,2024-07-10,128.0,128.0,19214.08,19214.08,USD,0,0,H,,2024-07-10,MAT00002,P001,FINANCE01
100,4500000232,00010,0,1,2024,5000000546,0001,E,101,2024-09-23,37.0,37.0,14652.37,14652.37,USD,37.0,37.0,S,,2024-09-23,MAT00018,P003,SALEUSER1
100,4500000232,00010,0,6,2024,5100000232,0001,U,,2024-10-12,37.0,37.0,14652.37,14652.37,USD,0,0,H,,2024-10-12,MAT00018,P003,FINANCE02
100,4500000233,00010,0,1,2024,5000000548,0001,E,101,2024-05-26,411.0,411.0,25523.1,25523.1,USD,411.0,411.0,S,,2024-05-26,MAT00020,P002,SALEUSER1
100,4500000233,00010,0,6,2024,5100000233,0001,U,,2024-06-11,411.0,411.0,25523.1,25523.1,USD,0,0,H,,2024-06-11,MAT00020,P002,FINANCE02
100,4500000234,00010,0,1,2024,5000000550,0001,E,101,2024-05-14,91.0,91.0,11774.49,11774.49,USD,91.0,91.0,S,,2024-05-14,MAT00014,P001,FINANCE02
100,4500000234,00010,0,6,2024,5100000234,0001,U,,2024-05-22,91.0,91.0,13027.56,13027.56,USD,0,0,H,,2024-05-22,MAT00014,P001,FINANCE01
100,4500000235,00010,0,1,2024,5000000552,0001,E,101,2024-06-25,470.0,470.0,145305.2,145305.2,USD,470.0,470.0,S,,2024-06-25,MAT00005,P003,BUYER03
100,4500000235,00010,0,6,2024,5100000235,0001,U,,2024-07-13,470.0,470.0,145305.2,145305.2,USD,0,0,H,,2024-07-13,MAT00005,P003,FINANCE01
100,4500000236,00010,0,1,2024,5000000554,0001,E,101,2024-05-21,65.0,65.0,5402.8,5402.8,USD,65.0,65.0,S,,2024-05-21,MAT00021,P003,BUYER01
100,4500000236,00010,0,6,2024,5100000236,0001,U,,2024-05-25,65.0,65.0,5402.8,5402.8,USD,0,0,H,,2024-05-25,MAT00021,P003,FINANCE02
100,4500000236,00020,0,1,2024,5000000556,0001,E,101,2024-05-21,153.0,153.0,4114.17,4114.17,USD,153.0,153.0,S,,2024-05-21,MAT00015,P003,BUYER01
100,4500000236,00020,0,6,2024,5100000236,0001,U,,2024-06-10,153.0,153.0,4114.17,4114.17,USD,0,0,H,,2024-06-10,MAT00015,P003,FINANCE01
100,4500000237,00010,0,1,2024,5000000558,0001,E,101,2024-06-16,123.0,123.0,7868.31,7868.31,USD,123.0,123.0,S,,2024-06-16,MAT00014,P003,WHOUSE01
100,4500000237,00010,0,6,2024,5100000237,0001,U,,2024-06-25,123.0,123.0,7868.31,7868.31,USD,0,0,H,,2024-06-25,MAT00014,P003,FINANCE02
100,4500000238,00010,0,1,2024,5000000560,0001,E,101,2024-05-15,320.0,320.0,156166.4,156166.4,USD,320.0,320.0,S,,2024-05-15,MAT00012,P002,BUYER01
100,4500000238,00010,0,6,2024,5100000238,0001,U,,2024-05-19,320.0,320.0,156166.4,156166.4,USD,0,0,H,,2024-05-19,MAT00012,P002,FINANCE02
100,4500000239,00010,0,1,2024,5000000562,0001,E,101,2024-06-14,266.0,266.0,115039.68,115039.68,USD,266.0,266.0,S,,2024-06-14,MAT00019,P003,BUYER01
100,4500000239,00010,0,6,2024,5100000239,0001,U,,2024-06-24,266.0,266.0,133388.36,133388.36,USD,0,0,H,,2024-06-24,MAT00019,P003,FINANCE01
100,4500000239,00020,0,1,2024,5000000564,0001,E,101,2024-06-14,183.0,183.0,65938.56,65938.56,USD,183.0,183.0,S,,2024-06-14,MAT00003,P003,BUYER01
100,4500000239,00020,0,6,2024,5100000239,0001,U,,2024-07-02,183.0,183.0,69631.5,69631.5,USD,0,0,H,,2024-07-02,MAT00003,P003,FINANCE01
100,4500000240,00010,0,1,2024,5000000566,0001,E,101,2024-04-14,327.0,327.0,17808.42,17808.42,USD,327.0,327.0,S,,2024-04-14,MAT00007,P001,WHOUSE02
100,4500000240,00010,0,6,2024,5100000240,0001,U,,2024-04-17,327.0,327.0,17808.42,17808.42,USD,0,0,H,,2024-04-17,MAT00007,P001,FINANCE02
100,4500000241,00010,0,1,2024,5000000568,0001,E,101,2024-04-11,270.0,270.0,41939.1,41939.1,USD,270.0,270.0,S,,2024-04-11,MAT00021,P002,BUYER02
100,4500000241,00010,0,6,2024,5100000241,0001,U,,2024-04-24,270.0,270.0,41939.1,41939.1,USD,0,0,H,,2024-04-24,MAT00021,P002,FINANCE01
100,4500000242,00010,0,1,2024,5000000570,0001,E,101,2024-06-03,244.0,244.0,114723.92,114723.92,USD,244.0,244.0,S,,2024-06-03,MAT00011,P003,SALEUSER2
100,4500000242,00010,0,6,2024,5100000242,0001,U,,2024-06-22,244.0,244.0,114723.92,114723.92,USD,0,0,H,,2024-06-22,MAT00011,P003,FINANCE02
100,4500000242,00020,0,1,2024,5000000572,0001,E,101,2024-06-03,108.0,108.0,6248.88,6248.88,USD,108.0,108.0,S,,2024-06-03,MAT00009,P003,FINANCE01
100,4500000242,00020,0,6,2024,5100000242,0001,U,,2024-06-23,108.0,108.0,6248.88,6248.88,USD,0,0,H,,2024-06-23,MAT00009,P003,FINANCE02
100,4500000243,00010,0,6,2024,5100000243,0001,U,,2024-09-01,64.0,64.0,9293.44,9293.44,USD,0,0,H,,2024-09-01,MAT00003,P001,FINANCE01
100,4500000244,00010,0,1,2024,5000000575,0001,E,101,2024-11-07,294.0,294.0,97408.08,97408.08,USD,294.0,294.0,S,,2024-11-07,MAT00008,P001,FINANCE01
100,4500000244,00010,0,6,2024,5100000244,0001,U,,2024-11-27,294.0,294.0,97408.08,97408.08,USD,0,0,H,,2024-11-27,MAT00008,P001,FINANCE02
100,4500000245,00010,0,1,2024,5000000577,0001,E,101,2024-08-16,313.0,313.0,27791.27,27791.27,USD,313.0,313.0,S,,2024-08-16,MAT00005,P002,BUYER03
100,4500000245,00010,0,6,2024,5100000245,0001,U,,2024-08-24,313.0,313.0,27791.27,27791.27,USD,0,0,H,,2024-08-24,MAT00005,P002,FINANCE01
100,4500000246,00010,0,1,2024,5000000579,0001,E,101,2024-05-05,488.0,488.0,132487.12,132487.12,USD,488.0,488.0,S,,2024-05-05,MAT00012,P003,WHOUSE02
100,4500000246,00010,0,6,2024,5100000246,0001,U,,2024-05-12,488.0,488.0,132487.12,132487.12,USD,0,0,H,,2024-05-12,MAT00012,P003,FINANCE02
100,4500000247,00010,0,1,2024,5000000581,0001,E,101,2024-05-18,454.0,454.0,102890.02,102890.02,USD,454.0,454.0,S,,2024-05-18,MAT00019,P002,BUYER03
100,4500000247,00010,0,6,2024,5100000247,0001,U,,2024-06-07,454.0,454.0,102890.02,102890.02,USD,0,0,H,,2024-06-07,MAT00019,P002,FINANCE01
100,4500000248,00010,0,6,2024,5100000248,0001,U,,2024-11-18,21.0,21.0,5750.22,5750.22,USD,0,0,H,,2024-11-18,MAT00019,P003,FINANCE02
100,4500000248,00020,0,6,2024,5100000248,0001,U,,2024-11-14,77.0,77.0,11965.8,11965.8,USD,0,0,H,,2024-11-14,MAT00007,P003,FINANCE02
100,4500000249,00010,0,1,2024,5000000585,0001,E,101,2024-05-14,52.0,52.0,5814.12,5814.12,USD,52.0,52.0,S,,2024-05-14,MAT00014,P002,FINANCE02
100,4500000249,00010,0,6,2024,5100000249,0001,U,,2024-05-29,52.0,52.0,5814.12,5814.12,USD,0,0,H,,2024-05-29,MAT00014,P002,FINANCE01
100,4500000250,00010,0,6,2024,5100000250,0001,U,,2024-10-22,297.0,297.0,74876.67,74876.67,USD,0,0,H,,2024-10-22,MAT00010,P001,FINANCE01
100,4500000251,00010,0,1,2024,5000000588,0001,E,101,2024-04-13,497.0,497.0,21221.9,21221.9,USD,497.0,497.0,S,,2024-04-13,MAT00001,P003,WHOUSE01
100,4500000251,00010,0,6,2024,5100000251,0001,U,,2024-04-24,497.0,497.0,21221.9,21221.9,USD,0,0,H,,2024-04-24,MAT00001,P003,FINANCE02
100,4500000252,00010,0,1,2024,5000000590,0001,E,101,2024-08-06,270.0,270.0,126576.0,126576.0,USD,270.0,270.0,S,,2024-08-06,MAT00021,P002,FINANCE02
100,4500000252,00010,0,6,2024,5100000252,0001,U,,2024-08-26,270.0,270.0,147193.2,147193.2,USD,0,0,H,,2024-08-26,MAT00021,P002,FINANCE02
100,4500000253,00010,0,1,2024,5000000592,0001,E,101,2024-10-16,60.0,60.0,5143.8,5143.8,USD,60.0,60.0,S,,2024-10-16,MAT00012,P001,FINANCE02
100,4500000253,00010,0,6,2024,5100000253,0001,U,,2024-11-04,60.0,60.0,5143.8,5143.8,USD,0,0,H,,2024-11-04,MAT00012,P001,FINANCE01
100,4500000254,00010,0,1,2024,5000000594,0001,E,101,2024-06-28,73.0,73.0,25563.14,25563.14,USD,73.0,73.0,S,,2024-06-28,MAT00006,P003,SALEUSER1
100,4500000254,00010,0,6,2024,5100000254,0001,U,,2024-07-05,73.0,73.0,25563.14,25563.14,USD,0,0,H,,2024-07-05,MAT00006,P003,FINANCE01
100,4500000255,00010,0,1,2024,5000000596,0001,E,101,2024-03-21,158.0,158.0,2374.74,2374.74,USD,158.0,158.0,S,,2024-03-21,MAT00016,P001,SALEUSER1
100,4500000255,00010,0,6,2024,5100000255,0001,U,,2024-03-30,158.0,158.0,2703.38,2703.38,USD,0,0,H,,2024-03-30,MAT00016,P001,FINANCE01
100,4500000256,00010,0,1,2024,5000000598,0001,E,101,2024-04-03,17.0,17.0,1977.61,1977.61,USD,17.0,17.0,S,,2024-04-03,MAT00017,P003,FINANCE01
100,4500000256,00010,0,6,2024,5100000256,0001,U,,2024-04-06,17.0,17.0,1977.61,1977.61,USD,0,0,H,,2024-04-06,MAT00017,P003,FINANCE01
100,4500000257,00010,0,1,2024,5000000600,0001,E,101,2024-07-24,265.0,265.0,67031.75,67031.75,USD,265.0,265.0,S,,2024-07-24,MAT00004,P003,BUYER01
100,4500000257,00010,0,6,2024,5100000257,0001,U,,2024-07-29,265.0,265.0,67031.75,67031.75,USD,0,0,H,,2024-07-29,MAT00004,P003,FINANCE02
100,4500000258,00010,0,1,2024,5000000602,0001,E,101,2024-09-25,190.0,190.0,3091.3,3091.3,USD,190.0,190.0,S,,2024-09-25,MAT00010,P001,BUYER02
100,4500000258,00010,0,6,2024,5100000258,0001,U,,2024-10-10,190.0,190.0,3091.3,3091.3,USD,0,0,H,,2024-10-10,MAT00010,P001,FINANCE02
100,4500000259,00010,0,1,2024,5000000604,0001,E,101,2024-05-27,124.0,124.0,27045.64,27045.64,USD,124.0,124.0,S,,2024-05-27,MAT00011,P001,FINANCE02
100,4500000259,00010,0,6,2024,5100000259,0001,U,,2024-06-07,124.0,124.0,27045.64,27045.64,USD,0,0,H,,2024-06-07,MAT00011,P001,FINANCE02
100,4500000260,00010,0,1,2024,5000000606,0001,E,101,2024-10-05,197.0,197.0,67533.57,67533.57,USD,197.0,197.0,S,,2024-10-05,MAT00003,P001,FINANCE02
100,4500000260,00010,0,6,2024,5100000260,0001,U,,2024-10-10,197.0,197.0,71885.3,71885.3,USD,0,0,H,,2024-10-10,MAT00003,P001,FINANCE02
100,4500000261,00010,0,1,2024,5000000608,0001,E,101,2024-04-19,428.0,428.0,97091.8,97091.8,USD,428.0,428.0,S,,2024-04-19,MAT00014,P003,FINANCE01
100,4500000261,00010,0,6,2024,5100000261,0001,U,,2024-05-01,428.0,428.0,97091.8,97091.8,USD,0,0,H,,2024-05-01,MAT00014,P003,FINANCE01
100,4500000262,00010,0,1,2024,5000000610,0001,E,101,2024-04-16,139.0,139.0,41645.79,41645.79,USD,139.0,139.0,S,,2024-04-16,MAT00016,P002,SALEUSER3
100,4500000262,00010,0,6,2024,5100000262,0001,U,,2024-04-20,139.0,139.0,41645.79,41645.79,USD,0,0,H,,2024-04-20,MAT00016,P002,FINANCE01
100,4500000263,00010,0,1,2024,5000000612,0001,E,101,2024-06-11,163.0,163.0,8414.06,8414.06,USD,163.0,163.0,S,,2024-06-11,MAT00022,P002,BUYER03
100,4500000263,00010,0,6,2024,5100000263,0001,U,,2024-06-14,163.0,163.0,8414.06,8414.06,USD,0,0,H,,2024-06-14,MAT00022,P002,FINANCE02
100,4500000263,00020,0,1,2024,5000000614,0001,E,101,2024-06-11,9.0,9.0,1738.62,1738.62,USD,9.0,9.0,S,,2024-06-11,MAT00005,P002,SALEUSER3
100,4500000263,00020,0,6,2024,5100000263,0001,U,,2024-06-26,9.0,9.0,1738.62,1738.62,USD,0,0,H,,2024-06-26,MAT00005,P002,FINANCE02
100,4500000264,00010,0,1,2024,5000000616,0001,E,101,2024-07-18,254.0,254.0,107998.26,107998.26,USD,254.0,254.0,S,,2024-07-18,MAT00006,P003,BUYER01
100,4500000264,00010,0,6,2024,5100000264,0001,U,,2024-07-30,254.0,254.0,107998.26,107998.26,USD,0,0,H,,2024-07-30,MAT00006,P003,FINANCE02
100,4500000264,00020,0,1,2024,5000000618,0001,E,101,2024-07-18,71.0,71.0,2573.04,2573.04,USD,71.0,71.0,S,,2024-07-18,MAT00010,P003,WHOUSE02
100,4500000264,00020,0,6,2024,5100000264,0001,U,,2024-08-03,71.0,71.0,2573.04,2573.04,USD,0,0,H,,2024-08-03,MAT00010,P003,FINANCE01
100,4500000265,00010,0,1,2024,5000000620,0001,E,101,2024-09-23,232.0,232.0,89108.88,89108.88,USD,232.0,232.0,S,,2024-09-23,MAT00014,P003,FINANCE01
100,4500000265,00010,0,6,2024,5100000265,0001,U,,2024-10-01,232.0,232.0,89108.88,89108.88,USD,0,0,H,,2024-10-01,MAT00014,P003,FINANCE02
100,4500000266,00010,0,1,2024,5000000622,0001,E,101,2024-05-30,128.0,128.0,48096.0,48096.0,USD,128.0,128.0,S,,2024-05-30,MAT00017,P003,SALEUSER3
100,4500000266,00010,0,6,2024,5100000266,0001,U,,2024-06-04,128.0,128.0,48096.0,48096.0,USD,0,0,H,,2024-06-04,MAT00017,P003,FINANCE01
100,4500000267,00010,0,1,2024,5000000624,0001,E,101,2024-06-18,248.0,248.0,122941.04,122941.04,USD,248.0,248.0,S,,2024-06-18,MAT00001,P001,BUYER03
100,4500000267,00010,0,6,2024,5100000267,0001,U,,2024-06-29,248.0,248.0,122941.04,122941.04,USD,0,0,H,,2024-06-29,MAT00001,P001,FINANCE01
100,4500000268,00010,0,1,2024,5000000626,0001,E,101,2024-06-30,449.0,449.0,152264.88,152264.88,USD,449.0,449.0,S,,2024-06-30,MAT00011,P001,BUYER03
100,4500000268,00010,0,6,2024,5100000268,0001,U,,2024-07-10,449.0,449.0,152264.88,152264.88,USD,0,0,H,,2024-07-10,MAT00011,P001,FINANCE01
100,4500000269,00010,0,1,2024,5000000628,0001,E,101,2024-08-30,96.0,96.0,46584.96,46584.96,USD,96.0,96.0,S,,2024-08-30,MAT00008,P002,FINANCE02
100,4500000269,00010,0,6,2024,5100000269,0001,U,,2024-09-03,96.0,96.0,46584.96,46584.96,USD,0,0,H,,2024-09-03,MAT00008,P002,FINANCE02
100,4500000270,00010,0,1,2024,5000000630,0001,E,101,2024-03-10,422.0,422.0,141154.78,141154.78,USD,422.0,422.0,S,,2024-03-10,MAT00010,P002,WHOUSE01
100,4500000270,00010,0,6,2024,5100000270,0001,U,,2024-03-24,422.0,422.0,154760.06,154760.06,USD,0,0,H,,2024-03-24,MAT00010,P002,FINANCE01
100,4500000270,00020,0,1,2024,5000000632,0001,E,101,2024-03-10,186.0,186.0,68446.14,68446.14,USD,186.0,186.0,S,,2024-03-10,MAT00007,P002,BUYER02
100,4500000270,00020,0,6,2024,5100000270,0001,U,,2024-03-20,186.0,186.0,81481.02,81481.02,USD,0,0,H,,2024-03-20,MAT00007,P002,FINANCE02
100,4500000271,00010,0,1,2024,5000000634,0001,E,101,2024-09-07,89.0,89.0,12271.32,12271.32,USD,89.0,89.0,S,,2024-09-07,MAT00011,P002,FINANCE02
100,4500000271,00010,0,6,2024,5100000271,0001,U,,2024-09-27,89.0,89.0,12271.32,12271.32,USD,0,0,H,,2024-09-27,MAT00011,P002,FINANCE02
100,4500000272,00010,0,6,2024,5100000272,0001,U,,2024-06-01,485.0,485.0,202245.0,202245.0,USD,0,0,H,,2024-06-01,MAT00004,P002,FINANCE02
100,4500000273,00010,0,1,2024,5000000637,0001,E,101,2024-09-23,20.0,20.0,425.2,425.2,USD,20.0,20.0,S,,2024-09-23,MAT00013,P002,SALEUSER1
100,4500000273,00010,0,6,2024,5100000273,0001,U,,2024-10-04,20.0,20.0,425.2,425.2,USD,0,0,H,,2024-10-04,MAT00013,P002,FINANCE01
100,4500000274,00010,0,1,2024,5000000639,0001,E,101,2024-11-08,103.0,103.0,44532.05,44532.05,USD,103.0,103.0,S,,2024-11-08,MAT00015,P001,WHOUSE02
100,4500000274,00010,0,6,2024,5100000274,0001,U,,2024-11-23,103.0,103.0,44532.05,44532.05,USD,0,0,H,,2024-11-23,MAT00015,P001,FINANCE01
100,4500000274,00020,0,1,2024,5000000641,0001,E,101,2024-11-08,147.0,147.0,12325.95,12325.95,USD,147.0,147.0,S,,2024-11-08,MAT00005,P001,WHOUSE01
100,4500000274,00020,0,6,2024,5100000274,0001,U,,2024-11-15,147.0,147.0,12325.95,12325.95,USD,0,0,H,,2024-11-15,MAT00005,P001,FINANCE01
100,4500000275,00010,0,1,2024,5000000643,0001,E,101,2024-06-07,217.0,217.0,65670.71,65670.71,USD,217.0,217.0,S,,2024-06-07,MAT00022,P002,BUYER01
100,4500000275,00010,0,6,2024,5100000275,0001,U,,2024-06-17,217.0,217.0,69468.21,69468.21,USD,0,0,H,,2024-06-17,MAT00022,P002,FINANCE02
100,4500000276,00010,0,1,2024,5000000645,0001,E,101,2024-05-19,440.0,440.0,32841.6,32841.6,USD,440.0,440.0,S,,2024-05-19,MAT00009,P003,BUYER02
100,4500000276,00010,0,6,2024,5100000276,0001,U,,2024-06-01,440.0,440.0,32841.6,32841.6,USD,0,0,H,,2024-06-01,MAT00009,P003,FINANCE01
100,4500000276,00020,0,1,2024,5000000647,0001,E,101,2024-05-19,181.0,181.0,20389.65,20389.65,USD,181.0,181.0,S,,2024-05-19,MAT00005,P003,FINANCE01
100,4500000276,00020,0,6,2024,5100000276,0001,U,,2024-06-01,181.0,181.0,20389.65,20389.65,USD,0,0,H,,2024-06-01,MAT00005,P003,FINANCE02
100,4500000277,00010,0,1,2024,5000000649,0001,E,101,2024-07-17,224.0,224.0,111473.6,111473.6,USD,224.0,224.0,S,,2024-07-17,MAT00016,P001,SALEUSER3
100,4500000277,00010,0,6,2024,5100000277,0001,U,,2024-08-06,224.0,224.0,111473.6,111473.6,USD,0,0,H,,2024-08-06,MAT00016,P001,FINANCE02
100,4500000278,00010,0,1,2024,5000000651,0001,E,101,2024-05-12,386.0,386.0,38013.28,38013.28,USD,386.0,386.0,S,,2024-05-12,MAT00019,P003,BUYER02
100,4500000278,00010,0,6,2024,5100000278,0001,U,,2024-05-25,386.0,386.0,38013.28,38013.28,USD,0,0,H,,2024-05-25,MAT00019,P003,FINANCE01
100,4500000279,00010,0,1,2024,5000000653,0001,E,101,2024-10-27,13.0,13.0,6307.47,6307.47,USD,13.0,13.0,S,,2024-10-27,MAT00015,P001,FINANCE02
100,4500000279,00010,0,6,2024,5100000279,0001,U,,2024-11-03,13.0,13.0,6307.47,6307.47,USD,0,0,H,,2024-11-03,MAT00015,P001,FINANCE01
100,4500000280,00010,0,1,2024,5000000655,0001,E,101,2024-06-02,207.0,207.0,67711.77,67711.77,USD,207.0,207.0,S,,2024-06-02,MAT00001,P001,WHOUSE02
100,4500000280,00010,0,6,2024,5100000280,0001,U,,2024-06-18,207.0,207.0,67711.77,67711.77,USD,0,0,H,,2024-06-18,MAT00001,P001,FINANCE02
100,4500000281,00010,0,1,2024,5000000657,0001,E,101,2024-09-22,101.0,101.0,32223.04,32223.04,USD,101.0,101.0,S,,2024-09-22,MAT00003,P002,SALEUSER1
100,4500000281,00010,0,6,2024,5100000281,0001,U,,2024-09-29,101.0,101.0,32223.04,32223.04,USD,0,0,H,,2024-09-29,MAT00003,P002,FINANCE02
100,4500000281,00020,0,1,2024,5000000659,0001,E,101,2024-09-22,64.0,64.0,25205.12,25205.12,USD,64.0,64.0,S,,2024-09-22,MAT00008,P002,SALEUSER2
100,4500000281,00020,0,6,2024,5100000281,0001,U,,2024-10-02,64.0,64.0,25205.12,25205.12,USD,0,0,H,,2024-10-02,MAT00008,P002,FINANCE02
100,4500000282,00010,0,1,2024,5000000661,0001,E,101,2024-07-08,50.0,50.0,12834.5,12834.5,USD,50.0,50.0,S,,2024-07-08,MAT00022,P002,BUYER03
100,4500000282,00010,0,6,2024,5100000282,0001,U,,2024-07-23,50.0,50.0,12834.5,12834.5,USD,0,0,H,,2024-07-23,MAT00022,P002,FINANCE01
100,4500000283,00010,0,1,2024,5000000663,0001,E,101,2024-05-30,437.0,437.0,27137.7,27137.7,USD,437.0,437.0,S,,2024-05-30,MAT00007,P002,BUYER01
100,4500000283,00010,0,6,2024,5100000283,0001,U,,2024-06-17,437.0,437.0,29191.6,29191.6,USD,0,0,H,,2024-06-17,MAT00007,P002,FINANCE02
100,4500000283,00020,0,1,2024,5000000665,0001,E,101,2024-05-30,75.0,75.0,20458.5,20458.5,USD,75.0,75.0,S,,2024-05-30,MAT00010,P002,WHOUSE01
100,4500000283,00020,0,6,2024,5100000283,0001,U,,2024-06-04,75.0,75.0,23950.5,23950.5,USD,0,0,H,,2024-06-04,MAT00010,P002,FINANCE01
100,4500000284,00010,0,1,2024,5000000667,0001,E,101,2024-05-18,237.0,237.0,57413.25,57413.25,USD,237.0,237.0,S,,2024-05-18,MAT00021,P003,BUYER03
100,4500000284,00010,0,6,2024,5100000284,0001,U,,2024-06-04,237.0,237.0,57413.25,57413.25,USD,0,0,H,,2024-06-04,MAT00021,P003,FINANCE02
100,4500000285,00010,0,1,2024,5000000669,0001,E,101,2024-10-29,294.0,294.0,108259.62,108259.62,USD,294.0,294.0,S,,2024-10-29,MAT00004,P001,WHOUSE01
100,4500000285,00010,0,6,2024,5100000285,0001,U,,2024-11-16,294.0,294.0,108259.62,108259.62,USD,0,0,H,,2024-11-16,MAT00004,P001,FINANCE02
100,4500000286,00010,0,1,2024,5000000671,0001,E,101,2024-11-12,230.0,230.0,51462.5,51462.5,USD,230.0,230.0,S,,2024-11-12,MAT00004,P003,SALEUSER1
100,4500000286,00010,0,6,2024,5100000286,0001,U,,2024-11-30,230.0,230.0,51462.5,51462.5,USD,0,0,H,,2024-11-30,MAT00004,P003,FINANCE02
100,4500000287,00010,0,1,2024,5000000673,0001,E,101,2024-09-04,486.0,486.0,43443.54,43443.54,USD,486.0,486.0,S,,2024-09-04,MAT00010,P003,BUYER02
100,4500000287,00010,0,6,2024,5100000287,0001,U,,2024-09-11,486.0,486.0,49960.8,49960.8,USD,0,0,H,,2024-09-11,MAT00010,P003,FINANCE01
100,4500000288,00010,0,1,2024,5000000675,0001,E,101,2024-05-10,405.0,405.0,71073.45,71073.45,USD,405.0,405.0,S,,2024-05-10,MAT00012,P001,FINANCE01
100,4500000288,00010,0,6,2024,5100000288,0001,U,,2024-05-20,405.0,405.0,71073.45,71073.45,USD,0,0,H,,2024-05-20,MAT00012,P001,FINANCE02
100,4500000289,00010,0,1,2024,5000000677,0001,E,101,2024-03-20,380.0,380.0,185280.4,185280.4,USD,380.0,380.0,S,,2024-03-20,MAT00023,P003,BUYER02
100,4500000289,00010,0,6,2024,5100000289,0001,U,,2024-03-28,380.0,380.0,185280.4,185280.4,USD,0,0,H,,2024-03-28,MAT00023,P003,FINANCE01
100,4500000290,00010,0,6,2024,5100000290,0001,U,,2024-05-13,485.0,485.0,187656.2,187656.2,USD,0,0,H,,2024-05-13,MAT00011,P001,FINANCE02
100,4500000291,00010,0,1,2024,5000000680,0001,E,101,2024-05-02,460.0,460.0,207023.0,207023.0,USD,460.0,460.0,S,,2024-05-02,MAT00008,P001,BUYER03
100,4500000291,00010,0,6,2024,5100000291,0001,U,,2024-05-05,460.0,460.0,207023.0,207023.0,USD,0,0,H,,2024-05-05,MAT00008,P001,FINANCE01
100,4500000292,00010,0,1,2024,5000000682,0001,E,101,2024-04-11,334.0,334.0,88406.46,88406.46,USD,334.0,334.0,S,,2024-04-11,MAT00019,P003,FINANCE01
100,4500000292,00010,0,6,2024,5100000292,0001,U,,2024-04-23,334.0,334.0,88406.46,88406.46,USD,0,0,H,,2024-04-23,MAT00019,P003,FINANCE02
100,4500000292,00020,0,1,2024,5000000684,0001,E,101,2024-04-11,142.0,142.0,26129.42,26129.42,USD,142.0,142.0,S,,2024-04-11,MAT00003,P003,FINANCE01
100,4500000292,00020,0,6,2024,5100000292,0001,U,,2024-04-28,142.0,142.0,26129.42,26129.42,USD,0,0,H,,2024-04-28,MAT00003,P003,FINANCE02
100,4500000293,00010,0,1,2024,5000000686,0001,E,101,2024-06-20,280.0,280.0,74326.0,74326.0,USD,280.0,280.0,S,,2024-06-20,MAT00017,P003,FINANCE01
100,4500000293,00010,0,6,2024,5100000293,0001,U,,2024-07-01,280.0,280.0,74326.0,74326.0,USD,0,0,H,,2024-07-01,MAT00017,P003,FINANCE01
100,4500000294,00010,0,1,2024,5000000688,0001,E,101,2024-02-13,405.0,405.0,200317.05,200317.05,USD,405.0,405.0,S,,2024-02-13,MAT00010,P003,SALEUSER2
100,4500000294,00010,0,6,2024,5100000294,0001,U,,2024-02-20,405.0,405.0,200317.05,200317.05,USD,0,0,H,,2024-02-20,MAT00010,P003,FINANCE02
100,4500000295,00010,0,1,2024,5000000690,0001,E,101,2024-03-22,445.0,445.0,108295.2,108295.2,USD,445.0,445.0,S,,2024-03-22,MAT00014,P001,FINANCE01
100,4500000295,00010,0,6,2024,5100000295,0001,U,,2024-04-06,445.0,445.0,108295.2,108295.2,USD,0,0,H,,2024-04-06,MAT00014,P001,FINANCE02
100,4500000295,00020,0,1,2024,5000000692,0001,E,101,2024-03-22,187.0,187.0,37572.04,37572.04,USD,187.0,187.0,S,,2024-03-22,MAT00012,P001,BUYER03
100,4500000295,00020,0,6,2024,5100000295,0001,U,,2024-03-29,187.0,187.0,37572.04,37572.04,USD,0,0,H,,2024-03-29,MAT00012,P001,FINANCE01
100,4500000296,00010,0,1,2024,5000000694,0001,E,101,2024-05-03,305.0,305.0,64117.1,64117.1,USD,305.0,305.0,S,,2024-05-03,MAT00002,P001,SALEUSER2
100,4500000296,00010,0,6,2024,5100000296,0001,U,,2024-05-07,305.0,305.0,64117.1,64117.1,USD,0,0,H,,2024-05-07,MAT00002,P001,FINANCE01
100,4500000297,00010,0,1,2024,5000000696,0001,E,101,2024-07-07,411.0,411.0,102548.61,102548.61,USD,411.0,411.0,S,,2024-07-07,MAT00002,P001,BUYER01
100,4500000297,00010,0,6,2024,5100000297,0001,U,,2024-07-23,411.0,411.0,102548.61,102548.61,USD,0,0,H,,2024-07-23,MAT00002,P001,FINANCE02
100,4500000298,00010,0,1,2024,5000000698,0001,E,101,2024-10-21,54.0,54.0,17071.56,17071.56,USD,54.0,54.0,S,,2024-10-21,MAT00015,P001,WHOUSE01
100,4500000298,00010,0,6,2024,5100000298,0001,U,,2024-10-25,54.0,54.0,18793.08,18793.08,USD,0,0,H,,2024-10-25,MAT00015,P001,FINANCE02
100,4500000299,00010,0,1,2024,5000000700,0001,E,101,2024-03-22,378.0,378.0,96877.62,96877.62,USD,378.0,378.0,S,,2024-03-22,MAT00007,P003,FINANCE01
100,4500000299,00010,0,6,2024,5100000299,0001,U,,2024-03-25,378.0,378.0,104331.78,104331.78,USD,0,0,H,,2024-03-25,MAT00007,P003,FINANCE02
100,4500000300,00010,0,1,2024,5000000702,0001,E,101,2024-03-10,197.0,197.0,10756.2,10756.2,USD,197.0,197.0,S,,2024-03-10,MAT00014,P002,BUYER03
100,4500000300,00010,0,6,2024,5100000300,0001,U,,2024-03-18,197.0,197.0,10756.2,10756.2,USD,0,0,H,,2024-03-18,MAT00014,P002,FINANCE02
100,4500000301,00010,0,1,2024,5000000704,0001,E,101,2024-09-10,451.0,451.0,15974.42,15974.42,USD,451.0,451.0,S,,2024-09-10,MAT00005,P002,FINANCE02
100,4500000301,00010,0,6,2024,5100000301,0001,U,,2024-09-20,451.0,451.0,15974.42,15974.42,USD,0,0,H,,2024-09-20,MAT00005,P002,FINANCE02
100,4500000301,00020,0,1,2024,5000000706,0001,E,101,2024-09-10,18.0,18.0,382.86,382.86,USD,18.0,18.0,S,,2024-09-10,MAT00007,P002,SALEUSER1
100,4500000301,00020,0,6,2024,5100000301,0001,U,,2024-09-13,18.0,18.0,382.86,382.86,USD,0,0,H,,2024-09-13,MAT00007,P002,FINANCE02
100,4500000302,00010,0,1,2024,5000000708,0001,E,101,2024-10-07,314.0,314.0,103620.0,103620.0,USD,314.0,314.0,S,,2024-10-07,MAT00018,P001,BUYER01
100,4500000302,00010,0,6,2024,5100000302,0001,U,,2024-10-25,314.0,314.0,103620.0,103620.0,USD,0,0,H,,2024-10-25,MAT00018,P001,FINANCE02
100,4500000303,00010,0,1,2024,5000000710,0001,E,101,2024-03-02,352.0,352.0,146762.88,146762.88,USD,352.0,352.0,S,,2024-03-02,MAT00018,P002,FINANCE02
100,4500000303,00010,0,6,2024,5100000303,0001,U,,2024-03-21,352.0,352.0,146762.88,146762.88,USD,0,0,H,,2024-03-21,MAT00018,P002,FINANCE02
100,4500000304,00010,0,1,2024,5000000712,0001,E,101,2024-08-17,327.0,327.0,3597.0,3597.0,USD,327.0,327.0,S,,2024-08-17,MAT00020,P002,BUYER03
100,4500000304,00010,0,6,2024,5100000304,0001,U,,2024-09-02,327.0,327.0,3597.0,3597.0,USD,0,0,H,,2024-09-02,MAT00020,P002,FINANCE02
100,4500000305,00010,0,1,2024,5000000714,0001,E,101,2024-06-05,71.0,71.0,13599.34,13599.34,USD,71.0,71.0,S,,2024-06-05,MAT00013,P002,SALEUSER1
100,4500000305,00010,0,6,2024,5100000305,0001,U,,2024-06-16,71.0,71.0,15795.37,15795.37,USD,0,0,H,,2024-06-16,MAT00013,P002,FINANCE02
100,4500000306,00010,0,6,2024,5100000306,0001,U,,2024-06-23,64.0,64.0,9337.6,9337.6,USD,0,0,H,,2024-06-23,MAT00001,P003,FINANCE01
100,4500000307,00010,0,1,2024,5000000717,0001,E,101,2024-03-20,311.0,311.0,106837.83,106837.83,USD,311.0,311.0,S,,2024-03-20,MAT00007,P003,BUYER01
100,4500000307,00010,0,6,2024,5100000307,0001,U,,2024-04-02,311.0,311.0,106837.83,106837.83,USD,0,0,H,,2024-04-02,MAT00007,P003,FINANCE02
100,4500000308,00010,0,1,2024,5000000719,0001,E,101,2024-09-03,202.0,202.0,35150.02,35150.02,USD,202.0,202.0,S,,2024-09-03,MAT00009,P003,SALEUSER1
100,4500000308,00010,0,6,2024,5100000308,0001,U,,2024-09-19,202.0,202.0,35150.02,35150.02,USD,0,0,H,,2024-09-19,MAT00009,P003,FINANCE01
100,4500000309,00010,0,1,2024,5000000721,0001,E,101,2024-06-03,418.0,418.0,172466.8,172466.8,USD,418.0,418.0,S,,2024-06-03,MAT00009,P002,FINANCE02
100,4500000309,00010,0,6,2024,5100000309,0001,U,,2024-06-20,418.0,418.0,172466.8,172466.8,USD,0,0,H,,2024-06-20,MAT00009,P002,FINANCE01
100,4500000310,00010,0,1,2024,5000000723,0001,E,101,2024-09-05,37.0,37.0,1316.46,1316.46,USD,37.0,37.0,S,,2024-09-05,MAT00020,P002,WHOUSE01
100,4500000310,00010,0,6,2024,5100000310,0001,U,,2024-09-15,37.0,37.0,1316.46,1316.46,USD,0,0,H,,2024-09-15,MAT00020,P002,FINANCE01
100,4500000310,00020,0,1,2024,5000000725,0001,E,101,2024-09-05,25.0,25.0,6596.5,6596.5,USD,25.0,25.0,S,,2024-09-05,MAT00010,P002,BUYER01
100,4500000310,00020,0,6,2024,5100000310,0001,U,,2024-09-22,25.0,25.0,6596.5,6596.5,USD,0,0,H,,2024-09-22,MAT00010,P002,FINANCE02
100,4500000311,00010,0,1,2024,5000000727,0001,E,101,2024-11-03,228.0,228.0,29443.92,29443.92,USD,228.0,228.0,S,,2024-11-03,MAT00012,P003,SALEUSER2
100,4500000311,00010,0,6,2024,5100000311,0001,U,,2024-11-19,228.0,228.0,29443.92,29443.92,USD,0,0,H,,2024-11-19,MAT00012,P003,FINANCE02
100,4500000312,00010,0,1,2024,5000000729,0001,E,101,2024-03-10,488.0,488.0,158048.56,158048.56,USD,488.0,488.0,S,,2024-03-10,MAT00017,P001,SALEUSER1
100,4500000312,00010,0,6,2024,5100000312,0001,U,,2024-03-28,488.0,488.0,158048.56,158048.56,USD,0,0,H,,2024-03-28,MAT00017,P001,FINANCE02
100,4500000313,00010,0,1,2024,5000000731,0001,E,101,2024-06-01,316.0,316.0,40169.92,40169.92,USD,316.0,316.0,S,,2024-06-01,MAT00021,P002,WHOUSE01
100,4500000313,00010,0,6,2024,5100000313,0001,U,,2024-06-09,316.0,316.0,40169.92,40169.92,USD,0,0,H,,2024-06-09,MAT00021,P002,FINANCE01
100,4500000314,00010,0,1,2024,5000000733,0001,E,101,2024-06-27,362.0,362.0,63896.62,63896.62,USD,362.0,362.0,S,,2024-06-27,MAT00007,P001,BUYER01
100,4500000314,00010,0,6,2024,5100000314,0001,U,,2024-07-05,362.0,362.0,63896.62,63896.62,USD,0,0,H,,2024-07-05,MAT00007,P001,FINANCE02
100,4500000315,00010,0,1,2024,5000000735,0001,E,101,2024-02-29,400.0,400.0,41568.0,41568.0,USD,400.0,400.0,S,,2024-02-29,MAT00023,P003,FINANCE02
100,4500000315,00010,0,6,2024,5100000315,0001,U,,2024-03-16,400.0,400.0,41568.0,41568.0,USD,0,0,H,,2024-03-16,MAT00023,P003,FINANCE01
100,4500000316,00010,0,1,2024,5000000737,0001,E,101,2024-11-27,42.0,42.0,10887.24,10887.24,USD,42.0,42.0,S,,2024-11-27,MAT00003,P003,WHOUSE02
100,4500000316,00010,0,6,2024,5100000316,0001,U,,2024-12-05,42.0,42.0,10887.24,10887.24,USD,0,0,H,,2024-12-05,MAT00003,P003,FINANCE02
100,4500000317,00010,0,1,2024,5000000739,0001,E,101,2024-06-12,125.0,125.0,14638.75,14638.75,USD,125.0,125.0,S,,2024-06-12,MAT00007,P003,BUYER03
100,4500000317,00010,0,6,2024,5100000317,0001,U,,2024-06-26,125.0,125.0,14638.75,14638.75,USD,0,0,H,,2024-06-26,MAT00007,P003,FINANCE02
100,4500000318,00010,0,1,2024,5000000741,0001,E,101,2024-10-06,190.0,190.0,48222.0,48222.0,USD,190.0,190.0,S,,2024-10-06,MAT00014,P003,BUYER03
100,4500000318,00010,0,6,2024,5100000318,0001,U,,2024-10-23,190.0,190.0,48222.0,48222.0,USD,0,0,H,,2024-10-23,MAT00014,P003,FINANCE01
100,4500000319,00010,0,1,2024,5000000743,0001,E,101,2024-03-13,29.0,29.0,3136.35,3136.35,USD,29.0,29.0,S,,2024-03-13,MAT00008,P003,SALEUSER2
100,4500000319,00010,0,6,2024,5100000319,0001,U,,2024-03-24,29.0,29.0,3136.35,3136.35,USD,0,0,H,,2024-03-24,MAT00008,P003,FINANCE01
100,4500000320,00010,0,1,2024,5000000745,0001,E,101,2024-10-26,205.0,205.0,24843.95,24843.95,USD,205.0,205.0,S,,2024-10-26,MAT00016,P002,FINANCE01
100,4500000320,00010,0,6,2024,5100000320,0001,U,,2024-11-15,205.0,205.0,24843.95,24843.95,USD,0,0,H,,2024-11-15,MAT00016,P002,FINANCE02
100,4500000321,00010,0,1,2024,5000000747,0001,E,101,2024-04-16,407.0,407.0,170455.67,170455.67,USD,407.0,407.0,S,,2024-04-16,MAT00019,P001,WHOUSE01
100,4500000321,00010,0,6,2024,5100000321,0001,U,,2024-05-01,407.0,407.0,196511.81,196511.81,USD,0,0,H,,2024-05-01,MAT00019,P001,FINANCE02
100,4500000322,00010,0,1,2024,5000000749,0001,E,101,2024-05-11,199.0,199.0,48285.36,48285.36,USD,199.0,199.0,S,,2024-05-11,MAT00013,P003,SALEUSER2
100,4500000322,00010,0,6,2024,5100000322,0001,U,,2024-05-16,199.0,199.0,48285.36,48285.36,USD,0,0,H,,2024-05-16,MAT00013,P003,FINANCE01
100,4500000323,00010,0,1,2024,5000000751,0001,E,101,2024-07-02,44.0,44.0,1678.6,1678.6,USD,44.0,44.0,S,,2024-07-02,MAT00007,P001,WHOUSE01
100,4500000323,00010,0,6,2024,5100000323,0001,U,,2024-07-10,44.0,44.0,1678.6,1678.6,USD,0,0,H,,2024-07-10,MAT00007,P001,FINANCE01
100,4500000323,00020,0,1,2024,5000000753,0001,E,101,2024-07-02,174.0,174.0,10556.58,10556.58,USD,174.0,174.0,S,,2024-07-02,MAT00015,P001,SALEUSER2
100,4500000323,00020,0,6,2024,5100000323,0001,U,,2024-07-18,174.0,174.0,10556.58,10556.58,USD,0,0,H,,2024-07-18,MAT00015,P001,FINANCE02
100,4500000324,00010,0,1,2024,5000000755,0001,E,101,2024-08-31,171.0,171.0,49405.32,49405.32,USD,171.0,171.0,S,,2024-08-31,MAT00003,P001,FINANCE02
100,4500000324,00010,0,6,2024,5100000324,0001,U,,2024-09-04,171.0,171.0,49405.32,49405.32,USD,0,0,H,,2024-09-04,MAT00003,P001,FINANCE01
100,4500000325,00010,0,1,2024,5000000757,0001,E,101,2024-10-20,100.0,100.0,28862.0,28862.0,USD,100.0,100.0,S,,2024-10-20,MAT00006,P001,BUYER03
100,4500000325,00010,0,6,2024,5100000325,0001,U,,2024-10-31,100.0,100.0,28862.0,28862.0,USD,0,0,H,,2024-10-31,MAT00006,P001,FINANCE02
100,4500000326,00010,0,1,2024,5000000759,0001,E,101,2024-09-21,258.0,258.0,61006.68,61006.68,USD,258.0,258.0,S,,2024-09-21,MAT00014,P001,SALEUSER3
100,4500000326,00010,0,6,2024,5100000326,0001,U,,2024-10-06,258.0,258.0,61006.68,61006.68,USD,0,0,H,,2024-10-06,MAT00014,P001,FINANCE01
100,4500000327,00010,0,1,2024,5000000761,0001,E,101,2024-10-03,421.0,421.0,129423.82,129423.82,USD,421.0,421.0,S,,2024-10-03,MAT00005,P003,BUYER02
100,4500000327,00010,0,6,2024,5100000327,0001,U,,2024-10-23,421.0,421.0,129423.82,129423.82,USD,0,0,H,,2024-10-23,MAT00005,P003,FINANCE02
100,4500000328,00010,0,1,2024,5000000763,0001,E,101,2024-07-02,12.0,12.0,4661.76,4661.76,USD,12.0,12.0,S,,2024-07-02,MAT00013,P001,SALEUSER1
100,4500000328,00010,0,6,2024,5100000328,0001,U,,2024-07-11,12.0,12.0,4661.76,4661.76,USD,0,0,H,,2024-07-11,MAT00013,P001,FINANCE01
100,4500000329,00010,0,1,2024,5000000765,0001,E,101,2024-09-01,170.0,170.0,48519.7,48519.7,USD,170.0,170.0,S,,2024-09-01,MAT00002,P001,WHOUSE01
100,4500000329,00010,0,6,2024,5100000329,0001,U,,2024-09-07,170.0,170.0,57779.6,57779.6,USD,0,0,H,,2024-09-07,MAT00002,P001,FINANCE01
100,4500000330,00010,0,1,2024,5000000767,0001,E,101,2024-07-28,211.0,211.0,81467.1,81467.1,USD,211.0,211.0,S,,2024-07-28,MAT00021,P001,BUYER02
100,4500000330,00010,0,6,2024,5100000330,0001,U,,2024-08-10,211.0,211.0,81467.1,81467.1,USD,0,0,H,,2024-08-10,MAT00021,P001,FINANCE02
100,4500000330,00020,0,1,2024,5000000769,0001,E,101,2024-07-28,196.0,196.0,52896.48,52896.48,USD,196.0,196.0,S,,2024-07-28,MAT00006,P001,SALEUSER3
100,4500000330,00020,0,6,2024,5100000330,0001,U,,2024-07-31,196.0,196.0,52896.48,52896.48,USD,0,0,H,,2024-07-31,MAT00006,P001,FINANCE02
100,4500000331,00010,0,1,2024,5000000771,0001,E,101,2024-05-16,109.0,109.0,21159.08,21159.08,USD,109.0,109.0,S,,2024-05-16,MAT00002,P002,FINANCE02
100,4500000331,00010,0,6,2024,5100000331,0001,U,,2024-06-02,109.0,109.0,21159.08,21159.08,USD,0,0,H,,2024-06-02,MAT00002,P002,FINANCE02
100,4500000332,00010,0,1,2024,5000000773,0001,E,101,2024-08-10,454.0,454.0,152475.9,152475.9,USD,454.0,454.0,S,,2024-08-10,MAT00011,P002,SALEUSER1
100,4500000332,00010,0,6,2024,5100000332,0001,U,,2024-08-25,454.0,454.0,152475.9,152475.9,USD,0,0,H,,2024-08-25,MAT00011,P002,FINANCE02
100,4500000332,00020,0,1,2024,5000000775,0001,E,101,2024-08-10,15.0,15.0,5953.2,5953.2,USD,15.0,15.0,S,,2024-08-10,MAT00004,P002,BUYER03
100,4500000332,00020,0,6,2024,5100000332,0001,U,,2024-08-15,15.0,15.0,5953.2,5953.2,USD,0,0,H,,2024-08-15,MAT00004,P002,FINANCE01
100,4500000333,00010,0,1,2024,5000000777,0001,E,101,2024-07-18,109.0,109.0,47152.31,47152.31,USD,109.0,109.0,S,,2024-07-18,MAT00010,P002,WHOUSE01
100,4500000333,00010,0,6,2024,5100000333,0001,U,,2024-08-02,109.0,109.0,47152.31,47152.31,USD,0,0,H,,2024-08-02,MAT00010,P002,FINANCE01
100,4500000334,00010,0,1,2024,5000000779,0001,E,101,2024-07-27,281.0,281.0,27001.29,27001.29,USD,281.0,281.0,S,,2024-07-27,MAT00003,P001,SALEUSER2
100,4500000334,00010,0,6,2024,5100000334,0001,U,,2024-08-11,281.0,281.0,27001.29,27001.29,USD,0,0,H,,2024-08-11,MAT00003,P001,FINANCE02
100,4500000334,00020,0,1,2024,5000000781,0001,E,101,2024-07-27,42.0,42.0,630.42,630.42,USD,42.0,42.0,S,,2024-07-27,MAT00015,P001,SALEUSER3
100,4500000334,00020,0,6,2024,5100000334,0001,U,,2024-08-14,42.0,42.0,630.42,630.42,USD,0,0,H,,2024-08-14,MAT00015,P001,FINANCE02
100,4500000335,00010,0,1,2024,5000000783,0001,E,101,2024-05-23,388.0,388.0,146768.76,146768.76,USD,388.0,388.0,S,,2024-05-23,MAT00019,P001,SALEUSER3
100,4500000335,00010,0,6,2024,5100000335,0001,U,,2024-05-27,388.0,388.0,146768.76,146768.76,USD,0,0,H,,2024-05-27,MAT00019,P001,FINANCE02
100,4500000336,00010,0,1,2024,5000000785,0001,E,101,2024-09-22,131.0,131.0,38434.09,38434.09,USD,131.0,131.0,S,,2024-09-22,MAT00009,P003,BUYER02
100,4500000336,00010,0,6,2024,5100000336,0001,U,,2024-10-07,131.0,131.0,38434.09,38434.09,USD,0,0,H,,2024-10-07,MAT00009,P003,FINANCE02
100,4500000337,00010,0,6,2024,5100000337,0001,U,,2024-08-09,439.0,439.0,160915.45,160915.45,USD,0,0,H,,2024-08-09,MAT00019,P003,FINANCE01
100,4500000337,00020,0,6,2024,5100000337,0001,U,,2024-08-14,5.0,5.0,186.2,186.2,USD,0,0,H,,2024-08-14,MAT00008,P003,FINANCE02
100,4500000338,00010,0,1,2024,5000000789,0001,E,101,2024-05-26,377.0,377.0,153250.5,153250.5,USD,377.0,377.0,S,,2024-05-26,MAT00015,P001,WHOUSE02
100,4500000338,00010,0,6,2024,5100000338,0001,U,,2024-06-01,377.0,377.0,153250.5,153250.5,USD,0,0,H,,2024-06-01,MAT00015,P001,FINANCE01
100,4500000339,00010,0,1,2024,5000000791,0001,E,101,2024-02-24,295.0,295.0,145709.35,145709.35,USD,295.0,295.0,S,,2024-02-24,MAT00001,P002,BUYER01
100,4500000339,00010,0,6,2024,5100000339,0001,U,,2024-03-10,295.0,295.0,145709.35,145709.35,USD,0,0,H,,2024-03-10,MAT00001,P002,FINANCE02
100,4500000340,00010,0,1,2024,5000000793,0001,E,101,2024-03-15,59.0,59.0,13799.51,13799.51,USD,59.0,59.0,S,,2024-03-15,MAT00013,P001,FINANCE02
100,4500000340,00010,0,6,2024,5100000340,0001,U,,2024-03-21,59.0,59.0,13799.51,13799.51,USD,0,0,H,,2024-03-21,MAT00013,P001,FINANCE02
100,4500000341,00010,0,1,2024,5000000795,0001,E,101,2024-08-02,371.0,371.0,126952.49,126952.49,USD,371.0,371.0,S,,2024-08-02,MAT00001,P001,FINANCE02
100,4500000341,00010,0,6,2024,5100000341,0001,U,,2024-08-07,371.0,371.0,126952.49,126952.49,USD,0,0,H,,2024-08-07,MAT00001,P001,FINANCE02
100,4500000342,00010,0,1,2024,5000000797,0001,E,101,2024-10-10,418.0,418.0,208243.42,208243.42,USD,418.0,418.0,S,,2024-10-10,MAT00005,P003,WHOUSE02
100,4500000342,00010,0,6,2024,5100000342,0001,U,,2024-10-30,418.0,418.0,208243.42,208243.42,USD,0,0,H,,2024-10-30,MAT00005,P003,FINANCE01
100,4500000342,00020,0,1,2024,5000000799,0001,E,101,2024-10-10,26.0,26.0,10332.66,10332.66,USD,26.0,26.0,S,,2024-10-10,MAT00002,P003,BUYER03
100,4500000342,00020,0,6,2024,5100000342,0001,U,,2024-10-23,26.0,26.0,10332.66,10332.66,USD,0,0,H,,2024-10-23,MAT00002,P003,FINANCE02
100,4500000343,00010,0,1,2024,5000000801,0001,E,101,2024-08-20,386.0,386.0,117471.38,117471.38,USD,386.0,386.0,S,,2024-08-20,MAT00003,P003,FINANCE01
100,4500000343,00010,0,6,2024,5100000343,0001,U,,2024-09-05,386.0,386.0,117471.38,117471.38,USD,0,0,H,,2024-09-05,MAT00003,P003,FINANCE01
100,4500000343,00020,0,1,2024,5000000803,0001,E,101,2024-08-20,149.0,149.0,55950.99,55950.99,USD,149.0,149.0,S,,2024-08-20,MAT00006,P003,BUYER02
100,4500000343,00020,0,6,2024,5100000343,0001,U,,2024-09-03,149.0,149.0,55950.99,55950.99,USD,0,0,H,,2024-09-03,MAT00006,P003,FINANCE01
100,4500000344,00010,0,1,2024,5000000805,0001,E,101,2024-06-03,274.0,274.0,64581.8,64581.8,USD,274.0,274.0,S,,2024-06-03,MAT00017,P002,WHOUSE02
100,4500000344,00010,0,6,2024,5100000344,0001,U,,2024-06-10,274.0,274.0,64581.8,64581.8,USD,0,0,H,,2024-06-10,MAT00017,P002,FINANCE02
100,4500000344,00020,0,1,2024,5000000807,0001,E,101,2024-06-03,29.0,29.0,11564.33,11564.33,USD,29.0,29.0,S,,2024-06-03,MAT00012,P002,FINANCE02
100,4500000344,00020,0,6,2024,5100000344,0001,U,,2024-06-21,29.0,29.0,11564.33,11564.33,USD,0,0,H,,2024-06-21,MAT00012,P002,FINANCE01
100,4500000345,00010,0,1,2024,5000000809,0001,E,101,2024-10-24,492.0,492.0,163850.76,163850.76,USD,492.0,492.0,S,,2024-10-24,MAT00006,P003,WHOUSE01
100,4500000345,00010,0,6,2024,5100000345,0001,U,,2024-11-06,492.0,492.0,163850.76,163850.76,USD,0,0,H,,2024-11-06,MAT00006,P003,FINANCE02
100,4500000346,00010,0,1,2024,5000000811,0001,E,101,2024-03-27,468.0,468.0,74412.0,74412.0,USD,468.0,468.0,S,,2024-03-27,MAT00004,P003,BUYER03
100,4500000346,00010,0,6,2024,5100000346,0001,U,,2024-04-13,468.0,468.0,74412.0,74412.0,USD,0,0,H,,2024-04-13,MAT00004,P003,FINANCE02
100,4500000347,00010,0,1,2024,5000000813,0001,E,101,2024-05-06,422.0,422.0,195694.06,195694.06,USD,422.0,422.0,S,,2024-05-06,MAT00022,P003,BUYER03
100,4500000347,00010,0,6,2024,5100000347,0001,U,,2024-05-10,422.0,422.0,195694.06,195694.06,USD,0,0,H,,2024-05-10,MAT00022,P003,FINANCE01
100,4500000348,00010,0,1,2024,5000000815,0001,E,101,2024-05-19,349.0,349.0,139498.79,139498.79,USD,349.0,349.0,S,,2024-05-19,MAT00010,P001,WHOUSE01
100,4500000348,00010,0,6,2024,5100000348,0001,U,,2024-06-05,349.0,349.0,152233.8,152233.8,USD,0,0,H,,2024-06-05,MAT00010,P001,FINANCE02
100,4500000349,00010,0,1,2024,5000000817,0001,E,101,2024-06-18,354.0,354.0,55294.8,55294.8,USD,354.0,354.0,S,,2024-06-18,MAT00019,P002,BUYER02
100,4500000349,00010,0,6,2024,5100000349,0001,U,,2024-07-08,354.0,354.0,63978.42,63978.42,USD,0,0,H,,2024-07-08,MAT00019,P002,FINANCE01
100,4500000350,00010,0,1,2024,5000000819,0001,E,101,2024-05-25,98.0,98.0,27617.38,27617.38,USD,98.0,98.0,S,,2024-05-25,MAT00007,P003,BUYER03
100,4500000350,00010,0,6,2024,5100000350,0001,U,,2024-06-03,98.0,98.0,27617.38,27617.38,USD,0,0,H,,2024-06-03,MAT00007,P003,FINANCE01
100,4500000351,00010,0,1,2024,5000000821,0001,E,101,2024-02-06,474.0,474.0,125387.22,125387.22,USD,474.0,474.0,S,,2024-02-06,MAT00014,P002,FINANCE02
100,4500000351,00010,0,6,2024,5100000351,0001,U,,2024-02-24,474.0,474.0,125387.22,125387.22,USD,0,0,H,,2024-02-24,MAT00014,P002,FINANCE02
100,4500000352,00010,0,1,2024,5000000823,0001,E,101,2024-08-28,315.0,315.0,14628.6,14628.6,USD,315.0,315.0,S,,2024-08-28,MAT00019,P001,BUYER03
100,4500000352,00010,0,6,2024,5100000352,0001,U,,2024-09-12,315.0,315.0,14628.6,14628.6,USD,0,0,H,,2024-09-12,MAT00019,P001,FINANCE02
100,4500000353,00010,0,1,2024,5000000825,0001,E,101,2024-09-14,412.0,412.0,126245.04,126245.04,USD,412.0,412.0,S,,2024-09-14,MAT00023,P002,WHOUSE01
100,4500000353,00010,0,6,2024,5100000353,0001,U,,2024-09-17,412.0,412.0,126245.04,126245.04,USD,0,0,H,,2024-09-17,MAT00023,P002,FINANCE01
100,4500000353,00020,0,1,2024,5000000827,0001,E,101,2024-09-14,18.0,18.0,4674.06,4674.06,USD,18.0,18.0,S,,2024-09-14,MAT00007,P002,SALEUSER3
100,4500000353,00020,0,6,2024,5100000353,0001,U,,2024-09-25,18.0,18.0,4674.06,4674.06,USD,0,0,H,,2024-09-25,MAT00007,P002,FINANCE01
100,4500000354,00010,0,1,2024,5000000829,0001,E,101,2024-10-28,353.0,353.0,153219.65,153219.65,USD,353.0,353.0,S,,2024-10-28,MAT00019,P001,BUYER03
100,4500000354,00010,0,6,2024,5100000354,0001,U,,2024-11-10,353.0,353.0,153219.65,153219.65,USD,0,0,H,,2024-11-10,MAT00019,P001,FINANCE02
100,4500000355,00010,0,1,2024,5000000831,0001,E,101,2024-08-18,308.0,308.0,109749.64,109749.64,USD,308.0,308.0,S,,2024-08-18,MAT00002,P002,WHOUSE02
100,4500000355,00010,0,6,2024,5100000355,0001,U,,2024-09-06,308.0,308.0,109749.64,109749.64,USD,0,0,H,,2024-09-06,MAT00002,P002,FINANCE02
100,4500000356,00010,0,1,2024,5000000833,0001,E,101,2024-06-01,38.0,38.0,14222.26,14222.26,USD,38.0,38.0,S,,2024-06-01,MAT00003,P001,FINANCE01
100,4500000356,00010,0,6,2024,5100000356,0001,U,,2024-06-08,38.0,38.0,14222.26,14222.26,USD,0,0,H,,2024-06-08,MAT00003,P001,FINANCE02
100,4500000357,00010,0,1,2024,5000000835,0001,E,101,2024-10-13,230.0,230.0,21293.4,21293.4,USD,230.0,230.0,S,,2024-10-13,MAT00008,P003,BUYER02
100,4500000357,00010,0,6,2024,5100000357,0001,U,,2024-10-27,230.0,230.0,21293.4,21293.4,USD,0,0,H,,2024-10-27,MAT00008,P003,FINANCE01
100,4500000358,00010,0,1,2024,5000000837,0001,E,101,2024-07-11,114.0,114.0,42365.82,42365.82,USD,114.0,114.0,S,,2024-07-11,MAT00010,P001,FINANCE01
100,4500000358,00010,0,6,2024,5100000358,0001,U,,2024-07-15,114.0,114.0,42365.82,42365.82,USD,0,0,H,,2024-07-15,MAT00010,P001,FINANCE02
100,4500000359,00010,0,1,2024,5000000839,0001,E,101,2024-09-02,107.0,107.0,28810.82,28810.82,USD,107.0,107.0,S,,2024-09-02,MAT00013,P002,BUYER02
100,4500000359,00010,0,6,2024,5100000359,0001,U,,2024-09-20,107.0,107.0,28810.82,28810.82,USD,0,0,H,,2024-09-20,MAT00013,P002,FINANCE01
100,4500000360,00010,0,1,2024,5000000841,0001,E,101,2024-09-25,376.0,376.0,4831.6,4831.6,USD,376.0,376.0,S,,2024-09-25,MAT00015,P003,SALEUSER2
100,4500000360,00010,0,6,2024,5100000360,0001,U,,2024-09-29,376.0,376.0,4831.6,4831.6,USD,0,0,H,,2024-09-29,MAT00015,P003,FINANCE01
100,4500000361,00010,0,1,2024,5000000843,0001,E,101,2024-11-19,72.0,72.0,27218.16,27218.16,USD,72.0,72.0,S,,2024-11-19,MAT00016,P002,BUYER02
100,4500000361,00010,0,6,2024,5100000361,0001,U,,2024-11-25,72.0,72.0,27218.16,27218.16,USD,0,0,H,,2024-11-25,MAT00016,P002,FINANCE01
100,4500000362,00010,0,1,2024,5000000845,0001,E,101,2024-10-11,50.0,50.0,11009.5,11009.5,USD,50.0,50.0,S,,2024-10-11,MAT00014,P002,BUYER02
100,4500000362,00010,0,6,2024,5100000362,0001,U,,2024-10-22,50.0,50.0,11009.5,11009.5,USD,0,0,H,,2024-10-22,MAT00014,P002,FINANCE01
100,4500000362,00020,0,1,2024,5000000847,0001,E,101,2024-10-11,147.0,147.0,36504.51,36504.51,USD,147.0,147.0,S,,2024-10-11,MAT00012,P002,FINANCE02
100,4500000362,00020,0,6,2024,5100000362,0001,U,,2024-10-18,147.0,147.0,36504.51,36504.51,USD,0,0,H,,2024-10-18,MAT00012,P002,FINANCE01
100,4500000363,00010,0,1,2024,5000000849,0001,E,101,2024-09-05,353.0,353.0,173061.78,173061.78,USD,353.0,353.0,S,,2024-09-05,MAT00002,P003,WHOUSE02
100,4500000363,00010,0,6,2024,5100000363,0001,U,,2024-09-09,353.0,353.0,173061.78,173061.78,USD,0,0,H,,2024-09-09,MAT00002,P003,FINANCE02
100,4500000364,00010,0,1,2024,5000000851,0001,E,101,2024-03-04,168.0,168.0,25168.08,25168.08,USD,168.0,168.0,S,,2024-03-04,MAT00002,P002,BUYER03
100,4500000364,00010,0,6,2024,5100000364,0001,U,,2024-03-15,168.0,168.0,25168.08,25168.08,USD,0,0,H,,2024-03-15,MAT00002,P002,FINANCE02
100,4500000365,00010,0,1,2024,5000000853,0001,E,101,2024-11-10,329.0,329.0,37150.68,37150.68,USD,329.0,329.0,S,,2024-11-10,MAT00019,P002,FINANCE02
100,4500000365,00010,0,6,2024,5100000365,0001,U,,2024-11-16,329.0,329.0,37150.68,37150.68,USD,0,0,H,,2024-11-16,MAT00019,P002,FINANCE01
100,4500000365,00020,0,1,2024,5000000855,0001,E,101,2024-11-10,126.0,126.0,16075.08,16075.08,USD,126.0,126.0,S,,2024-11-10,MAT00009,P002,SALEUSER1
100,4500000365,00020,0,6,2024,5100000365,0001,U,,2024-11-30,126.0,126.0,16075.08,16075.08,USD,0,0,H,,2024-11-30,MAT00009,P002,FINANCE01
100,4500000366,00010,0,1,2024,5000000857,0001,E,101,2024-04-17,267.0,267.0,127278.9,127278.9,USD,267.0,267.0,S,,2024-04-17,MAT00021,P002,FINANCE02
100,4500000366,00010,0,6,2024,5100000366,0001,U,,2024-04-28,267.0,267.0,127278.9,127278.9,USD,0,0,H,,2024-04-28,MAT00021,P002,FINANCE01
100,4500000367,00010,0,1,2024,5000000859,0001,E,101,2024-10-25,286.0,286.0,57548.92,57548.92,USD,286.0,286.0,S,,2024-10-25,MAT00006,P003,BUYER01
100,4500000367,00010,0,6,2024,5100000367,0001,U,,2024-11-02,286.0,286.0,57548.92,57548.92,USD,0,0,H,,2024-11-02,MAT00006,P003,FINANCE01
100,4500000368,00010,0,1,2024,5000000861,0001,E,101,2024-04-01,271.0,271.0,41463.0,41463.0,USD,271.0,271.0,S,,2024-04-01,MAT00018,P002,SALEUSER2
100,4500000368,00010,0,6,2024,5100000368,0001,U,,2024-04-05,271.0,271.0,41463.0,41463.0,USD,0,0,H,,2024-04-05,MAT00018,P002,FINANCE01
100,4500000369,00010,0,1,2024,5000000863,0001,E,101,2024-06-25,410.0,410.0,169629.3,169629.3,USD,410.0,410.0,S,,2024-06-25,MAT00014,P002,SALEUSER2
100,4500000369,00010,0,6,2024,5100000369,0001,U,,2024-07-15,410.0,410.0,202831.1,202831.1,USD,0,0,H,,2024-07-15,MAT00014,P002,FINANCE01
100,4500000370,00010,0,1,2024,5000000865,0001,E,101,2024-08-23,253.0,253.0,59480.3,59480.3,USD,253.0,253.0,S,,2024-08-23,MAT00014,P001,BUYER03
100,4500000370,00010,0,6,2024,5100000370,0001,U,,2024-09-04,253.0,253.0,59480.3,59480.3,USD,0,0,H,,2024-09-04,MAT00014,P001,FINANCE01
100,4500000370,00020,0,1,2024,5000000867,0001,E,101,2024-08-23,19.0,19.0,723.9,723.9,USD,19.0,19.0,S,,2024-08-23,MAT00004,P001,WHOUSE02
100,4500000370,00020,0,6,2024,5100000370,0001,U,,2024-09-07,19.0,19.0,723.9,723.9,USD,0,0,H,,2024-09-07,MAT00004,P001,FINANCE01
100,4500000371,00010,0,1,2024,5000000869,0001,E,101,2024-04-11,357.0,357.0,38962.98,38962.98,USD,357.0,357.0,S,,2024-04-11,MAT00001,P002,SALEUSER2
100,4500000371,00010,0,6,2024,5100000371,0001,U,,2024-04-24,357.0,357.0,38962.98,38962.98,USD,0,0,H,,2024-04-24,MAT00001,P002,FINANCE02
100,4500000372,00010,0,1,2024,5000000871,0001,E,101,2024-11-06,11.0,11.0,1319.01,1319.01,USD,11.0,11.0,S,,2024-11-06,MAT00004,P001,SALEUSER3
100,4500000372,00010,0,6,2024,5100000372,0001,U,,2024-11-18,11.0,11.0,1319.01,1319.01,USD,0,0,H,,2024-11-18,MAT00004,P001,FINANCE01
100,4500000372,00020,0,1,2024,5000000873,0001,E,101,2024-11-06,25.0,25.0,9569.5,9569.5,USD,25.0,25.0,S,,2024-11-06,MAT00004,P001,BUYER02
100,4500000372,00020,0,6,2024,5100000372,0001,U,,2024-11-19,25.0,25.0,9569.5,9569.5,USD,0,0,H,,2024-11-19,MAT00004,P001,FINANCE01
100,4500000373,00010,0,1,2024,5000000875,0001,E,101,2024-07-18,143.0,143.0,36412.09,36412.09,USD,143.0,143.0,S,,2024-07-18,MAT00022,P003,BUYER02
100,4500000373,00010,0,6,2024,5100000373,0001,U,,2024-07-21,143.0,143.0,36412.09,36412.09,USD,0,0,H,,2024-07-21,MAT00022,P003,FINANCE01
100,4500000373,00020,0,1,2024,5000000877,0001,E,101,2024-07-18,195.0,195.0,63903.45,63903.45,USD,195.0,195.0,S,,2024-07-18,MAT00013,P003,FINANCE02
100,4500000373,00020,0,6,2024,5100000373,0001,U,,2024-08-03,195.0,195.0,63903.45,63903.45,USD,0,0,H,,2024-08-03,MAT00013,P003,FINANCE02
100,4500000374,00010,0,6,2024,5100000374,0001,U,,2024-08-22,198.0,198.0,55277.64,55277.64,USD,0,0,H,,2024-08-22,MAT00020,P002,FINANCE02
100,4500000375,00010,0,1,2024,5000000880,0001,E,101,2024-03-18,426.0,426.0,166796.04,166796.04,USD,426.0,426.0,S,,2024-03-18,MAT00004,P003,BUYER03
100,4500000375,00010,0,6,2024,5100000375,0001,U,,2024-04-07,426.0,426.0,166796.04,166796.04,USD,0,0,H,,2024-04-07,MAT00004,P003,FINANCE02
100,4500000376,00010,0,1,2024,5000000882,0001,E,101,2024-08-31,62.0,62.0,18289.38,18289.38,USD,62.0,62.0,S,,2024-08-31,MAT00023,P002,BUYER03
100,4500000376,00010,0,6,2024,5100000376,0001,U,,2024-09-14,62.0,62.0,18289.38,18289.38,USD,0,0,H,,2024-09-14,MAT00023,P002,FINANCE01
100,4500000377,00010,0,1,2024,5000000884,0001,E,101,2024-07-31,228.0,228.0,74323.44,74323.44,USD,228.0,228.0,S,,2024-07-31,MAT00017,P002,BUYER02
100,4500000377,00010,0,6,2024,5100000377,0001,U,,2024-08-07,228.0,228.0,74323.44,74323.44,USD,0,0,H,,2024-08-07,MAT00017,P002,FINANCE01
100,4500000378,00010,0,1,2024,5000000886,0001,E,101,2024-11-16,218.0,218.0,18928.94,18928.94,USD,218.0,218.0,S,,2024-11-16,MAT00019,P003,SALEUSER1
100,4500000378,00010,0,6,2024,5100000378,0001,U,,2024-12-01,218.0,218.0,18928.94,18928.94,USD,0,0,H,,2024-12-01,MAT00019,P003,FINANCE01
100,4500000379,00010,0,1,2024,5000000888,0001,E,101,2024-08-16,404.0,404.0,132051.44,132051.44,USD,404.0,404.0,S,,2024-08-16,MAT00021,P002,BUYER02
100,4500000379,00010,0,6,2024,5100000379,0001,U,,2024-08-22,404.0,404.0,132051.44,132051.44,USD,0,0,H,,2024-08-22,MAT00021,P002,FINANCE01
100,4500000380,00010,0,1,2024,5000000890,0001,E,101,2024-05-07,142.0,142.0,69375.52,69375.52,USD,142.0,142.0,S,,2024-05-07,MAT00007,P003,BUYER01
100,4500000380,00010,0,6,2024,5100000380,0001,U,,2024-05-20,142.0,142.0,69375.52,69375.52,USD,0,0,H,,2024-05-20,MAT00007,P003,FINANCE01
100,4500000381,00010,0,1,2024,5000000892,0001,E,101,2024-04-08,257.0,257.0,65809.99,65809.99,USD,257.0,257.0,S,,2024-04-08,MAT00023,P003,WHOUSE01
100,4500000381,00010,0,6,2024,5100000381,0001,U,,2024-04-12,257.0,257.0,73807.83,73807.83,USD,0,0,H,,2024-04-12,MAT00023,P003,FINANCE02
100,4500000382,00010,0,1,2024,5000000894,0001,E,101,2024-04-15,316.0,316.0,148731.72,148731.72,USD,316.0,316.0,S,,2024-04-15,MAT00015,P003,SALEUSER1
100,4500000382,00010,0,6,2024,5100000382,0001,U,,2024-04-20,316.0,316.0,178410.44,178410.44,USD,0,0,H,,2024-04-20,MAT00015,P003,FINANCE01
100,4500000383,00010,0,1,2024,5000000896,0001,E,101,2024-07-07,54.0,54.0,5281.2,5281.2,USD,54.0,54.0,S,,2024-07-07,MAT00003,P001,SALEUSER2
100,4500000383,00010,0,6,2024,5100000383,0001,U,,2024-07-24,54.0,54.0,5281.2,5281.2,USD,0,0,H,,2024-07-24,MAT00003,P001,FINANCE01
100,4500000384,00010,0,1,2024,5000000898,0001,E,101,2024-11-21,193.0,193.0,66446.04,66446.04,USD,193.0,193.0,S,,2024-11-21,MAT00012,P003,BUYER01
100,4500000384,00010,0,6,2024,5100000384,0001,U,,2024-11-25,193.0,193.0,66446.04,66446.04,USD,0,0,H,,2024-11-25,MAT00012,P003,FINANCE01
100,4500000385,00010,0,1,2024,5000000900,0001,E,101,2024-09-17,369.0,369.0,169577.64,169577.64,USD,369.0,369.0,S,,2024-09-17,MAT00015,P001,WHOUSE01
100,4500000385,00010,0,6,2024,5100000385,0001,U,,2024-09-30,369.0,369.0,169577.64,169577.64,USD,0,0,H,,2024-09-30,MAT00015,P001,FINANCE01
100,4500000386,00010,0,1,2024,5000000902,0001,E,101,2024-03-01,469.0,469.0,87763.97,87763.97,USD,469.0,469.0,S,,2024-03-01,MAT00019,P003,SALEUSER1
100,4500000386,00010,0,6,2024,5100000386,0001,U,,2024-03-17,469.0,469.0,103578.65,103578.65,USD,0,0,H,,2024-03-17,MAT00019,P003,FINANCE02
100,4500000386,00020,0,1,2024,5000000904,0001,E,101,2024-03-01,21.0,21.0,7366.17,7366.17,USD,21.0,21.0,S,,2024-03-01,MAT00007,P003,WHOUSE01
100,4500000386,00020,0,6,2024,5100000386,0001,U,,2024-03-12,21.0,21.0,8314.32,8314.32,USD,0,0,H,,2024-03-12,MAT00007,P003,FINANCE01
100,4500000387,00010,0,1,2024,5000000906,0001,E,101,2024-10-16,201.0,201.0,2988.87,2988.87,USD,201.0,201.0,S,,2024-10-16,MAT00023,P003,FINANCE02
100,4500000387,00010,0,6,2024,5100000387,0001,U,,2024-10-23,201.0,201.0,2988.87,2988.87,USD,0,0,H,,2024-10-23,MAT00023,P003,FINANCE02
100,4500000388,00010,0,1,2024,5000000908,0001,E,101,2024-02-27,323.0,323.0,94768.2,94768.2,USD,323.0,323.0,S,,2024-02-27,MAT00017,P003,SALEUSER1
100,4500000388,00010,0,6,2024,5100000388,0001,U,,2024-03-14,323.0,323.0,94768.2,94768.2,USD,0,0,H,,2024-03-14,MAT00017,P003,FINANCE01
100,4500000389,00010,0,6,2024,5100000389,0001,U,,2024-11-01,255.0,255.0,127380.15,127380.15,USD,0,0,H,,2024-11-01,MAT00010,P002,FINANCE02
100,4500000390,00010,0,1,2024,5000000911,0001,E,101,2024-10-10,470.0,470.0,213323.6,213323.6,USD,470.0,470.0,S,,2024-10-10,MAT00022,P002,BUYER02
100,4500000390,00010,0,6,2024,5100000390,0001,U,,2024-10-15,470.0,470.0,213323.6,213323.6,USD,0,0,H,,2024-10-15,MAT00022,P002,FINANCE01
100,4500000391,00010,0,1,2024,5000000913,0001,E,101,2024-06-18,197.0,197.0,20846.54,20846.54,USD,197.0,197.0,S,,2024-06-18,MAT00007,P003,WHOUSE02
100,4500000391,00010,0,6,2024,5100000391,0001,U,,2024-07-04,197.0,197.0,20846.54,20846.54,USD,0,0,H,,2024-07-04,MAT00007,P003,FINANCE02
100,4500000392,00010,0,6,2024,5100000392,0001,U,,2024-02-20,397.0,397.0,167526.06,167526.06,USD,0,0,H,,2024-02-20,MAT00014,P003,FINANCE01
100,4500000393,00010,0,1,2024,5000000916,0001,E,101,2024-08-01,123.0,123.0,44022.93,44022.93,USD,123.0,123.0,S,,2024-08-01,MAT00013,P002,FINANCE02
100,4500000393,00010,0,6,2024,5100000393,0001,U,,2024-08-16,123.0,123.0,44022.93,44022.93,USD,0,0,H,,2024-08-16,MAT00013,P002,FINANCE02
100,4500000394,00010,0,1,2024,5000000918,0001,E,101,2024-08-08,450.0,450.0,69970.5,69970.5,USD,450.0,450.0,S,,2024-08-08,MAT00021,P003,BUYER01
100,4500000394,00010,0,6,2024,5100000394,0001,U,,2024-08-19,450.0,450.0,69970.5,69970.5,USD,0,0,H,,2024-08-19,MAT00021,P003,FINANCE01
100,4500000395,00010,0,1,2024,5000000920,0001,E,101,2024-11-08,201.0,201.0,50372.61,50372.61,USD,201.0,201.0,S,,2024-11-08,MAT00003,P002,WHOUSE02
100,4500000395,00010,0,6,2024,5100000395,0001,U,,2024-11-13,201.0,201.0,50372.61,50372.61,USD,0,0,H,,2024-11-13,MAT00003,P002,FINANCE01
100,4500000396,00010,0,1,2024,5000000922,0001,E,101,2024-08-15,304.0,304.0,3787.84,3787.84,USD,304.0,304.0,S,,2024-08-15,MAT00004,P001,FINANCE02
100,4500000396,00010,0,6,2024,5100000396,0001,U,,2024-08-18,304.0,304.0,3787.84,3787.84,USD,0,0,H,,2024-08-18,MAT00004,P001,FINANCE01
100,4500000397,00010,0,1,2024,5000000924,0001,E,101,2024-06-30,181.0,181.0,50721.63,50721.63,USD,181.0,181.0,S,,2024-06-30,MAT00009,P003,WHOUSE02
100,4500000397,00010,0,6,2024,5100000397,0001,U,,2024-07-16,181.0,181.0,50721.63,50721.63,USD,0,0,H,,2024-07-16,MAT00009,P003,FINANCE02
100,4500000398,00010,0,1,2024,5000000926,0001,E,101,2024-06-09,443.0,443.0,96410.09,96410.09,USD,443.0,443.0,S,,2024-06-09,MAT00006,P003,BUYER02
100,4500000398,00010,0,6,2024,5100000398,0001,U,,2024-06-24,443.0,443.0,96410.09,96410.09,USD,0,0,H,,2024-06-24,MAT00006,P003,FINANCE02
100,4500000399,00010,0,1,2024,5000000928,0001,E,101,2024-04-08,398.0,398.0,73745.42,73745.42,USD,398.0,398.0,S,,2024-04-08,MAT00001,P003,SALEUSER3
100,4500000399,00010,0,6,2024,5100000399,0001,U,,2024-04-22,398.0,398.0,73745.42,73745.42,USD,0,0,H,,2024-04-22,MAT00001,P003,FINANCE01
100,4500000400,00010,0,1,2024,5000000930,0001,E,101,2024-07-01,117.0,117.0,33329.79,33329.79,USD,117.0,117.0,S,,2024-07-01,MAT00013,P002,WHOUSE01
100,4500000400,00010,0,6,2024,5100000400,0001,U,,2024-07-14,117.0,117.0,33329.79,33329.79,USD,0,0,H,,2024-07-14,MAT00013,P002,FINANCE02
100,4500000401,00010,0,1,2024,5000000932,0001,E,101,2024-07-31,292.0,292.0,43703.64,43703.64,USD,292.0,292.0,S,,2024-07-31,MAT00020,P001,WHOUSE01
100,4500000401,00010,0,6,2024,5100000401,0001,U,,2024-08-04,292.0,292.0,43703.64,43703.64,USD,0,0,H,,2024-08-04,MAT00020,P001,FINANCE01
100,4500000401,00020,0,1,2024,5000000934,0001,E,101,2024-07-31,86.0,86.0,10955.54,10955.54,USD,86.0,86.0,S,,2024-07-31,MAT00013,P001,SALEUSER3
100,4500000401,00020,0,6,2024,5100000401,0001,U,,2024-08-15,86.0,86.0,10955.54,10955.54,USD,0,0,H,,2024-08-15,MAT00013,P001,FINANCE01
100,4500000402,00010,0,1,2024,5000000936,0001,E,101,2024-05-11,62.0,62.0,10428.4,10428.4,USD,62.0,62.0,S,,2024-05-11,MAT00001,P001,BUYER02
100,4500000402,00010,0,6,2024,5100000402,0001,U,,2024-05-20,62.0,62.0,10428.4,10428.4,USD,0,0,H,,2024-05-20,MAT00001,P001,FINANCE02
100,4500000403,00010,0,1,2024,5000000938,0001,E,101,2024-09-18,432.0,432.0,163723.68,163723.68,USD,432.0,432.0,S,,2024-09-18,MAT00005,P002,BUYER02
100,4500000403,00010,0,6,2024,5100000403,0001,U,,2024-10-07,432.0,432.0,163723.68,163723.68,USD,0,0,H,,2024-10-07,MAT00005,P002,FINANCE01
100,4500000404,00010,0,1,2024,5000000940,0001,E,101,2024-07-10,429.0,429.0,150377.37,150377.37,USD,429.0,429.0,S,,2024-07-10,MAT00012,P002,SALEUSER1
100,4500000404,00010,0,6,2024,5100000404,0001,U,,2024-07-13,429.0,429.0,150377.37,150377.37,USD,0,0,H,,2024-07-13,MAT00012,P002,FINANCE01
100,4500000405,00010,0,1,2024,5000000942,0001,E,101,2024-09-25,257.0,257.0,117685.44,117685.44,USD,257.0,257.0,S,,2024-09-25,MAT00023,P003,WHOUSE02
100,4500000405,00010,0,6,2024,5100000405,0001,U,,2024-10-14,257.0,257.0,138890.51,138890.51,USD,0,0,H,,2024-10-14,MAT00023,P003,FINANCE01
100,4500000406,00010,0,1,2024,5000000944,0001,E,101,2024-09-26,243.0,243.0,65641.59,65641.59,USD,243.0,243.0,S,,2024-09-26,MAT00001,P003,FINANCE01
100,4500000406,00010,0,6,2024,5100000406,0001,U,,2024-10-01,243.0,243.0,65641.59,65641.59,USD,0,0,H,,2024-10-01,MAT00001,P003,FINANCE02
100,4500000407,00010,0,1,2024,5000000946,0001,E,101,2024-09-01,154.0,154.0,31927.28,31927.28,USD,154.0,154.0,S,,2024-09-01,MAT00021,P002,WHOUSE01
100,4500000407,00010,0,6,2024,5100000407,0001,U,,2024-09-07,154.0,154.0,31927.28,31927.28,USD,0,0,H,,2024-09-07,MAT00021,P002,FINANCE01
100,4500000408,00010,0,1,2024,5000000948,0001,E,101,2024-09-08,118.0,118.0,48827.22,48827.22,USD,118.0,118.0,S,,2024-09-08,MAT00008,P003,BUYER03
100,4500000408,00010,0,6,2024,5100000408,0001,U,,2024-09-17,118.0,118.0,48827.22,48827.22,USD,0,0,H,,2024-09-17,MAT00008,P003,FINANCE02
100,4500000409,00010,0,1,2024,5000000950,0001,E,101,2024-06-13,44.0,44.0,4479.2,4479.2,USD,44.0,44.0,S,,2024-06-13,MAT00023,P002,WHOUSE02
100,4500000409,00010,0,6,2024,5100000409,0001,U,,2024-06-29,44.0,44.0,4479.2,4479.2,USD,0,0,H,,2024-06-29,MAT00023,P002,FINANCE02
100,4500000409,00020,0,1,2024,5000000952,0001,E,101,2024-06-13,171.0,171.0,41323.86,41323.86,USD,171.0,171.0,S,,2024-06-13,MAT00013,P002,FINANCE02
100,4500000409,00020,0,6,2024,5100000409,0001,U,,2024-06-16,171.0,171.0,41323.86,41323.86,USD,0,0,H,,2024-06-16,MAT00013,P002,FINANCE02
100,4500000410,00010,0,1,2024,5000000954,0001,E,101,2024-03-30,371.0,371.0,85990.38,85990.38,USD,371.0,371.0,S,,2024-03-30,MAT00005,P003,WHOUSE02
100,4500000410,00010,0,6,2024,5100000410,0001,U,,2024-04-10,371.0,371.0,85990.38,85990.38,USD,0,0,H,,2024-04-10,MAT00005,P003,FINANCE02
100,4500000411,00010,0,1,2024,5000000956,0001,E,101,2024-11-22,82.0,82.0,17306.92,17306.92,USD,82.0,82.0,S,,2024-11-22,MAT00022,P002,WHOUSE02
100,4500000411,00010,0,6,2024,5100000411,0001,U,,2024-11-25,82.0,82.0,17306.92,17306.92,USD,0,0,H,,2024-11-25,MAT00022,P002,FINANCE01
100,4500000412,00010,0,1,2024,5000000958,0001,E,101,2024-05-22,299.0,299.0,141480.82,141480.82,USD,299.0,299.0,S,,2024-05-22,MAT00017,P002,SALEUSER1
100,4500000412,00010,0,6,2024,5100000412,0001,U,,2024-05-26,299.0,299.0,141480.82,141480.82,USD,0,0,H,,2024-05-26,MAT00017,P002,FINANCE02
100,4500000413,00010,0,6,2024,5100000413,0001,U,,2024-05-23,336.0,336.0,53353.44,53353.44,USD,0,0,H,,2024-05-23,MAT00015,P002,FINANCE01
100,4500000413,00020,0,6,2024,5100000413,0001,U,,2024-05-14,100.0,100.0,1199.0,1199.0,USD,0,0,H,,2024-05-14,MAT00001,P002,FINANCE01
100,4500000414,00010,0,1,2024,5000000962,0001,E,101,2024-04-27,117.0,117.0,28297.62,28297.62,USD,117.0,117.0,S,,2024-04-27,MAT00005,P001,WHOUSE01
100,4500000414,00010,0,6,2024,5100000414,0001,U,,2024-05-13,117.0,117.0,28297.62,28297.62,USD,0,0,H,,2024-05-13,MAT00005,P001,FINANCE02
100,4500000414,00020,0,1,2024,5000000964,0001,E,101,2024-04-27,137.0,137.0,18600.49,18600.49,USD,137.0,137.0,S,,2024-04-27,MAT00007,P001,BUYER03
100,4500000414,00020,0,6,2024,5100000414,0001,U,,2024-05-06,137.0,137.0,18600.49,18600.49,USD,0,0,H,,2024-05-06,MAT00007,P001,FINANCE02
100,4500000415,00010,0,1,2024,5000000966,0001,E,101,2024-04-12,350.0,350.0,89904.5,89904.5,USD,350.0,350.0,S,,2024-04-12,MAT00014,P003,WHOUSE01
100,4500000415,00010,0,6,2024,5100000415,0001,U,,2024-04-29,350.0,350.0,89904.5,89904.5,USD,0,0,H,,2024-04-29,MAT00014,P003,FINANCE02
100,4500000416,00010,0,1,2024,5000000968,0001,E,101,2024-10-19,276.0,276.0,79247.88,79247.88,USD,276.0,276.0,S,,2024-10-19,MAT00019,P003,BUYER03
100,4500000416,00010,0,6,2024,5100000416,0001,U,,2024-11-03,276.0,276.0,79247.88,79247.88,USD,0,0,H,,2024-11-03,MAT00019,P003,FINANCE01
100,4500000417,00010,0,6,2024,5100000417,0001,U,,2024-10-28,40.0,40.0,14913.2,14913.2,USD,0,0,H,,2024-10-28,MAT00010,P002,FINANCE02
100,4500000418,00010,0,1,2024,5000000971,0001,E,101,2024-03-04,441.0,441.0,116737.11,116737.11,USD,441.0,441.0,S,,2024-03-04,MAT00004,P003,WHOUSE02
100,4500000418,00010,0,6,2024,5100000418,0001,U,,2024-03-07,441.0,441.0,116737.11,116737.11,USD,0,0,H,,2024-03-07,MAT00004,P003,FINANCE02
100,4500000419,00010,0,1,2024,5000000973,0001,E,101,2024-04-06,21.0,21.0,1668.03,1668.03,USD,21.0,21.0,S,,2024-04-06,MAT00022,P002,FINANCE01
100,4500000419,00010,0,6,2024,5100000419,0001,U,,2024-04-15,21.0,21.0,1668.03,1668.03,USD,0,0,H,,2024-04-15,MAT00022,P002,FINANCE02
100,4500000420,00010,0,1,2024,5000000975,0001,E,101,2024-10-01,24.0,24.0,5615.28,5615.28,USD,24.0,24.0,S,,2024-10-01,MAT00015,P002,SALEUSER2
100,4500000420,00010,0,6,2024,5100000420,0001,U,,2024-10-05,24.0,24.0,5615.28,5615.28,USD,0,0,H,,2024-10-05,MAT00015,P002,FINANCE02
100,4500000421,00010,0,1,2024,5000000977,0001,E,101,2024-11-15,96.0,96.0,8082.24,8082.24,USD,96.0,96.0,S,,2024-11-15,MAT00012,P003,SALEUSER2
100,4500000421,00010,0,6,2024,5100000421,0001,U,,2024-11-30,96.0,96.0,8082.24,8082.24,USD,0,0,H,,2024-11-30,MAT00012,P003,FINANCE01
100,4500000421,00020,0,1,2024,5000000979,0001,E,101,2024-11-15,186.0,186.0,58108.26,58108.26,USD,186.0,186.0,S,,2024-11-15,MAT00012,P003,SALEUSER2
100,4500000421,00020,0,6,2024,5100000421,0001,U,,2024-11-22,186.0,186.0,58108.26,58108.26,USD,0,0,H,,2024-11-22,MAT00012,P003,FINANCE02
100,4500000422,00010,0,1,2024,5000000981,0001,E,101,2024-10-08,406.0,406.0,149814.0,149814.0,USD,406.0,406.0,S,,2024-10-08,MAT00022,P003,WHOUSE01
100,4500000422,00010,0,6,2024,5100000422,0001,U,,2024-10-24,406.0,406.0,149814.0,149814.0,USD,0,0,H,,2024-10-24,MAT00022,P003,FINANCE01
100,4500000423,00010,0,1,2024,5000000983,0001,E,101,2024-05-09,108.0,108.0,14441.76,14441.76,USD,108.0,108.0,S,,2024-05-09,MAT00013,P001,SALEUSER1
100,4500000423,00010,0,6,2024,5100000423,0001,U,,2024-05-17,108.0,108.0,14441.76,14441.76,USD,0,0,H,,2024-05-17,MAT00013,P001,FINANCE02
100,4500000424,00010,0,1,2024,5000000985,0001,E,101,2024-04-04,368.0,368.0,167947.84,167947.84,USD,368.0,368.0,S,,2024-04-04,MAT00019,P001,FINANCE02
100,4500000424,00010,0,6,2024,5100000424,0001,U,,2024-04-22,368.0,368.0,167947.84,167947.84,USD,0,0,H,,2024-04-22,MAT00019,P001,FINANCE02
100,4500000425,00010,0,6,2024,5100000425,0001,U,,2024-07-09,123.0,123.0,37481.79,37481.79,USD,0,0,H,,2024-07-09,MAT00017,P003,FINANCE02
100,4500000426,00010,0,1,2024,5000000988,0001,E,101,2024-04-03,296.0,296.0,138850.64,138850.64,USD,296.0,296.0,S,,2024-04-03,MAT00013,P003,SALEUSER3
100,4500000426,00010,0,6,2024,5100000426,0001,U,,2024-04-19,296.0,296.0,138850.64,138850.64,USD,0,0,H,,2024-04-19,MAT00013,P003,FINANCE02
100,4500000427,00010,0,1,2024,5000000990,0001,E,101,2024-03-02,303.0,303.0,93957.27,93957.27,USD,303.0,303.0,S,,2024-03-02,MAT00003,P001,SALEUSER2
100,4500000427,00010,0,6,2024,5100000427,0001,U,,2024-03-06,303.0,303.0,93957.27,93957.27,USD,0,0,H,,2024-03-06,MAT00003,P001,FINANCE01
100,4500000428,00010,0,1,2024,5000000992,0001,E,101,2024-09-20,19.0,19.0,4678.94,4678.94,USD,19.0,19.0,S,,2024-09-20,MAT00007,P001,BUYER03
100,4500000428,00010,0,6,2024,5100000428,0001,U,,2024-10-06,19.0,19.0,4678.94,4678.94,USD,0,0,H,,2024-10-06,MAT00007,P001,FINANCE02
100,4500000429,00010,0,1,2024,5000000994,0001,E,101,2024-06-20,121.0,121.0,45527.46,45527.46,USD,121.0,121.0,S,,2024-06-20,MAT00008,P002,BUYER02
100,4500000429,00010,0,6,2024,5100000429,0001,U,,2024-06-24,121.0,121.0,45527.46,45527.46,USD,0,0,H,,2024-06-24,MAT00008,P002,FINANCE01
100,4500000429,00020,0,1,2024,5000000996,0001,E,101,2024-06-20,179.0,179.0,71465.75,71465.75,USD,179.0,179.0,S,,2024-06-20,MAT00011,P002,FINANCE02
100,4500000429,00020,0,6,2024,5100000429,0001,U,,2024-07-05,179.0,179.0,71465.75,71465.75,USD,0,0,H,,2024-07-05,MAT00011,P002,FINANCE02
100,4500000430,00010,0,1,2024,5000000998,0001,E,101,2024-07-28,436.0,436.0,56531.76,56531.76,USD,436.0,436.0,S,,2024-07-28,MAT00023,P002,FINANCE01
100,4500000430,00010,0,6,2024,5100000430,0001,U,,2024-08-16,436.0,436.0,56531.76,56531.76,USD,0,0,H,,2024-08-16,MAT00023,P002,FINANCE01
100,4500000431,00010,0,1,2024,5000001000,0001,E,101,2024-05-13,226.0,226.0,86885.7,86885.7,USD,226.0,226.0,S,,2024-05-13,MAT00012,P003,BUYER01
100,4500000431,00010,0,6,2024,5100000431,0001,U,,2024-05-24,226.0,226.0,86885.7,86885.7,USD,0,0,H,,2024-05-24,MAT00012,P003,FINANCE02
100,4500000432,00010,0,1,2024,5000001002,0001,E,101,2024-05-20,221.0,221.0,7869.81,7869.81,USD,221.0,221.0,S,,2024-05-20,MAT00008,P002,SALEUSER3
100,4500000432,00010,0,6,2024,5100000432,0001,U,,2024-05-23,221.0,221.0,7869.81,7869.81,USD,0,0,H,,2024-05-23,MAT00008,P002,FINANCE02
100,4500000433,00010,0,1,2024,5000001004,0001,E,101,2024-09-04,218.0,218.0,79007.56,79007.56,USD,218.0,218.0,S,,2024-09-04,MAT00004,P003,WHOUSE01
100,4500000433,00010,0,6,2024,5100000433,0001,U,,2024-09-21,218.0,218.0,79007.56,79007.56,USD,0,0,H,,2024-09-21,MAT00004,P003,FINANCE01
100,4500000434,00010,0,1,2024,5000001006,0001,E,101,2024-06-29,330.0,330.0,128063.1,128063.1,USD,330.0,330.0,S,,2024-06-29,MAT00012,P001,FINANCE02
100,4500000434,00010,0,6,2024,5100000434,0001,U,,2024-07-12,330.0,330.0,128063.1,128063.1,USD,0,0,H,,2024-07-12,MAT00012,P001,FINANCE02
100,4500000435,00010,0,1,2024,5000001008,0001,E,101,2024-07-24,136.0,136.0,53788.0,53788.0,USD,136.0,136.0,S,,2024-07-24,MAT00020,P003,BUYER03
100,4500000435,00010,0,6,2024,5100000435,0001,U,,2024-07-31,136.0,136.0,53788.0,53788.0,USD,0,0,H,,2024-07-31,MAT00020,P003,FINANCE01
100,4500000435,00020,0,1,2024,5000001010,0001,E,101,2024-07-24,118.0,118.0,3110.48,3110.48,USD,118.0,118.0,S,,2024-07-24,MAT00008,P003,SALEUSER1
100,4500000435,00020,0,6,2024,5100000435,0001,U,,2024-07-28,118.0,118.0,3110.48,3110.48,USD,0,0,H,,2024-07-28,MAT00008,P003,FINANCE02
100,4500000436,00010,0,1,2024,5000001012,0001,E,101,2024-03-12,289.0,289.0,120304.92,120304.92,USD,289.0,289.0,S,,2024-03-12,MAT00017,P003,WHOUSE01
100,4500000436,00010,0,6,2024,5100000436,0001,U,,2024-03-24,289.0,289.0,120304.92,120304.92,USD,0,0,H,,2024-03-24,MAT00017,P003,FINANCE01
100,4500000437,00010,0,1,2024,5000001014,0001,E,101,2024-03-16,23.0,23.0,7093.89,7093.89,USD,23.0,23.0,S,,2024-03-16,MAT00012,P003,WHOUSE01
100,4500000437,00010,0,6,2024,5100000437,0001,U,,2024-03-20,23.0,23.0,7093.89,7093.89,USD,0,0,H,,2024-03-20,MAT00012,P003,FINANCE01
100,4500000438,00010,0,1,2024,5000001016,0001,E,101,2024-05-03,35.0,35.0,8450.4,8450.4,USD,35.0,35.0,S,,2024-05-03,MAT00018,P003,SALEUSER1
100,4500000438,00010,0,6,2024,5100000438,0001,U,,2024-05-15,35.0,35.0,8450.4,8450.4,USD,0,0,H,,2024-05-15,MAT00018,P003,FINANCE01
100,4500000439,00010,0,1,2024,5000001018,0001,E,101,2024-04-07,47.0,47.0,8813.91,8813.91,USD,47.0,47.0,S,,2024-04-07,MAT00012,P002,WHOUSE01
100,4500000439,00010,0,6,2024,5100000439,0001,U,,2024-04-17,47.0,47.0,8813.91,8813.91,USD,0,0,H,,2024-04-17,MAT00012,P002,FINANCE01
100,4500000440,00010,0,1,2024,5000001020,0001,E,101,2024-09-18,292.0,292.0,93437.08,93437.08,USD,292.0,292.0,S,,2024-09-18,MAT00003,P002,BUYER03
100,4500000440,00010,0,6,2024,5100000440,0001,U,,2024-09-29,292.0,292.0,99802.68,99802.68,USD,0,0,H,,2024-09-29,MAT00003,P002,FINANCE02
100,4500000440,00020,0,1,2024,5000001022,0001,E,101,2024-09-18,198.0,198.0,12202.74,12202.74,USD,198.0,198.0,S,,2024-09-18,MAT00003,P002,WHOUSE01
100,4500000440,00020,0,6,2024,5100000440,0001,U,,2024-10-02,198.0,198.0,14467.86,14467.86,USD,0,0,H,,2024-10-02,MAT00003,P002,FINANCE01
100,4500000441,00010,0,1,2024,5000001024,0001,E,101,2024-10-16,419.0,419.0,63583.25,63583.25,USD,419.0,419.0,S,,2024-10-16,MAT00015,P001,FINANCE02
100,4500000441,00010,0,6,2024,5100000441,0001,U,,2024-11-04,419.0,419.0,63583.25,63583.25,USD,0,0,H,,2024-11-04,MAT00015,P001,FINANCE01
100,4500000441,00020,0,1,2024,5000001026,0001,E,101,2024-10-16,91.0,91.0,18962.58,18962.58,USD,91.0,91.0,S,,2024-10-16,MAT00006,P001,SALEUSER2
100,4500000441,00020,0,6,2024,5100000441,0001,U,,2024-10-22,91.0,91.0,18962.58,18962.58,USD,0,0,H,,2024-10-22,MAT00006,P001,FINANCE01
100,4500000442,00010,0,1,2024,5000001028,0001,E,101,2024-04-26,473.0,473.0,209241.01,209241.01,USD,473.0,473.0,S,,2024-04-26,MAT00011,P002,SALEUSER2
100,4500000442,00010,0,6,2024,5100000442,0001,U,,2024-05-09,473.0,473.0,209241.01,209241.01,USD,0,0,H,,2024-05-09,MAT00011,P002,FINANCE01
100,4500000443,00010,0,1,2024,5000001030,0001,E,101,2024-06-28,281.0,281.0,72852.06,72852.06,USD,281.0,281.0,S,,2024-06-28,MAT00008,P002,BUYER01
100,4500000443,00010,0,6,2024,5100000443,0001,U,,2024-07-18,281.0,281.0,72852.06,72852.06,USD,0,0,H,,2024-07-18,MAT00008,P002,FINANCE01
100,4500000444,00010,0,1,2024,5000001032,0001,E,101,2024-08-05,460.0,460.0,31634.2,31634.2,USD,460.0,460.0,S,,2024-08-05,MAT00015,P002,BUYER02
100,4500000444,00010,0,6,2024,5100000444,0001,U,,2024-08-12,460.0,460.0,31634.2,31634.2,USD,0,0,H,,2024-08-12,MAT00015,P002,FINANCE02
100,4500000445,00010,0,1,2024,5000001034,0001,E,101,2024-07-02,399.0,399.0,66070.41,66070.41,USD,399.0,399.0,S,,2024-07-02,MAT00023,P003,BUYER01
100,4500000445,00010,0,6,2024,5100000445,0001,U,,2024-07-12,399.0,399.0,66070.41,66070.41,USD,0,0,H,,2024-07-12,MAT00023,P003,FINANCE01
100,4500000446,00010,0,1,2024,5000001036,0001,E,101,2024-09-30,309.0,309.0,110591.1,110591.1,USD,309.0,309.0,S,,2024-09-30,MAT00001,P001,WHOUSE01
100,4500000446,00010,0,6,2024,5100000446,0001,U,,2024-10-10,309.0,309.0,110591.1,110591.1,USD,0,0,H,,2024-10-10,MAT00001,P001,FINANCE02
100,4500000446,00020,0,1,2024,5000001038,0001,E,101,2024-09-30,62.0,62.0,12348.54,12348.54,USD,62.0,62.0,S,,2024-09-30,MAT00015,P001,WHOUSE01
100,4500000446,00020,0,6,2024,5100000446,0001,U,,2024-10-14,62.0,62.0,12348.54,12348.54,USD,0,0,H,,2024-10-14,MAT00015,P001,FINANCE02
100,4500000447,00010,0,1,2024,5000001040,0001,E,101,2024-09-04,479.0,479.0,159842.3,159842.3,USD,479.0,479.0,S,,2024-09-04,MAT00022,P002,BUYER03
100,4500000447,00010,0,6,2024,5100000447,0001,U,,2024-09-22,479.0,479.0,159842.3,159842.3,USD,0,0,H,,2024-09-22,MAT00022,P002,FINANCE02
100,4500000448,00010,0,1,2024,5000001042,0001,E,101,2024-08-27,227.0,227.0,46614.45,46614.45,USD,227.0,227.0,S,,2024-08-27,MAT00009,P001,SALEUSER1
100,4500000448,00010,0,6,2024,5100000448,0001,U,,2024-09-09,227.0,227.0,46614.45,46614.45,USD,0,0,H,,2024-09-09,MAT00009,P001,FINANCE01
100,4500000449,00010,0,6,2024,5100000449,0001,U,,2024-09-23,457.0,457.0,176287.75,176287.75,USD,0,0,H,,2024-09-23,MAT00001,P003,FINANCE02
100,4500000450,00010,0,1,2024,5000001045,0001,E,101,2024-05-31,20.0,20.0,9415.4,9415.4,USD,20.0,20.0,S,,2024-05-31,MAT00018,P002,BUYER03
100,4500000450,00010,0,6,2024,5100000450,0001,U,,2024-06-12,20.0,20.0,9415.4,9415.4,USD,0,0,H,,2024-06-12,MAT00018,P002,FINANCE02
100,4500000450,00020,0,1,2024,5000001047,0001,E,101,2024-05-31,158.0,158.0,41958.48,41958.48,USD,158.0,158.0,S,,2024-05-31,MAT00014,P002,SALEUSER2
100,4500000450,00020,0,6,2024,5100000450,0001,U,,2024-06-05,158.0,158.0,41958.48,41958.48,USD,0,0,H,,2024-06-05,MAT00014,P002,FINANCE01
100,4500000451,00010,0,1,2024,5000001049,0001,E,101,2024-07-23,261.0,261.0,5606.28,5606.28,USD,261.0,261.0,S,,2024-07-23,MAT00007,P001,BUYER02
100,4500000451,00010,0,6,2024,5100000451,0001,U,,2024-08-03,261.0,261.0,5606.28,5606.28,USD,0,0,H,,2024-08-03,MAT00007,P001,FINANCE02
100,4500000452,00010,0,1,2024,5000001051,0001,E,101,2024-03-17,476.0,476.0,182650.72,182650.72,USD,476.0,476.0,S,,2024-03-17,MAT00013,P003,FINANCE02
100,4500000452,00010,0,6,2024,5100000452,0001,U,,2024-04-01,476.0,476.0,218503.04,218503.04,USD,0,0,H,,2024-04-01,MAT00013,P003,FINANCE01
100,4500000453,00010,0,1,2024,5000001053,0001,E,101,2024-06-02,266.0,266.0,112100.38,112100.38,USD,266.0,266.0,S,,2024-06-02,MAT00003,P001,SALEUSER2
100,4500000453,00010,0,6,2024,5100000453,0001,U,,2024-06-18,266.0,266.0,112100.38,112100.38,USD,0,0,H,,2024-06-18,MAT00003,P001,FINANCE02
100,4500000454,00010,0,1,2024,5000001055,0001,E,101,2024-06-21,247.0,247.0,69619.42,69619.42,USD,247.0,247.0,S,,2024-06-21,MAT00021,P003,BUYER02
100,4500000454,00010,0,6,2024,5100000454,0001,U,,2024-07-06,247.0,247.0,69619.42,69619.42,USD,0,0,H,,2024-07-06,MAT00021,P003,FINANCE01
100,4500000455,00010,0,1,2024,5000001057,0001,E,101,2024-08-23,68.0,68.0,33857.88,33857.88,USD,68.0,68.0,S,,2024-08-23,MAT00005,P002,SALEUSER3
100,4500000455,00010,0,6,2024,5100000455,0001,U,,2024-08-31,68.0,68.0,33857.88,33857.88,USD,0,0,H,,2024-08-31,MAT00005,P002,FINANCE01
100,4500000456,00010,0,1,2024,5000001059,0001,E,101,2024-05-10,242.0,242.0,40092.14,40092.14,USD,242.0,242.0,S,,2024-05-10,MAT00011,P002,WHOUSE02
100,4500000456,00010,0,6,2024,5100000456,0001,U,,2024-05-15,242.0,242.0,40092.14,40092.14,USD,0,0,H,,2024-05-15,MAT00011,P002,FINANCE01
100,4500000457,00010,0,1,2024,5000001061,0001,E,101,2024-08-24,179.0,179.0,3028.68,3028.68,USD,179.0,179.0,S,,2024-08-24,MAT00003,P003,WHOUSE01
100,4500000457,00010,0,6,2024,5100000457,0001,U,,2024-09-05,179.0,179.0,3028.68,3028.68,USD,0,0,H,,2024-09-05,MAT00003,P003,FINANCE02
100,4500000458,00010,0,1,2024,5000001063,0001,E,101,2024-11-30,198.0,198.0,57829.86,57829.86,USD,198.0,198.0,S,,2024-11-30,MAT00005,P002,BUYER03
100,4500000458,00010,0,6,2024,5100000458,0001,U,,2024-12-03,198.0,198.0,57829.86,57829.86,USD,0,0,H,,2024-12-03,MAT00005,P002,FINANCE01
100,4500000459,00010,0,1,2024,5000001065,0001,E,101,2024-07-01,284.0,284.0,55345.92,55345.92,USD,284.0,284.0,S,,2024-07-01,MAT00011,P002,SALEUSER2
100,4500000459,00010,0,6,2024,5100000459,0001,U,,2024-07-14,284.0,284.0,65075.76,65075.76,USD,0,0,H,,2024-07-14,MAT00011,P002,FINANCE01
100,4500000460,00010,0,1,2024,5000001067,0001,E,101,2024-07-21,189.0,189.0,45053.82,45053.82,USD,189.0,189.0,S,,2024-07-21,MAT00021,P003,FINANCE01
100,4500000460,00010,0,6,2024,5100000460,0001,U,,2024-07-30,189.0,189.0,45053.82,45053.82,USD,0,0,H,,2024-07-30,MAT00021,P003,FINANCE02
100,4500000460,00020,0,1,2024,5000001069,0001,E,101,2024-07-21,6.0,6.0,786.3,786.3,USD,6.0,6.0,S,,2024-07-21,MAT00004,P003,SALEUSER3
100,4500000460,00020,0,6,2024,5100000460,0001,U,,2024-08-01,6.0,6.0,786.3,786.3,USD,0,0,H,,2024-08-01,MAT00004,P003,FINANCE01
100,4500000461,00010,0,1,2024,5000001071,0001,E,101,2024-03-26,499.0,499.0,159580.2,159580.2,USD,499.0,499.0,S,,2024-03-26,MAT00019,P002,FINANCE01
100,4500000461,00010,0,6,2024,5100000461,0001,U,,2024-04-01,499.0,499.0,159580.2,159580.2,USD,0,0,H,,2024-04-01,MAT00019,P002,FINANCE01
100,4500000462,00010,0,1,2024,5000001073,0001,E,101,2024-03-02,277.0,277.0,136247.99,136247.99,USD,277.0,277.0,S,,2024-03-02,MAT00021,P001,SALEUSER3
100,4500000462,00010,0,6,2024,5100000462,0001,U,,2024-03-10,277.0,277.0,136247.99,136247.99,USD,0,0,H,,2024-03-10,MAT00021,P001,FINANCE02
100,4500000462,00020,0,1,2024,5000001075,0001,E,101,2024-03-02,18.0,18.0,5971.86,5971.86,USD,18.0,18.0,S,,2024-03-02,MAT00001,P001,BUYER03
100,4500000462,00020,0,6,2024,5100000462,0001,U,,2024-03-13,18.0,18.0,5971.86,5971.86,USD,0,0,H,,2024-03-13,MAT00001,P001,FINANCE01
100,4500000463,00010,0,1,2024,5000001077,0001,E,101,2024-08-07,288.0,288.0,101139.84,101139.84,USD,288.0,288.0,S,,2024-08-07,MAT00009,P003,BUYER02
100,4500000463,00010,0,6,2024,5100000463,0001,U,,2024-08-15,288.0,288.0,101139.84,101139.84,USD,0,0,H,,2024-08-15,MAT00009,P003,FINANCE01
100,4500000464,00010,0,1,2024,5000001079,0001,E,101,2024-05-08,36.0,36.0,12812.4,12812.4,USD,36.0,36.0,S,,2024-05-08,MAT00010,P001,FINANCE02
100,4500000464,00010,0,6,2024,5100000464,0001,U,,2024-05-21,36.0,36.0,12812.4,12812.4,USD,0,0,H,,2024-05-21,MAT00010,P001,FINANCE02
100,4500000465,00010,0,1,2024,5000001081,0001,E,101,2024-08-14,388.0,388.0,103320.52,103320.52,USD,388.0,388.0,S,,2024-08-14,MAT00016,P002,WHOUSE01
100,4500000465,00010,0,6,2024,5100000465,0001,U,,2024-08-21,388.0,388.0,103320.52,103320.52,USD,0,0,H,,2024-08-21,MAT00016,P002,FINANCE01
100,4500000466,00010,0,1,2024,5000001083,0001,E,101,2024-05-26,462.0,462.0,121663.08,121663.08,USD,462.0,462.0,S,,2024-05-26,MAT00009,P002,FINANCE02
100,4500000466,00010,0,6,2024,5100000466,0001,U,,2024-06-08,462.0,462.0,121663.08,121663.08,USD,0,0,H,,2024-06-08,MAT00009,P002,FINANCE02
100,4500000466,00020,0,1,2024,5000001085,0001,E,101,2024-05-26,175.0,175.0,2289.0,2289.0,USD,175.0,175.0,S,,2024-05-26,MAT00006,P002,WHOUSE02
100,4500000466,00020,0,6,2024,5100000466,0001,U,,2024-06-08,175.0,175.0,2289.0,2289.0,USD,0,0,H,,2024-06-08,MAT00006,P002,FINANCE02
100,4500000467,00010,0,1,2024,5000001087,0001,E,101,2024-10-22,364.0,364.0,110823.44,110823.44,USD,364.0,364.0,S,,2024-10-22,MAT00013,P003,BUYER01
100,4500000467,00010,0,6,2024,5100000467,0001,U,,2024-11-01,364.0,364.0,110823.44,110823.44,USD,0,0,H,,2024-11-01,MAT00013,P003,FINANCE01
100,4500000468,00010,0,1,2024,5000001089,0001,E,101,2024-07-14,180.0,180.0,36727.2,36727.2,USD,180.0,180.0,S,,2024-07-14,MAT00003,P003,BUYER03
100,4500000468,00010,0,6,2024,5100000468,0001,U,,2024-07-19,180.0,180.0,40222.8,40222.8,USD,0,0,H,,2024-07-19,MAT00003,P003,FINANCE01
100,4500000468,00020,0,1,2024,5000001091,0001,E,101,2024-07-14,139.0,139.0,47233.59,47233.59,USD,139.0,139.0,S,,2024-07-14,MAT00003,P003,BUYER01
100,4500000468,00020,0,6,2024,5100000468,0001,U,,2024-07-28,139.0,139.0,52977.07,52977.07,USD,0,0,H,,2024-07-28,MAT00003,P003,FINANCE01
100,4500000469,00010,0,1,2024,5000001093,0001,E,101,2024-09-05,412.0,412.0,151566.56,151566.56,USD,412.0,412.0,S,,2024-09-05,MAT00005,P002,BUYER02
100,4500000469,00010,0,6,2024,5100000469,0001,U,,2024-09-19,412.0,412.0,151566.56,151566.56,USD,0,0,H,,2024-09-19,MAT00005,P002,FINANCE02
100,4500000470,00010,0,1,2024,5000001095,0001,E,101,2024-06-15,32.0,32.0,5054.4,5054.4,USD,32.0,32.0,S,,2024-06-15,MAT00003,P003,BUYER03
100,4500000470,00010,0,6,2024,5100000470,0001,U,,2024-07-01,32.0,32.0,5054.4,5054.4,USD,0,0,H,,2024-07-01,MAT00003,P003,FINANCE01
100,4500000470,00020,0,1,2024,5000001097,0001,E,101,2024-06-15,192.0,192.0,33500.16,33500.16,USD,192.0,192.0,S,,2024-06-15,MAT00005,P003,WHOUSE01
100,4500000470,00020,0,6,2024,5100000470,0001,U,,2024-07-04,192.0,192.0,33500.16,33500.16,USD,0,0,H,,2024-07-04,MAT00005,P003,FINANCE01
100,4500000471,00010,0,1,2024,5000001099,0001,E,101,2024-11-10,217.0,217.0,7966.07,7966.07,USD,217.0,217.0,S,,2024-11-10,MAT00001,P003,BUYER02
100,4500000471,00010,0,6,2024,5100000471,0001,U,,2024-11-27,217.0,217.0,7966.07,7966.07,USD,0,0,H,,2024-11-27,MAT00001,P003,FINANCE02
100,4500000472,00010,0,1,2024,5000001101,0001,E,101,2024-07-27,367.0,367.0,85488.98,85488.98,USD,367.0,367.0,S,,2024-07-27,MAT00011,P001,BUYER01
100,4500000472,00010,0,6,2024,5100000472,0001,U,,2024-08-02,367.0,367.0,85488.98,85488.98,USD,0,0,H,,2024-08-02,MAT00011,P001,FINANCE02
100,4500000473,00010,0,1,2024,5000001103,0001,E,101,2024-10-20,27.0,27.0,1747.44,1747.44,USD,27.0,27.0,S,,2024-10-20,MAT00001,P002,BUYER03
100,4500000473,00010,0,6,2024,5100000473,0001,U,,2024-10-25,27.0,27.0,1747.44,1747.44,USD,0,0,H,,2024-10-25,MAT00001,P002,FINANCE01
100,4500000474,00010,0,1,2024,5000001105,0001,E,101,2024-03-21,82.0,82.0,40069.3,40069.3,USD,82.0,82.0,S,,2024-03-21,MAT00002,P003,BUYER02
100,4500000474,00010,0,6,2024,5100000474,0001,U,,2024-04-03,82.0,82.0,40069.3,40069.3,USD,0,0,H,,2024-04-03,MAT00002,P003,FINANCE02
100,4500000475,00010,0,6,2024,5100000475,0001,U,,2024-07-29,274.0,274.0,109304.08,109304.08,USD,0,0,H,,2024-07-29,MAT00019,P002,FINANCE02
100,4500000475,00020,0,6,2024,5100000475,0001,U,,2024-07-16,61.0,61.0,730.17,730.17,USD,0,0,H,,2024-07-16,MAT00011,P002,FINANCE02
100,4500000476,00010,0,1,2024,5000001109,0001,E,101,2024-03-16,359.0,359.0,149063.98,149063.98,USD,359.0,359.0,S,,2024-03-16,MAT00008,P001,WHOUSE01
100,4500000476,00010,0,6,2024,5100000476,0001,U,,2024-04-03,359.0,359.0,149063.98,149063.98,USD,0,0,H,,2024-04-03,MAT00008,P001,FINANCE01
100,4500000477,00010,0,1,2024,5000001111,0001,E,101,2024-08-30,334.0,334.0,96839.96,96839.96,USD,334.0,334.0,S,,2024-08-30,MAT00022,P001,SALEUSER3
100,4500000477,00010,0,6,2024,5100000477,0001,U,,2024-09-04,334.0,334.0,96839.96,96839.96,USD,0,0,H,,2024-09-04,MAT00022,P001,FINANCE01
100,4500000478,00010,0,1,2024,5000001113,0001,E,101,2024-09-03,487.0,487.0,137655.42,137655.42,USD,487.0,487.0,S,,2024-09-03,MAT00019,P003,FINANCE01
100,4500000478,00010,0,6,2024,5100000478,0001,U,,2024-09-10,487.0,487.0,137655.42,137655.42,USD,0,0,H,,2024-09-10,MAT00019,P003,FINANCE02
100,4500000479,00010,0,1,2024,5000001115,0001,E,101,2024-07-03,167.0,167.0,31389.32,31389.32,USD,167.0,167.0,S,,2024-07-03,MAT00012,P003,FINANCE01
100,4500000479,00010,0,6,2024,5100000479,0001,U,,2024-07-23,167.0,167.0,31389.32,31389.32,USD,0,0,H,,2024-07-23,MAT00012,P003,FINANCE02
100,4500000480,00010,0,1,2024,5000001117,0001,E,101,2024-08-15,94.0,94.0,42729.58,42729.58,USD,94.0,94.0,S,,2024-08-15,MAT00001,P001,WHOUSE01
100,4500000480,00010,0,6,2024,5100000480,0001,U,,2024-08-24,94.0,94.0,42729.58,42729.58,USD,0,0,H,,2024-08-24,MAT00001,P001,FINANCE01
100,4500000481,00010,0,1,2024,5000001119,0001,E,101,2024-03-11,305.0,305.0,121097.2,121097.2,USD,305.0,305.0,S,,2024-03-11,MAT00022,P001,WHOUSE02
100,4500000481,00010,0,6,2024,5100000481,0001,U,,2024-03-25,305.0,305.0,121097.2,121097.2,USD,0,0,H,,2024-03-25,MAT00022,P001,FINANCE01
100,4500000482,00010,0,1,2024,5000001121,0001,E,101,2024-10-04,255.0,255.0,16439.85,16439.85,USD,255.0,255.0,S,,2024-10-04,MAT00022,P002,WHOUSE02
100,4500000482,00010,0,6,2024,5100000482,0001,U,,2024-10-09,255.0,255.0,19043.4,19043.4,USD,0,0,H,,2024-10-09,MAT00022,P002,FINANCE01
100,4500000483,00010,0,1,2024,5000001123,0001,E,101,2024-11-10,154.0,154.0,31602.34,31602.34,USD,154.0,154.0,S,,2024-11-10,MAT00015,P003,FINANCE01
100,4500000483,00010,0,6,2024,5100000483,0001,U,,2024-11-27,154.0,154.0,31602.34,31602.34,USD,0,0,H,,2024-11-27,MAT00015,P003,FINANCE02
100,4500000484,00010,0,6,2024,5100000484,0001,U,,2024-08-17,246.0,246.0,34344.06,34344.06,USD,0,0,H,,2024-08-17,MAT00014,P003,FINANCE01
100,4500000484,00020,0,6,2024,5100000484,0001,U,,2024-08-03,141.0,141.0,32657.01,32657.01,USD,0,0,H,,2024-08-03,MAT00008,P003,FINANCE01
100,4500000485,00010,0,1,2024,5000001127,0001,E,101,2024-08-11,340.0,340.0,29131.2,29131.2,USD,340.0,340.0,S,,2024-08-11,MAT00019,P002,SALEUSER2
100,4500000485,00010,0,6,2024,5100000485,0001,U,,2024-08-26,340.0,340.0,29131.2,29131.2,USD,0,0,H,,2024-08-26,MAT00019,P002,FINANCE02
100,4500000486,00010,0,1,2024,5000001129,0001,E,101,2024-05-13,266.0,266.0,51925.86,51925.86,USD,266.0,266.0,S,,2024-05-13,MAT00012,P002,WHOUSE02
100,4500000486,00010,0,6,2024,5100000486,0001,U,,2024-05-21,266.0,266.0,51925.86,51925.86,USD,0,0,H,,2024-05-21,MAT00012,P002,FINANCE02
100,4500000487,00010,0,1,2024,5000001131,0001,E,101,2024-11-11,454.0,454.0,191401.86,191401.86,USD,454.0,454.0,S,,2024-11-11,MAT00012,P003,BUYER01
100,4500000487,00010,0,6,2024,5100000487,0001,U,,2024-11-26,454.0,454.0,191401.86,191401.86,USD,0,0,H,,2024-11-26,MAT00012,P003,FINANCE01
100,4500000487,00020,0,1,2024,5000001133,0001,E,101,2024-11-11,150.0,150.0,52548.0,52548.0,USD,150.0,150.0,S,,2024-11-11,MAT00014,P003,WHOUSE02
100,4500000487,00020,0,6,2024,5100000487,0001,U,,2024-11-30,150.0,150.0,52548.0,52548.0,USD,0,0,H,,2024-11-30,MAT00014,P003,FINANCE01
100,4500000488,00010,0,1,2024,5000001135,0001,E,101,2024-06-22,374.0,374.0,138133.16,138133.16,USD,374.0,374.0,S,,2024-06-22,MAT00020,P002,SALEUSER2
100,4500000488,00010,0,6,2024,5100000488,0001,U,,2024-06-26,374.0,374.0,138133.16,138133.16,USD,0,0,H,,2024-06-26,MAT00020,P002,FINANCE01
100,4500000489,00010,0,1,2024,5000001137,0001,E,101,2024-06-12,289.0,289.0,85266.56,85266.56,USD,289.0,289.0,S,,2024-06-12,MAT00004,P001,FINANCE02
100,4500000489,00010,0,6,2024,5100000489,0001,U,,2024-06-29,289.0,289.0,85266.56,85266.56,USD,0,0,H,,2024-06-29,MAT00004,P001,FINANCE01
100,4500000489,00020,0,1,2024,5000001139,0001,E,101,2024-06-12,69.0,69.0,13695.12,13695.12,USD,69.0,69.0,S,,2024-06-12,MAT00003,P001,SALEUSER2
100,4500000489,00020,0,6,2024,5100000489,0001,U,,2024-06-23,69.0,69.0,13695.12,13695.12,USD,0,0,H,,2024-06-23,MAT00003,P001,FINANCE01
100,4500000490,00010,0,1,2024,5000001141,0001,E,101,2024-05-09,159.0,159.0,73679.01,73679.01,USD,159.0,159.0,S,,2024-05-09,MAT00016,P001,FINANCE01
100,4500000490,00010,0,6,2024,5100000490,0001,U,,2024-05-17,159.0,159.0,73679.01,73679.01,USD,0,0,H,,2024-05-17,MAT00016,P001,FINANCE01
100,4500000491,00010,0,1,2024,5000001143,0001,E,101,2024-06-20,169.0,169.0,17581.07,17581.07,USD,169.0,169.0,S,,2024-06-20,MAT00020,P001,FINANCE02
100,4500000491,00010,0,6,2024,5100000491,0001,U,,2024-06-28,169.0,169.0,17581.07,17581.07,USD,0,0,H,,2024-06-28,MAT00020,P001,FINANCE02
100,4500000492,00010,0,1,2024,5000001145,0001,E,101,2024-08-14,161.0,161.0,46047.61,46047.61,USD,161.0,161.0,S,,2024-08-14,MAT00011,P002,WHOUSE01
100,4500000492,00010,0,6,2024,5100000492,0001,U,,2024-08-28,161.0,161.0,46047.61,46047.61,USD,0,0,H,,2024-08-28,MAT00011,P002,FINANCE01
100,4500000492,00020,0,1,2024,5000001147,0001,E,101,2024-08-14,134.0,134.0,14714.54,14714.54,USD,134.0,134.0,S,,2024-08-14,MAT00004,P002,BUYER01
100,4500000492,00020,0,6,2024,5100000492,0001,U,,2024-08-27,134.0,134.0,14714.54,14714.54,USD,0,0,H,,2024-08-27,MAT00004,P002,FINANCE02
100,4500000493,00010,0,1,2024,5000001149,0001,E,101,2024-11-02,477.0,477.0,226045.53,226045.53,USD,477.0,477.0,S,,2024-11-02,MAT00011,P001,SALEUSER2
100,4500000493,00010,0,6,2024,5100000493,0001,U,,2024-11-17,477.0,477.0,226045.53,226045.53,USD,0,0,H,,2024-11-17,MAT00011,P001,FINANCE01
100,4500000494,00010,0,1,2024,5000001151,0001,E,101,2024-09-05,84.0,84.0,13140.96,13140.96,USD,84.0,84.0,S,,2024-09-05,MAT00011,P001,SALEUSER1
100,4500000494,00010,0,6,2024,5100000494,0001,U,,2024-09-18,84.0,84.0,13140.96,13140.96,USD,0,0,H,,2024-09-18,MAT00011,P001,FINANCE02
100,4500000495,00010,0,1,2024,5000001153,0001,E,101,2024-05-29,122.0,122.0,22872.56,22872.56,USD,122.0,122.0,S,,2024-05-29,MAT00015,P003,FINANCE02
100,4500000495,00010,0,6,2024,5100000495,0001,U,,2024-06-01,122.0,122.0,22872.56,22872.56,USD,0,0,H,,2024-06-01,MAT00015,P003,FINANCE01
100,4500000496,00010,0,1,2024,5000001155,0001,E,101,2024-10-04,401.0,401.0,159265.17,159265.17,USD,401.0,401.0,S,,2024-10-04,MAT00001,P001,SALEUSER3
100,4500000496,00010,0,6,2024,5100000496,0001,U,,2024-10-09,401.0,401.0,159265.17,159265.17,USD,0,0,H,,2024-10-09,MAT00001,P001,FINANCE01
100,4500000497,00010,0,1,2024,5000001157,0001,E,101,2024-09-19,231.0,231.0,101977.26,101977.26,USD,231.0,231.0,S,,2024-09-19,MAT00003,P002,BUYER03
100,4500000497,00010,0,6,2024,5100000497,0001,U,,2024-10-02,231.0,231.0,116985.33,116985.33,USD,0,0,H,,2024-10-02,MAT00003,P002,FINANCE02
100,4500000498,00010,0,1,2024,5000001159,0001,E,101,2024-11-07,387.0,387.0,112798.89,112798.89,USD,387.0,387.0,S,,2024-11-07,MAT00018,P003,SALEUSER1
100,4500000498,00010,0,6,2024,5100000498,0001,U,,2024-11-19,387.0,387.0,112798.89,112798.89,USD,0,0,H,,2024-11-19,MAT00018,P003,FINANCE01
100,4500000498,00020,0,1,2024,5000001161,0001,E,101,2024-11-07,69.0,69.0,9175.62,9175.62,USD,69.0,69.0,S,,2024-11-07,MAT00002,P003,SALEUSER1
100,4500000498,00020,0,6,2024,5100000498,0001,U,,2024-11-16,69.0,69.0,9175.62,9175.62,USD,0,0,H,,2024-11-16,MAT00002,P003,FINANCE02
100,4500000499,00010,0,1,2024,5000001163,0001,E,101,2024-09-22,34.0,34.0,7646.26,7646.26,USD,34.0,34.0,S,,2024-09-22,MAT00001,P002,FINANCE02
100,4500000499,00010,0,6,2024,5100000499,0001,U,,2024-09-28,34.0,34.0,7646.26,7646.26,USD,0,0,H,,2024-09-28,MAT00001,P002,FINANCE01
