MANDT,OBJNR,STAT,INACT,CHGNR,UDATE,UTIME,USNAM,STSMA,VORGNG,VORZUSTAND,CDTCODE
100,OR1000000000000010,E0001,,1,2024-04-02,16:33:35,SALEUSER1,,,,VA01
100,OR1000000000000010,E0002,,2,2024-04-28,13:37:32,WHOUSE01,,,,VL01N
100,OR1000000000000010,E0003,,3,2024-04-28,10:58:37,WHOUSE01,,,,VL02N
100,OR1000000001000010,E0001,,4,2024-03-27,11:29:16,SALEUSER3,,,,VA01
100,OR1000000001000010,E0002,,5,2024-04-12,17:17:46,WHOUSE02,,,,VL01N
100,OR1000000001000010,E0003,,6,2024-04-12,11:29:43,WHOUSE02,,,,VL02N
100,OR1000000002000010,E0001,,7,2024-02-23,08:30:31,SALEUSER3,,,,VA01
100,OR1000000002000010,I0001,,8,2024-02-24,11:19:16,SALEUSER2,,,,VA02
100,OR1000000002000010,I0001,X,9,2024-02-29,06:51:06,SALEUSER1,,,,VA02
100,OR1000000002000010,E0002,,10,2024-03-10,07:30:35,WHOUSE01,,,,VL01N
100,OR1000000002000010,E0003,,11,2024-03-10,08:45:51,WHOUSE01,,,,VL02N
100,OR1000000002000010,E0004,,12,2024-03-15,08:32:09,FINANCE02,,,,VF01
100,OR1000000002000020,E0001,,13,2024-02-23,06:12:57,SALEUSER3,,,,VA01
100,OR1000000002000020,I0001,,14,2024-02-24,09:30:35,SALEUSER2,,,,VA02
100,OR1000000002000020,I0001,X,15,2024-03-02,15:38:58,FINANCE01,,,,VA02
100,OR1000000002000020,E0002,,16,2024-03-10,07:00:22,WHOUSE02,,,,VL01N
100,OR1000000002000020,E0003,,17,2024-03-11,13:18:19,WHOUSE02,,,,VL02N
100,OR1000000002000020,E0004,,18,2024-03-15,10:43:25,FINANCE01,,,,VF01
100,OR1000000003000010,E0001,,19,2024-06-20,13:57:03,SALEUSER2,,,,VA01
100,OR1000000003000010,E0002,,20,2024-07-22,13:28:46,WHOUSE02,,,,VL01N
100,OR1000000003000010,E0003,,21,2024-07-22,06:42:36,WHOUSE02,,,,VL02N
100,OR1000000003000010,E0004,,22,2024-07-24,12:28:46,FINANCE02,,,,VF01
100,OR1000000003000010,E0005,,23,2024-07-26,15:18:08,AUTOCLR,,,,VF02
100,OR1000000004000010,E0001,,24,2024-02-22,13:16:27,SALEUSER3,,,,VA01
100,OR1000000004000010,E0002,,25,2024-03-10,07:09:04,WHOUSE02,,,,VL01N
100,OR1000000004000010,E0003,,26,2024-03-12,14:11:49,WHOUSE02,,,,VL02N
100,OR1000000004000010,E0004,,27,2024-03-12,17:47:51,FINANCE02,,,,VF01
100,OR1000000004000010,E0005,,28,2024-03-14,09:24:01,FINANCE01,,,,VF02
100,OR1000000005000010,E0001,,29,2024-05-03,15:17:57,SALEUSER1,,,,VA01
100,OR1000000005000010,I0002,,30,2024-05-04,08:51:10,SALEUSER1,,,,VA02
100,OR1000000005000010,E0002,,31,2024-05-20,07:46:55,WHOUSE02,,,,VL01N
100,OR1000000005000010,E0003,,32,2024-05-22,14:30:46,WHOUSE01,,,,VL02N
100,OR1000000006000010,E0001,,33,2024-05-11,06:49:06,SALEUSER3,,,,VA01
100,OR1000000006000010,E0002,,34,2024-05-21,08:01:37,WHOUSE01,,,,VL01N
100,OR1000000006000010,E0003,,35,2024-05-21,11:07:41,WHOUSE02,,,,VL02N
100,OR1000000006000010,E0004,,36,2024-05-26,06:46:40,FINANCE02,,,,VF01
100,OR1000000006000010,E0005,,37,2024-05-27,10:38:32,FINANCE01,,,,VF02
100,OR1000000006000020,E0001,,38,2024-05-11,08:06:37,SALEUSER3,,,,VA01
100,OR1000000006000020,E0002,,39,2024-05-21,12:02:41,WHOUSE01,,,,VL01N
100,OR1000000006000020,E0003,,40,2024-05-23,10:58:07,WHOUSE01,,,,VL02N
100,OR1000000006000020,E0004,,41,2024-05-26,11:19:12,FINANCE01,,,,VF01
100,OR1000000006000020,E0005,,42,2024-05-29,07:23:27,AUTOCLR,,,,VF02
100,OR1000000007000010,E0001,,43,2024-06-14,16:57:18,SALEUSER1,,,,VA01
100,OR1000000007000010,E0002,,44,2024-06-25,08:03:41,WHOUSE02,,,,VL01N
100,OR1000000007000010,E0003,,45,2024-06-25,14:05:07,WHOUSE02,,,,VL02N
100,OR1000000007000010,E0004,,46,2024-06-28,08:41:43,FINANCE01,,,,VF01
100,OR1000000007000010,E0005,,47,2024-06-30,11:22:31,AUTOCLR,,,,VF02
100,OR1000000007000020,E0001,,48,2024-06-14,10:01:30,SALEUSER1,,,,VA01
100,OR1000000007000020,E0002,,49,2024-06-25,08:50:55,WHOUSE01,,,,VL01N
100,OR1000000007000020,E0003,,50,2024-06-25,17:26:01,WHOUSE01,,,,VL02N
100,OR1000000007000020,E0004,,51,2024-06-28,16:59:22,FINANCE02,,,,VF01
100,OR1000000007000020,E0005,,52,2024-06-30,15:14:42,AUTOCLR,,,,VF02
100,OR1000000008000010,E0001,,53,2024-02-14,11:04:07,SALEUSER2,,,,VA01
100,OR1000000008000010,E0002,,54,2024-03-03,11:15:57,WHOUSE02,,,,VL01N
100,OR1000000008000010,E0003,,55,2024-03-05,16:17:46,WHOUSE02,,,,VL02N
100,OR1000000008000010,E0004,,56,2024-03-07,10:18:31,FINANCE02,,,,VF01
100,OR1000000008000010,E0005,,57,2024-03-10,15:59:11,FINANCE01,,,,VF02
100,OR1000000009000010,E0001,,58,2024-08-15,15:26:35,SALEUSER2,,,,VA01
100,OR1000000009000010,E0002,,59,2024-08-24,15:23:42,WHOUSE02,,,,VL01N
100,OR1000000009000010,E0003,,60,2024-08-25,09:43:02,WHOUSE01,,,,VL02N
100,OR1000000009000010,E0004,,61,2024-08-28,16:08:45,FINANCE01,,,,VF01
100,OR1000000009000010,E0005,,62,2024-08-30,15:41:17,FINANCE01,,,,VF02
100,OR1000000010000010,E0001,,63,2024-02-26,14:07:49,SALEUSER1,,,,VA01
100,OR1000000010000010,E0002,,64,2024-03-13,09:06:52,WHOUSE01,,,,VL01N
100,OR1000000010000010,E0003,,65,2024-03-13,09:34:43,WHOUSE02,,,,VL02N
100,OR1000000010000010,E0004,,66,2024-03-18,10:16:19,FINANCE02,,,,VF01
100,OR1000000010000010,E0005,,67,2024-03-21,10:46:44,AUTOCLR,,,,VF02
100,OR1000000010000020,E0001,,68,2024-02-26,15:44:17,SALEUSER1,,,,VA01
100,OR1000000010000020,E0002,,69,2024-03-13,11:16:46,WHOUSE01,,,,VL01N
100,OR1000000010000020,E0003,,70,2024-03-14,16:25:16,WHOUSE01,,,,VL02N
100,OR1000000010000020,E0004,,71,2024-03-18,17:47:10,FINANCE02,,,,VF01
100,OR1000000010000020,E0005,,72,2024-03-19,15:29:28,AUTOCLR,,,,VF02
100,OR1000000011000010,E0001,,73,2024-02-28,06:19:19,SALEUSER3,,,,VA01
100,OR1000000011000010,E0002,,74,2024-03-22,10:59:56,WHOUSE02,,,,VL01N
100,OR1000000011000010,E0003,,75,2024-03-24,09:34:05,WHOUSE02,,,,VL02N
100,OR1000000011000010,E0004,,76,2024-03-27,09:08:04,FINANCE01,,,,VF01
100,OR1000000011000010,E0005,,77,2024-03-30,06:12:19,FINANCE01,,,,VF02
100,OR1000000012000010,E0001,,78,2024-04-25,09:31:43,SALEUSER2,,,,VA01
100,OR1000000012000010,E0002,,79,2024-05-05,06:15:19,WHOUSE02,,,,VL01N
100,OR1000000012000010,E0003,,80,2024-05-05,09:09:00,WHOUSE01,,,,VL02N
100,OR1000000012000010,E0004,,81,2024-05-09,12:05:26,FINANCE02,,,,VF01
100,OR1000000012000010,E0005,,82,2024-05-12,17:04:11,FINANCE01,,,,VF02
100,OR1000000013000010,E0001,,83,2024-06-08,16:50:29,SALEUSER2,,,,VA01
100,OR1000000013000010,E0002,,84,2024-06-26,11:37:32,WHOUSE01,,,,VL01N
100,OR1000000013000010,E0003,,85,2024-06-27,17:47:02,WHOUSE01,,,,VL02N
100,OR1000000013000010,E0004,,86,2024-06-29,10:10:08,FINANCE01,,,,VF01
100,OR1000000013000010,E0005,,87,2024-07-01,17:34:05,FINANCE01,,,,VF02
100,OR1000000014000010,E0001,,88,2024-05-13,17:40:21,SALEUSER2,,,,VA01
100,OR1000000014000010,E0002,,89,2024-06-08,08:51:44,WHOUSE02,,,,VL01N
100,OR1000000014000010,E0003,,90,2024-06-08,11:16:31,WHOUSE01,,,,VL02N
100,OR1000000014000010,E0004,,91,2024-06-10,12:06:26,FINANCE01,,,,VF01
100,OR1000000014000010,E0005,,92,2024-06-11,14:48:33,FINANCE01,,,,VF02
100,OR1000000015000010,E0001,,93,2024-02-16,13:26:27,SALEUSER2,,,,VA01
100,OR1000000015000010,E0002,,94,2024-02-23,06:03:18,WHOUSE02,,,,VL01N
100,OR1000000015000010,E0003,,95,2024-02-24,15:58:33,WHOUSE01,,,,VL02N
100,OR1000000015000010,E0004,,96,2024-02-27,17:04:34,FINANCE01,,,,VF01
100,OR1000000015000010,E0005,,97,2024-02-29,14:34:05,AUTOCLR,,,,VF02
100,OR1000000016000010,E0001,,98,2024-03-02,06:51:25,SALEUSER2,,,,VA01
100,OR1000000016000010,E0002,,99,2024-03-18,07:16:08,WHOUSE02,,,,VL01N
100,OR1000000016000010,E0003,,100,2024-03-20,16:09:41,WHOUSE02,,,,VL02N
100,OR1000000016000010,E0004,,101,2024-03-22,17:05:49,FINANCE01,,,,VF01
100,OR1000000016000010,E0005,,102,2024-03-23,08:06:26,FINANCE01,,,,VF02
100,OR1000000016000020,E0001,,103,2024-03-02,09:21:01,SALEUSER2,,,,VA01
100,OR1000000016000020,E0002,,104,2024-03-18,15:25:09,WHOUSE01,,,,VL01N
100,OR1000000016000020,E0003,,105,2024-03-18,12:25:20,WHOUSE01,,,,VL02N
100,OR1000000016000020,E0004,,106,2024-03-22,16:05:11,FINANCE01,,,,VF01
100,OR1000000016000020,E0005,,107,2024-03-25,07:21:57,AUTOCLR,,,,VF02
100,OR1000000017000010,E0001,,108,2024-09-04,13:51:10,SALEUSER3,,,,VA01
100,OR1000000017000010,E0002,,109,2024-09-17,15:59:52,WHOUSE01,,,,VL01N
100,OR1000000017000010,E0003,,110,2024-09-18,17:21:23,WHOUSE02,,,,VL02N
100,OR1000000017000010,E0004,,111,2024-09-19,16:45:21,FINANCE02,,,,VF01
100,OR1000000017000010,E0005,,112,2024-09-20,07:56:22,AUTOCLR,,,,VF02
100,OR1000000018000010,E0001,,113,2024-04-02,15:54:29,SALEUSER2,,,,VA01
100,OR1000000018000010,E0002,,114,2024-05-18,13:31:39,WHOUSE02,,,,VL01N
100,OR1000000018000010,E0003,,115,2024-05-18,09:21:12,WHOUSE01,,,,VL02N
100,OR1000000018000010,E0004,,116,2024-05-21,09:10:45,FINANCE01,,,,VF01
100,OR1000000018000010,E0005,,117,2024-05-22,15:24:20,FINANCE01,,,,VF02
100,OR1000000018000020,E0001,,118,2024-04-02,07:24:46,SALEUSER2,,,,VA01
100,OR1000000018000020,E0002,,119,2024-05-18,11:14:00,WHOUSE01,,,,VL01N
100,OR1000000018000020,E0003,,120,2024-05-19,10:24:46,WHOUSE01,,,,VL02N
100,OR1000000018000020,E0004,,121,2024-05-21,08:00:03,FINANCE01,,,,VF01
100,OR1000000018000020,E0005,,122,2024-05-22,06:12:00,FINANCE01,,,,VF02
100,OR1000000019000010,E0001,,123,2024-03-13,14:35:54,SALEUSER3,,,,VA01
100,OR1000000019000010,E0006,,124,2024-03-18,13:08:00,SALEUSER1,,,,VA02
100,OR1000000020000010,E0001,,125,2024-03-14,10:28:58,SALEUSER3,,,,VA01
100,OR1000000020000010,E0002,,126,2024-04-10,08:04:00,WHOUSE01,,,,VL01N
100,OR1000000020000010,E0003,,127,2024-04-11,08:56:07,WHOUSE02,,,,VL02N
100,OR1000000020000010,E0004,,128,2024-04-11,14:11:08,FINANCE02,,,,VF01
100,OR1000000020000010,E0005,,129,2024-04-12,11:45:17,AUTOCLR,,,,VF02
100,OR1000000021000010,E0001,,130,2024-04-30,17:30:28,SALEUSER2,,,,VA01
100,OR1000000021000010,E0002,,131,2024-06-11,13:16:27,WHOUSE02,,,,VL01N
100,OR1000000021000010,E0003,,132,2024-06-11,08:21:01,WHOUSE01,,,,VL02N
100,OR1000000021000010,E0004,,133,2024-06-14,10:37:51,FINANCE02,,,,VF01
100,OR1000000021000010,E0005,,134,2024-06-17,11:40:25,FINANCE01,,,,VF02
100,OR1000000022000010,E0001,,135,2024-01-12,15:22:23,SALEUSER2,,,,VA01
100,OR1000000022000010,E0002,,136,2024-02-05,12:15:30,WHOUSE01,,,,VL01N
100,OR1000000022000010,E0003,,137,2024-02-07,08:12:27,WHOUSE01,,,,VL02N
100,OR1000000022000010,E0004,,138,2024-02-09,14:33:05,FINANCE01,,,,VF01
100,OR1000000022000010,E0005,,139,2024-02-11,12:40:58,FINANCE01,,,,VF02
100,OR1000000023000010,E0001,,140,2024-01-21,09:31:35,SALEUSER1,,,,VA01
100,OR1000000023000010,E0002,,141,2024-02-08,07:43:55,WHOUSE01,,,,VL01N
100,OR1000000023000010,E0003,,142,2024-02-09,11:10:41,WHOUSE01,,,,VL02N
100,OR1000000023000010,E0004,,143,2024-02-10,13:36:47,FINANCE01,,,,VF01
100,OR1000000023000010,E0005,,144,2024-02-13,09:37:32,FINANCE01,,,,VF02
100,OR1000000024000010,E0001,,145,2024-08-04,09:55:18,SALEUSER1,,,,VA01
100,OR1000000024000010,I0002,,146,2024-08-05,06:30:43,SALEUSER1,,,,VA02
100,OR1000000024000010,E0002,,147,2024-09-02,11:40:55,WHOUSE02,,,,VL01N
100,OR1000000024000010,E0003,,148,2024-09-04,08:26:09,WHOUSE02,,,,VL02N
100,OR1000000024000020,E0001,,149,2024-08-04,12:37:32,SALEUSER1,,,,VA01
100,OR1000000024000020,I0002,,150,2024-08-05,15:50:06,SALEUSER1,,,,VA02
100,OR1000000024000020,I0002,X,151,2024-08-10,17:16:49,SALEUSER1,,,,VA02
100,OR1000000024000020,E0002,,152,2024-09-02,07:12:00,WHOUSE01,,,,VL01N
100,OR1000000024000020,E0003,,153,2024-09-03,07:18:16,WHOUSE01,,,,VL02N
100,OR1000000025000010,E0001,,154,2024-04-02,08:03:52,SALEUSER1,,,,VA01
100,OR1000000025000010,E0002,,155,2024-04-28,10:56:41,WHOUSE02,,,,VL01N
100,OR1000000025000010,E0003,,156,2024-04-28,10:28:13,WHOUSE02,,,,VL02N
100,OR1000000025000010,E0004,,157,2024-05-03,16:48:55,FINANCE02,,,,VF01
100,OR1000000025000010,E0005,,158,2024-05-06,07:39:47,AUTOCLR,,,,VF02
100,OR1000000026000010,E0001,,159,2024-09-07,14:50:03,SALEUSER1,,,,VA01
100,OR1000000026000010,E0002,,160,2024-10-19,15:53:03,WHOUSE01,,,,VL01N
100,OR1000000026000010,E0003,,161,2024-10-19,11:41:13,WHOUSE01,,,,VL02N
100,OR1000000026000010,E0004,,162,2024-10-24,13:57:48,FINANCE01,,,,VF01
100,OR1000000026000010,E0005,,163,2024-10-25,09:06:07,FINANCE01,,,,VF02
100,OR1000000027000010,E0001,,164,2024-04-24,17:12:00,SALEUSER3,,,,VA01
100,OR1000000027000010,E0002,,165,2024-05-21,11:45:17,WHOUSE02,,,,VL01N
100,OR1000000027000010,E0003,,166,2024-05-22,07:06:37,WHOUSE02,,,,VL02N
100,OR1000000027000010,E0004,,167,2024-05-23,14:56:18,FINANCE01,,,,VF01
100,OR1000000027000010,E0005,,168,2024-05-26,13:08:30,AUTOCLR,,,,VF02
100,OR1000000028000010,E0001,,169,2024-05-18,11:07:34,SALEUSER1,,,,VA01
100,OR1000000028000010,I0001,,170,2024-05-19,14:57:14,SALEUSER2,,,,VA02
100,OR1000000028000010,E0002,,171,2024-06-05,08:41:13,WHOUSE02,,,,VL01N
100,OR1000000028000010,E0003,,172,2024-06-05,16:51:48,WHOUSE01,,,,VL02N
100,OR1000000028000010,E0004,,173,2024-06-07,13:05:22,FINANCE01,,,,VF01
100,OR1000000029000010,E0001,,174,2024-08-19,08:41:58,SALEUSER1,,,,VA01
100,OR1000000029000010,E0002,,175,2024-09-11,08:06:56,WHOUSE02,,,,VL01N
100,OR1000000029000010,E0003,,176,2024-09-11,06:06:49,WHOUSE02,,,,VL02N
100,OR1000000029000010,E0004,,177,2024-09-16,12:44:29,FINANCE01,,,,VF01
100,OR1000000029000010,E0005,,178,2024-09-19,08:10:08,AUTOCLR,,,,VF02
100,OR1000000029000020,E0001,,179,2024-08-19,09:32:54,SALEUSER1,,,,VA01
100,OR1000000029000020,E0002,,180,2024-09-11,10:26:50,WHOUSE01,,,,VL01N
100,OR1000000029000020,E0003,,181,2024-09-13,07:10:04,WHOUSE02,,,,VL02N
100,OR1000000029000020,E0004,,182,2024-09-16,08:21:05,FINANCE02,,,,VF01
100,OR1000000029000020,E0005,,183,2024-09-19,15:22:12,AUTOCLR,,,,VF02
100,OR1000000030000010,E0001,,184,2024-08-11,09:01:45,SALEUSER2,,,,VA01
100,OR1000000030000010,E0002,,185,2024-09-01,06:17:53,WHOUSE02,,,,VL01N
100,OR1000000030000010,E0003,,186,2024-09-02,15:48:55,WHOUSE01,,,,VL02N
100,OR1000000030000010,E0004,,187,2024-09-03,08:31:46,FINANCE02,,,,VF01
100,OR1000000030000010,E0005,,188,2024-09-04,17:05:56,FINANCE01,,,,VF02
100,OR1000000031000010,E0001,,189,2024-09-25,14:01:45,SALEUSER1,,,,VA01
100,OR1000000031000010,E0002,,190,2024-10-01,13:43:36,WHOUSE01,,,,VL01N
100,OR1000000031000010,E0003,,191,2024-10-01,08:04:34,WHOUSE01,,,,VL02N
100,OR1000000031000010,E0004,,192,2024-10-05,14:44:36,FINANCE02,,,,VF01
100,OR1000000031000010,E0005,,193,2024-10-07,13:49:55,AUTOCLR,,,,VF02
100,OR1000000032000010,E0001,,194,2024-06-27,12:43:40,SALEUSER1,,,,VA01
100,OR1000000032000010,E0002,,195,2024-07-08,10:15:04,WHOUSE02,,,,VL01N
100,OR1000000032000010,E0003,,196,2024-07-10,06:04:15,WHOUSE02,,,,VL02N
100,OR1000000032000010,E0004,,197,2024-07-11,12:23:23,FINANCE01,,,,VF01
100,OR1000000032000010,E0005,,198,2024-07-13,09:29:35,FINANCE01,,,,VF02
100,OR1000000033000010,E0001,,199,2024-07-13,10:19:46,SALEUSER1,,,,VA01
100,OR1000000033000010,E0002,,200,2024-07-30,07:45:32,WHOUSE01,,,,VL01N
100,OR1000000033000010,E0003,,201,2024-08-01,16:37:09,WHOUSE02,,,,VL02N
100,OR1000000033000010,E0004,,202,2024-08-02,17:59:33,FINANCE02,,,,VF01
100,OR1000000033000010,E0005,,203,2024-08-03,07:00:18,FINANCE01,,,,VF02
100,OR1000000034000010,E0001,,204,2024-02-15,16:33:58,SALEUSER2,,,,VA01
100,OR1000000034000010,E0002,,205,2024-03-13,13:52:33,WHOUSE02,,,,VL01N
100,OR1000000034000010,E0003,,206,2024-03-15,17:50:59,WHOUSE02,,,,VL02N
100,OR1000000034000010,E0004,,207,2024-03-17,06:51:51,FINANCE01,,,,VF01
100,OR1000000034000010,E0005,,208,2024-03-19,08:51:36,AUTOCLR,,,,VF02
100,OR1000000035000010,E0001,,209,2024-09-15,09:51:40,SALEUSER3,,,,VA01
100,OR1000000035000010,E0002,,210,2024-10-13,09:16:16,WHOUSE02,,,,VL01N
100,OR1000000035000010,E0003,,211,2024-10-15,09:57:18,WHOUSE01,,,,VL02N
100,OR1000000035000010,E0004,,212,2024-10-18,08:36:09,FINANCE02,,,,VF01
100,OR1000000035000010,E0005,,213,2024-10-20,12:57:18,AUTOCLR,,,,VF02
100,OR1000000036000010,E0001,,214,2024-02-16,17:09:23,SALEUSER1,,,,VA01
100,OR1000000036000010,E0002,,215,2024-03-13,10:29:16,WHOUSE01,,,,VL01N
100,OR1000000036000010,E0003,,216,2024-03-14,16:14:08,WHOUSE01,,,,VL02N
100,OR1000000036000010,E0004,,217,2024-03-18,08:49:59,FINANCE02,,,,VF01
100,OR1000000036000010,E0005,,218,2024-03-20,09:58:37,FINANCE01,,,,VF02
100,OR1000000036000020,E0001,,219,2024-02-16,12:30:50,SALEUSER1,,,,VA01
100,OR1000000036000020,E0002,,220,2024-03-13,07:33:20,WHOUSE01,,,,VL01N
100,OR1000000036000020,E0003,,221,2024-03-14,06:37:17,WHOUSE01,,,,VL02N
100,OR1000000036000020,E0004,,222,2024-03-18,11:04:26,FINANCE02,,,,VF01
100,OR1000000036000020,E0005,,223,2024-03-20,10:58:33,AUTOCLR,,,,VF02
100,OR1000000037000010,E0001,,224,2024-04-25,08:57:41,SALEUSER2,,,,VA01
100,OR1000000037000010,I0002,,225,2024-04-26,10:52:40,SALEUSER2,,,,VA02
100,OR1000000037000010,I0002,X,226,2024-05-04,15:16:53,SALEUSER2,,,,VA02
100,OR1000000037000010,E0002,,227,2024-05-09,07:51:06,WHOUSE01,,,,VL01N
100,OR1000000037000010,E0003,,228,2024-05-11,16:19:31,WHOUSE02,,,,VL02N
100,OR1000000038000010,E0001,,229,2024-02-18,16:29:50,SALEUSER2,,,,VA01
100,OR1000000038000010,E0002,,230,2024-02-25,11:43:51,WHOUSE02,,,,VL01N
100,OR1000000038000010,E0003,,231,2024-02-25,06:01:26,WHOUSE01,,,,VL02N
100,OR1000000038000010,E0004,,232,2024-02-26,10:53:03,FINANCE01,,,,VF01
100,OR1000000038000010,E0005,,233,2024-02-29,16:58:52,AUTOCLR,,,,VF02
100,OR1000000038000020,E0001,,234,2024-02-18,15:24:39,SALEUSER2,,,,VA01
100,OR1000000038000020,E0002,,235,2024-02-25,14:12:19,WHOUSE01,,,,VL01N
100,OR1000000038000020,E0003,,236,2024-02-27,10:27:27,WHOUSE01,,,,VL02N
100,OR1000000038000020,E0004,,237,2024-02-26,06:48:29,FINANCE01,,,,VF01
100,OR1000000038000020,E0005,,238,2024-02-28,13:24:31,AUTOCLR,,,,VF02
100,OR1000000039000010,E0001,,239,2024-01-26,17:41:10,SALEUSER1,,,,VA01
100,OR1000000039000010,E0002,,240,2024-02-19,13:43:06,WHOUSE01,,,,VL01N
100,OR1000000039000010,E0003,,241,2024-02-19,07:09:53,WHOUSE02,,,,VL02N
100,OR1000000039000010,E0004,,242,2024-02-24,08:24:39,FINANCE02,,,,VF01
100,OR1000000039000010,E0005,,243,2024-02-27,16:38:17,AUTOCLR,,,,VF02
100,OR1000000040000010,E0001,,244,2024-04-17,14:48:59,SALEUSER1,,,,VA01
100,OR1000000040000010,E0002,,245,2024-05-01,07:38:51,WHOUSE02,,,,VL01N
100,OR1000000040000010,E0003,,246,2024-05-03,12:23:50,WHOUSE01,,,,VL02N
100,OR1000000040000010,E0004,,247,2024-05-02,14:41:13,FINANCE01,,,,VF01
100,OR1000000040000010,E0005,,248,2024-05-03,14:54:10,FINANCE01,,,,VF02
100,OR1000000041000010,E0001,,249,2024-06-29,09:15:08,SALEUSER3,,,,VA01
100,OR1000000041000010,I0001,,250,2024-06-30,11:01:03,SALEUSER2,,,,VA02
100,OR1000000041000010,I0001,X,251,2024-07-04,17:44:55,SALEUSER1,,,,VA02
100,OR1000000041000010,E0002,,252,2024-08-11,06:21:46,WHOUSE02,,,,VL01N
100,OR1000000041000010,E0003,,253,2024-08-13,15:55:10,WHOUSE02,,,,VL02N
100,OR1000000041000010,E0004,,254,2024-08-16,07:01:15,FINANCE02,,,,VF01
100,OR1000000042000010,E0001,,255,2024-07-07,07:30:31,SALEUSER3,,,,VA01
100,OR1000000042000010,E0002,,256,2024-08-26,16:52:25,WHOUSE01,,,,VL01N
100,OR1000000042000010,E0003,,257,2024-08-27,10:24:20,WHOUSE02,,,,VL02N
100,OR1000000042000010,E0004,,258,2024-08-28,12:30:58,FINANCE01,,,,VF01
100,OR1000000042000010,E0005,,259,2024-08-31,13:32:17,FINANCE01,,,,VF02
100,OR1000000043000010,E0001,,260,2024-04-27,17:46:02,SALEUSER2,,,,VA01
100,OR1000000043000010,E0002,,261,2024-05-20,16:50:55,WHOUSE01,,,,VL01N
100,OR1000000043000010,E0003,,262,2024-05-22,15:06:45,WHOUSE01,,,,VL02N
100,OR1000000043000010,E0004,,263,2024-05-24,07:56:03,FINANCE02,,,,VF01
100,OR1000000043000010,E0005,,264,2024-05-25,09:24:16,AUTOCLR,,,,VF02
100,OR1000000044000010,E0001,,265,2024-07-16,06:47:40,SALEUSER1,,,,VA01
100,OR1000000044000010,I0001,,266,2024-07-17,07:59:33,SALEUSER2,,,,VA02
100,OR1000000044000010,I0001,X,267,2024-07-20,10:55:07,FINANCE01,,,,VA02
100,OR1000000044000010,E0002,,268,2024-08-09,14:31:24,WHOUSE02,,,,VL01N
100,OR1000000044000010,E0003,,269,2024-08-11,08:15:38,WHOUSE01,,,,VL02N
100,OR1000000044000010,E0004,,270,2024-08-14,14:08:04,FINANCE02,,,,VF01
100,OR1000000045000010,E0001,,271,2024-09-19,16:59:26,SALEUSER3,,,,VA01
100,OR1000000045000010,E0002,,272,2024-10-29,11:41:58,WHOUSE02,,,,VL01N
100,OR1000000045000010,E0003,,273,2024-10-31,10:13:12,WHOUSE01,,,,VL02N
100,OR1000000045000010,E0004,,274,2024-11-04,09:33:32,FINANCE02,,,,VF01
100,OR1000000045000010,E0005,,275,2024-11-06,15:59:44,AUTOCLR,,,,VF02
100,OR1000000046000010,E0001,,276,2024-05-29,15:21:08,SALEUSER3,,,,VA01
100,OR1000000046000010,E0002,,277,2024-06-24,12:04:41,WHOUSE02,,,,VL01N
100,OR1000000046000010,E0003,,278,2024-06-24,06:49:21,WHOUSE01,,,,VL02N
100,OR1000000046000010,E0004,,279,2024-06-28,06:18:49,FINANCE02,,,,VF01
100,OR1000000046000010,E0005,,280,2024-07-01,13:01:56,FINANCE01,,,,VF02
100,OR1000000047000010,E0001,,281,2024-08-10,15:26:54,SALEUSER2,,,,VA01
100,OR1000000047000010,E0006,,282,2024-08-11,16:59:14,SALEUSER1,,,,VA02
100,OR1000000048000010,E0001,,283,2024-09-23,07:57:48,SALEUSER2,,,,VA01
100,OR1000000048000010,E0002,,284,2024-10-12,10:58:18,WHOUSE01,,,,VL01N
100,OR1000000048000010,E0003,,285,2024-10-14,12:13:15,WHOUSE01,,,,VL02N
100,OR1000000048000010,E0004,,286,2024-10-17,08:53:59,FINANCE02,,,,VF01
100,OR1000000048000010,E0005,,287,2024-10-19,16:53:22,AUTOCLR,,,,VF02
100,OR1000000049000010,E0001,,288,2024-02-12,08:07:11,SALEUSER2,,,,VA01
100,OR1000000049000010,I0002,,289,2024-02-13,13:34:24,SALEUSER2,,,,VA02
100,OR1000000049000010,I0002,X,290,2024-02-23,08:22:16,SALEUSER2,,,,VA02
100,OR1000000049000010,E0002,,291,2024-03-07,13:31:01,WHOUSE02,,,,VL01N
100,OR1000000049000010,E0003,,292,2024-03-09,13:34:02,WHOUSE01,,,,VL02N
100,OR1000000050000010,E0001,,293,2024-01-14,06:00:03,SALEUSER1,,,,VA01
100,OR1000000050000010,E0002,,294,2024-01-25,09:40:32,WHOUSE02,,,,VL01N
100,OR1000000050000010,E0003,,295,2024-01-27,06:32:17,WHOUSE01,,,,VL02N
100,OR1000000050000010,E0004,,296,2024-01-30,08:38:06,FINANCE01,,,,VF01
100,OR1000000050000010,E0005,,297,2024-01-31,16:48:14,AUTOCLR,,,,VF02
100,OR1000000051000010,E0001,,298,2024-06-14,13:19:46,SALEUSER1,,,,VA01
100,OR1000000051000010,E0002,,299,2024-07-07,15:59:07,WHOUSE02,,,,VL01N
100,OR1000000051000010,E0003,,300,2024-07-09,17:00:37,WHOUSE02,,,,VL02N
100,OR1000000051000010,E0004,,301,2024-07-10,15:09:41,FINANCE02,,,,VF01
100,OR1000000051000010,E0005,,302,2024-07-13,06:23:38,AUTOCLR,,,,VF02
100,OR1000000051000020,E0001,,303,2024-06-14,06:15:42,SALEUSER1,,,,VA01
100,OR1000000051000020,E0002,,304,2024-07-07,09:39:06,WHOUSE01,,,,VL01N
100,OR1000000051000020,E0003,,305,2024-07-09,13:46:55,WHOUSE01,,,,VL02N
100,OR1000000051000020,E0004,,306,2024-07-10,10:27:57,FINANCE02,,,,VF01
100,OR1000000051000020,E0005,,307,2024-07-12,09:33:39,AUTOCLR,,,,VF02
100,OR1000000052000010,E0001,,308,2024-01-28,11:08:08,SALEUSER3,,,,VA01
100,OR1000000052000010,E0002,,309,2024-02-22,17:29:16,WHOUSE02,,,,VL01N
100,OR1000000052000010,E0003,,310,2024-02-23,11:37:58,WHOUSE02,,,,VL02N
100,OR1000000052000010,E0004,,311,2024-02-25,10:58:07,FINANCE02,,,,VF01
100,OR1000000052000010,E0005,,312,2024-02-27,06:47:02,FINANCE01,,,,VF02
100,OR1000000053000010,E0001,,313,2024-03-28,11:19:31,SALEUSER1,,,,VA01
100,OR1000000053000010,E0002,,314,2024-04-25,17:59:59,WHOUSE02,,,,VL01N
100,OR1000000053000010,E0003,,315,2024-04-27,17:41:51,WHOUSE02,,,,VL02N
100,OR1000000053000010,E0004,,316,2024-04-26,14:02:37,FINANCE02,,,,VF01
100,OR1000000053000010,E0005,,317,2024-04-29,17:50:44,AUTOCLR,,,,VF02
100,OR1000000053000020,E0001,,318,2024-03-28,13:58:22,SALEUSER1,,,,VA01
100,OR1000000053000020,E0002,,319,2024-04-25,12:42:32,WHOUSE02,,,,VL01N
100,OR1000000053000020,E0003,,320,2024-04-25,16:48:51,WHOUSE01,,,,VL02N
100,OR1000000053000020,E0004,,321,2024-04-26,12:34:47,FINANCE01,,,,VF01
100,OR1000000053000020,E0005,,322,2024-04-29,14:40:36,AUTOCLR,,,,VF02
100,OR1000000054000010,E0001,,323,2024-05-15,10:05:07,SALEUSER1,,,,VA01
100,OR1000000054000010,E0006,,324,2024-05-20,15:50:10,SALEUSER3,,,,VA02
100,OR1000000055000010,E0001,,325,2024-07-12,06:39:09,SALEUSER2,,,,VA01
100,OR1000000055000010,E0002,,326,2024-07-25,10:07:07,WHOUSE02,,,,VL01N
100,OR1000000055000010,E0003,,327,2024-07-26,15:32:32,WHOUSE01,,,,VL02N
100,OR1000000055000010,E0004,,328,2024-07-26,14:10:04,FINANCE02,,,,VF01
100,OR1000000055000010,E0005,,329,2024-07-27,12:20:46,AUTOCLR,,,,VF02
100,OR1000000056000010,E0001,,330,2024-03-17,10:28:16,SALEUSER2,,,,VA01
100,OR1000000056000010,E0002,,331,2024-04-18,13:01:30,WHOUSE02,,,,VL01N
100,OR1000000056000010,E0003,,332,2024-04-19,13:59:26,WHOUSE02,,,,VL02N
100,OR1000000056000010,E0004,,333,2024-04-21,14:22:46,FINANCE01,,,,VF01
100,OR1000000056000010,E0005,,334,2024-04-23,08:39:39,FINANCE01,,,,VF02
100,OR1000000057000010,E0001,,335,2024-02-28,16:07:00,SALEUSER1,,,,VA01
100,OR1000000057000010,E0002,,336,2024-03-18,07:27:20,WHOUSE02,,,,VL01N
100,OR1000000057000010,E0003,,337,2024-03-18,09:03:41,WHOUSE02,,,,VL02N
100,OR1000000058000010,E0001,,338,2024-09-12,09:03:33,SALEUSER1,,,,VA01
100,OR1000000058000010,E0002,,339,2024-10-13,14:47:10,WHOUSE01,,,,VL01N
100,OR1000000058000010,E0003,,340,2024-10-14,10:25:01,WHOUSE02,,,,VL02N
100,OR1000000058000010,E0004,,341,2024-10-18,10:27:46,FINANCE01,,,,VF01
100,OR1000000058000010,E0005,,342,2024-10-20,12:12:57,FINANCE01,,,,VF02
100,OR1000000058000020,E0001,,343,2024-09-12,11:30:16,SALEUSER1,,,,VA01
100,OR1000000058000020,E0002,,344,2024-10-13,14:12:53,WHOUSE02,,,,VL01N
100,OR1000000058000020,E0003,,345,2024-10-13,15:27:24,WHOUSE02,,,,VL02N
100,OR1000000058000020,E0004,,346,2024-10-18,16:10:08,FINANCE02,,,,VF01
100,OR1000000058000020,E0005,,347,2024-10-21,12:10:53,FINANCE01,,,,VF02
100,OR1000000059000010,E0001,,348,2024-04-15,11:46:10,SALEUSER3,,,,VA01
100,OR1000000059000010,E0002,,349,2024-05-06,17:08:04,WHOUSE02,,,,VL01N
100,OR1000000059000010,E0003,,350,2024-05-07,16:56:37,WHOUSE01,,,,VL02N
100,OR1000000059000010,E0004,,351,2024-05-10,11:29:24,FINANCE02,,,,VF01
100,OR1000000059000010,E0005,,352,2024-05-11,16:38:58,FINANCE01,,,,VF02
100,OR1000000059000020,E0001,,353,2024-04-15,16:59:03,SALEUSER3,,,,VA01
100,OR1000000059000020,E0002,,354,2024-05-06,10:31:31,WHOUSE02,,,,VL01N
100,OR1000000059000020,E0003,,355,2024-05-07,15:46:17,WHOUSE02,,,,VL02N
100,OR1000000059000020,E0004,,356,2024-05-10,11:25:09,FINANCE02,,,,VF01
100,OR1000000059000020,E0005,,357,2024-05-11,08:06:52,FINANCE01,,,,VF02
100,OR1000000060000010,E0001,,358,2024-08-12,06:51:33,SALEUSER2,,,,VA01
100,OR1000000060000010,I0002,,359,2024-08-13,07:06:49,SALEUSER2,,,,VA02
100,OR1000000060000010,I0002,X,360,2024-08-27,14:19:08,SALEUSER2,,,,VA02
100,OR1000000060000010,E0002,,361,2024-08-25,16:48:33,WHOUSE01,,,,VL01N
100,OR1000000060000010,E0003,,362,2024-08-26,12:10:56,WHOUSE02,,,,VL02N
100,OR1000000061000010,E0001,,363,2024-05-24,16:55:07,SALEUSER3,,,,VA01
100,OR1000000061000010,E0002,,364,2024-06-20,08:25:42,WHOUSE01,,,,VL01N
100,OR1000000061000010,E0003,,365,2024-06-22,14:55:29,WHOUSE02,,,,VL02N
100,OR1000000061000010,E0004,,366,2024-06-21,08:24:24,FINANCE02,,,,VF01
100,OR1000000061000010,E0005,,367,2024-06-24,11:08:34,FINANCE01,,,,VF02
100,OR1000000062000010,E0001,,368,2024-05-15,10:17:19,SALEUSER3,,,,VA01
100,OR1000000062000010,E0002,,369,2024-06-02,13:27:46,WHOUSE02,,,,VL01N
100,OR1000000062000010,E0003,,370,2024-06-02,08:18:31,WHOUSE02,,,,VL02N
100,OR1000000062000010,E0004,,371,2024-06-06,17:36:17,FINANCE01,,,,VF01
100,OR1000000062000010,E0005,,372,2024-06-07,15:29:13,FINANCE01,,,,VF02
100,OR1000000063000010,E0001,,373,2024-09-28,06:45:06,SALEUSER1,,,,VA01
100,OR1000000063000010,I0002,,374,2024-09-29,17:21:01,SALEUSER1,,,,VA02
100,OR1000000063000010,E0002,,375,2024-10-13,15:26:42,WHOUSE01,,,,VL01N
100,OR1000000063000010,E0003,,376,2024-10-15,14:59:07,WHOUSE01,,,,VL02N
100,OR1000000064000010,E0001,,377,2024-04-04,15:53:03,SALEUSER2,,,,VA01
100,OR1000000064000010,I0001,,378,2024-04-05,10:58:07,SALEUSER2,,,,VA02
100,OR1000000064000010,I0001,X,379,2024-04-09,09:49:29,FINANCE01,,,,VA02
100,OR1000000064000010,E0002,,380,2024-04-24,07:21:05,WHOUSE01,,,,VL01N
100,OR1000000064000010,E0003,,381,2024-04-26,08:54:40,WHOUSE02,,,,VL02N
100,OR1000000064000010,E0004,,382,2024-04-28,09:39:17,FINANCE01,,,,VF01
100,OR1000000065000010,E0001,,383,2024-06-22,08:25:27,SALEUSER1,,,,VA01
100,OR1000000065000010,E0002,,384,2024-07-14,08:01:56,WHOUSE02,,,,VL01N
100,OR1000000065000010,E0003,,385,2024-07-14,16:56:59,WHOUSE02,,,,VL02N
100,OR1000000065000010,E0004,,386,2024-07-15,07:21:35,FINANCE02,,,,VF01
100,OR1000000065000010,E0005,,387,2024-07-16,08:29:50,AUTOCLR,,,,VF02
100,OR1000000065000020,E0001,,388,2024-06-22,16:35:20,SALEUSER1,,,,VA01
100,OR1000000065000020,E0002,,389,2024-07-14,14:32:47,WHOUSE01,,,,VL01N
100,OR1000000065000020,E0003,,390,2024-07-15,06:09:00,WHOUSE01,,,,VL02N
100,OR1000000065000020,E0004,,391,2024-07-15,09:30:20,FINANCE02,,,,VF01
100,OR1000000065000020,E0005,,392,2024-07-17,13:01:30,AUTOCLR,,,,VF02
100,OR1000000066000010,E0001,,393,2024-04-10,16:58:07,SALEUSER1,,,,VA01
100,OR1000000066000010,E0002,,394,2024-05-10,16:02:07,WHOUSE01,,,,VL01N
100,OR1000000066000010,E0003,,395,2024-05-10,09:45:17,WHOUSE02,,,,VL02N
100,OR1000000066000010,E0004,,396,2024-05-15,09:23:38,FINANCE02,,,,VF01
100,OR1000000066000010,E0005,,397,2024-05-18,06:21:27,AUTOCLR,,,,VF02
100,OR1000000066000020,E0001,,398,2024-04-10,12:52:44,SALEUSER1,,,,VA01
100,OR1000000066000020,E0002,,399,2024-05-10,09:55:33,WHOUSE01,,,,VL01N
100,OR1000000066000020,E0003,,400,2024-05-11,15:45:36,WHOUSE01,,,,VL02N
100,OR1000000066000020,E0004,,401,2024-05-15,12:44:06,FINANCE01,,,,VF01
100,OR1000000066000020,E0005,,402,2024-05-16,07:01:33,AUTOCLR,,,,VF02
100,OR1000000067000010,E0001,,403,2024-06-17,17:44:36,SALEUSER2,,,,VA01
100,OR1000000067000010,I0001,,404,2024-06-18,14:02:30,SALEUSER2,,,,VA02
100,OR1000000067000010,E0002,,405,2024-07-06,17:31:46,WHOUSE02,,,,VL01N
100,OR1000000067000010,E0003,,406,2024-07-07,09:15:42,WHOUSE02,,,,VL02N
100,OR1000000067000010,E0004,,407,2024-07-11,08:28:13,FINANCE02,,,,VF01
100,OR1000000068000010,E0001,,408,2024-01-08,10:46:14,SALEUSER2,,,,VA01
100,OR1000000068000010,E0002,,409,2024-01-30,06:02:26,WHOUSE02,,,,VL01N
100,OR1000000068000010,E0003,,410,2024-02-01,14:22:38,WHOUSE02,,,,VL02N
100,OR1000000068000010,E0004,,411,2024-02-04,10:57:37,FINANCE01,,,,VF01
100,OR1000000068000010,E0005,,412,2024-02-06,11:29:58,AUTOCLR,,,,VF02
100,OR1000000069000010,E0001,,413,2024-02-12,06:05:56,SALEUSER1,,,,VA01
100,OR1000000069000010,I0001,,414,2024-02-13,07:43:13,SALEUSER1,,,,VA02
100,OR1000000069000010,I0001,X,415,2024-02-18,15:50:14,SALEUSER1,,,,VA02
100,OR1000000069000010,E0002,,416,2024-02-17,12:47:14,WHOUSE02,,,,VL01N
100,OR1000000069000010,E0003,,417,2024-02-17,06:24:39,WHOUSE02,,,,VL02N
100,OR1000000069000010,E0004,,418,2024-02-21,10:29:01,FINANCE02,,,,VF01
100,OR1000000069000020,E0001,,419,2024-02-12,09:07:15,SALEUSER1,,,,VA01
100,OR1000000069000020,I0001,,420,2024-02-13,11:37:39,SALEUSER2,,,,VA02
100,OR1000000069000020,E0002,,421,2024-02-17,15:47:40,WHOUSE01,,,,VL01N
100,OR1000000069000020,E0003,,422,2024-02-17,10:25:39,WHOUSE01,,,,VL02N
100,OR1000000069000020,E0004,,423,2024-02-21,08:27:57,FINANCE02,,,,VF01
100,OR1000000070000010,E0001,,424,2024-09-04,13:46:59,SALEUSER2,,,,VA01
100,OR1000000070000010,E0002,,425,2024-09-27,12:16:19,WHOUSE02,,,,VL01N
100,OR1000000070000010,E0003,,426,2024-09-29,14:21:20,WHOUSE02,,,,VL02N
100,OR1000000070000010,E0004,,427,2024-10-01,06:06:41,FINANCE02,,,,VF01
100,OR1000000070000010,E0005,,428,2024-10-02,17:29:09,AUTOCLR,,,,VF02
100,OR1000000071000010,E0001,,429,2024-02-03,07:45:59,SALEUSER2,,,,VA01
100,OR1000000071000010,E0002,,430,2024-03-02,16:02:07,WHOUSE02,,,,VL01N
100,OR1000000071000010,E0003,,431,2024-03-03,13:05:37,WHOUSE01,,,,VL02N
100,OR1000000071000010,E0004,,432,2024-03-03,12:27:09,FINANCE02,,,,VF01
100,OR1000000071000010,E0005,,433,2024-03-04,12:37:21,AUTOCLR,,,,VF02
100,OR1000000072000010,E0001,,434,2024-05-24,06:00:56,SALEUSER2,,,,VA01
100,OR1000000072000010,E0002,,435,2024-06-04,06:15:42,WHOUSE01,,,,VL01N
100,OR1000000072000010,E0003,,436,2024-06-05,13:49:36,WHOUSE01,,,,VL02N
100,OR1000000072000010,E0004,,437,2024-06-07,17:43:02,FINANCE01,,,,VF01
100,OR1000000072000010,E0005,,438,2024-06-09,06:13:38,AUTOCLR,,,,VF02
100,OR1000000073000010,E0001,,439,2024-07-22,09:38:21,SALEUSER2,,,,VA01
100,OR1000000073000010,I0001,,440,2024-07-23,06:54:33,SALEUSER2,,,,VA02
100,OR1000000073000010,I0002,,441,2024-07-23,06:44:47,SALEUSER2,,,,VA02
100,OR1000000073000010,I0002,X,442,2024-08-04,15:14:57,SALEUSER2,,,,VA02
100,OR1000000073000010,E0002,,443,2024-08-03,08:06:52,WHOUSE02,,,,VL01N
100,OR1000000073000010,E0003,,444,2024-08-03,14:38:43,WHOUSE01,,,,VL02N
100,OR1000000074000010,E0001,,445,2024-05-06,15:17:31,SALEUSER2,,,,VA01
100,OR1000000074000010,I0002,,446,2024-05-07,11:04:07,SALEUSER2,,,,VA02
100,OR1000000074000010,E0002,,447,2024-06-02,09:43:21,WHOUSE02,,,,VL01N
100,OR1000000074000010,E0003,,448,2024-06-04,09:06:00,WHOUSE02,,,,VL02N
100,OR1000000075000010,E0001,,449,2024-06-15,17:17:42,SALEUSER3,,,,VA01
100,OR1000000075000010,E0002,,450,2024-07-15,10:45:36,WHOUSE02,,,,VL01N
100,OR1000000075000010,E0003,,451,2024-07-15,11:40:40,WHOUSE02,,,,VL02N
100,OR1000000075000010,E0004,,452,2024-07-17,14:17:16,FINANCE01,,,,VF01
100,OR1000000075000010,E0005,,453,2024-07-20,11:46:59,AUTOCLR,,,,VF02
100,OR1000000076000010,E0001,,454,2024-03-22,06:28:50,SALEUSER2,,,,VA01
100,OR1000000076000010,E0002,,455,2024-04-04,11:55:07,WHOUSE02,,,,VL01N
100,OR1000000076000010,E0003,,456,2024-04-04,13:31:35,WHOUSE01,,,,VL02N
100,OR1000000076000010,E0004,,457,2024-04-07,08:42:51,FINANCE01,,,,VF01
100,OR1000000076000010,E0005,,458,2024-04-08,14:26:20,FINANCE01,,,,VF02
100,OR1000000077000010,E0001,,459,2024-02-16,08:03:07,SALEUSER3,,,,VA01
100,OR1000000077000010,I0001,,460,2024-02-17,07:07:22,SALEUSER1,,,,VA02
100,OR1000000077000010,I0001,X,461,2024-02-21,08:38:51,FINANCE01,,,,VA02
100,OR1000000077000010,E0002,,462,2024-03-29,17:17:57,WHOUSE01,,,,VL01N
100,OR1000000077000010,E0003,,463,2024-03-29,08:12:30,WHOUSE02,,,,VL02N
100,OR1000000077000010,E0004,,464,2024-04-02,08:39:13,FINANCE01,,,,VF01
100,OR1000000078000010,E0001,,465,2024-08-20,06:27:57,SALEUSER2,,,,VA01
100,OR1000000078000010,E0002,,466,2024-09-12,16:27:05,WHOUSE01,,,,VL01N
100,OR1000000078000010,E0003,,467,2024-09-14,17:02:18,WHOUSE01,,,,VL02N
100,OR1000000078000010,E0004,,468,2024-09-16,10:22:46,FINANCE02,,,,VF01
100,OR1000000078000010,E0005,,469,2024-09-17,13:06:56,FINANCE01,,,,VF02
100,OR1000000079000010,E0001,,470,2024-03-23,10:51:21,SALEUSER3,,,,VA01
100,OR1000000079000010,E0002,,471,2024-04-12,12:25:46,WHOUSE01,,,,VL01N
100,OR1000000079000010,E0003,,472,2024-04-14,13:33:54,WHOUSE01,,,,VL02N
100,OR1000000079000010,E0004,,473,2024-04-13,07:18:19,FINANCE01,,,,VF01
100,OR1000000079000010,E0005,,474,2024-04-14,13:35:43,FINANCE01,,,,VF02
100,OR1000000080000010,E0001,,475,2024-04-23,08:29:58,SALEUSER3,,,,VA01
100,OR1000000080000010,E0002,,476,2024-05-17,16:33:39,WHOUSE01,,,,VL01N
100,OR1000000080000010,E0003,,477,2024-05-17,12:49:14,WHOUSE01,,,,VL02N
100,OR1000000080000010,E0004,,478,2024-05-22,15:53:03,FINANCE02,,,,VF01
100,OR1000000080000010,E0005,,479,2024-05-23,12:19:46,FINANCE01,,,,VF02
100,OR1000000081000010,E0001,,480,2024-01-12,16:14:45,SALEUSER1,,,,VA01
100,OR1000000081000010,E0002,,481,2024-01-23,12:39:21,WHOUSE02,,,,VL01N
100,OR1000000081000010,E0003,,482,2024-01-23,06:36:21,WHOUSE02,,,,VL02N
100,OR1000000081000010,E0004,,483,2024-01-28,11:30:01,FINANCE01,,,,VF01
100,OR1000000081000010,E0005,,484,2024-01-30,15:23:08,FINANCE01,,,,VF02
100,OR1000000081000020,E0001,,485,2024-01-12,06:38:17,SALEUSER1,,,,VA01
100,OR1000000081000020,E0002,,486,2024-01-23,09:39:54,WHOUSE02,,,,VL01N
100,OR1000000081000020,E0003,,487,2024-01-24,11:48:03,WHOUSE02,,,,VL02N
100,OR1000000081000020,E0004,,488,2024-01-28,06:33:43,FINANCE02,,,,VF01
100,OR1000000081000020,E0005,,489,2024-01-31,10:49:59,FINANCE01,,,,VF02
100,OR1000000082000010,E0001,,490,2024-02-08,07:55:48,SALEUSER1,,,,VA01
100,OR1000000082000010,E0002,,491,2024-02-25,17:23:20,WHOUSE01,,,,VL01N
100,OR1000000082000010,E0003,,492,2024-02-25,07:06:04,WHOUSE02,,,,VL02N
100,OR1000000082000010,E0004,,493,2024-03-03,07:54:29,FINANCE01,,,,VF01
100,OR1000000082000010,E0005,,494,2024-03-04,17:38:17,AUTOCLR,,,,VF02
100,OR1000000083000010,E0001,,495,2024-09-12,08:48:18,SALEUSER2,,,,VA01
100,OR1000000083000010,E0002,,496,2024-09-21,09:54:37,WHOUSE01,,,,VL01N
100,OR1000000083000010,E0003,,497,2024-09-23,10:46:21,WHOUSE01,,,,VL02N
100,OR1000000083000010,E0004,,498,2024-09-25,09:50:10,FINANCE01,,,,VF01
100,OR1000000083000010,E0005,,499,2024-09-27,12:04:30,AUTOCLR,,,,VF02
100,OR1000000084000010,E0001,,500,2024-02-23,15:51:36,SALEUSER3,,,,VA01
100,OR1000000084000010,E0002,,501,2024-03-11,10:01:45,WHOUSE02,,,,VL01N
100,OR1000000084000010,E0003,,502,2024-03-12,09:44:21,WHOUSE01,,,,VL02N
100,OR1000000084000010,E0004,,503,2024-03-12,10:06:37,FINANCE02,,,,VF01
100,OR1000000084000010,E0005,,504,2024-03-13,09:42:13,AUTOCLR,,,,VF02
100,OR1000000084000020,E0001,,505,2024-02-23,09:15:30,SALEUSER3,,,,VA01
100,OR1000000084000020,E0002,,506,2024-03-11,17:32:47,WHOUSE01,,,,VL01N
100,OR1000000084000020,E0003,,507,2024-03-12,17:50:03,WHOUSE02,,,,VL02N
100,OR1000000084000020,E0004,,508,2024-03-12,08:21:27,FINANCE02,,,,VF01
100,OR1000000084000020,E0005,,509,2024-03-13,08:29:01,FINANCE01,,,,VF02
100,OR1000000085000010,E0001,,510,2024-02-22,14:19:19,SALEUSER1,,,,VA01
100,OR1000000085000010,E0002,,511,2024-03-04,15:54:18,WHOUSE01,,,,VL01N
100,OR1000000085000010,E0003,,512,2024-03-06,14:05:41,WHOUSE01,,,,VL02N
100,OR1000000086000010,E0001,,513,2024-09-08,07:24:35,SALEUSER1,,,,VA01
100,OR1000000086000010,E0002,,514,2024-10-06,08:13:19,WHOUSE01,,,,VL01N
100,OR1000000086000010,E0003,,515,2024-10-07,09:58:52,WHOUSE02,,,,VL02N
100,OR1000000086000010,E0004,,516,2024-10-07,17:05:34,FINANCE01,,,,VF01
100,OR1000000086000010,E0005,,517,2024-10-08,08:33:28,FINANCE01,,,,VF02
100,OR1000000086000020,E0001,,518,2024-09-08,08:59:26,SALEUSER1,,,,VA01
100,OR1000000086000020,E0002,,519,2024-10-06,14:57:22,WHOUSE01,,,,VL01N
100,OR1000000086000020,E0003,,520,2024-10-06,10:00:56,WHOUSE01,,,,VL02N
100,OR1000000086000020,E0004,,521,2024-10-07,15:32:50,FINANCE01,,,,VF01
100,OR1000000086000020,E0005,,522,2024-10-09,11:00:11,FINANCE01,,,,VF02
100,OR1000000087000010,E0001,,523,2024-01-07,06:50:55,SALEUSER2,,,,VA01
100,OR1000000087000010,E0002,,524,2024-02-13,06:38:02,WHOUSE02,,,,VL01N
100,OR1000000087000010,E0003,,525,2024-02-15,09:04:56,WHOUSE02,,,,VL02N
100,OR1000000088000010,E0001,,526,2024-09-14,09:29:50,SALEUSER1,,,,VA01
100,OR1000000088000010,E0002,,527,2024-09-30,06:56:03,WHOUSE02,,,,VL01N
100,OR1000000088000010,E0003,,528,2024-10-02,08:48:48,WHOUSE02,,,,VL02N
100,OR1000000088000010,E0004,,529,2024-10-03,13:26:27,FINANCE01,,,,VF01
100,OR1000000088000010,E0005,,530,2024-10-05,15:55:44,FINANCE01,,,,VF02
100,OR1000000088000020,E0001,,531,2024-09-14,09:16:49,SALEUSER1,,,,VA01
100,OR1000000088000020,E0002,,532,2024-09-30,17:42:17,WHOUSE02,,,,VL01N
100,OR1000000088000020,E0003,,533,2024-10-01,07:03:15,WHOUSE02,,,,VL02N
100,OR1000000088000020,E0004,,534,2024-10-03,07:17:53,FINANCE02,,,,VF01
100,OR1000000088000020,E0005,,535,2024-10-05,08:08:11,AUTOCLR,,,,VF02
100,OR1000000089000010,E0001,,536,2024-09-09,10:16:04,SALEUSER1,,,,VA01
100,OR1000000089000010,I0002,,537,2024-09-10,08:45:44,SALEUSER1,,,,VA02
100,OR1000000089000010,I0002,X,538,2024-09-17,06:51:29,SALEUSER1,,,,VA02
100,OR1000000089000010,E0002,,539,2024-10-01,08:38:06,WHOUSE02,,,,VL01N
100,OR1000000089000010,E0003,,540,2024-10-03,12:55:22,WHOUSE01,,,,VL02N
100,OR1000000090000010,E0001,,541,2024-09-28,15:11:23,SALEUSER1,,,,VA01
100,OR1000000090000010,I0002,,542,2024-09-29,07:36:32,SALEUSER1,,,,VA02
100,OR1000000090000010,I0002,X,543,2024-10-13,13:02:15,SALEUSER1,,,,VA02
100,OR1000000090000010,E0002,,544,2024-11-04,07:03:48,WHOUSE02,,,,VL01N
100,OR1000000090000010,E0003,,545,2024-11-04,08:29:16,WHOUSE02,,,,VL02N
100,OR1000000091000010,E0001,,546,2024-04-03,09:29:01,SALEUSER3,,,,VA01
100,OR1000000091000010,E0002,,547,2024-05-10,16:52:40,WHOUSE02,,,,VL01N
100,OR1000000091000010,E0003,,548,2024-05-10,06:31:46,WHOUSE02,,,,VL02N
100,OR1000000091000010,E0004,,549,2024-05-17,06:15:12,FINANCE02,,,,VF01
100,OR1000000091000010,E0005,,550,2024-05-19,12:32:28,FINANCE01,,,,VF02
100,OR1000000091000020,E0001,,551,2024-04-03,16:10:08,SALEUSER3,,,,VA01
100,OR1000000091000020,E0002,,552,2024-05-10,17:48:51,WHOUSE02,,,,VL01N
100,OR1000000091000020,E0003,,553,2024-05-12,10:04:52,WHOUSE02,,,,VL02N
100,OR1000000091000020,E0004,,554,2024-05-17,06:41:36,FINANCE02,,,,VF01
100,OR1000000091000020,E0005,,555,2024-05-19,16:42:25,FINANCE01,,,,VF02
100,OR1000000092000010,E0001,,556,2024-08-02,12:34:09,SALEUSER2,,,,VA01
100,OR1000000092000010,E0006,,557,2024-08-03,14:20:38,SALEUSER3,,,,VA02
100,OR1000000093000010,E0001,,558,2024-09-14,10:01:30,SALEUSER2,,,,VA01
100,OR1000000093000010,E0002,,559,2024-10-06,12:08:15,WHOUSE02,,,,VL01N
100,OR1000000093000010,E0003,,560,2024-10-08,08:57:41,WHOUSE02,,,,VL02N
100,OR1000000093000010,E0004,,561,2024-10-10,16:44:29,FINANCE01,,,,VF01
100,OR1000000093000010,E0005,,562,2024-10-11,10:45:06,FINANCE01,,,,VF02
100,OR1000000094000010,E0001,,563,2024-09-26,16:26:27,SALEUSER1,,,,VA01
100,OR1000000094000010,E0002,,564,2024-10-20,17:46:51,WHOUSE02,,,,VL01N
100,OR1000000094000010,E0003,,565,2024-10-20,10:07:19,WHOUSE01,,,,VL02N
100,OR1000000094000010,E0004,,566,2024-10-24,15:12:23,FINANCE01,,,,VF01
100,OR1000000094000010,E0005,,567,2024-10-25,15:58:29,FINANCE01,,,,VF02
100,OR1000000094000020,E0001,,568,2024-09-26,08:48:44,SALEUSER1,,,,VA01
100,OR1000000094000020,E0002,,569,2024-10-20,08:40:43,WHOUSE02,,,,VL01N
100,OR1000000094000020,E0003,,570,2024-10-20,17:16:16,WHOUSE02,,,,VL02N
100,OR1000000094000020,E0004,,571,2024-10-24,15:17:31,FINANCE02,,,,VF01
100,OR1000000094000020,E0005,,572,2024-10-27,13:31:28,AUTOCLR,,,,VF02
100,OR1000000095000010,E0001,,573,2024-09-08,11:01:52,SALEUSER2,,,,VA01
100,OR1000000095000010,I0002,,574,2024-09-09,08:15:42,SALEUSER2,,,,VA02
100,OR1000000095000010,E0002,,575,2024-09-28,17:17:04,WHOUSE01,,,,VL01N
100,OR1000000095000010,E0003,,576,2024-09-30,17:29:20,WHOUSE01,,,,VL02N
100,OR1000000096000010,E0001,,577,2024-01-23,07:00:48,SALEUSER1,,,,VA01
100,OR1000000096000010,E0002,,578,2024-02-13,12:18:19,WHOUSE01,,,,VL01N
100,OR1000000096000010,E0003,,579,2024-02-14,07:32:17,WHOUSE02,,,,VL02N
100,OR1000000096000010,E0004,,580,2024-02-15,06:47:47,FINANCE02,,,,VF01
100,OR1000000096000010,E0005,,581,2024-02-16,17:21:08,AUTOCLR,,,,VF02
100,OR1000000096000020,E0001,,582,2024-01-23,09:37:06,SALEUSER1,,,,VA01
100,OR1000000096000020,E0002,,583,2024-02-13,08:21:23,WHOUSE02,,,,VL01N
100,OR1000000096000020,E0003,,584,2024-02-13,10:25:50,WHOUSE02,,,,VL02N
100,OR1000000096000020,E0004,,585,2024-02-15,09:11:08,FINANCE01,,,,VF01
100,OR1000000096000020,E0005,,586,2024-02-18,11:22:50,FINANCE01,,,,VF02
100,OR1000000097000010,E0001,,587,2024-08-14,08:38:54,SALEUSER1,,,,VA01
100,OR1000000097000010,E0002,,588,2024-08-25,14:46:51,WHOUSE01,,,,VL01N
100,OR1000000097000010,E0003,,589,2024-08-25,14:11:15,WHOUSE01,,,,VL02N
100,OR1000000097000010,E0004,,590,2024-08-30,10:36:58,FINANCE01,,,,VF01
100,OR1000000097000010,E0005,,591,2024-08-31,15:38:17,FINANCE01,,,,VF02
100,OR1000000098000010,E0001,,592,2024-01-09,08:32:02,SALEUSER2,,,,VA01
100,OR1000000098000010,E0002,,593,2024-01-16,15:03:07,WHOUSE01,,,,VL01N
100,OR1000000098000010,E0003,,594,2024-01-18,09:45:21,WHOUSE01,,,,VL02N
100,OR1000000098000010,E0004,,595,2024-01-18,10:22:53,FINANCE02,,,,VF01
100,OR1000000098000010,E0005,,596,2024-01-20,06:43:13,AUTOCLR,,,,VF02
100,OR1000000099000010,E0001,,597,2024-08-05,06:46:55,SALEUSER2,,,,VA01
100,OR1000000099000010,E0002,,598,2024-08-23,14:47:51,WHOUSE02,,,,VL01N
100,OR1000000099000010,E0003,,599,2024-08-23,13:40:32,WHOUSE01,,,,VL02N
100,OR1000000099000010,E0004,,600,2024-08-24,08:36:21,FINANCE02,,,,VF01
100,OR1000000099000010,E0005,,601,2024-08-25,14:41:10,AUTOCLR,,,,VF02
100,OR1000000099000020,E0001,,602,2024-08-05,07:26:46,SALEUSER2,,,,VA01
100,OR1000000099000020,E0002,,603,2024-08-23,13:32:17,WHOUSE01,,,,VL01N
100,OR1000000099000020,E0003,,604,2024-08-25,10:29:46,WHOUSE02,,,,VL02N
100,OR1000000099000020,E0004,,605,2024-08-24,08:01:22,FINANCE01,,,,VF01
100,OR1000000099000020,E0005,,606,2024-08-26,09:37:17,FINANCE01,,,,VF02
100,OR1000000100000010,E0001,,607,2024-03-19,12:58:48,SALEUSER2,,,,VA01
100,OR1000000100000010,E0002,,608,2024-03-25,17:50:44,WHOUSE01,,,,VL01N
100,OR1000000100000010,E0003,,609,2024-03-26,09:42:28,WHOUSE01,,,,VL02N
100,OR1000000100000010,E0004,,610,2024-03-30,16:29:05,FINANCE02,,,,VF01
100,OR1000000100000010,E0005,,611,2024-03-31,13:07:07,AUTOCLR,,,,VF02
100,OR1000000101000010,E0001,,612,2024-03-17,09:08:08,SALEUSER3,,,,VA01
100,OR1000000101000010,E0002,,613,2024-05-02,14:56:03,WHOUSE02,,,,VL01N
100,OR1000000101000010,E0003,,614,2024-05-03,07:48:14,WHOUSE01,,,,VL02N
100,OR1000000101000010,E0004,,615,2024-05-03,07:48:59,FINANCE02,,,,VF01
100,OR1000000101000010,E0005,,616,2024-05-06,10:58:11,AUTOCLR,,,,VF02
100,OR1000000102000010,E0001,,617,2024-06-05,15:21:53,SALEUSER2,,,,VA01
100,OR1000000102000010,I0001,,618,2024-06-06,08:21:27,SALEUSER1,,,,VA02
100,OR1000000102000010,I0001,X,619,2024-06-10,12:52:55,SALEUSER1,,,,VA02
100,OR1000000102000010,E0002,,620,2024-07-14,16:11:38,WHOUSE01,,,,VL01N
100,OR1000000102000010,E0003,,621,2024-07-16,07:43:13,WHOUSE01,,,,VL02N
100,OR1000000102000010,E0004,,622,2024-07-19,15:43:43,FINANCE02,,,,VF01
100,OR1000000102000020,E0001,,623,2024-06-05,07:25:24,SALEUSER2,,,,VA01
100,OR1000000102000020,I0001,,624,2024-06-06,08:28:16,SALEUSER1,,,,VA02
100,OR1000000102000020,E0002,,625,2024-07-14,17:28:50,WHOUSE01,,,,VL01N
100,OR1000000102000020,E0003,,626,2024-07-15,11:24:24,WHOUSE02,,,,VL02N
100,OR1000000102000020,E0004,,627,2024-07-19,06:43:13,FINANCE02,,,,VF01
100,OR1000000103000010,E0001,,628,2024-02-21,11:06:19,SALEUSER1,,,,VA01
100,OR1000000103000010,E0002,,629,2024-03-09,08:00:30,WHOUSE02,,,,VL01N
100,OR1000000103000010,E0003,,630,2024-03-11,14:30:50,WHOUSE01,,,,VL02N
100,OR1000000104000010,E0001,,631,2024-07-29,09:30:28,SALEUSER2,,,,VA01
100,OR1000000104000010,E0002,,632,2024-08-15,07:27:31,WHOUSE02,,,,VL01N
100,OR1000000104000010,E0003,,633,2024-08-16,09:06:22,WHOUSE01,,,,VL02N
100,OR1000000104000010,E0004,,634,2024-08-16,13:05:49,FINANCE02,,,,VF01
100,OR1000000104000010,E0005,,635,2024-08-19,15:52:48,AUTOCLR,,,,VF02
100,OR1000000105000010,E0001,,636,2024-02-02,10:51:18,SALEUSER2,,,,VA01
100,OR1000000105000010,E0002,,637,2024-03-04,16:40:06,WHOUSE01,,,,VL01N
100,OR1000000105000010,E0003,,638,2024-03-04,08:03:41,WHOUSE02,,,,VL02N
100,OR1000000106000010,E0001,,639,2024-03-07,09:12:38,SALEUSER2,,,,VA01
100,OR1000000106000010,I0002,,640,2024-03-08,15:18:16,SALEUSER2,,,,VA02
100,OR1000000106000010,E0002,,641,2024-04-03,15:50:10,WHOUSE02,,,,VL01N
100,OR1000000106000010,E0003,,642,2024-04-03,10:04:45,WHOUSE01,,,,VL02N
100,OR1000000106000020,E0001,,643,2024-03-07,14:46:40,SALEUSER2,,,,VA01
100,OR1000000106000020,I0002,,644,2024-03-08,11:39:54,SALEUSER2,,,,VA02
100,OR1000000106000020,E0002,,645,2024-04-03,08:48:40,WHOUSE01,,,,VL01N
100,OR1000000106000020,E0003,,646,2024-04-05,09:30:35,WHOUSE01,,,,VL02N
100,OR1000000107000010,E0001,,647,2024-01-15,16:20:27,SALEUSER2,,,,VA01
100,OR1000000107000010,E0002,,648,2024-01-28,16:47:36,WHOUSE02,,,,VL01N
100,OR1000000107000010,E0003,,649,2024-01-29,06:50:06,WHOUSE01,,,,VL02N
100,OR1000000107000010,E0004,,650,2024-02-01,06:37:47,FINANCE01,,,,VF01
100,OR1000000107000010,E0005,,651,2024-02-04,16:26:42,AUTOCLR,,,,VF02
100,OR1000000108000010,E0001,,652,2024-03-26,17:00:11,SALEUSER3,,,,VA01
100,OR1000000108000010,I0001,,653,2024-03-27,16:58:14,SALEUSER1,,,,VA02
100,OR1000000108000010,I0001,X,654,2024-04-01,14:38:54,SALEUSER1,,,,VA02
100,OR1000000108000010,E0002,,655,2024-05-03,14:32:17,WHOUSE02,,,,VL01N
100,OR1000000108000010,E0003,,656,2024-05-04,15:53:14,WHOUSE02,,,,VL02N
100,OR1000000108000010,E0004,,657,2024-05-05,11:37:54,FINANCE02,,,,VF01
100,OR1000000109000010,E0001,,658,2024-04-05,10:37:09,SALEUSER2,,,,VA01
100,OR1000000109000010,E0002,,659,2024-04-20,13:37:47,WHOUSE02,,,,VL01N
100,OR1000000109000010,E0003,,660,2024-04-21,07:59:52,WHOUSE01,,,,VL02N
100,OR1000000109000010,E0004,,661,2024-04-22,11:25:01,FINANCE02,,,,VF01
100,OR1000000109000010,E0005,,662,2024-04-23,16:41:28,FINANCE01,,,,VF02
100,OR1000000110000010,E0001,,663,2024-06-23,14:53:07,SALEUSER3,,,,VA01
100,OR1000000110000010,E0006,,664,2024-06-25,14:23:01,SALEUSER2,,,,VA02
100,OR1000000111000010,E0001,,665,2024-06-03,11:19:42,SALEUSER3,,,,VA01
100,OR1000000111000010,E0002,,666,2024-06-16,10:26:42,WHOUSE02,,,,VL01N
100,OR1000000111000010,E0003,,667,2024-06-18,08:06:19,WHOUSE02,,,,VL02N
100,OR1000000111000010,E0004,,668,2024-06-21,06:18:16,FINANCE01,,,,VF01
100,OR1000000111000010,E0005,,669,2024-06-23,12:34:28,AUTOCLR,,,,VF02
100,OR1000000112000010,E0001,,670,2024-09-15,17:48:59,SALEUSER3,,,,VA01
100,OR1000000112000010,E0002,,671,2024-10-02,06:48:51,WHOUSE02,,,,VL01N
100,OR1000000112000010,E0003,,672,2024-10-04,10:14:19,WHOUSE02,,,,VL02N
100,OR1000000112000010,E0004,,673,2024-10-06,06:23:01,FINANCE01,,,,VF01
100,OR1000000112000010,E0005,,674,2024-10-07,11:23:05,FINANCE01,,,,VF02
100,OR1000000113000010,E0001,,675,2024-08-09,09:25:16,SALEUSER3,,,,VA01
100,OR1000000113000010,E0002,,676,2024-08-24,09:26:05,WHOUSE01,,,,VL01N
100,OR1000000113000010,E0003,,677,2024-08-25,10:57:48,WHOUSE01,,,,VL02N
100,OR1000000113000010,E0004,,678,2024-08-26,07:37:39,FINANCE01,,,,VF01
100,OR1000000113000010,E0005,,679,2024-08-29,09:26:12,AUTOCLR,,,,VF02
100,OR1000000114000010,E0001,,680,2024-03-02,13:18:31,SALEUSER3,,,,VA01
100,OR1000000114000010,E0002,,681,2024-03-07,07:23:20,WHOUSE01,,,,VL01N
100,OR1000000114000010,E0003,,682,2024-03-09,06:48:55,WHOUSE02,,,,VL02N
100,OR1000000114000010,E0004,,683,2024-03-08,16:36:13,FINANCE02,,,,VF01
100,OR1000000114000010,E0005,,684,2024-03-11,17:47:14,AUTOCLR,,,,VF02
100,OR1000000115000010,E0001,,685,2024-07-20,14:28:43,SALEUSER2,,,,VA01
100,OR1000000115000010,E0006,,686,2024-07-24,09:34:58,SALEUSER2,,,,VA02
100,OR1000000116000010,E0001,,687,2024-07-15,16:29:58,SALEUSER3,,,,VA01
100,OR1000000116000010,E0002,,688,2024-08-16,08:20:08,WHOUSE02,,,,VL01N
100,OR1000000116000010,E0003,,689,2024-08-17,11:47:44,WHOUSE01,,,,VL02N
100,OR1000000116000010,E0004,,690,2024-08-17,13:03:26,FINANCE01,,,,VF01
100,OR1000000116000010,E0005,,691,2024-08-20,07:48:59,AUTOCLR,,,,VF02
100,OR1000000117000010,E0001,,692,2024-01-14,09:07:19,SALEUSER2,,,,VA01
100,OR1000000117000010,E0006,,693,2024-01-15,15:41:47,SALEUSER3,,,,VA02
100,OR1000000117000020,E0001,,694,2024-01-14,14:02:52,SALEUSER2,,,,VA01
100,OR1000000117000020,E0006,,695,2024-01-17,09:43:10,SALEUSER2,,,,VA02
100,OR1000000118000010,E0001,,696,2024-01-05,10:43:13,SALEUSER2,,,,VA01
100,OR1000000118000010,E0002,,697,2024-01-29,10:32:28,WHOUSE02,,,,VL01N
100,OR1000000118000010,E0003,,698,2024-01-30,11:28:54,WHOUSE01,,,,VL02N
100,OR1000000119000010,E0001,,699,2024-06-16,10:25:12,SALEUSER2,,,,VA01
100,OR1000000119000010,I0002,,700,2024-06-17,06:55:55,SALEUSER2,,,,VA02
100,OR1000000119000010,I0002,X,701,2024-06-28,07:39:02,SALEUSER2,,,,VA02
100,OR1000000119000010,E0002,,702,2024-07-09,17:30:28,WHOUSE01,,,,VL01N
100,OR1000000119000010,E0003,,703,2024-07-09,14:29:54,WHOUSE02,,,,VL02N
100,OR1000000120000010,E0001,,704,2024-07-16,12:52:14,SALEUSER1,,,,VA01
100,OR1000000120000010,E0002,,705,2024-08-18,14:07:07,WHOUSE01,,,,VL01N
100,OR1000000120000010,E0003,,706,2024-08-20,15:58:33,WHOUSE02,,,,VL02N
100,OR1000000120000010,E0004,,707,2024-08-19,08:52:52,FINANCE01,,,,VF01
100,OR1000000120000010,E0005,,708,2024-08-20,07:46:36,AUTOCLR,,,,VF02
100,OR1000000121000010,E0001,,709,2024-08-01,12:10:30,SALEUSER3,,,,VA01
100,OR1000000121000010,E0002,,710,2024-08-25,08:58:29,WHOUSE01,,,,VL01N
100,OR1000000121000010,E0003,,711,2024-08-27,10:03:11,WHOUSE02,,,,VL02N
100,OR1000000121000010,E0004,,712,2024-08-30,10:08:45,FINANCE02,,,,VF01
100,OR1000000121000010,E0005,,713,2024-09-02,09:39:39,AUTOCLR,,,,VF02
100,OR1000000122000010,E0001,,714,2024-04-03,09:12:27,SALEUSER2,,,,VA01
100,OR1000000122000010,E0002,,715,2024-04-25,16:45:51,WHOUSE01,,,,VL01N
100,OR1000000122000010,E0003,,716,2024-04-26,13:05:22,WHOUSE01,,,,VL02N
100,OR1000000122000010,E0004,,717,2024-04-28,14:37:13,FINANCE02,,,,VF01
100,OR1000000122000010,E0005,,718,2024-04-29,10:21:46,AUTOCLR,,,,VF02
100,OR1000000122000020,E0001,,719,2024-04-03,11:20:20,SALEUSER2,,,,VA01
100,OR1000000122000020,E0002,,720,2024-04-25,09:45:25,WHOUSE01,,,,VL01N
100,OR1000000122000020,E0003,,721,2024-04-25,10:39:06,WHOUSE01,,,,VL02N
100,OR1000000122000020,E0004,,722,2024-04-28,06:30:54,FINANCE01,,,,VF01
100,OR1000000122000020,E0005,,723,2024-04-30,12:07:56,AUTOCLR,,,,VF02
100,OR1000000123000010,E0001,,724,2024-03-19,13:46:06,SALEUSER3,,,,VA01
100,OR1000000123000010,E0002,,725,2024-04-01,08:24:31,WHOUSE02,,,,VL01N
100,OR1000000123000010,E0003,,726,2024-04-01,17:25:31,WHOUSE01,,,,VL02N
100,OR1000000123000010,E0004,,727,2024-04-06,14:55:10,FINANCE02,,,,VF01
100,OR1000000123000010,E0005,,728,2024-04-09,08:46:10,AUTOCLR,,,,VF02
100,OR1000000124000010,E0001,,729,2024-05-27,11:25:42,SALEUSER3,,,,VA01
100,OR1000000124000010,E0002,,730,2024-06-25,16:32:58,WHOUSE02,,,,VL01N
100,OR1000000124000010,E0003,,731,2024-06-27,12:27:16,WHOUSE02,,,,VL02N
100,OR1000000124000010,E0004,,732,2024-06-28,14:10:15,FINANCE01,,,,VF01
100,OR1000000124000010,E0005,,733,2024-06-30,07:01:00,FINANCE01,,,,VF02
100,OR1000000125000010,E0001,,734,2024-06-16,08:54:52,SALEUSER3,,,,VA01
100,OR1000000125000010,E0002,,735,2024-06-23,07:31:16,WHOUSE01,,,,VL01N
100,OR1000000125000010,E0003,,736,2024-06-24,12:49:10,WHOUSE02,,,,VL02N
100,OR1000000125000010,E0004,,737,2024-06-28,07:39:54,FINANCE01,,,,VF01
100,OR1000000125000010,E0005,,738,2024-07-01,09:21:01,AUTOCLR,,,,VF02
100,OR1000000126000010,E0001,,739,2024-06-22,13:11:11,SALEUSER2,,,,VA01
100,OR1000000126000010,E0002,,740,2024-07-14,09:05:34,WHOUSE01,,,,VL01N
100,OR1000000126000010,E0003,,741,2024-07-16,06:38:51,WHOUSE02,,,,VL02N
100,OR1000000126000010,E0004,,742,2024-07-15,13:48:14,FINANCE02,,,,VF01
100,OR1000000126000010,E0005,,743,2024-07-16,14:21:42,FINANCE01,,,,VF02
100,OR1000000127000010,E0001,,744,2024-08-16,11:31:31,SALEUSER1,,,,VA01
100,OR1000000127000010,E0002,,745,2024-09-07,13:19:38,WHOUSE02,,,,VL01N
100,OR1000000127000010,E0003,,746,2024-09-07,13:23:08,WHOUSE01,,,,VL02N
100,OR1000000127000010,E0004,,747,2024-09-11,15:52:52,FINANCE01,,,,VF01
100,OR1000000127000010,E0005,,748,2024-09-13,11:37:06,AUTOCLR,,,,VF02
100,OR1000000128000010,E0001,,749,2024-05-01,15:05:37,SALEUSER1,,,,VA01
100,OR1000000128000010,E0002,,750,2024-06-05,14:31:13,WHOUSE01,,,,VL01N
100,OR1000000128000010,E0003,,751,2024-06-07,15:31:39,WHOUSE02,,,,VL02N
100,OR1000000128000010,E0004,,752,2024-06-10,11:53:37,FINANCE01,,,,VF01
100,OR1000000128000010,E0005,,753,2024-06-11,13:35:32,FINANCE01,,,,VF02
100,OR1000000128000020,E0001,,754,2024-05-01,12:28:31,SALEUSER1,,,,VA01
100,OR1000000128000020,E0002,,755,2024-06-05,07:39:39,WHOUSE02,,,,VL01N
100,OR1000000128000020,E0003,,756,2024-06-07,09:32:58,WHOUSE02,,,,VL02N
100,OR1000000128000020,E0004,,757,2024-06-10,14:50:48,FINANCE02,,,,VF01
100,OR1000000128000020,E0005,,758,2024-06-11,16:57:07,FINANCE01,,,,VF02
100,OR1000000129000010,E0001,,759,2024-08-31,07:06:56,SALEUSER3,,,,VA01
100,OR1000000129000010,E0002,,760,2024-09-19,13:41:32,WHOUSE02,,,,VL01N
100,OR1000000129000010,E0003,,761,2024-09-21,16:14:49,WHOUSE01,,,,VL02N
100,OR1000000129000010,E0004,,762,2024-09-21,07:43:13,FINANCE01,,,,VF01
100,OR1000000129000010,E0005,,763,2024-09-24,10:31:35,AUTOCLR,,,,VF02
100,OR1000000130000010,E0001,,764,2024-06-25,16:11:34,SALEUSER1,,,,VA01
100,OR1000000130000010,E0002,,765,2024-07-25,11:41:21,WHOUSE01,,,,VL01N
100,OR1000000130000010,E0003,,766,2024-07-27,17:53:37,WHOUSE02,,,,VL02N
100,OR1000000130000010,E0004,,767,2024-07-26,17:17:12,FINANCE01,,,,VF01
100,OR1000000130000010,E0005,,768,2024-07-29,08:51:29,AUTOCLR,,,,VF02
100,OR1000000131000010,E0001,,769,2024-07-25,12:18:16,SALEUSER1,,,,VA01
100,OR1000000131000010,I0001,,770,2024-07-26,06:06:37,SALEUSER2,,,,VA02
100,OR1000000131000010,I0001,X,771,2024-07-31,07:23:12,SALEUSER1,,,,VA02
100,OR1000000131000010,I0002,,772,2024-07-26,14:21:27,SALEUSER1,,,,VA02
100,OR1000000131000010,E0002,,773,2024-08-06,17:22:31,WHOUSE01,,,,VL01N
100,OR1000000131000010,E0003,,774,2024-08-08,17:39:17,WHOUSE02,,,,VL02N
100,OR1000000132000010,E0001,,775,2024-09-22,15:50:48,SALEUSER3,,,,VA01
100,OR1000000132000010,E0002,,776,2024-10-16,09:11:23,WHOUSE02,,,,VL01N
100,OR1000000132000010,E0003,,777,2024-10-16,08:53:52,WHOUSE01,,,,VL02N
100,OR1000000132000010,E0004,,778,2024-10-18,14:03:18,FINANCE01,,,,VF01
100,OR1000000132000010,E0005,,779,2024-10-21,17:47:21,AUTOCLR,,,,VF02
100,OR1000000133000010,E0001,,780,2024-04-23,10:48:48,SALEUSER2,,,,VA01
100,OR1000000133000010,E0002,,781,2024-05-05,17:48:03,WHOUSE02,,,,VL01N
100,OR1000000133000010,E0003,,782,2024-05-07,14:48:18,WHOUSE01,,,,VL02N
100,OR1000000133000020,E0001,,783,2024-04-23,08:37:39,SALEUSER2,,,,VA01
100,OR1000000133000020,E0002,,784,2024-05-05,13:33:58,WHOUSE02,,,,VL01N
100,OR1000000133000020,E0003,,785,2024-05-07,16:31:31,WHOUSE01,,,,VL02N
100,OR1000000134000010,E0001,,786,2024-05-23,10:06:52,SALEUSER2,,,,VA01
100,OR1000000134000010,E0002,,787,2024-06-15,14:11:56,WHOUSE01,,,,VL01N
100,OR1000000134000010,E0003,,788,2024-06-17,14:47:29,WHOUSE01,,,,VL02N
100,OR1000000134000010,E0004,,789,2024-06-19,13:13:00,FINANCE02,,,,VF01
100,OR1000000134000010,E0005,,790,2024-06-21,17:26:35,FINANCE01,,,,VF02
100,OR1000000135000010,E0001,,791,2024-08-13,15:26:24,SALEUSER3,,,,VA01
100,OR1000000135000010,E0002,,792,2024-09-14,13:40:02,WHOUSE01,,,,VL01N
100,OR1000000135000010,E0003,,793,2024-09-14,12:10:26,WHOUSE02,,,,VL02N
100,OR1000000135000020,E0001,,794,2024-08-13,14:58:26,SALEUSER3,,,,VA01
100,OR1000000135000020,E0002,,795,2024-09-14,12:52:37,WHOUSE01,,,,VL01N
100,OR1000000135000020,E0003,,796,2024-09-15,10:31:20,WHOUSE01,,,,VL02N
100,OR1000000136000010,E0001,,797,2024-05-18,10:29:46,SALEUSER2,,,,VA01
100,OR1000000136000010,E0002,,798,2024-06-02,07:20:05,WHOUSE02,,,,VL01N
100,OR1000000136000010,E0003,,799,2024-06-03,07:48:51,WHOUSE01,,,,VL02N
100,OR1000000136000010,E0004,,800,2024-06-07,17:22:53,FINANCE01,,,,VF01
100,OR1000000136000010,E0005,,801,2024-06-09,08:36:02,AUTOCLR,,,,VF02
100,OR1000000137000010,E0001,,802,2024-04-04,11:08:49,SALEUSER1,,,,VA01
100,OR1000000137000010,E0002,,803,2024-05-13,17:02:37,WHOUSE01,,,,VL01N
100,OR1000000137000010,E0003,,804,2024-05-13,07:57:22,WHOUSE01,,,,VL02N
100,OR1000000137000010,E0004,,805,2024-05-20,08:05:00,FINANCE02,,,,VF01
100,OR1000000137000010,E0005,,806,2024-05-22,09:26:12,AUTOCLR,,,,VF02
100,OR1000000138000010,E0001,,807,2024-06-19,13:41:47,SALEUSER1,,,,VA01
100,OR1000000138000010,E0002,,808,2024-07-11,13:44:44,WHOUSE01,,,,VL01N
100,OR1000000138000010,E0003,,809,2024-07-12,11:32:43,WHOUSE02,,,,VL02N
100,OR1000000138000010,E0004,,810,2024-07-14,06:47:17,FINANCE02,,,,VF01
100,OR1000000138000010,E0005,,811,2024-07-15,11:10:00,AUTOCLR,,,,VF02
100,OR1000000139000010,E0001,,812,2024-07-12,07:33:02,SALEUSER3,,,,VA01
100,OR1000000139000010,E0002,,813,2024-08-05,16:50:40,WHOUSE01,,,,VL01N
100,OR1000000139000010,E0003,,814,2024-08-07,06:48:03,WHOUSE01,,,,VL02N
100,OR1000000139000010,E0004,,815,2024-08-08,17:38:21,FINANCE02,,,,VF01
100,OR1000000139000010,E0005,,816,2024-08-10,13:18:57,AUTOCLR,,,,VF02
100,OR1000000140000010,E0001,,817,2024-06-05,14:12:27,SALEUSER2,,,,VA01
100,OR1000000140000010,E0002,,818,2024-06-18,17:00:26,WHOUSE02,,,,VL01N
100,OR1000000140000010,E0003,,819,2024-06-20,17:53:29,WHOUSE01,,,,VL02N
100,OR1000000140000010,E0004,,820,2024-06-20,14:10:08,FINANCE02,,,,VF01
100,OR1000000140000010,E0005,,821,2024-06-22,07:54:48,FINANCE01,,,,VF02
100,OR1000000140000020,E0001,,822,2024-06-05,17:51:59,SALEUSER2,,,,VA01
100,OR1000000140000020,E0002,,823,2024-06-18,11:52:37,WHOUSE01,,,,VL01N
100,OR1000000140000020,E0003,,824,2024-06-18,06:33:17,WHOUSE01,,,,VL02N
100,OR1000000140000020,E0004,,825,2024-06-20,08:48:03,FINANCE01,,,,VF01
100,OR1000000140000020,E0005,,826,2024-06-21,08:39:43,FINANCE01,,,,VF02
100,OR1000000141000010,E0001,,827,2024-01-10,13:20:38,SALEUSER2,,,,VA01
100,OR1000000141000010,E0002,,828,2024-01-29,06:34:05,WHOUSE01,,,,VL01N
100,OR1000000141000010,E0003,,829,2024-01-29,15:01:03,WHOUSE01,,,,VL02N
100,OR1000000141000010,E0004,,830,2024-01-30,09:30:43,FINANCE01,,,,VF01
100,OR1000000141000010,E0005,,831,2024-02-01,09:53:03,AUTOCLR,,,,VF02
100,OR1000000142000010,E0001,,832,2024-03-02,15:03:18,SALEUSER2,,,,VA01
100,OR1000000142000010,E0002,,833,2024-03-23,12:01:07,WHOUSE02,,,,VL01N
100,OR1000000142000010,E0003,,834,2024-03-24,09:47:14,WHOUSE02,,,,VL02N
100,OR1000000142000010,E0004,,835,2024-03-28,12:07:11,FINANCE01,,,,VF01
100,OR1000000142000010,E0005,,836,2024-03-29,12:01:41,AUTOCLR,,,,VF02
100,OR1000000143000010,E0001,,837,2024-06-07,13:37:39,SALEUSER2,,,,VA01
100,OR1000000143000010,E0002,,838,2024-07-05,07:12:12,WHOUSE01,,,,VL01N
100,OR1000000143000010,E0003,,839,2024-07-06,16:55:03,WHOUSE01,,,,VL02N
100,OR1000000143000010,E0004,,840,2024-07-07,12:37:54,FINANCE01,,,,VF01
100,OR1000000143000010,E0005,,841,2024-07-10,07:49:03,AUTOCLR,,,,VF02
100,OR1000000144000010,E0001,,842,2024-06-08,07:07:19,SALEUSER1,,,,VA01
100,OR1000000144000010,E0002,,843,2024-06-20,13:52:52,WHOUSE02,,,,VL01N
100,OR1000000144000010,E0003,,844,2024-06-20,13:23:53,WHOUSE02,,,,VL02N
100,OR1000000144000010,E0004,,845,2024-06-25,08:08:23,FINANCE02,,,,VF01
100,OR1000000144000010,E0005,,846,2024-06-26,14:56:52,AUTOCLR,,,,VF02
100,OR1000000145000010,E0001,,847,2024-08-07,09:51:10,SALEUSER1,,,,VA01
100,OR1000000145000010,E0002,,848,2024-09-04,11:34:43,WHOUSE01,,,,VL01N
100,OR1000000145000010,E0003,,849,2024-09-06,14:25:12,WHOUSE02,,,,VL02N
100,OR1000000145000010,E0004,,850,2024-09-06,14:59:26,FINANCE01,,,,VF01
100,OR1000000145000010,E0005,,851,2024-09-09,11:33:02,AUTOCLR,,,,VF02
100,OR1000000146000010,E0001,,852,2024-07-13,08:27:24,SALEUSER2,,,,VA01
100,OR1000000146000010,E0002,,853,2024-07-21,13:32:39,WHOUSE01,,,,VL01N
100,OR1000000146000010,E0003,,854,2024-07-21,14:02:26,WHOUSE02,,,,VL02N
100,OR1000000146000010,E0004,,855,2024-07-25,10:04:00,FINANCE01,,,,VF01
100,OR1000000146000010,E0005,,856,2024-07-27,11:16:42,AUTOCLR,,,,VF02
100,OR1000000147000010,E0001,,857,2024-07-17,15:48:03,SALEUSER2,,,,VA01
100,OR1000000147000010,I0002,,858,2024-07-18,17:54:29,SALEUSER2,,,,VA02
100,OR1000000147000010,E0002,,859,2024-08-02,08:57:37,WHOUSE02,,,,VL01N
100,OR1000000147000010,E0003,,860,2024-08-03,08:19:23,WHOUSE02,,,,VL02N
100,OR1000000147000020,E0001,,861,2024-07-17,07:53:52,SALEUSER2,,,,VA01
100,OR1000000147000020,I0002,,862,2024-07-18,13:33:54,SALEUSER2,,,,VA02
100,OR1000000147000020,I0002,X,863,2024-07-27,09:00:15,SALEUSER2,,,,VA02
100,OR1000000147000020,E0002,,864,2024-08-02,10:14:00,WHOUSE02,,,,VL01N
100,OR1000000147000020,E0003,,865,2024-08-04,08:17:23,WHOUSE01,,,,VL02N
100,OR1000000148000010,E0001,,866,2024-04-01,11:25:16,SALEUSER1,,,,VA01
100,OR1000000148000010,E0002,,867,2024-04-20,12:56:07,WHOUSE02,,,,VL01N
100,OR1000000148000010,E0003,,868,2024-04-21,17:38:51,WHOUSE01,,,,VL02N
100,OR1000000148000010,E0004,,869,2024-04-22,15:36:32,FINANCE01,,,,VF01
100,OR1000000148000010,E0005,,870,2024-04-23,17:51:25,FINANCE01,,,,VF02
100,OR1000000149000010,E0001,,871,2024-08-02,13:17:57,SALEUSER3,,,,VA01
100,OR1000000149000010,E0002,,872,2024-08-30,15:05:49,WHOUSE02,,,,VL01N
100,OR1000000149000010,E0003,,873,2024-09-01,15:01:30,WHOUSE02,,,,VL02N
100,OR1000000149000010,E0004,,874,2024-09-01,12:12:00,FINANCE01,,,,VF01
100,OR1000000149000010,E0005,,875,2024-09-04,10:47:44,AUTOCLR,,,,VF02
100,OR1000000149000020,E0001,,876,2024-08-02,09:38:09,SALEUSER3,,,,VA01
100,OR1000000149000020,E0002,,877,2024-08-30,09:45:47,WHOUSE01,,,,VL01N
100,OR1000000149000020,E0003,,878,2024-09-01,07:11:41,WHOUSE01,,,,VL02N
100,OR1000000149000020,E0004,,879,2024-09-01,12:01:18,FINANCE01,,,,VF01
100,OR1000000149000020,E0005,,880,2024-09-04,07:37:21,AUTOCLR,,,,VF02
100,OR1000000150000010,E0001,,881,2024-08-21,11:28:46,SALEUSER2,,,,VA01
100,OR1000000150000010,E0002,,882,2024-09-15,08:55:59,WHOUSE01,,,,VL01N
100,OR1000000150000010,E0003,,883,2024-09-17,14:33:28,WHOUSE01,,,,VL02N
100,OR1000000150000010,E0004,,884,2024-09-16,06:22:53,FINANCE01,,,,VF01
100,OR1000000150000010,E0005,,885,2024-09-19,16:24:57,FINANCE01,,,,VF02
100,OR1000000151000010,E0001,,886,2024-06-03,12:37:13,SALEUSER3,,,,VA01
100,OR1000000151000010,I0002,,887,2024-06-04,17:36:43,SALEUSER3,,,,VA02
100,OR1000000151000010,I0002,X,888,2024-06-13,17:56:29,SALEUSER3,,,,VA02
100,OR1000000151000010,E0002,,889,2024-06-17,16:53:59,WHOUSE02,,,,VL01N
100,OR1000000151000010,E0003,,890,2024-06-19,14:58:37,WHOUSE01,,,,VL02N
100,OR1000000151000020,E0001,,891,2024-06-03,11:37:06,SALEUSER3,,,,VA01
100,OR1000000151000020,I0002,,892,2024-06-04,16:53:44,SALEUSER3,,,,VA02
100,OR1000000151000020,E0002,,893,2024-06-17,14:47:36,WHOUSE01,,,,VL01N
100,OR1000000151000020,E0003,,894,2024-06-19,06:35:32,WHOUSE02,,,,VL02N
100,OR1000000152000010,E0001,,895,2024-06-08,17:19:27,SALEUSER3,,,,VA01
100,OR1000000152000010,E0002,,896,2024-06-18,15:41:51,WHOUSE02,,,,VL01N
100,OR1000000152000010,E0003,,897,2024-06-19,06:07:30,WHOUSE02,,,,VL02N
100,OR1000000152000010,E0004,,898,2024-06-22,08:07:15,FINANCE01,,,,VF01
100,OR1000000152000010,E0005,,899,2024-06-25,16:58:14,FINANCE01,,,,VF02
100,OR1000000153000010,E0001,,900,2024-02-15,10:07:07,SALEUSER3,,,,VA01
100,OR1000000153000010,E0002,,901,2024-03-13,12:03:18,WHOUSE01,,,,VL01N
100,OR1000000153000010,E0003,,902,2024-03-15,13:49:14,WHOUSE01,,,,VL02N
100,OR1000000153000010,E0004,,903,2024-03-17,12:17:04,FINANCE02,,,,VF01
100,OR1000000153000010,E0005,,904,2024-03-18,16:34:50,FINANCE01,,,,VF02
100,OR1000000153000020,E0001,,905,2024-02-15,16:23:05,SALEUSER3,,,,VA01
100,OR1000000153000020,E0002,,906,2024-03-13,16:08:34,WHOUSE01,,,,VL01N
100,OR1000000153000020,E0003,,907,2024-03-14,11:48:25,WHOUSE02,,,,VL02N
100,OR1000000153000020,E0004,,908,2024-03-17,16:07:45,FINANCE02,,,,VF01
100,OR1000000153000020,E0005,,909,2024-03-20,10:54:37,FINANCE01,,,,VF02
100,OR1000000154000010,E0001,,910,2024-08-17,17:03:15,SALEUSER1,,,,VA01
100,OR1000000154000010,E0002,,911,2024-08-30,13:23:01,WHOUSE01,,,,VL01N
100,OR1000000154000010,E0003,,912,2024-08-31,11:19:12,WHOUSE01,,,,VL02N
100,OR1000000154000010,E0004,,913,2024-09-02,09:46:59,FINANCE02,,,,VF01
100,OR1000000154000010,E0005,,914,2024-09-03,17:56:41,FINANCE01,,,,VF02
100,OR1000000155000010,E0001,,915,2024-07-25,08:03:41,SALEUSER3,,,,VA01
100,OR1000000155000010,E0002,,916,2024-08-10,13:39:36,WHOUSE02,,,,VL01N
100,OR1000000155000010,E0003,,917,2024-08-12,13:55:25,WHOUSE02,,,,VL02N
100,OR1000000155000010,E0004,,918,2024-08-11,13:53:52,FINANCE01,,,,VF01
100,OR1000000155000010,E0005,,919,2024-08-12,07:15:45,FINANCE01,,,,VF02
100,OR1000000156000010,E0001,,920,2024-04-29,11:08:04,SALEUSER1,,,,VA01
100,OR1000000156000010,E0002,,921,2024-05-16,14:44:02,WHOUSE02,,,,VL01N
100,OR1000000156000010,E0003,,922,2024-05-18,09:18:57,WHOUSE01,,,,VL02N
100,OR1000000156000010,E0004,,923,2024-05-17,11:01:00,FINANCE02,,,,VF01
100,OR1000000156000010,E0005,,924,2024-05-20,13:58:14,AUTOCLR,,,,VF02
100,OR1000000157000010,E0001,,925,2024-07-07,10:34:20,SALEUSER3,,,,VA01
100,OR1000000157000010,E0002,,926,2024-07-30,08:01:00,WHOUSE01,,,,VL01N
100,OR1000000157000010,E0003,,927,2024-07-31,06:51:21,WHOUSE01,,,,VL02N
100,OR1000000157000010,E0004,,928,2024-08-02,15:01:26,FINANCE01,,,,VF01
100,OR1000000157000010,E0005,,929,2024-08-05,17:38:39,AUTOCLR,,,,VF02
100,OR1000000157000020,E0001,,930,2024-07-07,12:20:05,SALEUSER3,,,,VA01
100,OR1000000157000020,E0002,,931,2024-07-30,13:55:22,WHOUSE02,,,,VL01N
100,OR1000000157000020,E0003,,932,2024-07-31,10:07:04,WHOUSE01,,,,VL02N
100,OR1000000157000020,E0004,,933,2024-08-02,14:37:21,FINANCE01,,,,VF01
100,OR1000000157000020,E0005,,934,2024-08-03,08:32:32,AUTOCLR,,,,VF02
100,OR1000000158000010,E0001,,935,2024-05-02,06:14:49,SALEUSER2,,,,VA01
100,OR1000000158000010,I0001,,936,2024-05-03,08:21:12,SALEUSER2,,,,VA02
100,OR1000000158000010,I0001,X,937,2024-05-10,16:05:11,FINANCE01,,,,VA02
100,OR1000000158000010,E0002,,938,2024-05-29,07:12:38,WHOUSE02,,,,VL01N
100,OR1000000158000010,E0003,,939,2024-05-30,13:22:16,WHOUSE01,,,,VL02N
100,OR1000000159000010,E0001,,940,2024-03-09,16:43:47,SALEUSER1,,,,VA01
100,OR1000000159000010,E0006,,941,2024-03-10,12:15:34,SALEUSER2,,,,VA02
100,OR1000000160000010,E0001,,942,2024-09-06,10:10:56,SALEUSER3,,,,VA01
100,OR1000000160000010,E0002,,943,2024-10-01,11:58:37,WHOUSE02,,,,VL01N
100,OR1000000160000010,E0003,,944,2024-10-01,14:33:09,WHOUSE02,,,,VL02N
100,OR1000000160000010,E0004,,945,2024-10-04,12:25:20,FINANCE01,,,,VF01
100,OR1000000160000010,E0005,,946,2024-10-05,14:32:02,FINANCE01,,,,VF02
100,OR1000000161000010,E0001,,947,2024-04-14,06:09:34,SALEUSER2,,,,VA01
100,OR1000000161000010,E0002,,948,2024-05-07,16:25:31,WHOUSE01,,,,VL01N
100,OR1000000161000010,E0003,,949,2024-05-08,16:44:29,WHOUSE01,,,,VL02N
100,OR1000000161000010,E0004,,950,2024-05-11,11:52:22,FINANCE02,,,,VF01
100,OR1000000161000010,E0005,,951,2024-05-12,07:42:13,AUTOCLR,,,,VF02
100,OR1000000162000010,E0001,,952,2024-06-16,15:21:27,SALEUSER1,,,,VA01
100,OR1000000162000010,E0002,,953,2024-07-04,08:36:02,WHOUSE02,,,,VL01N
100,OR1000000162000010,E0003,,954,2024-07-06,16:47:06,WHOUSE02,,,,VL02N
100,OR1000000162000010,E0004,,955,2024-07-07,09:53:52,FINANCE02,,,,VF01
100,OR1000000162000010,E0005,,956,2024-07-08,08:54:03,AUTOCLR,,,,VF02
100,OR1000000163000010,E0001,,957,2024-09-11,17:12:00,SALEUSER1,,,,VA01
100,OR1000000163000010,I0002,,958,2024-09-12,12:22:46,SALEUSER1,,,,VA02
100,OR1000000163000010,I0002,X,959,2024-09-20,08:58:56,SALEUSER1,,,,VA02
100,OR1000000163000010,E0002,,960,2024-09-30,10:46:21,WHOUSE01,,,,VL01N
100,OR1000000163000010,E0003,,961,2024-09-30,06:35:02,WHOUSE01,,,,VL02N
100,OR1000000163000020,E0001,,962,2024-09-11,11:13:15,SALEUSER1,,,,VA01
100,OR1000000163000020,I0002,,963,2024-09-12,17:26:20,SALEUSER1,,,,VA02
100,OR1000000163000020,E0002,,964,2024-09-30,09:02:56,WHOUSE01,,,,VL01N
100,OR1000000163000020,E0003,,965,2024-09-30,09:15:00,WHOUSE01,,,,VL02N
100,OR1000000164000010,E0001,,966,2024-01-07,06:24:31,SALEUSER1,,,,VA01
100,OR1000000164000010,E0002,,967,2024-01-19,16:26:24,WHOUSE01,,,,VL01N
100,OR1000000164000010,E0003,,968,2024-01-19,06:20:35,WHOUSE01,,,,VL02N
100,OR1000000164000010,E0004,,969,2024-01-22,06:24:50,FINANCE01,,,,VF01
100,OR1000000164000010,E0005,,970,2024-01-25,13:19:27,FINANCE01,,,,VF02
100,OR1000000165000010,E0001,,971,2024-07-02,10:27:50,SALEUSER1,,,,VA01
100,OR1000000165000010,E0002,,972,2024-07-11,11:33:50,WHOUSE02,,,,VL01N
100,OR1000000165000010,E0003,,973,2024-07-12,08:06:26,WHOUSE02,,,,VL02N
100,OR1000000165000010,E0004,,974,2024-07-14,13:50:18,FINANCE02,,,,VF01
100,OR1000000165000010,E0005,,975,2024-07-15,15:57:56,FINANCE01,,,,VF02
100,OR1000000166000010,E0001,,976,2024-07-04,07:22:53,SALEUSER3,,,,VA01
100,OR1000000166000010,E0002,,977,2024-07-15,15:47:51,WHOUSE01,,,,VL01N
100,OR1000000166000010,E0003,,978,2024-07-17,17:47:14,WHOUSE01,,,,VL02N
100,OR1000000166000010,E0004,,979,2024-07-18,13:13:15,FINANCE02,,,,VF01
100,OR1000000166000010,E0005,,980,2024-07-21,08:56:11,FINANCE01,,,,VF02
100,OR1000000167000010,E0001,,981,2024-04-14,07:42:02,SALEUSER1,,,,VA01
100,OR1000000167000010,E0002,,982,2024-04-29,14:00:22,WHOUSE01,,,,VL01N
100,OR1000000167000010,E0003,,983,2024-04-30,06:56:48,WHOUSE02,,,,VL02N
100,OR1000000167000010,E0004,,984,2024-04-30,13:06:56,FINANCE02,,,,VF01
100,OR1000000167000010,E0005,,985,2024-05-02,09:13:23,AUTOCLR,,,,VF02
100,OR1000000168000010,E0001,,986,2024-03-12,10:33:20,SALEUSER3,,,,VA01
100,OR1000000168000010,I0001,,987,2024-03-13,06:56:37,SALEUSER1,,,,VA02
100,OR1000000168000010,I0001,X,988,2024-03-21,16:56:03,FINANCE01,,,,VA02
100,OR1000000168000010,E0002,,989,2024-03-25,09:08:30,WHOUSE02,,,,VL01N
100,OR1000000168000010,E0003,,990,2024-03-27,09:36:06,WHOUSE01,,,,VL02N
100,OR1000000168000010,E0004,,991,2024-03-28,11:02:11,FINANCE02,,,,VF01
100,OR1000000168000020,E0001,,992,2024-03-12,15:51:51,SALEUSER3,,,,VA01
100,OR1000000168000020,I0001,,993,2024-03-13,09:51:03,SALEUSER2,,,,VA02
100,OR1000000168000020,E0002,,994,2024-03-25,17:24:42,WHOUSE02,,,,VL01N
100,OR1000000168000020,E0003,,995,2024-03-26,17:13:00,WHOUSE02,,,,VL02N
100,OR1000000168000020,E0004,,996,2024-03-28,11:21:27,FINANCE02,,,,VF01
100,OR1000000169000010,E0001,,997,2024-02-28,13:44:36,SALEUSER3,,,,VA01
100,OR1000000169000010,E0002,,998,2024-03-18,17:27:01,WHOUSE01,,,,VL01N
100,OR1000000169000010,E0003,,999,2024-03-20,07:43:47,WHOUSE02,,,,VL02N
100,OR1000000169000010,E0004,,1000,2024-03-21,07:42:06,FINANCE01,,,,VF01
100,OR1000000169000010,E0005,,1001,2024-03-24,12:11:23,AUTOCLR,,,,VF02
100,OR1000000170000010,E0001,,1002,2024-03-10,17:02:15,SALEUSER2,,,,VA01
100,OR1000000170000010,E0002,,1003,2024-03-21,09:23:46,WHOUSE01,,,,VL01N
100,OR1000000170000010,E0003,,1004,2024-03-22,10:31:20,WHOUSE02,,,,VL02N
100,OR1000000170000010,E0004,,1005,2024-03-23,08:15:34,FINANCE02,,,,VF01
100,OR1000000170000010,E0005,,1006,2024-03-24,15:53:25,AUTOCLR,,,,VF02
100,OR1000000171000010,E0001,,1007,2024-02-23,11:24:31,SALEUSER3,,,,VA01
100,OR1000000171000010,E0002,,1008,2024-03-07,12:40:02,WHOUSE02,,,,VL01N
100,OR1000000171000010,E0003,,1009,2024-03-07,10:01:15,WHOUSE01,,,,VL02N
100,OR1000000171000010,E0004,,1010,2024-03-08,16:03:56,FINANCE01,,,,VF01
100,OR1000000171000010,E0005,,1011,2024-03-11,12:38:02,FINANCE01,,,,VF02
100,OR1000000171000020,E0001,,1012,2024-02-23,11:13:49,SALEUSER3,,,,VA01
100,OR1000000171000020,E0002,,1013,2024-03-07,10:00:33,WHOUSE01,,,,VL01N
100,OR1000000171000020,E0003,,1014,2024-03-09,11:54:59,WHOUSE01,,,,VL02N
100,OR1000000171000020,E0004,,1015,2024-03-08,15:12:45,FINANCE02,,,,VF01
100,OR1000000171000020,E0005,,1016,2024-03-10,12:43:47,FINANCE01,,,,VF02
100,OR1000000172000010,E0001,,1017,2024-05-03,09:03:07,SALEUSER3,,,,VA01
100,OR1000000172000010,I0002,,1018,2024-05-04,14:08:41,SALEUSER3,,,,VA02
100,OR1000000172000010,I0002,X,1019,2024-05-08,08:09:04,SALEUSER3,,,,VA02
100,OR1000000172000010,E0006,,1020,2024-05-08,12:01:07,SALEUSER1,,,,VA02
100,OR1000000173000010,E0001,,1021,2024-07-07,09:22:12,SALEUSER1,,,,VA01
100,OR1000000173000010,E0002,,1022,2024-08-04,06:53:59,WHOUSE01,,,,VL01N
100,OR1000000173000010,E0003,,1023,2024-08-06,10:31:54,WHOUSE02,,,,VL02N
100,OR1000000173000010,E0004,,1024,2024-08-06,16:54:18,FINANCE01,,,,VF01
100,OR1000000173000010,E0005,,1025,2024-08-09,16:44:44,AUTOCLR,,,,VF02
100,OR1000000174000010,E0001,,1026,2024-03-29,15:20:23,SALEUSER3,,,,VA01
100,OR1000000174000010,E0002,,1027,2024-04-23,09:36:09,WHOUSE01,,,,VL01N
100,OR1000000174000010,E0003,,1028,2024-04-24,06:16:38,WHOUSE02,,,,VL02N
100,OR1000000174000010,E0004,,1029,2024-04-27,17:00:22,FINANCE02,,,,VF01
100,OR1000000174000010,E0005,,1030,2024-04-30,08:50:18,AUTOCLR,,,,VF02
100,OR1000000175000010,E0001,,1031,2024-02-05,14:02:52,SALEUSER1,,,,VA01
100,OR1000000175000010,E0002,,1032,2024-03-03,15:32:05,WHOUSE01,,,,VL01N
100,OR1000000175000010,E0003,,1033,2024-03-05,09:20:08,WHOUSE02,,,,VL02N
100,OR1000000175000010,E0004,,1034,2024-03-07,07:15:45,FINANCE01,,,,VF01
100,OR1000000175000010,E0005,,1035,2024-03-08,12:25:01,FINANCE01,,,,VF02
100,OR1000000175000020,E0001,,1036,2024-02-05,10:55:25,SALEUSER1,,,,VA01
100,OR1000000175000020,E0002,,1037,2024-03-03,06:00:07,WHOUSE01,,,,VL01N
100,OR1000000175000020,E0003,,1038,2024-03-04,12:55:25,WHOUSE02,,,,VL02N
100,OR1000000175000020,E0004,,1039,2024-03-07,17:58:22,FINANCE02,,,,VF01
100,OR1000000175000020,E0005,,1040,2024-03-10,10:21:20,AUTOCLR,,,,VF02
100,OR1000000176000010,E0001,,1041,2024-07-27,10:25:12,SALEUSER1,,,,VA01
100,OR1000000176000010,E0002,,1042,2024-08-17,12:31:43,WHOUSE02,,,,VL01N
100,OR1000000176000010,E0003,,1043,2024-08-17,13:36:58,WHOUSE02,,,,VL02N
100,OR1000000177000010,E0001,,1044,2024-06-12,16:50:10,SALEUSER2,,,,VA01
100,OR1000000177000010,E0002,,1045,2024-06-19,13:31:13,WHOUSE01,,,,VL01N
100,OR1000000177000010,E0003,,1046,2024-06-19,06:28:16,WHOUSE02,,,,VL02N
100,OR1000000177000010,E0004,,1047,2024-06-24,07:06:07,FINANCE02,,,,VF01
100,OR1000000177000010,E0005,,1048,2024-06-26,11:35:17,FINANCE01,,,,VF02
100,OR1000000178000010,E0001,,1049,2024-04-01,13:28:50,SALEUSER2,,,,VA01
100,OR1000000178000010,E0002,,1050,2024-04-09,12:03:33,WHOUSE01,,,,VL01N
100,OR1000000178000010,E0003,,1051,2024-04-09,17:53:37,WHOUSE01,,,,VL02N
100,OR1000000178000010,E0004,,1052,2024-04-10,14:44:02,FINANCE01,,,,VF01
100,OR1000000178000010,E0005,,1053,2024-04-11,14:02:30,AUTOCLR,,,,VF02
100,OR1000000179000010,E0001,,1054,2024-07-13,07:20:46,SALEUSER1,,,,VA01
100,OR1000000179000010,E0002,,1055,2024-08-06,16:02:56,WHOUSE02,,,,VL01N
100,OR1000000179000010,E0003,,1056,2024-08-08,15:20:46,WHOUSE02,,,,VL02N
100,OR1000000179000010,E0004,,1057,2024-08-11,06:24:05,FINANCE01,,,,VF01
100,OR1000000179000010,E0005,,1058,2024-08-14,06:47:25,AUTOCLR,,,,VF02
100,OR1000000180000010,E0001,,1059,2024-05-22,14:31:01,SALEUSER1,,,,VA01
100,OR1000000180000010,E0002,,1060,2024-06-16,16:59:56,WHOUSE02,,,,VL01N
100,OR1000000180000010,E0003,,1061,2024-06-16,08:12:57,WHOUSE01,,,,VL02N
100,OR1000000180000010,E0004,,1062,2024-06-18,16:44:44,FINANCE01,,,,VF01
100,OR1000000180000010,E0005,,1063,2024-06-19,09:27:35,FINANCE01,,,,VF02
100,OR1000000181000010,E0001,,1064,2024-06-01,13:03:00,SALEUSER3,,,,VA01
100,OR1000000181000010,I0001,,1065,2024-06-02,15:59:03,SALEUSER2,,,,VA02
100,OR1000000181000010,E0002,,1066,2024-06-21,06:10:49,WHOUSE01,,,,VL01N
100,OR1000000181000010,E0003,,1067,2024-06-21,09:50:18,WHOUSE02,,,,VL02N
100,OR1000000181000010,E0004,,1068,2024-06-22,10:05:19,FINANCE01,,,,VF01
100,OR1000000182000010,E0001,,1069,2024-04-15,14:05:52,SALEUSER3,,,,VA01
100,OR1000000182000010,E0002,,1070,2024-04-26,11:06:26,WHOUSE01,,,,VL01N
100,OR1000000182000010,E0003,,1071,2024-04-26,07:24:24,WHOUSE02,,,,VL02N
100,OR1000000182000010,E0004,,1072,2024-04-28,17:14:12,FINANCE02,,,,VF01
100,OR1000000182000010,E0005,,1073,2024-04-29,09:54:03,FINANCE01,,,,VF02
100,OR1000000183000010,E0001,,1074,2024-07-09,14:45:21,SALEUSER3,,,,VA01
100,OR1000000183000010,E0002,,1075,2024-08-05,12:19:12,WHOUSE01,,,,VL01N
100,OR1000000183000010,E0003,,1076,2024-08-05,14:23:01,WHOUSE02,,,,VL02N
100,OR1000000183000010,E0004,,1077,2024-08-11,11:07:26,FINANCE02,,,,VF01
100,OR1000000183000010,E0005,,1078,2024-08-13,06:34:28,FINANCE01,,,,VF02
100,OR1000000184000010,E0001,,1079,2024-09-29,12:55:07,SALEUSER2,,,,VA01
100,OR1000000184000010,E0002,,1080,2024-10-13,13:19:23,WHOUSE01,,,,VL01N
100,OR1000000184000010,E0003,,1081,2024-10-13,16:15:08,WHOUSE02,,,,VL02N
100,OR1000000184000010,E0004,,1082,2024-10-14,08:14:42,FINANCE01,,,,VF01
100,OR1000000184000010,E0005,,1083,2024-10-16,13:07:07,FINANCE01,,,,VF02
100,OR1000000184000020,E0001,,1084,2024-09-29,08:17:31,SALEUSER2,,,,VA01
100,OR1000000184000020,E0002,,1085,2024-10-13,16:18:04,WHOUSE01,,,,VL01N
100,OR1000000184000020,E0003,,1086,2024-10-13,07:43:40,WHOUSE02,,,,VL02N
100,OR1000000184000020,E0004,,1087,2024-10-14,15:08:26,FINANCE02,,,,VF01
100,OR1000000184000020,E0005,,1088,2024-10-17,06:36:39,AUTOCLR,,,,VF02
100,OR1000000185000010,E0001,,1089,2024-04-19,07:03:37,SALEUSER2,,,,VA01
100,OR1000000185000010,I0002,,1090,2024-04-20,08:25:12,SALEUSER2,,,,VA02
100,OR1000000185000010,I0002,X,1091,2024-04-25,09:09:11,SALEUSER2,,,,VA02
100,OR1000000185000010,E0002,,1092,2024-05-29,06:48:33,WHOUSE01,,,,VL01N
100,OR1000000185000010,E0003,,1093,2024-05-29,12:34:54,WHOUSE02,,,,VL02N
100,OR1000000186000010,E0001,,1094,2024-05-06,15:15:49,SALEUSER3,,,,VA01
100,OR1000000186000010,E0002,,1095,2024-06-07,07:06:26,WHOUSE01,,,,VL01N
100,OR1000000186000010,E0003,,1096,2024-06-09,15:23:12,WHOUSE02,,,,VL02N
100,OR1000000186000010,E0004,,1097,2024-06-12,07:23:16,FINANCE02,,,,VF01
100,OR1000000186000010,E0005,,1098,2024-06-13,06:39:28,FINANCE01,,,,VF02
100,OR1000000187000010,E0001,,1099,2024-04-20,07:34:58,SALEUSER3,,,,VA01
100,OR1000000187000010,E0002,,1100,2024-05-17,11:48:55,WHOUSE01,,,,VL01N
100,OR1000000187000010,E0003,,1101,2024-05-17,13:07:07,WHOUSE02,,,,VL02N
100,OR1000000187000010,E0004,,1102,2024-05-18,06:21:01,FINANCE02,,,,VF01
100,OR1000000187000010,E0005,,1103,2024-05-21,16:44:55,FINANCE01,,,,VF02
100,OR1000000188000010,E0001,,1104,2024-06-20,13:44:21,SALEUSER1,,,,VA01
100,OR1000000188000010,E0002,,1105,2024-06-29,13:02:41,WHOUSE01,,,,VL01N
100,OR1000000188000010,E0003,,1106,2024-06-29,06:00:48,WHOUSE02,,,,VL02N
100,OR1000000188000010,E0004,,1107,2024-07-02,08:36:47,FINANCE02,,,,VF01
100,OR1000000188000010,E0005,,1108,2024-07-05,11:53:07,AUTOCLR,,,,VF02
100,OR1000000189000010,E0001,,1109,2024-08-11,08:59:14,SALEUSER2,,,,VA01
100,OR1000000189000010,E0006,,1110,2024-08-15,13:58:29,SALEUSER1,,,,VA02
100,OR1000000189000020,E0001,,1111,2024-08-11,06:00:33,SALEUSER2,,,,VA01
100,OR1000000189000020,E0006,,1112,2024-08-16,16:47:32,SALEUSER1,,,,VA02
100,OR1000000190000010,E0001,,1113,2024-04-09,10:55:03,SALEUSER2,,,,VA01
100,OR1000000190000010,E0006,,1114,2024-04-13,08:33:35,SALEUSER3,,,,VA02
100,OR1000000191000010,E0001,,1115,2024-04-23,16:37:54,SALEUSER2,,,,VA01
100,OR1000000191000010,E0002,,1116,2024-05-21,11:46:55,WHOUSE02,,,,VL01N
100,OR1000000191000010,E0003,,1117,2024-05-21,17:40:36,WHOUSE02,,,,VL02N
100,OR1000000191000010,E0004,,1118,2024-05-25,13:24:31,FINANCE01,,,,VF01
100,OR1000000191000010,E0005,,1119,2024-05-26,08:54:03,FINANCE01,,,,VF02
100,OR1000000192000010,E0001,,1120,2024-05-18,06:22:16,SALEUSER2,,,,VA01
100,OR1000000192000010,E0002,,1121,2024-06-06,16:35:35,WHOUSE02,,,,VL01N
100,OR1000000192000010,E0003,,1122,2024-06-06,11:52:48,WHOUSE01,,,,VL02N
100,OR1000000192000010,E0004,,1123,2024-06-08,11:10:49,FINANCE02,,,,VF01
100,OR1000000192000010,E0005,,1124,2024-06-09,17:17:12,FINANCE01,,,,VF02
100,OR1000000193000010,E0001,,1125,2024-09-24,15:07:00,SALEUSER2,,,,VA01
100,OR1000000193000010,E0006,,1126,2024-09-25,13:15:34,SALEUSER2,,,,VA02
100,OR1000000194000010,E0001,,1127,2024-05-31,12:45:51,SALEUSER3,,,,VA01
100,OR1000000194000010,E0002,,1128,2024-06-25,16:04:11,WHOUSE02,,,,VL01N
100,OR1000000194000010,E0003,,1129,2024-06-25,14:02:52,WHOUSE01,,,,VL02N
100,OR1000000194000010,E0004,,1130,2024-06-27,16:14:23,FINANCE02,,,,VF01
100,OR1000000194000010,E0005,,1131,2024-06-29,08:54:55,FINANCE01,,,,VF02
100,OR1000000195000010,E0001,,1132,2024-05-01,14:32:47,SALEUSER2,,,,VA01
100,OR1000000195000010,I0001,,1133,2024-05-02,13:36:58,SALEUSER2,,,,VA02
100,OR1000000195000010,I0001,X,1134,2024-05-08,15:10:04,SALEUSER1,,,,VA02
100,OR1000000195000010,E0002,,1135,2024-05-14,08:05:07,WHOUSE02,,,,VL01N
100,OR1000000195000010,E0003,,1136,2024-05-15,17:27:39,WHOUSE01,,,,VL02N
100,OR1000000195000010,E0004,,1137,2024-05-15,13:24:27,FINANCE02,,,,VF01
100,OR1000000195000020,E0001,,1138,2024-05-01,09:52:40,SALEUSER2,,,,VA01
100,OR1000000195000020,I0001,,1139,2024-05-02,11:10:53,SALEUSER1,,,,VA02
100,OR1000000195000020,I0001,X,1140,2024-05-05,14:58:33,SALEUSER1,,,,VA02
100,OR1000000195000020,E0002,,1141,2024-05-14,08:36:17,WHOUSE01,,,,VL01N
100,OR1000000195000020,E0003,,1142,2024-05-14,14:47:40,WHOUSE02,,,,VL02N
100,OR1000000195000020,E0004,,1143,2024-05-15,11:28:16,FINANCE01,,,,VF01
100,OR1000000196000010,E0001,,1144,2024-04-29,10:02:18,SALEUSER1,,,,VA01
100,OR1000000196000010,E0002,,1145,2024-06-03,08:48:25,WHOUSE02,,,,VL01N
100,OR1000000196000010,E0003,,1146,2024-06-04,12:46:14,WHOUSE01,,,,VL02N
100,OR1000000196000010,E0004,,1147,2024-06-09,07:32:43,FINANCE01,,,,VF01
100,OR1000000196000010,E0005,,1148,2024-06-10,14:24:54,FINANCE01,,,,VF02
100,OR1000000197000010,E0001,,1149,2024-06-20,09:17:08,SALEUSER1,,,,VA01
100,OR1000000197000010,E0006,,1150,2024-06-23,11:30:16,SALEUSER3,,,,VA02
100,OR1000000198000010,E0001,,1151,2024-08-10,12:21:46,SALEUSER3,,,,VA01
100,OR1000000198000010,E0002,,1152,2024-09-07,12:13:49,WHOUSE01,,,,VL01N
100,OR1000000198000010,E0003,,1153,2024-09-08,14:34:39,WHOUSE01,,,,VL02N
100,OR1000000198000010,E0004,,1154,2024-09-14,11:15:45,FINANCE01,,,,VF01
100,OR1000000198000010,E0005,,1155,2024-09-17,16:24:01,AUTOCLR,,,,VF02
100,OR1000000199000010,E0001,,1156,2024-03-02,14:29:13,SALEUSER2,,,,VA01
100,OR1000000199000010,E0002,,1157,2024-03-17,10:55:07,WHOUSE01,,,,VL01N
100,OR1000000199000010,E0003,,1158,2024-03-19,16:56:52,WHOUSE02,,,,VL02N
100,OR1000000199000010,E0004,,1159,2024-03-20,09:31:58,FINANCE02,,,,VF01
100,OR1000000199000010,E0005,,1160,2024-03-23,14:59:14,FINANCE01,,,,VF02
100,OR1000000199000020,E0001,,1161,2024-03-02,16:32:58,SALEUSER2,,,,VA01
100,OR1000000199000020,E0002,,1162,2024-03-17,14:13:30,WHOUSE02,,,,VL01N
100,OR1000000199000020,E0003,,1163,2024-03-17,10:41:21,WHOUSE02,,,,VL02N
100,OR1000000199000020,E0004,,1164,2024-03-20,13:28:28,FINANCE02,,,,VF01
100,OR1000000199000020,E0005,,1165,2024-03-22,13:38:36,AUTOCLR,,,,VF02
100,OR1000000200000010,E0001,,1166,2024-02-15,08:50:03,SALEUSER1,,,,VA01
100,OR1000000200000010,E0002,,1167,2024-03-05,11:11:08,WHOUSE01,,,,VL01N
100,OR1000000200000010,E0003,,1168,2024-03-05,17:10:49,WHOUSE01,,,,VL02N
100,OR1000000200000010,E0004,,1169,2024-03-08,17:09:11,FINANCE02,,,,VF01
100,OR1000000200000010,E0005,,1170,2024-03-11,08:44:06,FINANCE01,,,,VF02
100,OR1000000201000010,E0001,,1171,2024-09-16,13:22:53,SALEUSER1,,,,VA01
100,OR1000000201000010,E0002,,1172,2024-09-28,12:19:12,WHOUSE01,,,,VL01N
100,OR1000000201000010,E0003,,1173,2024-09-28,15:30:24,WHOUSE02,,,,VL02N
100,OR1000000201000010,E0004,,1174,2024-09-30,17:40:06,FINANCE02,,,,VF01
100,OR1000000201000010,E0005,,1175,2024-10-01,06:08:34,AUTOCLR,,,,VF02
100,OR1000000202000010,E0001,,1176,2024-06-29,15:53:14,SALEUSER3,,,,VA01
100,OR1000000202000010,E0002,,1177,2024-07-09,07:21:53,WHOUSE01,,,,VL01N
100,OR1000000202000010,E0003,,1178,2024-07-09,16:47:55,WHOUSE01,,,,VL02N
100,OR1000000202000010,E0004,,1179,2024-07-10,13:52:10,FINANCE02,,,,VF01
100,OR1000000202000010,E0005,,1180,2024-07-13,09:22:38,AUTOCLR,,,,VF02
100,OR1000000202000020,E0001,,1181,2024-06-29,11:44:02,SALEUSER3,,,,VA01
100,OR1000000202000020,E0002,,1182,2024-07-09,17:45:10,WHOUSE02,,,,VL01N
100,OR1000000202000020,E0003,,1183,2024-07-09,11:53:03,WHOUSE01,,,,VL02N
100,OR1000000202000020,E0004,,1184,2024-07-10,13:57:18,FINANCE02,,,,VF01
100,OR1000000202000020,E0005,,1185,2024-07-13,16:00:11,FINANCE01,,,,VF02
100,OR1000000203000010,E0001,,1186,2024-05-20,11:38:28,SALEUSER2,,,,VA01
100,OR1000000203000010,E0002,,1187,2024-06-13,08:21:08,WHOUSE02,,,,VL01N
100,OR1000000203000010,E0003,,1188,2024-06-14,14:24:05,WHOUSE01,,,,VL02N
100,OR1000000203000010,E0004,,1189,2024-06-14,12:19:42,FINANCE01,,,,VF01
100,OR1000000203000010,E0005,,1190,2024-06-16,08:36:17,FINANCE01,,,,VF02
100,OR1000000203000020,E0001,,1191,2024-05-20,16:54:48,SALEUSER2,,,,VA01
100,OR1000000203000020,E0002,,1192,2024-06-13,13:10:23,WHOUSE02,,,,VL01N
100,OR1000000203000020,E0003,,1193,2024-06-13,08:24:09,WHOUSE02,,,,VL02N
100,OR1000000203000020,E0004,,1194,2024-06-14,11:40:13,FINANCE01,,,,VF01
100,OR1000000203000020,E0005,,1195,2024-06-16,13:12:04,FINANCE01,,,,VF02
100,OR1000000204000010,E0001,,1196,2024-07-02,15:13:57,SALEUSER1,,,,VA01
100,OR1000000204000010,E0006,,1197,2024-07-07,11:49:21,SALEUSER1,,,,VA02
100,OR1000000204000020,E0001,,1198,2024-07-02,17:35:20,SALEUSER1,,,,VA01
100,OR1000000204000020,E0006,,1199,2024-07-05,16:28:09,SALEUSER1,,,,VA02
100,OR1000000205000010,E0001,,1200,2024-05-18,11:58:48,SALEUSER2,,,,VA01
100,OR1000000205000010,E0002,,1201,2024-06-16,07:36:02,WHOUSE01,,,,VL01N
100,OR1000000205000010,E0003,,1202,2024-06-16,08:09:00,WHOUSE02,,,,VL02N
100,OR1000000205000010,E0004,,1203,2024-06-17,10:34:20,FINANCE02,,,,VF01
100,OR1000000205000010,E0005,,1204,2024-06-18,10:17:46,FINANCE01,,,,VF02
100,OR1000000206000010,E0001,,1205,2024-09-01,12:43:17,SALEUSER2,,,,VA01
100,OR1000000206000010,I0001,,1206,2024-09-02,08:39:47,SALEUSER1,,,,VA02
100,OR1000000206000010,I0001,X,1207,2024-09-06,15:34:50,SALEUSER1,,,,VA02
100,OR1000000206000010,E0002,,1208,2024-09-30,11:25:27,WHOUSE01,,,,VL01N
100,OR1000000206000010,E0003,,1209,2024-09-30,09:05:30,WHOUSE02,,,,VL02N
100,OR1000000206000010,E0004,,1210,2024-10-04,17:36:06,FINANCE01,,,,VF01
100,OR1000000207000010,E0001,,1211,2024-01-24,10:25:01,SALEUSER2,,,,VA01
100,OR1000000207000010,I0001,,1212,2024-01-25,16:37:32,SALEUSER1,,,,VA02
100,OR1000000207000010,I0001,X,1213,2024-01-28,09:01:41,FINANCE01,,,,VA02
100,OR1000000207000010,E0002,,1214,2024-02-25,14:38:17,WHOUSE01,,,,VL01N
100,OR1000000207000010,E0003,,1215,2024-02-27,10:03:56,WHOUSE02,,,,VL02N
100,OR1000000207000010,E0004,,1216,2024-02-29,15:24:39,FINANCE01,,,,VF01
100,OR1000000208000010,E0001,,1217,2024-08-20,13:11:19,SALEUSER3,,,,VA01
100,OR1000000208000010,E0002,,1218,2024-09-16,08:56:33,WHOUSE02,,,,VL01N
100,OR1000000208000010,E0003,,1219,2024-09-17,14:19:57,WHOUSE01,,,,VL02N
100,OR1000000208000010,E0004,,1220,2024-09-21,11:44:25,FINANCE01,,,,VF01
100,OR1000000208000010,E0005,,1221,2024-09-23,14:20:50,FINANCE01,,,,VF02
100,OR1000000209000010,E0001,,1222,2024-07-09,13:05:56,SALEUSER1,,,,VA01
100,OR1000000209000010,I0002,,1223,2024-07-10,07:59:11,SALEUSER1,,,,VA02
100,OR1000000209000010,E0002,,1224,2024-07-28,06:01:48,WHOUSE01,,,,VL01N
100,OR1000000209000010,E0003,,1225,2024-07-29,16:21:53,WHOUSE02,,,,VL02N
100,OR1000000210000010,E0001,,1226,2024-01-23,13:22:57,SALEUSER1,,,,VA01
100,OR1000000210000010,E0002,,1227,2024-02-03,12:16:34,WHOUSE01,,,,VL01N
100,OR1000000210000010,E0003,,1228,2024-02-05,17:05:52,WHOUSE01,,,,VL02N
100,OR1000000210000010,E0004,,1229,2024-02-06,17:52:22,FINANCE01,,,,VF01
100,OR1000000210000010,E0005,,1230,2024-02-08,07:08:26,AUTOCLR,,,,VF02
100,OR1000000211000010,E0001,,1231,2024-01-28,14:07:26,SALEUSER2,,,,VA01
100,OR1000000211000010,E0002,,1232,2024-02-15,17:09:56,WHOUSE02,,,,VL01N
100,OR1000000211000010,E0003,,1233,2024-02-17,08:29:13,WHOUSE01,,,,VL02N
100,OR1000000211000010,E0004,,1234,2024-02-16,13:58:29,FINANCE02,,,,VF01
100,OR1000000211000010,E0005,,1235,2024-02-17,14:05:22,AUTOCLR,,,,VF02
100,OR1000000211000020,E0001,,1236,2024-01-28,16:03:41,SALEUSER2,,,,VA01
100,OR1000000211000020,E0002,,1237,2024-02-15,13:55:59,WHOUSE02,,,,VL01N
100,OR1000000211000020,E0003,,1238,2024-02-16,14:43:43,WHOUSE02,,,,VL02N
100,OR1000000211000020,E0004,,1239,2024-02-16,15:09:45,FINANCE01,,,,VF01
100,OR1000000211000020,E0005,,1240,2024-02-17,14:24:05,FINANCE01,,,,VF02
100,OR1000000212000010,E0001,,1241,2024-09-12,15:54:18,SALEUSER2,,,,VA01
100,OR1000000212000010,E0006,,1242,2024-09-13,08:13:57,SALEUSER3,,,,VA02
100,OR1000000213000010,E0001,,1243,2024-05-26,08:13:19,SALEUSER2,,,,VA01
100,OR1000000213000010,E0002,,1244,2024-06-16,17:50:33,WHOUSE02,,,,VL01N
100,OR1000000213000010,E0003,,1245,2024-06-18,06:13:23,WHOUSE01,,,,VL02N
100,OR1000000213000020,E0001,,1246,2024-05-26,10:40:21,SALEUSER2,,,,VA01
100,OR1000000213000020,E0002,,1247,2024-06-16,15:05:37,WHOUSE02,,,,VL01N
100,OR1000000213000020,E0003,,1248,2024-06-17,16:26:42,WHOUSE01,,,,VL02N
100,OR1000000214000010,E0001,,1249,2024-02-19,06:32:20,SALEUSER1,,,,VA01
100,OR1000000214000010,I0001,,1250,2024-02-20,06:15:30,SALEUSER1,,,,VA02
100,OR1000000214000010,E0002,,1251,2024-03-07,08:04:00,WHOUSE01,,,,VL01N
100,OR1000000214000010,E0003,,1252,2024-03-09,09:55:55,WHOUSE01,,,,VL02N
100,OR1000000214000010,E0004,,1253,2024-03-12,12:37:32,FINANCE01,,,,VF01
100,OR1000000214000020,E0001,,1254,2024-02-19,07:11:19,SALEUSER1,,,,VA01
100,OR1000000214000020,I0001,,1255,2024-02-20,12:16:19,SALEUSER2,,,,VA02
100,OR1000000214000020,I0001,X,1256,2024-02-27,07:46:40,SALEUSER1,,,,VA02
100,OR1000000214000020,E0002,,1257,2024-03-07,11:35:09,WHOUSE02,,,,VL01N
100,OR1000000214000020,E0003,,1258,2024-03-07,16:28:50,WHOUSE02,,,,VL02N
100,OR1000000214000020,E0004,,1259,2024-03-12,09:50:40,FINANCE02,,,,VF01
100,OR1000000215000010,E0001,,1260,2024-05-18,07:56:52,SALEUSER1,,,,VA01
100,OR1000000215000010,E0002,,1261,2024-07-02,15:08:15,WHOUSE02,,,,VL01N
100,OR1000000215000010,E0003,,1262,2024-07-02,12:39:02,WHOUSE02,,,,VL02N
100,OR1000000215000010,E0004,,1263,2024-07-06,12:43:40,FINANCE02,,,,VF01
100,OR1000000215000010,E0005,,1264,2024-07-09,09:42:36,AUTOCLR,,,,VF02
100,OR1000000216000010,E0001,,1265,2024-06-16,08:48:10,SALEUSER3,,,,VA01
100,OR1000000216000010,E0002,,1266,2024-07-03,14:11:04,WHOUSE02,,,,VL01N
100,OR1000000216000010,E0003,,1267,2024-07-05,13:43:06,WHOUSE02,,,,VL02N
100,OR1000000216000010,E0004,,1268,2024-07-07,12:29:20,FINANCE01,,,,VF01
100,OR1000000216000010,E0005,,1269,2024-07-09,06:07:56,FINANCE01,,,,VF02
100,OR1000000217000010,E0001,,1270,2024-08-06,14:11:53,SALEUSER3,,,,VA01
100,OR1000000217000010,I0001,,1271,2024-08-07,13:46:02,SALEUSER2,,,,VA02
100,OR1000000217000010,I0001,X,1272,2024-08-15,06:35:50,SALEUSER1,,,,VA02
100,OR1000000217000010,E0002,,1273,2024-08-23,08:29:58,WHOUSE01,,,,VL01N
100,OR1000000217000010,E0003,,1274,2024-08-23,16:11:00,WHOUSE02,,,,VL02N
100,OR1000000217000010,E0004,,1275,2024-08-28,08:57:07,FINANCE02,,,,VF01
100,OR1000000218000010,E0001,,1276,2024-09-29,13:25:39,SALEUSER3,,,,VA01
100,OR1000000218000010,E0002,,1277,2024-10-25,06:12:23,WHOUSE01,,,,VL01N
100,OR1000000218000010,E0003,,1278,2024-10-26,10:37:09,WHOUSE01,,,,VL02N
100,OR1000000218000010,E0004,,1279,2024-10-28,12:42:06,FINANCE02,,,,VF01
100,OR1000000218000010,E0005,,1280,2024-10-29,12:03:18,FINANCE01,,,,VF02
100,OR1000000219000010,E0001,,1281,2024-07-24,17:26:01,SALEUSER2,,,,VA01
100,OR1000000219000010,E0002,,1282,2024-08-18,15:19:34,WHOUSE02,,,,VL01N
100,OR1000000219000010,E0003,,1283,2024-08-19,10:46:55,WHOUSE02,,,,VL02N
100,OR1000000219000010,E0004,,1284,2024-08-19,17:23:42,FINANCE02,,,,VF01
100,OR1000000219000010,E0005,,1285,2024-08-20,12:28:50,AUTOCLR,,,,VF02
100,OR1000000220000010,E0001,,1286,2024-06-15,12:18:53,SALEUSER2,,,,VA01
100,OR1000000220000010,E0002,,1287,2024-07-13,10:04:00,WHOUSE01,,,,VL01N
100,OR1000000220000010,E0003,,1288,2024-07-15,10:28:58,WHOUSE01,,,,VL02N
100,OR1000000220000010,E0004,,1289,2024-07-16,17:58:33,FINANCE01,,,,VF01
100,OR1000000220000010,E0005,,1290,2024-07-19,10:11:41,AUTOCLR,,,,VF02
100,OR1000000221000010,E0001,,1291,2024-05-31,09:27:09,SALEUSER2,,,,VA01
100,OR1000000221000010,E0002,,1292,2024-06-27,15:17:19,WHOUSE01,,,,VL01N
100,OR1000000221000010,E0003,,1293,2024-06-28,12:08:38,WHOUSE01,,,,VL02N
100,OR1000000221000010,E0004,,1294,2024-07-02,09:54:25,FINANCE01,,,,VF01
100,OR1000000221000010,E0005,,1295,2024-07-05,09:54:29,AUTOCLR,,,,VF02
100,OR1000000222000010,E0001,,1296,2024-03-25,06:56:29,SALEUSER3,,,,VA01
100,OR1000000222000010,E0002,,1297,2024-04-19,11:06:34,WHOUSE02,,,,VL01N
100,OR1000000222000010,E0003,,1298,2024-04-19,07:42:40,WHOUSE02,,,,VL02N
100,OR1000000222000010,E0004,,1299,2024-04-20,16:25:12,FINANCE02,,,,VF01
100,OR1000000222000010,E0005,,1300,2024-04-23,08:50:10,AUTOCLR,,,,VF02
100,OR1000000223000010,E0001,,1301,2024-05-24,09:30:24,SALEUSER1,,,,VA01
100,OR1000000223000010,E0002,,1302,2024-06-13,06:09:26,WHOUSE01,,,,VL01N
100,OR1000000223000010,E0003,,1303,2024-06-14,11:53:55,WHOUSE02,,,,VL02N
100,OR1000000223000010,E0004,,1304,2024-06-15,17:29:39,FINANCE02,,,,VF01
100,OR1000000223000010,E0005,,1305,2024-06-18,07:03:15,FINANCE01,,,,VF02
100,OR1000000224000010,E0001,,1306,2024-05-24,08:04:49,SALEUSER1,,,,VA01
100,OR1000000224000010,E0002,,1307,2024-06-09,17:50:14,WHOUSE01,,,,VL01N
100,OR1000000224000010,E0003,,1308,2024-06-11,08:35:39,WHOUSE01,,,,VL02N
100,OR1000000224000010,E0004,,1309,2024-06-13,16:09:38,FINANCE01,,,,VF01
100,OR1000000224000010,E0005,,1310,2024-06-14,12:07:52,FINANCE01,,,,VF02
100,OR1000000224000020,E0001,,1311,2024-05-24,12:01:00,SALEUSER1,,,,VA01
100,OR1000000224000020,E0002,,1312,2024-06-09,13:37:17,WHOUSE02,,,,VL01N
100,OR1000000224000020,E0003,,1313,2024-06-09,08:39:36,WHOUSE01,,,,VL02N
100,OR1000000224000020,E0004,,1314,2024-06-13,12:25:16,FINANCE01,,,,VF01
100,OR1000000224000020,E0005,,1315,2024-06-14,11:01:22,FINANCE01,,,,VF02
100,OR1000000225000010,E0001,,1316,2024-05-10,15:16:34,SALEUSER1,,,,VA01
100,OR1000000225000010,E0002,,1317,2024-05-20,12:55:10,WHOUSE02,,,,VL01N
100,OR1000000225000010,E0003,,1318,2024-05-21,10:33:13,WHOUSE02,,,,VL02N
100,OR1000000225000010,E0004,,1319,2024-05-24,07:02:30,FINANCE01,,,,VF01
100,OR1000000225000010,E0005,,1320,2024-05-26,13:11:49,AUTOCLR,,,,VF02
100,OR1000000226000010,E0001,,1321,2024-08-04,14:28:35,SALEUSER3,,,,VA01
100,OR1000000226000010,I0001,,1322,2024-08-05,08:23:01,SALEUSER2,,,,VA02
100,OR1000000226000010,E0002,,1323,2024-08-27,10:33:58,WHOUSE01,,,,VL01N
100,OR1000000226000010,E0003,,1324,2024-08-28,09:57:18,WHOUSE01,,,,VL02N
100,OR1000000226000010,E0004,,1325,2024-09-03,08:18:16,FINANCE01,,,,VF01
100,OR1000000227000010,E0001,,1326,2024-05-23,07:11:30,SALEUSER2,,,,VA01
100,OR1000000227000010,E0006,,1327,2024-05-27,10:56:44,SALEUSER1,,,,VA02
100,OR1000000228000010,E0001,,1328,2024-01-15,17:01:26,SALEUSER1,,,,VA01
100,OR1000000228000010,E0002,,1329,2024-02-11,16:14:38,WHOUSE01,,,,VL01N
100,OR1000000228000010,E0003,,1330,2024-02-11,15:24:35,WHOUSE01,,,,VL02N
100,OR1000000228000010,E0004,,1331,2024-02-15,13:40:32,FINANCE01,,,,VF01
100,OR1000000228000010,E0005,,1332,2024-02-18,12:13:45,AUTOCLR,,,,VF02
100,OR1000000228000020,E0001,,1333,2024-01-15,14:35:32,SALEUSER1,,,,VA01
100,OR1000000228000020,E0002,,1334,2024-02-11,15:20:31,WHOUSE01,,,,VL01N
100,OR1000000228000020,E0003,,1335,2024-02-11,06:07:07,WHOUSE02,,,,VL02N
100,OR1000000228000020,E0004,,1336,2024-02-15,10:07:00,FINANCE01,,,,VF01
100,OR1000000228000020,E0005,,1337,2024-02-18,15:19:04,FINANCE01,,,,VF02
100,OR1000000229000010,E0001,,1338,2024-08-25,10:13:00,SALEUSER2,,,,VA01
100,OR1000000229000010,E0002,,1339,2024-09-14,06:04:37,WHOUSE01,,,,VL01N
100,OR1000000229000010,E0003,,1340,2024-09-16,07:29:43,WHOUSE01,,,,VL02N
100,OR1000000229000010,E0004,,1341,2024-09-16,15:41:02,FINANCE02,,,,VF01
100,OR1000000229000010,E0005,,1342,2024-09-17,08:36:51,AUTOCLR,,,,VF02
100,OR1000000230000010,E0001,,1343,2024-08-15,11:00:22,SALEUSER2,,,,VA01
100,OR1000000230000010,E0002,,1344,2024-09-03,10:29:54,WHOUSE02,,,,VL01N
100,OR1000000230000010,E0003,,1345,2024-09-05,17:26:09,WHOUSE02,,,,VL02N
100,OR1000000230000010,E0004,,1346,2024-09-04,15:06:37,FINANCE01,,,,VF01
100,OR1000000230000010,E0005,,1347,2024-09-06,15:49:33,FINANCE01,,,,VF02
100,OR1000000231000010,E0001,,1348,2024-09-10,17:03:26,SALEUSER2,,,,VA01
100,OR1000000231000010,E0002,,1349,2024-09-30,12:58:11,WHOUSE01,,,,VL01N
100,OR1000000231000010,E0003,,1350,2024-10-01,07:03:33,WHOUSE01,,,,VL02N
100,OR1000000231000010,E0004,,1351,2024-10-04,11:22:05,FINANCE01,,,,VF01
100,OR1000000231000010,E0005,,1352,2024-10-06,08:30:58,FINANCE01,,,,VF02
100,OR1000000232000010,E0001,,1353,2024-07-17,13:56:11,SALEUSER3,,,,VA01
100,OR1000000232000010,E0002,,1354,2024-07-29,12:15:00,WHOUSE01,,,,VL01N
100,OR1000000232000010,E0003,,1355,2024-07-31,09:26:24,WHOUSE01,,,,VL02N
100,OR1000000232000010,E0004,,1356,2024-08-01,11:29:24,FINANCE02,,,,VF01
100,OR1000000232000010,E0005,,1357,2024-08-04,11:25:12,AUTOCLR,,,,VF02
100,OR1000000233000010,E0001,,1358,2024-08-26,06:40:10,SALEUSER2,,,,VA01
100,OR1000000233000010,E0002,,1359,2024-09-20,16:25:05,WHOUSE01,,,,VL01N
100,OR1000000233000010,E0003,,1360,2024-09-22,15:35:54,WHOUSE02,,,,VL02N
100,OR1000000233000010,E0004,,1361,2024-09-25,16:23:53,FINANCE01,,,,VF01
100,OR1000000233000010,E0005,,1362,2024-09-27,07:09:15,FINANCE01,,,,VF02
100,OR1000000234000010,E0001,,1363,2024-01-27,08:30:58,SALEUSER2,,,,VA01
100,OR1000000234000010,E0002,,1364,2024-02-15,15:48:33,WHOUSE01,,,,VL01N
100,OR1000000234000010,E0003,,1365,2024-02-16,06:13:19,WHOUSE02,,,,VL02N
100,OR1000000234000010,E0004,,1366,2024-02-16,15:48:51,FINANCE02,,,,VF01
100,OR1000000234000010,E0005,,1367,2024-02-17,12:56:26,AUTOCLR,,,,VF02
100,OR1000000235000010,E0001,,1368,2024-08-03,15:02:15,SALEUSER3,,,,VA01
100,OR1000000235000010,E0002,,1369,2024-08-15,15:32:02,WHOUSE02,,,,VL01N
100,OR1000000235000010,E0003,,1370,2024-08-17,07:41:51,WHOUSE01,,,,VL02N
100,OR1000000235000010,E0004,,1371,2024-08-19,08:32:32,FINANCE02,,,,VF01
100,OR1000000235000010,E0005,,1372,2024-08-22,10:58:03,FINANCE01,,,,VF02
100,OR1000000235000020,E0001,,1373,2024-08-03,10:38:21,SALEUSER3,,,,VA01
100,OR1000000235000020,E0002,,1374,2024-08-15,11:04:19,WHOUSE02,,,,VL01N
100,OR1000000235000020,E0003,,1375,2024-08-15,12:40:21,WHOUSE01,,,,VL02N
100,OR1000000235000020,E0004,,1376,2024-08-19,07:48:14,FINANCE02,,,,VF01
100,OR1000000235000020,E0005,,1377,2024-08-22,08:22:50,AUTOCLR,,,,VF02
100,OR1000000236000010,E0001,,1378,2024-08-12,10:19:31,SALEUSER3,,,,VA01
100,OR1000000236000010,E0002,,1379,2024-09-18,14:10:15,WHOUSE02,,,,VL01N
100,OR1000000236000010,E0003,,1380,2024-09-19,17:24:16,WHOUSE01,,,,VL02N
100,OR1000000236000010,E0004,,1381,2024-09-23,16:00:56,FINANCE01,,,,VF01
100,OR1000000236000010,E0005,,1382,2024-09-25,10:43:47,FINANCE01,,,,VF02
100,OR1000000237000010,E0001,,1383,2024-02-22,08:09:19,SALEUSER2,,,,VA01
100,OR1000000237000010,E0002,,1384,2024-03-05,11:02:37,WHOUSE01,,,,VL01N
100,OR1000000237000010,E0003,,1385,2024-03-06,14:01:30,WHOUSE02,,,,VL02N
100,OR1000000237000010,E0004,,1386,2024-03-08,14:50:55,FINANCE02,,,,VF01
100,OR1000000237000010,E0005,,1387,2024-03-10,17:35:58,AUTOCLR,,,,VF02
100,OR1000000237000020,E0001,,1388,2024-02-22,08:22:50,SALEUSER2,,,,VA01
100,OR1000000237000020,E0002,,1389,2024-03-05,17:22:23,WHOUSE02,,,,VL01N
100,OR1000000237000020,E0003,,1390,2024-03-06,11:04:07,WHOUSE02,,,,VL02N
100,OR1000000237000020,E0004,,1391,2024-03-08,12:43:40,FINANCE01,,,,VF01
100,OR1000000237000020,E0005,,1392,2024-03-10,14:43:13,AUTOCLR,,,,VF02
100,OR1000000238000010,E0001,,1393,2024-01-19,13:04:37,SALEUSER3,,,,VA01
100,OR1000000238000010,E0002,,1394,2024-02-18,16:29:58,WHOUSE01,,,,VL01N
100,OR1000000238000010,E0003,,1395,2024-02-19,17:23:12,WHOUSE01,,,,VL02N
100,OR1000000238000010,E0004,,1396,2024-02-20,16:11:26,FINANCE01,,,,VF01
100,OR1000000238000010,E0005,,1397,2024-02-22,07:30:20,FINANCE01,,,,VF02
100,OR1000000239000010,E0001,,1398,2024-08-20,07:21:57,SALEUSER3,,,,VA01
100,OR1000000239000010,E0002,,1399,2024-08-31,11:07:49,WHOUSE02,,,,VL01N
100,OR1000000239000010,E0003,,1400,2024-09-02,13:06:49,WHOUSE01,,,,VL02N
100,OR1000000239000010,E0004,,1401,2024-09-04,07:54:44,FINANCE01,,,,VF01
100,OR1000000239000010,E0005,,1402,2024-09-07,09:31:58,AUTOCLR,,,,VF02
100,OR1000000239000020,E0001,,1403,2024-08-20,16:28:31,SALEUSER3,,,,VA01
100,OR1000000239000020,E0002,,1404,2024-08-31,10:29:31,WHOUSE01,,,,VL01N
100,OR1000000239000020,E0003,,1405,2024-09-02,12:25:35,WHOUSE02,,,,VL02N
100,OR1000000239000020,E0004,,1406,2024-09-04,12:57:11,FINANCE02,,,,VF01
100,OR1000000239000020,E0005,,1407,2024-09-05,10:31:46,AUTOCLR,,,,VF02
100,OR1000000240000010,E0001,,1408,2024-04-10,14:47:06,SALEUSER1,,,,VA01
100,OR1000000240000010,E0002,,1409,2024-05-10,14:29:13,WHOUSE02,,,,VL01N
100,OR1000000240000010,E0003,,1410,2024-05-12,13:09:15,WHOUSE02,,,,VL02N
100,OR1000000240000010,E0004,,1411,2024-05-13,13:22:16,FINANCE01,,,,VF01
100,OR1000000240000010,E0005,,1412,2024-05-14,16:04:00,FINANCE01,,,,VF02
100,OR1000000241000010,E0001,,1413,2024-09-11,07:39:21,SALEUSER3,,,,VA01
100,OR1000000241000010,E0002,,1414,2024-10-10,11:43:58,WHOUSE01,,,,VL01N
100,OR1000000241000010,E0003,,1415,2024-10-10,17:22:53,WHOUSE02,,,,VL02N
100,OR1000000241000010,E0004,,1416,2024-10-12,15:55:44,FINANCE01,,,,VF01
100,OR1000000241000010,E0005,,1417,2024-10-15,12:44:14,AUTOCLR,,,,VF02
100,OR1000000242000010,E0001,,1418,2024-06-10,16:49:33,SALEUSER1,,,,VA01
100,OR1000000242000010,I0001,,1419,2024-06-11,13:08:45,SALEUSER1,,,,VA02
100,OR1000000242000010,E0002,,1420,2024-06-25,14:20:35,WHOUSE01,,,,VL01N
100,OR1000000242000010,E0003,,1421,2024-06-26,14:22:38,WHOUSE02,,,,VL02N
100,OR1000000242000010,E0004,,1422,2024-06-30,14:40:58,FINANCE02,,,,VF01
100,OR1000000243000010,E0001,,1423,2024-08-11,07:37:28,SALEUSER2,,,,VA01
100,OR1000000243000010,I0001,,1424,2024-08-12,15:02:41,SALEUSER2,,,,VA02
100,OR1000000243000010,E0002,,1425,2024-08-31,16:26:50,WHOUSE02,,,,VL01N
100,OR1000000243000010,E0003,,1426,2024-08-31,13:01:45,WHOUSE01,,,,VL02N
100,OR1000000243000010,E0004,,1427,2024-09-05,10:37:28,FINANCE01,,,,VF01
100,OR1000000243000020,E0001,,1428,2024-08-11,11:43:55,SALEUSER2,,,,VA01
100,OR1000000243000020,I0001,,1429,2024-08-12,08:55:18,SALEUSER1,,,,VA02
100,OR1000000243000020,E0002,,1430,2024-08-31,09:44:14,WHOUSE02,,,,VL01N
100,OR1000000243000020,E0003,,1431,2024-08-31,07:53:40,WHOUSE01,,,,VL02N
100,OR1000000243000020,E0004,,1432,2024-09-05,11:52:25,FINANCE01,,,,VF01
100,OR1000000244000010,E0001,,1433,2024-01-08,10:49:36,SALEUSER3,,,,VA01
100,OR1000000244000010,E0002,,1434,2024-01-23,12:18:04,WHOUSE01,,,,VL01N
100,OR1000000244000010,E0003,,1435,2024-01-23,16:53:07,WHOUSE02,,,,VL02N
100,OR1000000244000010,E0004,,1436,2024-01-24,07:24:39,FINANCE02,,,,VF01
100,OR1000000244000010,E0005,,1437,2024-01-26,15:29:24,AUTOCLR,,,,VF02
100,OR1000000245000010,E0001,,1438,2024-05-08,06:45:29,SALEUSER1,,,,VA01
100,OR1000000245000010,E0002,,1439,2024-06-03,17:12:19,WHOUSE02,,,,VL01N
100,OR1000000245000010,E0003,,1440,2024-06-04,12:52:40,WHOUSE02,,,,VL02N
100,OR1000000245000010,E0004,,1441,2024-06-07,10:01:07,FINANCE01,,,,VF01
100,OR1000000245000010,E0005,,1442,2024-06-08,15:10:38,FINANCE01,,,,VF02
100,OR1000000245000020,E0001,,1443,2024-05-08,13:24:39,SALEUSER1,,,,VA01
100,OR1000000245000020,E0002,,1444,2024-06-03,13:31:05,WHOUSE01,,,,VL01N
100,OR1000000245000020,E0003,,1445,2024-06-05,06:45:47,WHOUSE01,,,,VL02N
100,OR1000000245000020,E0004,,1446,2024-06-07,10:03:33,FINANCE01,,,,VF01
100,OR1000000245000020,E0005,,1447,2024-06-10,09:33:32,FINANCE01,,,,VF02
100,OR1000000246000010,E0001,,1448,2024-08-05,06:48:40,SALEUSER3,,,,VA01
100,OR1000000246000010,E0002,,1449,2024-09-03,10:13:23,WHOUSE01,,,,VL01N
100,OR1000000246000010,E0003,,1450,2024-09-03,07:24:50,WHOUSE02,,,,VL02N
100,OR1000000246000010,E0004,,1451,2024-09-04,12:27:35,FINANCE01,,,,VF01
100,OR1000000246000010,E0005,,1452,2024-09-07,13:40:40,FINANCE01,,,,VF02
100,OR1000000247000010,E0001,,1453,2024-08-05,06:03:22,SALEUSER2,,,,VA01
100,OR1000000247000010,E0002,,1454,2024-08-13,06:13:45,WHOUSE01,,,,VL01N
100,OR1000000247000010,E0003,,1455,2024-08-14,08:33:09,WHOUSE01,,,,VL02N
100,OR1000000247000010,E0004,,1456,2024-08-15,17:42:21,FINANCE01,,,,VF01
100,OR1000000247000010,E0005,,1457,2024-08-17,15:02:48,AUTOCLR,,,,VF02
100,OR1000000248000010,E0001,,1458,2024-08-24,15:37:43,SALEUSER2,,,,VA01
100,OR1000000248000010,E0002,,1459,2024-09-14,11:06:49,WHOUSE02,,,,VL01N
100,OR1000000248000010,E0003,,1460,2024-09-14,09:30:13,WHOUSE01,,,,VL02N
100,OR1000000248000010,E0004,,1461,2024-09-16,13:08:41,FINANCE02,,,,VF01
100,OR1000000248000010,E0005,,1462,2024-09-18,11:57:33,AUTOCLR,,,,VF02
100,OR1000000249000010,E0001,,1463,2024-06-22,12:00:45,SALEUSER2,,,,VA01
100,OR1000000249000010,E0002,,1464,2024-07-18,08:29:20,WHOUSE01,,,,VL01N
100,OR1000000249000010,E0003,,1465,2024-07-20,14:47:55,WHOUSE01,,,,VL02N
100,OR1000000249000010,E0004,,1466,2024-07-23,07:56:56,FINANCE02,,,,VF01
100,OR1000000249000010,E0005,,1467,2024-07-25,11:36:36,AUTOCLR,,,,VF02
100,OR1000000250000010,E0001,,1468,2024-08-02,07:22:05,SALEUSER1,,,,VA01
100,OR1000000250000010,E0002,,1469,2024-09-17,09:33:17,WHOUSE02,,,,VL01N
100,OR1000000250000010,E0003,,1470,2024-09-18,14:40:13,WHOUSE01,,,,VL02N
100,OR1000000250000010,E0004,,1471,2024-09-22,08:01:07,FINANCE02,,,,VF01
100,OR1000000250000010,E0005,,1472,2024-09-25,17:23:57,AUTOCLR,,,,VF02
100,OR1000000251000010,E0001,,1473,2024-04-20,09:54:48,SALEUSER2,,,,VA01
100,OR1000000251000010,E0002,,1474,2024-05-15,13:36:17,WHOUSE02,,,,VL01N
100,OR1000000251000010,E0003,,1475,2024-05-16,16:29:46,WHOUSE01,,,,VL02N
100,OR1000000251000010,E0004,,1476,2024-05-18,16:54:03,FINANCE02,,,,VF01
100,OR1000000251000010,E0005,,1477,2024-05-21,08:08:26,AUTOCLR,,,,VF02
100,OR1000000252000010,E0001,,1478,2024-06-28,16:16:04,SALEUSER1,,,,VA01
100,OR1000000252000010,E0002,,1479,2024-07-25,09:07:37,WHOUSE01,,,,VL01N
100,OR1000000252000010,E0003,,1480,2024-07-26,06:29:39,WHOUSE01,,,,VL02N
100,OR1000000252000010,E0004,,1481,2024-07-28,12:16:27,FINANCE01,,,,VF01
100,OR1000000252000010,E0005,,1482,2024-07-29,08:06:00,AUTOCLR,,,,VF02
100,OR1000000252000020,E0001,,1483,2024-06-28,06:48:33,SALEUSER1,,,,VA01
100,OR1000000252000020,E0002,,1484,2024-07-25,10:32:50,WHOUSE01,,,,VL01N
100,OR1000000252000020,E0003,,1485,2024-07-25,09:06:11,WHOUSE01,,,,VL02N
100,OR1000000252000020,E0004,,1486,2024-07-28,15:56:33,FINANCE02,,,,VF01
100,OR1000000252000020,E0005,,1487,2024-07-31,16:20:01,AUTOCLR,,,,VF02
100,OR1000000253000010,E0001,,1488,2024-06-01,17:50:18,SALEUSER3,,,,VA01
100,OR1000000253000010,E0002,,1489,2024-06-15,15:12:27,WHOUSE02,,,,VL01N
100,OR1000000253000010,E0003,,1490,2024-06-17,10:26:12,WHOUSE02,,,,VL02N
100,OR1000000253000010,E0004,,1491,2024-06-16,13:08:26,FINANCE01,,,,VF01
100,OR1000000253000010,E0005,,1492,2024-06-18,13:25:27,FINANCE01,,,,VF02
100,OR1000000254000010,E0001,,1493,2024-09-27,15:28:50,SALEUSER1,,,,VA01
100,OR1000000254000010,E0002,,1494,2024-10-15,13:26:20,WHOUSE02,,,,VL01N
100,OR1000000254000010,E0003,,1495,2024-10-16,15:14:27,WHOUSE02,,,,VL02N
100,OR1000000254000010,E0004,,1496,2024-10-16,13:40:17,FINANCE02,,,,VF01
100,OR1000000254000010,E0005,,1497,2024-10-17,16:38:54,AUTOCLR,,,,VF02
100,OR1000000255000010,E0001,,1498,2024-05-25,10:27:46,SALEUSER2,,,,VA01
100,OR1000000255000010,I0002,,1499,2024-05-26,16:49:40,SALEUSER2,,,,VA02
100,OR1000000255000010,I0002,X,1500,2024-06-09,17:05:30,SALEUSER2,,,,VA02
100,OR1000000255000010,E0002,,1501,2024-06-20,07:27:46,WHOUSE02,,,,VL01N
100,OR1000000255000010,E0003,,1502,2024-06-20,14:00:22,WHOUSE01,,,,VL02N
100,OR1000000256000010,E0001,,1503,2024-03-31,08:13:08,SALEUSER3,,,,VA01
100,OR1000000256000010,I0002,,1504,2024-04-01,07:53:33,SALEUSER3,,,,VA02
100,OR1000000256000010,I0002,X,1505,2024-04-12,11:00:30,SALEUSER3,,,,VA02
100,OR1000000256000010,E0002,,1506,2024-04-18,12:22:27,WHOUSE01,,,,VL01N
100,OR1000000256000010,E0003,,1507,2024-04-19,17:32:58,WHOUSE02,,,,VL02N
100,OR1000000257000010,E0001,,1508,2024-02-04,13:01:48,SALEUSER1,,,,VA01
100,OR1000000257000010,E0002,,1509,2024-03-10,16:59:33,WHOUSE02,,,,VL01N
100,OR1000000257000010,E0003,,1510,2024-03-12,08:04:11,WHOUSE01,,,,VL02N
100,OR1000000257000010,E0004,,1511,2024-03-11,09:33:50,FINANCE01,,,,VF01
100,OR1000000257000010,E0005,,1512,2024-03-14,12:46:10,FINANCE01,,,,VF02
100,OR1000000258000010,E0001,,1513,2024-03-16,17:02:00,SALEUSER3,,,,VA01
100,OR1000000258000010,E0002,,1514,2024-04-03,09:52:59,WHOUSE01,,,,VL01N
100,OR1000000258000010,E0003,,1515,2024-04-03,17:24:46,WHOUSE01,,,,VL02N
100,OR1000000258000010,E0004,,1516,2024-04-06,15:26:46,FINANCE01,,,,VF01
100,OR1000000258000010,E0005,,1517,2024-04-09,11:37:17,AUTOCLR,,,,VF02
100,OR1000000259000010,E0001,,1518,2024-05-28,12:19:08,SALEUSER3,,,,VA01
100,OR1000000259000010,E0002,,1519,2024-06-17,16:59:14,WHOUSE01,,,,VL01N
100,OR1000000259000010,E0003,,1520,2024-06-18,08:36:02,WHOUSE01,,,,VL02N
100,OR1000000259000010,E0004,,1521,2024-06-19,12:35:32,FINANCE02,,,,VF01
100,OR1000000259000010,E0005,,1522,2024-06-21,11:29:35,FINANCE01,,,,VF02
100,OR1000000260000010,E0001,,1523,2024-06-03,17:44:14,SALEUSER2,,,,VA01
100,OR1000000260000010,E0002,,1524,2024-06-29,12:02:15,WHOUSE01,,,,VL01N
100,OR1000000260000010,E0003,,1525,2024-07-01,13:47:55,WHOUSE02,,,,VL02N
100,OR1000000260000010,E0004,,1526,2024-07-01,15:17:46,FINANCE01,,,,VF01
100,OR1000000260000010,E0005,,1527,2024-07-03,13:04:26,FINANCE01,,,,VF02
100,OR1000000261000010,E0001,,1528,2024-07-31,09:50:03,SALEUSER1,,,,VA01
100,OR1000000261000010,E0002,,1529,2024-08-16,06:43:17,WHOUSE01,,,,VL01N
100,OR1000000261000010,E0003,,1530,2024-08-18,09:33:39,WHOUSE01,,,,VL02N
100,OR1000000261000020,E0001,,1531,2024-07-31,12:43:58,SALEUSER1,,,,VA01
100,OR1000000261000020,E0002,,1532,2024-08-16,14:17:31,WHOUSE02,,,,VL01N
100,OR1000000261000020,E0003,,1533,2024-08-16,09:16:19,WHOUSE02,,,,VL02N
100,OR1000000262000010,E0001,,1534,2024-09-18,10:21:53,SALEUSER3,,,,VA01
100,OR1000000262000010,E0002,,1535,2024-09-29,17:58:14,WHOUSE02,,,,VL01N
100,OR1000000262000010,E0003,,1536,2024-10-01,13:15:49,WHOUSE01,,,,VL02N
100,OR1000000262000010,E0004,,1537,2024-10-04,14:43:25,FINANCE02,,,,VF01
100,OR1000000262000010,E0005,,1538,2024-10-05,14:20:31,AUTOCLR,,,,VF02
100,OR1000000263000010,E0001,,1539,2024-09-06,11:45:32,SALEUSER2,,,,VA01
100,OR1000000263000010,E0002,,1540,2024-09-25,13:21:08,WHOUSE01,,,,VL01N
100,OR1000000263000010,E0003,,1541,2024-09-25,07:12:23,WHOUSE02,,,,VL02N
100,OR1000000263000010,E0004,,1542,2024-09-27,14:01:03,FINANCE02,,,,VF01
100,OR1000000263000010,E0005,,1543,2024-09-30,15:20:31,AUTOCLR,,,,VF02
100,OR1000000264000010,E0001,,1544,2024-04-22,11:31:50,SALEUSER2,,,,VA01
100,OR1000000264000010,E0002,,1545,2024-05-15,09:42:32,WHOUSE01,,,,VL01N
100,OR1000000264000010,E0003,,1546,2024-05-15,15:14:27,WHOUSE01,,,,VL02N
100,OR1000000264000010,E0004,,1547,2024-05-17,15:51:48,FINANCE01,,,,VF01
100,OR1000000264000010,E0005,,1548,2024-05-19,07:05:41,FINANCE01,,,,VF02
100,OR1000000265000010,E0001,,1549,2024-04-07,06:18:16,SALEUSER3,,,,VA01
100,OR1000000265000010,E0002,,1550,2024-05-07,07:26:50,WHOUSE02,,,,VL01N
100,OR1000000265000010,E0003,,1551,2024-05-09,15:53:55,WHOUSE02,,,,VL02N
100,OR1000000265000010,E0004,,1552,2024-05-14,14:20:23,FINANCE02,,,,VF01
100,OR1000000265000010,E0005,,1553,2024-05-15,15:11:49,AUTOCLR,,,,VF02
100,OR1000000266000010,E0001,,1554,2024-07-21,16:05:49,SALEUSER2,,,,VA01
100,OR1000000266000010,E0002,,1555,2024-08-23,15:12:38,WHOUSE02,,,,VL01N
100,OR1000000266000010,E0003,,1556,2024-08-24,16:45:32,WHOUSE01,,,,VL02N
100,OR1000000266000010,E0004,,1557,2024-08-25,12:00:07,FINANCE01,,,,VF01
100,OR1000000266000010,E0005,,1558,2024-08-26,16:48:59,FINANCE01,,,,VF02
100,OR1000000267000010,E0001,,1559,2024-08-31,14:06:22,SALEUSER1,,,,VA01
100,OR1000000267000010,I0001,,1560,2024-09-01,16:30:05,SALEUSER1,,,,VA02
100,OR1000000267000010,E0002,,1561,2024-09-19,10:57:48,WHOUSE02,,,,VL01N
100,OR1000000267000010,E0003,,1562,2024-09-20,10:35:02,WHOUSE01,,,,VL02N
100,OR1000000267000020,E0001,,1563,2024-08-31,14:08:08,SALEUSER1,,,,VA01
100,OR1000000267000020,I0001,,1564,2024-09-01,06:45:06,SALEUSER1,,,,VA02
100,OR1000000267000020,I0001,X,1565,2024-09-08,12:18:34,FINANCE01,,,,VA02
100,OR1000000267000020,E0002,,1566,2024-09-19,10:59:56,WHOUSE02,,,,VL01N
100,OR1000000267000020,E0003,,1567,2024-09-20,07:24:09,WHOUSE02,,,,VL02N
100,OR1000000268000010,E0001,,1568,2024-04-15,09:39:06,SALEUSER3,,,,VA01
100,OR1000000268000010,E0002,,1569,2024-05-03,06:06:30,WHOUSE01,,,,VL01N
100,OR1000000268000010,E0003,,1570,2024-05-03,06:04:22,WHOUSE02,,,,VL02N
100,OR1000000268000010,E0004,,1571,2024-05-04,14:29:09,FINANCE02,,,,VF01
100,OR1000000268000010,E0005,,1572,2024-05-05,17:19:08,AUTOCLR,,,,VF02
100,OR1000000269000010,E0001,,1573,2024-01-21,17:20:42,SALEUSER2,,,,VA01
100,OR1000000269000010,E0002,,1574,2024-02-05,15:38:02,WHOUSE01,,,,VL01N
100,OR1000000269000010,E0003,,1575,2024-02-07,16:01:18,WHOUSE02,,,,VL02N
100,OR1000000269000010,E0004,,1576,2024-02-07,08:30:46,FINANCE01,,,,VF01
100,OR1000000269000010,E0005,,1577,2024-02-09,07:29:01,AUTOCLR,,,,VF02
100,OR1000000270000010,E0001,,1578,2024-06-26,11:53:07,SALEUSER1,,,,VA01
100,OR1000000270000010,E0002,,1579,2024-07-16,17:26:09,WHOUSE02,,,,VL01N
100,OR1000000270000010,E0003,,1580,2024-07-16,12:10:15,WHOUSE01,,,,VL02N
100,OR1000000270000010,E0004,,1581,2024-07-20,17:12:08,FINANCE02,,,,VF01
100,OR1000000270000010,E0005,,1582,2024-07-21,07:53:14,FINANCE01,,,,VF02
100,OR1000000271000010,E0001,,1583,2024-05-01,13:39:13,SALEUSER1,,,,VA01
100,OR1000000271000010,E0002,,1584,2024-06-04,11:19:31,WHOUSE02,,,,VL01N
100,OR1000000271000010,E0003,,1585,2024-06-06,14:35:58,WHOUSE01,,,,VL02N
100,OR1000000271000010,E0004,,1586,2024-06-06,14:47:47,FINANCE02,,,,VF01
100,OR1000000271000010,E0005,,1587,2024-06-09,11:35:54,FINANCE01,,,,VF02
100,OR1000000271000020,E0001,,1588,2024-05-01,16:46:36,SALEUSER1,,,,VA01
100,OR1000000271000020,E0002,,1589,2024-06-04,11:53:18,WHOUSE01,,,,VL01N
100,OR1000000271000020,E0003,,1590,2024-06-04,07:48:25,WHOUSE02,,,,VL02N
100,OR1000000271000020,E0004,,1591,2024-06-06,14:32:24,FINANCE01,,,,VF01
100,OR1000000271000020,E0005,,1592,2024-06-09,10:08:08,FINANCE01,,,,VF02
100,OR1000000272000010,E0001,,1593,2024-07-17,07:08:34,SALEUSER2,,,,VA01
100,OR1000000272000010,E0002,,1594,2024-08-03,15:23:16,WHOUSE01,,,,VL01N
100,OR1000000272000010,E0003,,1595,2024-08-03,17:14:53,WHOUSE01,,,,VL02N
100,OR1000000272000020,E0001,,1596,2024-07-17,06:27:16,SALEUSER2,,,,VA01
100,OR1000000272000020,E0002,,1597,2024-08-03,16:12:49,WHOUSE02,,,,VL01N
100,OR1000000272000020,E0003,,1598,2024-08-05,14:03:37,WHOUSE02,,,,VL02N
100,OR1000000273000010,E0001,,1599,2024-06-08,08:34:24,SALEUSER1,,,,VA01
100,OR1000000273000010,E0006,,1600,2024-06-11,15:53:52,SALEUSER2,,,,VA02
100,OR1000000274000010,E0001,,1601,2024-06-27,09:11:00,SALEUSER1,,,,VA01
100,OR1000000274000010,E0002,,1602,2024-07-26,09:57:48,WHOUSE01,,,,VL01N
100,OR1000000274000010,E0003,,1603,2024-07-28,14:54:55,WHOUSE02,,,,VL02N
100,OR1000000274000010,E0004,,1604,2024-07-27,17:21:05,FINANCE01,,,,VF01
100,OR1000000274000010,E0005,,1605,2024-07-30,08:23:46,AUTOCLR,,,,VF02
100,OR1000000275000010,E0001,,1606,2024-03-25,12:05:15,SALEUSER1,,,,VA01
100,OR1000000275000010,E0002,,1607,2024-04-18,08:21:57,WHOUSE02,,,,VL01N
100,OR1000000275000010,E0003,,1608,2024-04-19,07:52:44,WHOUSE01,,,,VL02N
100,OR1000000275000010,E0004,,1609,2024-04-23,07:44:14,FINANCE01,,,,VF01
100,OR1000000275000010,E0005,,1610,2024-04-25,09:21:12,FINANCE01,,,,VF02
100,OR1000000276000010,E0001,,1611,2024-05-06,07:57:26,SALEUSER3,,,,VA01
100,OR1000000276000010,E0002,,1612,2024-05-19,15:20:50,WHOUSE02,,,,VL01N
100,OR1000000276000010,E0003,,1613,2024-05-19,08:05:00,WHOUSE01,,,,VL02N
100,OR1000000276000010,E0004,,1614,2024-05-23,11:41:40,FINANCE02,,,,VF01
100,OR1000000276000010,E0005,,1615,2024-05-25,09:08:45,AUTOCLR,,,,VF02
100,OR1000000277000010,E0001,,1616,2024-01-25,17:36:43,SALEUSER1,,,,VA01
100,OR1000000277000010,E0002,,1617,2024-02-02,09:50:21,WHOUSE01,,,,VL01N
100,OR1000000277000010,E0003,,1618,2024-02-04,15:44:55,WHOUSE02,,,,VL02N
100,OR1000000277000010,E0004,,1619,2024-02-04,11:31:58,FINANCE01,,,,VF01
100,OR1000000277000010,E0005,,1620,2024-02-05,08:09:00,AUTOCLR,,,,VF02
100,OR1000000278000010,E0001,,1621,2024-02-28,11:18:53,SALEUSER3,,,,VA01
100,OR1000000278000010,E0002,,1622,2024-03-21,10:15:15,WHOUSE01,,,,VL01N
100,OR1000000278000010,E0003,,1623,2024-03-23,15:40:06,WHOUSE01,,,,VL02N
100,OR1000000278000010,E0004,,1624,2024-03-25,14:53:14,FINANCE01,,,,VF01
100,OR1000000278000010,E0005,,1625,2024-03-27,14:56:33,FINANCE01,,,,VF02
100,OR1000000279000010,E0001,,1626,2024-03-06,12:19:53,SALEUSER3,,,,VA01
100,OR1000000279000010,I0001,,1627,2024-03-07,17:47:44,SALEUSER1,,,,VA02
100,OR1000000279000010,E0002,,1628,2024-03-10,12:55:22,WHOUSE02,,,,VL01N
100,OR1000000279000010,E0003,,1629,2024-03-11,10:49:03,WHOUSE01,,,,VL02N
100,OR1000000279000010,E0004,,1630,2024-03-11,06:06:41,FINANCE02,,,,VF01
100,OR1000000280000010,E0001,,1631,2024-02-14,10:55:07,SALEUSER2,,,,VA01
100,OR1000000280000010,E0002,,1632,2024-03-02,09:51:21,WHOUSE01,,,,VL01N
100,OR1000000280000010,E0003,,1633,2024-03-03,07:53:33,WHOUSE02,,,,VL02N
100,OR1000000280000010,E0004,,1634,2024-03-07,13:47:14,FINANCE01,,,,VF01
100,OR1000000280000010,E0005,,1635,2024-03-09,11:07:45,AUTOCLR,,,,VF02
100,OR1000000281000010,E0001,,1636,2024-04-10,13:54:59,SALEUSER3,,,,VA01
100,OR1000000281000010,E0002,,1637,2024-04-29,06:06:34,WHOUSE01,,,,VL01N
100,OR1000000281000010,E0003,,1638,2024-04-30,17:46:25,WHOUSE02,,,,VL02N
100,OR1000000281000010,E0004,,1639,2024-04-30,16:11:15,FINANCE01,,,,VF01
100,OR1000000281000010,E0005,,1640,2024-05-03,12:31:50,FINANCE01,,,,VF02
100,OR1000000282000010,E0001,,1641,2024-07-04,09:03:48,SALEUSER2,,,,VA01
100,OR1000000282000010,E0002,,1642,2024-07-27,09:16:46,WHOUSE02,,,,VL01N
100,OR1000000282000010,E0003,,1643,2024-07-28,11:43:10,WHOUSE02,,,,VL02N
100,OR1000000282000010,E0004,,1644,2024-08-01,06:45:55,FINANCE02,,,,VF01
100,OR1000000282000010,E0005,,1645,2024-08-04,14:05:52,AUTOCLR,,,,VF02
100,OR1000000283000010,E0001,,1646,2024-08-09,12:12:38,SALEUSER3,,,,VA01
100,OR1000000283000010,E0002,,1647,2024-08-15,17:56:52,WHOUSE01,,,,VL01N
100,OR1000000283000010,E0003,,1648,2024-08-15,06:39:06,WHOUSE02,,,,VL02N
100,OR1000000283000010,E0004,,1649,2024-08-18,13:41:58,FINANCE01,,,,VF01
100,OR1000000283000010,E0005,,1650,2024-08-19,07:53:33,AUTOCLR,,,,VF02
100,OR1000000284000010,E0001,,1651,2024-02-27,08:02:22,SALEUSER2,,,,VA01
100,OR1000000284000010,E0002,,1652,2024-03-12,15:34:54,WHOUSE02,,,,VL01N
100,OR1000000284000010,E0003,,1653,2024-03-13,13:44:25,WHOUSE02,,,,VL02N
100,OR1000000284000010,E0004,,1654,2024-03-17,07:51:48,FINANCE01,,,,VF01
100,OR1000000284000010,E0005,,1655,2024-03-19,13:57:29,FINANCE01,,,,VF02
100,OR1000000284000020,E0001,,1656,2024-02-27,14:02:48,SALEUSER2,,,,VA01
100,OR1000000284000020,E0002,,1657,2024-03-12,06:03:07,WHOUSE01,,,,VL01N
100,OR1000000284000020,E0003,,1658,2024-03-12,06:49:03,WHOUSE01,,,,VL02N
100,OR1000000284000020,E0004,,1659,2024-03-17,08:37:09,FINANCE02,,,,VF01
100,OR1000000284000020,E0005,,1660,2024-03-20,06:23:05,AUTOCLR,,,,VF02
100,OR1000000285000010,E0001,,1661,2024-06-23,16:18:16,SALEUSER1,,,,VA01
100,OR1000000285000010,E0002,,1662,2024-07-26,06:15:53,WHOUSE02,,,,VL01N
100,OR1000000285000010,E0003,,1663,2024-07-27,12:51:03,WHOUSE01,,,,VL02N
100,OR1000000285000010,E0004,,1664,2024-07-27,12:24:01,FINANCE01,,,,VF01
100,OR1000000285000010,E0005,,1665,2024-07-28,08:31:50,FINANCE01,,,,VF02
100,OR1000000285000020,E0001,,1666,2024-06-23,14:20:23,SALEUSER1,,,,VA01
100,OR1000000285000020,E0002,,1667,2024-07-26,08:42:17,WHOUSE02,,,,VL01N
100,OR1000000285000020,E0003,,1668,2024-07-26,11:57:29,WHOUSE01,,,,VL02N
100,OR1000000285000020,E0004,,1669,2024-07-27,06:01:41,FINANCE02,,,,VF01
100,OR1000000285000020,E0005,,1670,2024-07-28,15:44:02,AUTOCLR,,,,VF02
100,OR1000000286000010,E0001,,1671,2024-02-14,06:45:25,SALEUSER1,,,,VA01
100,OR1000000286000010,E0002,,1672,2024-03-05,17:30:46,WHOUSE01,,,,VL01N
100,OR1000000286000010,E0003,,1673,2024-03-05,10:31:35,WHOUSE01,,,,VL02N
100,OR1000000286000010,E0004,,1674,2024-03-07,13:50:14,FINANCE02,,,,VF01
100,OR1000000286000010,E0005,,1675,2024-03-10,08:42:43,FINANCE01,,,,VF02
100,OR1000000286000020,E0001,,1676,2024-02-14,07:40:02,SALEUSER1,,,,VA01
100,OR1000000286000020,E0002,,1677,2024-03-05,15:43:43,WHOUSE01,,,,VL01N
100,OR1000000286000020,E0003,,1678,2024-03-06,14:25:54,WHOUSE02,,,,VL02N
100,OR1000000286000020,E0004,,1679,2024-03-07,15:18:34,FINANCE01,,,,VF01
100,OR1000000286000020,E0005,,1680,2024-03-09,10:11:11,AUTOCLR,,,,VF02
100,OR1000000287000010,E0001,,1681,2024-02-25,07:24:20,SALEUSER1,,,,VA01
100,OR1000000287000010,I0002,,1682,2024-02-26,10:09:04,SALEUSER1,,,,VA02
100,OR1000000287000010,E0002,,1683,2024-03-02,09:10:08,WHOUSE01,,,,VL01N
100,OR1000000287000010,E0003,,1684,2024-03-03,17:06:56,WHOUSE02,,,,VL02N
100,OR1000000287000020,E0001,,1685,2024-02-25,09:01:33,SALEUSER1,,,,VA01
100,OR1000000287000020,I0002,,1686,2024-02-26,14:24:35,SALEUSER1,,,,VA02
100,OR1000000287000020,E0002,,1687,2024-03-02,15:03:37,WHOUSE01,,,,VL01N
100,OR1000000287000020,E0003,,1688,2024-03-03,14:00:48,WHOUSE02,,,,VL02N
100,OR1000000288000010,E0001,,1689,2024-09-12,15:57:41,SALEUSER1,,,,VA01
100,OR1000000288000010,E0002,,1690,2024-10-06,16:44:25,WHOUSE02,,,,VL01N
100,OR1000000288000010,E0003,,1691,2024-10-07,11:08:23,WHOUSE01,,,,VL02N
100,OR1000000288000010,E0004,,1692,2024-10-08,07:15:23,FINANCE01,,,,VF01
100,OR1000000288000010,E0005,,1693,2024-10-11,14:15:45,AUTOCLR,,,,VF02
100,OR1000000289000010,E0001,,1694,2024-02-05,14:15:38,SALEUSER1,,,,VA01
100,OR1000000289000010,E0002,,1695,2024-02-28,10:20:35,WHOUSE01,,,,VL01N
100,OR1000000289000010,E0003,,1696,2024-02-28,14:17:34,WHOUSE01,,,,VL02N
100,OR1000000289000010,E0004,,1697,2024-02-29,08:37:58,FINANCE02,,,,VF01
100,OR1000000289000010,E0005,,1698,2024-03-03,15:42:51,FINANCE01,,,,VF02
100,OR1000000290000010,E0001,,1699,2024-05-01,17:52:52,SALEUSER2,,,,VA01
100,OR1000000290000010,E0002,,1700,2024-06-03,17:59:52,WHOUSE02,,,,VL01N
100,OR1000000290000010,E0003,,1701,2024-06-03,12:42:13,WHOUSE02,,,,VL02N
100,OR1000000290000010,E0004,,1702,2024-06-09,07:34:58,FINANCE01,,,,VF01
100,OR1000000290000010,E0005,,1703,2024-06-10,11:40:13,FINANCE01,,,,VF02
100,OR1000000291000010,E0001,,1704,2024-06-10,17:11:30,SALEUSER1,,,,VA01
100,OR1000000291000010,E0002,,1705,2024-06-20,14:11:04,WHOUSE02,,,,VL01N
100,OR1000000291000010,E0003,,1706,2024-06-21,11:54:59,WHOUSE02,,,,VL02N
100,OR1000000291000010,E0004,,1707,2024-06-24,08:23:53,FINANCE02,,,,VF01
100,OR1000000291000010,E0005,,1708,2024-06-27,06:42:58,AUTOCLR,,,,VF02
100,OR1000000291000020,E0001,,1709,2024-06-10,17:58:59,SALEUSER1,,,,VA01
100,OR1000000291000020,E0002,,1710,2024-06-20,17:17:04,WHOUSE02,,,,VL01N
100,OR1000000291000020,E0003,,1711,2024-06-21,09:20:57,WHOUSE01,,,,VL02N
100,OR1000000291000020,E0004,,1712,2024-06-24,13:28:39,FINANCE02,,,,VF01
100,OR1000000291000020,E0005,,1713,2024-06-25,11:26:24,FINANCE01,,,,VF02
100,OR1000000292000010,E0001,,1714,2024-08-11,06:14:08,SALEUSER1,,,,VA01
100,OR1000000292000010,E0002,,1715,2024-08-16,08:37:58,WHOUSE01,,,,VL01N
100,OR1000000292000010,E0003,,1716,2024-08-16,11:34:58,WHOUSE02,,,,VL02N
100,OR1000000292000010,E0004,,1717,2024-08-19,11:05:19,FINANCE02,,,,VF01
100,OR1000000292000010,E0005,,1718,2024-08-22,12:58:07,AUTOCLR,,,,VF02
100,OR1000000293000010,E0001,,1719,2024-01-10,13:46:17,SALEUSER3,,,,VA01
100,OR1000000293000010,E0002,,1720,2024-01-25,07:26:54,WHOUSE01,,,,VL01N
100,OR1000000293000010,E0003,,1721,2024-01-27,11:19:38,WHOUSE02,,,,VL02N
100,OR1000000293000010,E0004,,1722,2024-01-26,13:35:09,FINANCE01,,,,VF01
100,OR1000000293000010,E0005,,1723,2024-01-28,08:34:35,FINANCE01,,,,VF02
100,OR1000000293000020,E0001,,1724,2024-01-10,07:23:35,SALEUSER3,,,,VA01
100,OR1000000293000020,E0002,,1725,2024-01-25,10:01:18,WHOUSE01,,,,VL01N
100,OR1000000293000020,E0003,,1726,2024-01-26,11:44:21,WHOUSE01,,,,VL02N
100,OR1000000293000020,E0004,,1727,2024-01-26,06:43:55,FINANCE02,,,,VF01
100,OR1000000293000020,E0005,,1728,2024-01-29,12:22:42,AUTOCLR,,,,VF02
100,OR1000000294000010,E0001,,1729,2024-05-28,10:40:40,SALEUSER1,,,,VA01
100,OR1000000294000010,E0002,,1730,2024-06-13,15:44:29,WHOUSE01,,,,VL01N
100,OR1000000294000010,E0003,,1731,2024-06-14,08:38:36,WHOUSE02,,,,VL02N
100,OR1000000294000010,E0004,,1732,2024-06-18,09:55:22,FINANCE02,,,,VF01
100,OR1000000294000010,E0005,,1733,2024-06-21,12:19:57,FINANCE01,,,,VF02
100,OR1000000294000020,E0001,,1734,2024-05-28,09:46:21,SALEUSER1,,,,VA01
100,OR1000000294000020,E0002,,1735,2024-06-13,12:19:19,WHOUSE02,,,,VL01N
100,OR1000000294000020,E0003,,1736,2024-06-13,06:21:08,WHOUSE02,,,,VL02N
100,OR1000000294000020,E0004,,1737,2024-06-18,16:14:12,FINANCE01,,,,VF01
100,OR1000000294000020,E0005,,1738,2024-06-19,09:48:06,AUTOCLR,,,,VF02
100,OR1000000295000010,E0001,,1739,2024-03-04,08:33:54,SALEUSER3,,,,VA01
100,OR1000000295000010,E0002,,1740,2024-03-25,07:52:25,WHOUSE01,,,,VL01N
100,OR1000000295000010,E0003,,1741,2024-03-26,13:27:20,WHOUSE01,,,,VL02N
100,OR1000000295000010,E0004,,1742,2024-03-29,07:01:03,FINANCE01,,,,VF01
100,OR1000000295000010,E0005,,1743,2024-03-30,16:22:23,AUTOCLR,,,,VF02
100,OR1000000296000010,E0001,,1744,2024-04-16,09:32:20,SALEUSER1,,,,VA01
100,OR1000000296000010,E0002,,1745,2024-05-07,16:14:42,WHOUSE01,,,,VL01N
100,OR1000000296000010,E0003,,1746,2024-05-08,11:10:15,WHOUSE01,,,,VL02N
100,OR1000000296000010,E0004,,1747,2024-05-10,06:56:41,FINANCE01,,,,VF01
100,OR1000000296000010,E0005,,1748,2024-05-13,11:10:26,AUTOCLR,,,,VF02
100,OR1000000297000010,E0001,,1749,2024-09-24,17:05:30,SALEUSER1,,,,VA01
100,OR1000000297000010,E0002,,1750,2024-10-19,07:45:02,WHOUSE01,,,,VL01N
100,OR1000000297000010,E0003,,1751,2024-10-21,07:15:57,WHOUSE02,,,,VL02N
100,OR1000000297000010,E0004,,1752,2024-10-21,14:04:11,FINANCE02,,,,VF01
100,OR1000000297000010,E0005,,1753,2024-10-22,08:45:36,FINANCE01,,,,VF02
100,OR1000000297000020,E0001,,1754,2024-09-24,13:34:47,SALEUSER1,,,,VA01
100,OR1000000297000020,E0002,,1755,2024-10-19,12:16:01,WHOUSE01,,,,VL01N
100,OR1000000297000020,E0003,,1756,2024-10-20,09:06:30,WHOUSE02,,,,VL02N
100,OR1000000297000020,E0004,,1757,2024-10-21,14:18:16,FINANCE02,,,,VF01
100,OR1000000297000020,E0005,,1758,2024-10-23,17:56:33,AUTOCLR,,,,VF02
100,OR1000000298000010,E0001,,1759,2024-01-07,17:16:23,SALEUSER3,,,,VA01
100,OR1000000298000010,E0002,,1760,2024-02-01,07:20:20,WHOUSE01,,,,VL01N
100,OR1000000298000010,E0003,,1761,2024-02-03,10:44:32,WHOUSE01,,,,VL02N
100,OR1000000298000010,E0004,,1762,2024-02-04,11:49:18,FINANCE02,,,,VF01
100,OR1000000298000010,E0005,,1763,2024-02-07,09:19:16,AUTOCLR,,,,VF02
100,OR1000000298000020,E0001,,1764,2024-01-07,14:36:28,SALEUSER3,,,,VA01
100,OR1000000298000020,E0002,,1765,2024-02-01,13:28:13,WHOUSE01,,,,VL01N
100,OR1000000298000020,E0003,,1766,2024-02-02,06:12:42,WHOUSE02,,,,VL02N
100,OR1000000298000020,E0004,,1767,2024-02-04,14:19:53,FINANCE01,,,,VF01
100,OR1000000298000020,E0005,,1768,2024-02-07,17:02:11,FINANCE01,,,,VF02
100,OR1000000299000010,E0001,,1769,2024-09-18,08:06:30,SALEUSER1,,,,VA01
100,OR1000000299000010,I0002,,1770,2024-09-19,16:45:47,SALEUSER1,,,,VA02
100,OR1000000299000010,I0002,X,1771,2024-09-29,06:22:31,SALEUSER1,,,,VA02
100,OR1000000299000010,E0002,,1772,2024-09-28,14:42:47,WHOUSE01,,,,VL01N
100,OR1000000299000010,E0003,,1773,2024-09-30,10:03:45,WHOUSE01,,,,VL02N
100,OR1000000300000010,E0001,,1774,2024-07-29,16:34:13,SALEUSER2,,,,VA01
100,OR1000000300000010,E0002,,1775,2024-08-19,13:40:02,WHOUSE01,,,,VL01N
100,OR1000000300000010,E0003,,1776,2024-08-19,10:53:55,WHOUSE02,,,,VL02N
100,OR1000000300000010,E0004,,1777,2024-08-23,07:05:07,FINANCE02,,,,VF01
100,OR1000000300000010,E0005,,1778,2024-08-24,06:46:25,FINANCE01,,,,VF02
100,OR1000000301000010,E0001,,1779,2024-06-13,11:31:28,SALEUSER1,,,,VA01
100,OR1000000301000010,E0002,,1780,2024-08-05,09:58:03,WHOUSE02,,,,VL01N
100,OR1000000301000010,E0003,,1781,2024-08-05,17:38:32,WHOUSE02,,,,VL02N
100,OR1000000301000010,E0004,,1782,2024-08-09,15:52:59,FINANCE01,,,,VF01
100,OR1000000301000010,E0005,,1783,2024-08-12,09:00:45,AUTOCLR,,,,VF02
100,OR1000000301000020,E0001,,1784,2024-06-13,17:54:52,SALEUSER1,,,,VA01
100,OR1000000301000020,E0002,,1785,2024-08-05,14:11:11,WHOUSE01,,,,VL01N
100,OR1000000301000020,E0003,,1786,2024-08-07,09:22:12,WHOUSE02,,,,VL02N
100,OR1000000301000020,E0004,,1787,2024-08-09,16:17:23,FINANCE02,,,,VF01
100,OR1000000301000020,E0005,,1788,2024-08-10,16:18:27,AUTOCLR,,,,VF02
100,OR1000000302000010,E0001,,1789,2024-03-26,13:49:33,SALEUSER2,,,,VA01
100,OR1000000302000010,E0002,,1790,2024-04-09,09:33:50,WHOUSE02,,,,VL01N
100,OR1000000302000010,E0003,,1791,2024-04-10,12:51:25,WHOUSE02,,,,VL02N
100,OR1000000302000010,E0004,,1792,2024-04-11,16:59:59,FINANCE02,,,,VF01
100,OR1000000302000010,E0005,,1793,2024-04-13,16:47:32,FINANCE01,,,,VF02
100,OR1000000303000010,E0001,,1794,2024-03-04,09:26:39,SALEUSER2,,,,VA01
100,OR1000000303000010,E0002,,1795,2024-03-12,15:41:17,WHOUSE02,,,,VL01N
100,OR1000000303000010,E0003,,1796,2024-03-12,14:53:22,WHOUSE02,,,,VL02N
100,OR1000000303000010,E0004,,1797,2024-03-15,14:14:12,FINANCE02,,,,VF01
100,OR1000000303000010,E0005,,1798,2024-03-16,08:38:43,AUTOCLR,,,,VF02
100,OR1000000304000010,E0001,,1799,2024-04-27,16:06:15,SALEUSER3,,,,VA01
100,OR1000000304000010,E0002,,1800,2024-06-10,17:59:41,WHOUSE02,,,,VL01N
100,OR1000000304000010,E0003,,1801,2024-06-12,09:42:43,WHOUSE02,,,,VL02N
100,OR1000000304000010,E0004,,1802,2024-06-11,17:28:16,FINANCE02,,,,VF01
100,OR1000000304000010,E0005,,1803,2024-06-13,09:55:48,AUTOCLR,,,,VF02
100,OR1000000305000010,E0001,,1804,2024-09-19,10:18:46,SALEUSER3,,,,VA01
100,OR1000000305000010,E0002,,1805,2024-10-11,10:13:49,WHOUSE02,,,,VL01N
100,OR1000000305000010,E0003,,1806,2024-10-11,06:53:14,WHOUSE01,,,,VL02N
100,OR1000000305000010,E0004,,1807,2024-10-12,11:26:42,FINANCE01,,,,VF01
100,OR1000000305000010,E0005,,1808,2024-10-13,08:56:33,AUTOCLR,,,,VF02
100,OR1000000306000010,E0001,,1809,2024-04-04,07:40:02,SALEUSER3,,,,VA01
100,OR1000000306000010,E0002,,1810,2024-04-30,06:30:35,WHOUSE02,,,,VL01N
100,OR1000000306000010,E0003,,1811,2024-05-01,10:04:30,WHOUSE02,,,,VL02N
100,OR1000000306000010,E0004,,1812,2024-05-03,07:45:59,FINANCE02,,,,VF01
100,OR1000000306000010,E0005,,1813,2024-05-04,16:42:36,AUTOCLR,,,,VF02
100,OR1000000307000010,E0001,,1814,2024-04-25,11:36:51,SALEUSER3,,,,VA01
100,OR1000000307000010,I0001,,1815,2024-04-26,07:39:47,SALEUSER1,,,,VA02
100,OR1000000307000010,E0002,,1816,2024-05-04,13:18:53,WHOUSE02,,,,VL01N
100,OR1000000307000010,E0003,,1817,2024-05-06,15:40:32,WHOUSE01,,,,VL02N
100,OR1000000307000010,E0004,,1818,2024-05-09,17:13:27,FINANCE02,,,,VF01
100,OR1000000308000010,E0001,,1819,2024-05-13,11:13:53,SALEUSER3,,,,VA01
100,OR1000000308000010,E0002,,1820,2024-06-08,07:58:07,WHOUSE02,,,,VL01N
100,OR1000000308000010,E0003,,1821,2024-06-08,14:07:11,WHOUSE02,,,,VL02N
100,OR1000000308000010,E0004,,1822,2024-06-13,14:20:01,FINANCE02,,,,VF01
100,OR1000000308000010,E0005,,1823,2024-06-16,07:11:38,FINANCE01,,,,VF02
100,OR1000000309000010,E0001,,1824,2024-09-06,08:34:24,SALEUSER3,,,,VA01
100,OR1000000309000010,E0002,,1825,2024-09-23,13:16:27,WHOUSE01,,,,VL01N
100,OR1000000309000010,E0003,,1826,2024-09-24,13:34:32,WHOUSE02,,,,VL02N
100,OR1000000309000010,E0004,,1827,2024-09-28,13:44:55,FINANCE02,,,,VF01
100,OR1000000309000010,E0005,,1828,2024-09-30,06:57:37,AUTOCLR,,,,VF02
100,OR1000000310000010,E0001,,1829,2024-04-10,16:41:47,SALEUSER1,,,,VA01
100,OR1000000310000010,E0002,,1830,2024-05-09,14:58:33,WHOUSE01,,,,VL01N
100,OR1000000310000010,E0003,,1831,2024-05-11,15:02:45,WHOUSE01,,,,VL02N
100,OR1000000310000010,E0004,,1832,2024-05-14,13:28:24,FINANCE01,,,,VF01
100,OR1000000310000010,E0005,,1833,2024-05-16,08:21:42,FINANCE01,,,,VF02
100,OR1000000310000020,E0001,,1834,2024-04-10,11:24:54,SALEUSER1,,,,VA01
100,OR1000000310000020,E0002,,1835,2024-05-09,08:34:02,WHOUSE02,,,,VL01N
100,OR1000000310000020,E0003,,1836,2024-05-10,14:24:46,WHOUSE01,,,,VL02N
100,OR1000000310000020,E0004,,1837,2024-05-14,10:34:28,FINANCE01,,,,VF01
100,OR1000000310000020,E0005,,1838,2024-05-15,09:47:36,FINANCE01,,,,VF02
100,OR1000000311000010,E0001,,1839,2024-08-18,14:11:11,SALEUSER3,,,,VA01
100,OR1000000311000010,I0002,,1840,2024-08-19,17:45:14,SALEUSER3,,,,VA02
100,OR1000000311000010,E0002,,1841,2024-09-09,15:21:16,WHOUSE01,,,,VL01N
100,OR1000000311000010,E0003,,1842,2024-09-11,06:43:51,WHOUSE02,,,,VL02N
100,OR1000000312000010,E0001,,1843,2024-04-21,13:20:57,SALEUSER1,,,,VA01
100,OR1000000312000010,E0002,,1844,2024-05-14,09:57:48,WHOUSE02,,,,VL01N
100,OR1000000312000010,E0003,,1845,2024-05-15,09:17:04,WHOUSE01,,,,VL02N
100,OR1000000312000010,E0004,,1846,2024-05-16,13:25:35,FINANCE01,,,,VF01
100,OR1000000312000010,E0005,,1847,2024-05-19,10:13:30,FINANCE01,,,,VF02
100,OR1000000313000010,E0001,,1848,2024-07-07,07:06:49,SALEUSER1,,,,VA01
100,OR1000000313000010,E0002,,1849,2024-08-13,11:27:12,WHOUSE01,,,,VL01N
100,OR1000000313000010,E0003,,1850,2024-08-15,16:47:55,WHOUSE01,,,,VL02N
100,OR1000000313000010,E0004,,1851,2024-08-18,13:19:12,FINANCE02,,,,VF01
100,OR1000000313000010,E0005,,1852,2024-08-21,11:16:46,FINANCE01,,,,VF02
100,OR1000000314000010,E0001,,1853,2024-03-12,14:40:55,SALEUSER3,,,,VA01
100,OR1000000314000010,E0002,,1854,2024-04-05,11:07:49,WHOUSE01,,,,VL01N
100,OR1000000314000010,E0003,,1855,2024-04-06,14:11:19,WHOUSE01,,,,VL02N
100,OR1000000314000010,E0004,,1856,2024-04-09,15:44:55,FINANCE02,,,,VF01
100,OR1000000314000010,E0005,,1857,2024-04-10,15:00:22,FINANCE01,,,,VF02
100,OR1000000315000010,E0001,,1858,2024-01-19,08:05:49,SALEUSER1,,,,VA01
100,OR1000000315000010,E0002,,1859,2024-02-03,16:26:50,WHOUSE02,,,,VL01N
100,OR1000000315000010,E0003,,1860,2024-02-03,14:42:25,WHOUSE01,,,,VL02N
100,OR1000000315000010,E0004,,1861,2024-02-04,17:29:20,FINANCE02,,,,VF01
100,OR1000000315000010,E0005,,1862,2024-02-07,14:44:25,AUTOCLR,,,,VF02
100,OR1000000316000010,E0001,,1863,2024-04-21,12:47:14,SALEUSER3,,,,VA01
100,OR1000000316000010,I0001,,1864,2024-04-22,17:34:43,SALEUSER1,,,,VA02
100,OR1000000316000010,E0002,,1865,2024-05-21,09:45:02,WHOUSE02,,,,VL01N
100,OR1000000316000010,E0003,,1866,2024-05-21,06:36:43,WHOUSE01,,,,VL02N
100,OR1000000316000010,E0004,,1867,2024-05-23,15:18:53,FINANCE02,,,,VF01
100,OR1000000317000010,E0001,,1868,2024-03-19,09:06:52,SALEUSER1,,,,VA01
100,OR1000000317000010,E0002,,1869,2024-04-02,09:49:36,WHOUSE01,,,,VL01N
100,OR1000000317000010,E0003,,1870,2024-04-03,15:59:37,WHOUSE01,,,,VL02N
100,OR1000000317000010,E0004,,1871,2024-04-04,10:22:20,FINANCE02,,,,VF01
100,OR1000000317000010,E0005,,1872,2024-04-07,11:59:03,FINANCE01,,,,VF02
100,OR1000000317000020,E0001,,1873,2024-03-19,13:13:19,SALEUSER1,,,,VA01
100,OR1000000317000020,E0002,,1874,2024-04-02,07:59:18,WHOUSE01,,,,VL01N
100,OR1000000317000020,E0003,,1875,2024-04-03,10:24:05,WHOUSE01,,,,VL02N
100,OR1000000317000020,E0004,,1876,2024-04-04,17:46:32,FINANCE01,,,,VF01
100,OR1000000317000020,E0005,,1877,2024-04-07,12:57:22,AUTOCLR,,,,VF02
100,OR1000000318000010,E0001,,1878,2024-09-27,11:42:32,SALEUSER3,,,,VA01
100,OR1000000318000010,E0002,,1879,2024-10-02,11:26:42,WHOUSE01,,,,VL01N
100,OR1000000318000010,E0003,,1880,2024-10-03,17:41:32,WHOUSE01,,,,VL02N
100,OR1000000318000010,E0004,,1881,2024-10-07,06:24:57,FINANCE02,,,,VF01
100,OR1000000318000010,E0005,,1882,2024-10-08,15:02:07,FINANCE01,,,,VF02
100,OR1000000319000010,E0001,,1883,2024-09-03,17:30:09,SALEUSER2,,,,VA01
100,OR1000000319000010,E0002,,1884,2024-10-03,06:38:17,WHOUSE01,,,,VL01N
100,OR1000000319000010,E0003,,1885,2024-10-03,13:42:51,WHOUSE02,,,,VL02N
100,OR1000000319000010,E0004,,1886,2024-10-07,14:58:07,FINANCE02,,,,VF01
100,OR1000000319000010,E0005,,1887,2024-10-10,09:53:10,AUTOCLR,,,,VF02
100,OR1000000320000010,E0001,,1888,2024-09-19,14:41:10,SALEUSER3,,,,VA01
100,OR1000000320000010,E0002,,1889,2024-09-26,14:27:20,WHOUSE01,,,,VL01N
100,OR1000000320000010,E0003,,1890,2024-09-26,11:32:28,WHOUSE01,,,,VL02N
100,OR1000000320000010,E0004,,1891,2024-10-01,08:33:13,FINANCE01,,,,VF01
100,OR1000000320000010,E0005,,1892,2024-10-02,14:35:35,FINANCE01,,,,VF02
100,OR1000000320000020,E0001,,1893,2024-09-19,11:07:30,SALEUSER3,,,,VA01
100,OR1000000320000020,E0002,,1894,2024-09-26,15:16:42,WHOUSE01,,,,VL01N
100,OR1000000320000020,E0003,,1895,2024-09-28,09:52:52,WHOUSE01,,,,VL02N
100,OR1000000320000020,E0004,,1896,2024-10-01,15:44:06,FINANCE02,,,,VF01
100,OR1000000320000020,E0005,,1897,2024-10-03,15:41:32,FINANCE01,,,,VF02
100,OR1000000321000010,E0001,,1898,2024-07-30,10:41:21,SALEUSER3,,,,VA01
100,OR1000000321000010,E0002,,1899,2024-08-20,14:52:18,WHOUSE02,,,,VL01N
100,OR1000000321000010,E0003,,1900,2024-08-21,15:02:37,WHOUSE02,,,,VL02N
100,OR1000000321000010,E0004,,1901,2024-08-21,15:32:05,FINANCE02,,,,VF01
100,OR1000000321000010,E0005,,1902,2024-08-23,06:00:52,FINANCE01,,,,VF02
100,OR1000000322000010,E0001,,1903,2024-06-05,16:09:04,SALEUSER2,,,,VA01
100,OR1000000322000010,E0002,,1904,2024-06-23,06:03:18,WHOUSE02,,,,VL01N
100,OR1000000322000010,E0003,,1905,2024-06-24,13:49:36,WHOUSE02,,,,VL02N
100,OR1000000322000010,E0004,,1906,2024-06-24,16:18:38,FINANCE02,,,,VF01
100,OR1000000322000010,E0005,,1907,2024-06-27,13:32:02,FINANCE01,,,,VF02
100,OR1000000323000010,E0001,,1908,2024-06-17,14:05:15,SALEUSER3,,,,VA01
100,OR1000000323000010,I0001,,1909,2024-06-18,14:03:18,SALEUSER1,,,,VA02
100,OR1000000323000010,I0001,X,1910,2024-06-22,17:44:36,SALEUSER1,,,,VA02
100,OR1000000323000010,E0002,,1911,2024-07-01,07:02:37,WHOUSE02,,,,VL01N
100,OR1000000323000010,E0003,,1912,2024-07-02,16:08:26,WHOUSE01,,,,VL02N
100,OR1000000323000010,E0004,,1913,2024-07-02,16:23:50,FINANCE01,,,,VF01
100,OR1000000323000020,E0001,,1914,2024-06-17,09:42:13,SALEUSER3,,,,VA01
100,OR1000000323000020,I0001,,1915,2024-06-18,10:41:06,SALEUSER2,,,,VA02
100,OR1000000323000020,I0001,X,1916,2024-06-21,11:48:33,FINANCE01,,,,VA02
100,OR1000000323000020,E0002,,1917,2024-07-01,14:14:49,WHOUSE02,,,,VL01N
100,OR1000000323000020,E0003,,1918,2024-07-01,13:10:15,WHOUSE02,,,,VL02N
100,OR1000000323000020,E0004,,1919,2024-07-02,06:49:25,FINANCE01,,,,VF01
100,OR1000000324000010,E0001,,1920,2024-02-07,07:37:43,SALEUSER3,,,,VA01
100,OR1000000324000010,E0002,,1921,2024-02-19,13:58:07,WHOUSE02,,,,VL01N
100,OR1000000324000010,E0003,,1922,2024-02-21,09:15:38,WHOUSE01,,,,VL02N
100,OR1000000324000010,E0004,,1923,2024-02-23,13:41:13,FINANCE02,,,,VF01
100,OR1000000324000010,E0005,,1924,2024-02-26,14:55:33,AUTOCLR,,,,VF02
100,OR1000000324000020,E0001,,1925,2024-02-07,08:53:03,SALEUSER3,,,,VA01
100,OR1000000324000020,E0002,,1926,2024-02-19,06:21:05,WHOUSE01,,,,VL01N
100,OR1000000324000020,E0003,,1927,2024-02-21,07:30:24,WHOUSE01,,,,VL02N
100,OR1000000324000020,E0004,,1928,2024-02-23,10:58:03,FINANCE02,,,,VF01
100,OR1000000324000020,E0005,,1929,2024-02-25,13:43:21,AUTOCLR,,,,VF02
100,OR1000000325000010,E0001,,1930,2024-04-21,13:31:09,SALEUSER3,,,,VA01
100,OR1000000325000010,E0002,,1931,2024-05-09,16:24:09,WHOUSE02,,,,VL01N
100,OR1000000325000010,E0003,,1932,2024-05-11,13:28:20,WHOUSE02,,,,VL02N
100,OR1000000325000010,E0004,,1933,2024-05-11,09:08:30,FINANCE01,,,,VF01
100,OR1000000325000010,E0005,,1934,2024-05-12,11:24:50,AUTOCLR,,,,VF02
100,OR1000000326000010,E0001,,1935,2024-08-05,11:46:36,SALEUSER3,,,,VA01
100,OR1000000326000010,E0002,,1936,2024-08-24,11:15:00,WHOUSE01,,,,VL01N
100,OR1000000326000010,E0003,,1937,2024-08-26,09:49:36,WHOUSE01,,,,VL02N
100,OR1000000326000010,E0004,,1938,2024-08-27,07:09:34,FINANCE02,,,,VF01
100,OR1000000326000010,E0005,,1939,2024-08-29,10:34:02,AUTOCLR,,,,VF02
100,OR1000000327000010,E0001,,1940,2024-05-04,10:10:15,SALEUSER2,,,,VA01
100,OR1000000327000010,I0001,,1941,2024-05-05,11:56:14,SALEUSER2,,,,VA02
100,OR1000000327000010,I0001,X,1942,2024-05-14,12:28:54,SALEUSER1,,,,VA02
100,OR1000000327000010,E0002,,1943,2024-06-01,06:57:33,WHOUSE01,,,,VL01N
100,OR1000000327000010,E0003,,1944,2024-06-02,09:36:09,WHOUSE01,,,,VL02N
100,OR1000000328000010,E0001,,1945,2024-03-03,10:34:39,SALEUSER1,,,,VA01
100,OR1000000328000010,E0002,,1946,2024-03-18,13:18:46,WHOUSE02,,,,VL01N
100,OR1000000328000010,E0003,,1947,2024-03-19,07:37:54,WHOUSE02,,,,VL02N
100,OR1000000328000010,E0004,,1948,2024-03-19,10:20:23,FINANCE02,,,,VF01
100,OR1000000328000010,E0005,,1949,2024-03-22,08:37:36,FINANCE01,,,,VF02
100,OR1000000329000010,E0001,,1950,2024-05-06,12:00:18,SALEUSER2,,,,VA01
100,OR1000000329000010,E0002,,1951,2024-06-03,14:17:49,WHOUSE02,,,,VL01N
100,OR1000000329000010,E0003,,1952,2024-06-03,12:31:39,WHOUSE02,,,,VL02N
100,OR1000000329000010,E0004,,1953,2024-06-08,12:45:29,FINANCE01,,,,VF01
100,OR1000000329000010,E0005,,1954,2024-06-10,13:43:13,AUTOCLR,,,,VF02
100,OR1000000330000010,E0001,,1955,2024-09-14,17:20:53,SALEUSER1,,,,VA01
100,OR1000000330000010,E0002,,1956,2024-10-05,06:56:37,WHOUSE02,,,,VL01N
100,OR1000000330000010,E0003,,1957,2024-10-07,16:45:51,WHOUSE01,,,,VL02N
100,OR1000000330000010,E0004,,1958,2024-10-10,06:38:39,FINANCE01,,,,VF01
100,OR1000000330000010,E0005,,1959,2024-10-12,09:55:14,AUTOCLR,,,,VF02
100,OR1000000331000010,E0001,,1960,2024-04-14,16:02:22,SALEUSER3,,,,VA01
100,OR1000000331000010,E0002,,1961,2024-05-10,12:52:07,WHOUSE01,,,,VL01N
100,OR1000000331000010,E0003,,1962,2024-05-12,13:46:17,WHOUSE01,,,,VL02N
100,OR1000000331000010,E0004,,1963,2024-05-11,07:07:26,FINANCE02,,,,VF01
100,OR1000000331000010,E0005,,1964,2024-05-14,16:27:01,AUTOCLR,,,,VF02
100,OR1000000332000010,E0001,,1965,2024-03-19,10:52:18,SALEUSER3,,,,VA01
100,OR1000000332000010,E0002,,1966,2024-03-29,08:33:02,WHOUSE02,,,,VL01N
100,OR1000000332000010,E0003,,1967,2024-03-31,07:14:27,WHOUSE02,,,,VL02N
100,OR1000000332000010,E0004,,1968,2024-03-30,07:18:46,FINANCE01,,,,VF01
100,OR1000000332000010,E0005,,1969,2024-04-01,16:21:27,FINANCE01,,,,VF02
100,OR1000000333000010,E0001,,1970,2024-07-29,17:53:59,SALEUSER3,,,,VA01
100,OR1000000333000010,E0002,,1971,2024-08-16,12:26:12,WHOUSE01,,,,VL01N
100,OR1000000333000010,E0003,,1972,2024-08-17,06:36:32,WHOUSE01,,,,VL02N
100,OR1000000333000010,E0004,,1973,2024-08-17,09:52:52,FINANCE01,,,,VF01
100,OR1000000333000010,E0005,,1974,2024-08-19,07:01:30,FINANCE01,,,,VF02
100,OR1000000334000010,E0001,,1975,2024-06-09,15:41:32,SALEUSER1,,,,VA01
100,OR1000000334000010,E0006,,1976,2024-06-10,08:06:45,SALEUSER2,,,,VA02
100,OR1000000335000010,E0001,,1977,2024-09-26,08:54:14,SALEUSER1,,,,VA01
100,OR1000000335000010,E0006,,1978,2024-09-30,10:25:05,SALEUSER3,,,,VA02
100,OR1000000335000020,E0001,,1979,2024-09-26,07:48:21,SALEUSER1,,,,VA01
100,OR1000000335000020,E0006,,1980,2024-09-28,07:13:04,SALEUSER3,,,,VA02
100,OR1000000336000010,E0001,,1981,2024-02-07,06:11:08,SALEUSER3,,,,VA01
100,OR1000000336000010,E0002,,1982,2024-02-19,07:31:58,WHOUSE02,,,,VL01N
100,OR1000000336000010,E0003,,1983,2024-02-19,11:31:16,WHOUSE01,,,,VL02N
100,OR1000000337000010,E0001,,1984,2024-03-09,09:47:44,SALEUSER3,,,,VA01
100,OR1000000337000010,E0002,,1985,2024-04-05,11:18:34,WHOUSE02,,,,VL01N
100,OR1000000337000010,E0003,,1986,2024-04-05,10:40:25,WHOUSE02,,,,VL02N
100,OR1000000337000010,E0004,,1987,2024-04-09,11:46:25,FINANCE01,,,,VF01
100,OR1000000337000010,E0005,,1988,2024-04-10,11:01:03,FINANCE01,,,,VF02
100,OR1000000338000010,E0001,,1989,2024-06-16,11:33:54,SALEUSER3,,,,VA01
100,OR1000000338000010,E0002,,1990,2024-07-18,09:34:20,WHOUSE02,,,,VL01N
100,OR1000000338000010,E0003,,1991,2024-07-20,08:03:33,WHOUSE01,,,,VL02N
100,OR1000000338000010,E0004,,1992,2024-07-20,09:14:08,FINANCE01,,,,VF01
100,OR1000000338000010,E0005,,1993,2024-07-22,16:15:19,AUTOCLR,,,,VF02
100,OR1000000339000010,E0001,,1994,2024-09-09,17:12:38,SALEUSER1,,,,VA01
100,OR1000000339000010,E0002,,1995,2024-10-04,06:05:56,WHOUSE02,,,,VL01N
100,OR1000000339000010,E0003,,1996,2024-10-04,08:50:06,WHOUSE02,,,,VL02N
100,OR1000000339000010,E0004,,1997,2024-10-06,14:51:14,FINANCE01,,,,VF01
100,OR1000000339000010,E0005,,1998,2024-10-07,13:15:23,FINANCE01,,,,VF02
100,OR1000000340000010,E0001,,1999,2024-04-15,08:48:36,SALEUSER2,,,,VA01
100,OR1000000340000010,E0002,,2000,2024-04-24,09:29:24,WHOUSE02,,,,VL01N
100,OR1000000340000010,E0003,,2001,2024-04-26,07:24:27,WHOUSE02,,,,VL02N
100,OR1000000340000020,E0001,,2002,2024-04-15,11:30:01,SALEUSER2,,,,VA01
100,OR1000000340000020,E0002,,2003,2024-04-24,15:41:06,WHOUSE02,,,,VL01N
100,OR1000000340000020,E0003,,2004,2024-04-24,11:55:40,WHOUSE02,,,,VL02N
100,OR1000000341000010,E0001,,2005,2024-03-12,06:33:54,SALEUSER2,,,,VA01
100,OR1000000341000010,E0002,,2006,2024-03-29,08:02:07,WHOUSE01,,,,VL01N
100,OR1000000341000010,E0003,,2007,2024-03-29,12:24:31,WHOUSE01,,,,VL02N
100,OR1000000342000010,E0001,,2008,2024-05-02,13:55:48,SALEUSER1,,,,VA01
100,OR1000000342000010,E0002,,2009,2024-05-24,15:32:17,WHOUSE02,,,,VL01N
100,OR1000000342000010,E0003,,2010,2024-05-25,17:28:58,WHOUSE02,,,,VL02N
100,OR1000000342000010,E0004,,2011,2024-05-27,10:51:18,FINANCE02,,,,VF01
100,OR1000000342000010,E0005,,2012,2024-05-30,08:19:57,FINANCE01,,,,VF02
100,OR1000000343000010,E0001,,2013,2024-01-11,14:15:12,SALEUSER2,,,,VA01
100,OR1000000343000010,E0002,,2014,2024-01-25,15:56:44,WHOUSE02,,,,VL01N
100,OR1000000343000010,E0003,,2015,2024-01-25,17:02:33,WHOUSE02,,,,VL02N
100,OR1000000343000010,E0004,,2016,2024-01-29,07:30:28,FINANCE02,,,,VF01
100,OR1000000343000010,E0005,,2017,2024-01-30,17:00:03,FINANCE01,,,,VF02
100,OR1000000344000010,E0001,,2018,2024-02-04,13:05:56,SALEUSER1,,,,VA01
100,OR1000000344000010,E0002,,2019,2024-03-03,09:54:40,WHOUSE02,,,,VL01N
100,OR1000000344000010,E0003,,2020,2024-03-04,13:26:05,WHOUSE02,,,,VL02N
100,OR1000000345000010,E0001,,2021,2024-02-24,06:44:21,SALEUSER2,,,,VA01
100,OR1000000345000010,E0002,,2022,2024-03-20,11:27:50,WHOUSE01,,,,VL01N
100,OR1000000345000010,E0003,,2023,2024-03-20,16:11:34,WHOUSE01,,,,VL02N
100,OR1000000345000010,E0004,,2024,2024-03-25,17:44:25,FINANCE02,,,,VF01
100,OR1000000345000010,E0005,,2025,2024-03-28,16:08:38,AUTOCLR,,,,VF02
100,OR1000000346000010,E0001,,2026,2024-06-18,11:50:03,SALEUSER1,,,,VA01
100,OR1000000346000010,E0002,,2027,2024-07-30,11:13:30,WHOUSE01,,,,VL01N
100,OR1000000346000010,E0003,,2028,2024-08-01,06:51:14,WHOUSE01,,,,VL02N
100,OR1000000346000010,E0004,,2029,2024-07-31,13:22:46,FINANCE02,,,,VF01
100,OR1000000346000010,E0005,,2030,2024-08-03,06:42:25,FINANCE01,,,,VF02
100,OR1000000347000010,E0001,,2031,2024-03-29,14:41:55,SALEUSER1,,,,VA01
100,OR1000000347000010,I0002,,2032,2024-03-30,16:11:11,SALEUSER1,,,,VA02
100,OR1000000347000010,E0002,,2033,2024-04-09,11:28:43,WHOUSE02,,,,VL01N
100,OR1000000347000010,E0003,,2034,2024-04-09,06:18:19,WHOUSE01,,,,VL02N
100,OR1000000348000010,E0001,,2035,2024-05-02,13:28:39,SALEUSER3,,,,VA01
100,OR1000000348000010,E0002,,2036,2024-05-26,15:02:37,WHOUSE02,,,,VL01N
100,OR1000000348000010,E0003,,2037,2024-05-27,06:43:47,WHOUSE01,,,,VL02N
100,OR1000000348000010,E0004,,2038,2024-05-27,15:25:57,FINANCE02,,,,VF01
100,OR1000000348000010,E0005,,2039,2024-05-29,17:53:07,FINANCE01,,,,VF02
100,OR1000000348000020,E0001,,2040,2024-05-02,15:43:47,SALEUSER3,,,,VA01
100,OR1000000348000020,E0002,,2041,2024-05-26,11:28:58,WHOUSE01,,,,VL01N
100,OR1000000348000020,E0003,,2042,2024-05-27,14:52:55,WHOUSE02,,,,VL02N
100,OR1000000348000020,E0004,,2043,2024-05-27,11:43:17,FINANCE02,,,,VF01
100,OR1000000348000020,E0005,,2044,2024-05-28,16:06:19,FINANCE01,,,,VF02
100,OR1000000349000010,E0001,,2045,2024-05-25,14:29:13,SALEUSER1,,,,VA01
100,OR1000000349000010,E0002,,2046,2024-06-07,06:33:02,WHOUSE01,,,,VL01N
100,OR1000000349000010,E0003,,2047,2024-06-07,17:01:56,WHOUSE01,,,,VL02N
100,OR1000000349000010,E0004,,2048,2024-06-13,08:13:23,FINANCE01,,,,VF01
100,OR1000000349000010,E0005,,2049,2024-06-14,17:59:56,AUTOCLR,,,,VF02
100,OR1000000350000010,E0001,,2050,2024-05-29,16:11:56,SALEUSER2,,,,VA01
100,OR1000000350000010,I0001,,2051,2024-05-30,09:06:00,SALEUSER1,,,,VA02
100,OR1000000350000010,I0001,X,2052,2024-06-08,13:28:43,SALEUSER1,,,,VA02
100,OR1000000350000010,E0002,,2053,2024-07-07,09:11:26,WHOUSE01,,,,VL01N
100,OR1000000350000010,E0003,,2054,2024-07-09,11:45:36,WHOUSE02,,,,VL02N
100,OR1000000350000010,E0004,,2055,2024-07-08,09:50:25,FINANCE01,,,,VF01
100,OR1000000351000010,E0001,,2056,2024-05-17,13:22:38,SALEUSER3,,,,VA01
100,OR1000000351000010,E0002,,2057,2024-06-04,12:52:55,WHOUSE01,,,,VL01N
100,OR1000000351000010,E0003,,2058,2024-06-04,10:41:17,WHOUSE02,,,,VL02N
100,OR1000000351000010,E0004,,2059,2024-06-06,13:56:11,FINANCE02,,,,VF01
100,OR1000000351000010,E0005,,2060,2024-06-07,12:31:16,FINANCE01,,,,VF02
100,OR1000000352000010,E0001,,2061,2024-02-17,09:15:45,SALEUSER2,,,,VA01
100,OR1000000352000010,E0002,,2062,2024-03-04,09:05:49,WHOUSE01,,,,VL01N
100,OR1000000352000010,E0003,,2063,2024-03-05,14:35:32,WHOUSE02,,,,VL02N
100,OR1000000352000010,E0004,,2064,2024-03-06,11:19:46,FINANCE02,,,,VF01
100,OR1000000352000010,E0005,,2065,2024-03-09,16:38:21,FINANCE01,,,,VF02
100,OR1000000353000010,E0001,,2066,2024-04-22,15:30:01,SALEUSER3,,,,VA01
100,OR1000000353000010,E0002,,2067,2024-05-03,06:01:52,WHOUSE02,,,,VL01N
100,OR1000000353000010,E0003,,2068,2024-05-04,14:26:16,WHOUSE01,,,,VL02N
100,OR1000000353000010,E0004,,2069,2024-05-08,06:51:36,FINANCE02,,,,VF01
100,OR1000000353000010,E0005,,2070,2024-05-09,12:40:51,FINANCE01,,,,VF02
100,OR1000000354000010,E0001,,2071,2024-08-15,09:01:30,SALEUSER3,,,,VA01
100,OR1000000354000010,E0002,,2072,2024-09-09,17:50:55,WHOUSE02,,,,VL01N
100,OR1000000354000010,E0003,,2073,2024-09-09,09:46:47,WHOUSE01,,,,VL02N
100,OR1000000354000010,E0004,,2074,2024-09-10,10:16:23,FINANCE01,,,,VF01
100,OR1000000354000010,E0005,,2075,2024-09-13,10:44:10,FINANCE01,,,,VF02
100,OR1000000355000010,E0001,,2076,2024-05-10,15:36:17,SALEUSER2,,,,VA01
100,OR1000000355000010,I0001,,2077,2024-05-11,17:28:24,SALEUSER2,,,,VA02
100,OR1000000355000010,I0001,X,2078,2024-05-14,17:25:16,SALEUSER1,,,,VA02
100,OR1000000355000010,E0002,,2079,2024-05-23,06:41:17,WHOUSE02,,,,VL01N
100,OR1000000355000010,E0003,,2080,2024-05-25,10:42:21,WHOUSE02,,,,VL02N
100,OR1000000355000010,E0004,,2081,2024-05-28,17:47:25,FINANCE01,,,,VF01
100,OR1000000355000020,E0001,,2082,2024-05-10,17:43:13,SALEUSER2,,,,VA01
100,OR1000000355000020,I0001,,2083,2024-05-11,15:07:07,SALEUSER2,,,,VA02
100,OR1000000355000020,I0001,X,2084,2024-05-16,12:22:46,FINANCE01,,,,VA02
100,OR1000000355000020,E0002,,2085,2024-05-23,12:29:46,WHOUSE02,,,,VL01N
100,OR1000000355000020,E0003,,2086,2024-05-23,10:55:03,WHOUSE02,,,,VL02N
100,OR1000000355000020,E0004,,2087,2024-05-28,13:08:45,FINANCE01,,,,VF01
100,OR1000000356000010,E0001,,2088,2024-08-07,07:30:39,SALEUSER2,,,,VA01
100,OR1000000356000010,E0002,,2089,2024-08-20,09:51:55,WHOUSE01,,,,VL01N
100,OR1000000356000010,E0003,,2090,2024-08-21,16:20:57,WHOUSE02,,,,VL02N
100,OR1000000356000010,E0004,,2091,2024-08-21,16:12:08,FINANCE01,,,,VF01
100,OR1000000356000010,E0005,,2092,2024-08-24,14:28:24,FINANCE01,,,,VF02
100,OR1000000356000020,E0001,,2093,2024-08-07,13:19:08,SALEUSER2,,,,VA01
100,OR1000000356000020,E0002,,2094,2024-08-20,17:47:47,WHOUSE01,,,,VL01N
100,OR1000000356000020,E0003,,2095,2024-08-22,09:43:02,WHOUSE02,,,,VL02N
100,OR1000000356000020,E0004,,2096,2024-08-21,15:32:24,FINANCE02,,,,VF01
100,OR1000000356000020,E0005,,2097,2024-08-22,14:25:50,AUTOCLR,,,,VF02
100,OR1000000357000010,E0001,,2098,2024-08-25,08:58:44,SALEUSER2,,,,VA01
100,OR1000000357000010,E0002,,2099,2024-09-09,12:42:28,WHOUSE02,,,,VL01N
100,OR1000000357000010,E0003,,2100,2024-09-11,15:07:52,WHOUSE02,,,,VL02N
100,OR1000000357000010,E0004,,2101,2024-09-14,15:46:32,FINANCE01,,,,VF01
100,OR1000000357000010,E0005,,2102,2024-09-15,08:45:32,FINANCE01,,,,VF02
100,OR1000000358000010,E0001,,2103,2024-09-06,14:53:37,SALEUSER3,,,,VA01
100,OR1000000358000010,E0002,,2104,2024-10-19,17:08:30,WHOUSE01,,,,VL01N
100,OR1000000358000010,E0003,,2105,2024-10-19,16:35:17,WHOUSE02,,,,VL02N
100,OR1000000358000010,E0004,,2106,2024-10-21,08:21:35,FINANCE01,,,,VF01
100,OR1000000358000010,E0005,,2107,2024-10-22,08:59:59,AUTOCLR,,,,VF02
100,OR1000000358000020,E0001,,2108,2024-09-06,13:04:41,SALEUSER3,,,,VA01
100,OR1000000358000020,E0002,,2109,2024-10-19,11:35:20,WHOUSE02,,,,VL01N
100,OR1000000358000020,E0003,,2110,2024-10-19,12:30:01,WHOUSE01,,,,VL02N
100,OR1000000358000020,E0004,,2111,2024-10-21,15:50:03,FINANCE01,,,,VF01
100,OR1000000358000020,E0005,,2112,2024-10-23,08:20:08,AUTOCLR,,,,VF02
100,OR1000000359000010,E0001,,2113,2024-08-06,14:03:15,SALEUSER2,,,,VA01
100,OR1000000359000010,E0002,,2114,2024-08-31,06:20:08,WHOUSE01,,,,VL01N
100,OR1000000359000010,E0003,,2115,2024-09-01,14:21:12,WHOUSE01,,,,VL02N
100,OR1000000359000010,E0004,,2116,2024-09-04,15:46:59,FINANCE02,,,,VF01
100,OR1000000359000010,E0005,,2117,2024-09-06,09:01:52,AUTOCLR,,,,VF02
100,OR1000000359000020,E0001,,2118,2024-08-06,10:21:08,SALEUSER2,,,,VA01
100,OR1000000359000020,E0002,,2119,2024-08-31,07:45:06,WHOUSE01,,,,VL01N
100,OR1000000359000020,E0003,,2120,2024-09-01,14:00:52,WHOUSE01,,,,VL02N
100,OR1000000359000020,E0004,,2121,2024-09-04,12:16:57,FINANCE01,,,,VF01
100,OR1000000359000020,E0005,,2122,2024-09-06,17:15:19,FINANCE01,,,,VF02
100,OR1000000360000010,E0001,,2123,2024-01-18,17:08:38,SALEUSER2,,,,VA01
100,OR1000000360000010,E0002,,2124,2024-01-31,09:48:14,WHOUSE02,,,,VL01N
100,OR1000000360000010,E0003,,2125,2024-01-31,06:34:13,WHOUSE02,,,,VL02N
100,OR1000000360000010,E0004,,2126,2024-02-03,13:07:00,FINANCE01,,,,VF01
100,OR1000000360000010,E0005,,2127,2024-02-06,13:32:54,FINANCE01,,,,VF02
100,OR1000000361000010,E0001,,2128,2024-06-11,10:35:13,SALEUSER2,,,,VA01
100,OR1000000361000010,E0002,,2129,2024-07-01,08:02:52,WHOUSE01,,,,VL01N
100,OR1000000361000010,E0003,,2130,2024-07-03,09:03:33,WHOUSE02,,,,VL02N
100,OR1000000362000010,E0001,,2131,2024-01-07,12:24:09,SALEUSER2,,,,VA01
100,OR1000000362000010,E0002,,2132,2024-01-20,17:05:26,WHOUSE01,,,,VL01N
100,OR1000000362000010,E0003,,2133,2024-01-22,09:34:43,WHOUSE02,,,,VL02N
100,OR1000000362000010,E0004,,2134,2024-01-22,12:50:48,FINANCE02,,,,VF01
100,OR1000000362000010,E0005,,2135,2024-01-25,11:09:41,FINANCE01,,,,VF02
100,OR1000000363000010,E0001,,2136,2024-04-05,15:25:01,SALEUSER1,,,,VA01
100,OR1000000363000010,E0002,,2137,2024-04-17,13:13:34,WHOUSE02,,,,VL01N
100,OR1000000363000010,E0003,,2138,2024-04-19,16:59:56,WHOUSE01,,,,VL02N
100,OR1000000363000010,E0004,,2139,2024-04-18,17:59:07,FINANCE01,,,,VF01
100,OR1000000363000010,E0005,,2140,2024-04-19,08:32:28,FINANCE01,,,,VF02
100,OR1000000363000020,E0001,,2141,2024-04-05,15:08:34,SALEUSER1,,,,VA01
100,OR1000000363000020,E0002,,2142,2024-04-17,12:50:25,WHOUSE02,,,,VL01N
100,OR1000000363000020,E0003,,2143,2024-04-19,09:43:32,WHOUSE02,,,,VL02N
100,OR1000000363000020,E0004,,2144,2024-04-18,14:14:57,FINANCE01,,,,VF01
100,OR1000000363000020,E0005,,2145,2024-04-21,14:09:56,AUTOCLR,,,,VF02
100,OR1000000364000010,E0001,,2146,2024-08-30,07:00:00,SALEUSER3,,,,VA01
100,OR1000000364000010,E0002,,2147,2024-09-14,16:38:21,WHOUSE01,,,,VL01N
100,OR1000000364000010,E0003,,2148,2024-09-14,07:10:26,WHOUSE02,,,,VL02N
100,OR1000000364000010,E0004,,2149,2024-09-16,15:14:42,FINANCE01,,,,VF01
100,OR1000000364000010,E0005,,2150,2024-09-18,14:41:21,AUTOCLR,,,,VF02
100,OR1000000365000010,E0001,,2151,2024-08-06,15:28:46,SALEUSER2,,,,VA01
100,OR1000000365000010,E0002,,2152,2024-09-02,11:42:06,WHOUSE01,,,,VL01N
100,OR1000000365000010,E0003,,2153,2024-09-04,08:17:19,WHOUSE02,,,,VL02N
100,OR1000000365000010,E0004,,2154,2024-09-06,17:21:50,FINANCE01,,,,VF01
100,OR1000000365000010,E0005,,2155,2024-09-09,14:31:31,AUTOCLR,,,,VF02
100,OR1000000366000010,E0001,,2156,2024-04-27,11:47:36,SALEUSER1,,,,VA01
100,OR1000000366000010,E0002,,2157,2024-05-27,15:37:21,WHOUSE01,,,,VL01N
100,OR1000000366000010,E0003,,2158,2024-05-27,17:14:15,WHOUSE02,,,,VL02N
100,OR1000000366000010,E0004,,2159,2024-05-29,07:29:05,FINANCE02,,,,VF01
100,OR1000000366000010,E0005,,2160,2024-05-31,06:05:19,AUTOCLR,,,,VF02
100,OR1000000366000020,E0001,,2161,2024-04-27,10:51:51,SALEUSER1,,,,VA01
100,OR1000000366000020,E0002,,2162,2024-05-27,17:21:38,WHOUSE01,,,,VL01N
100,OR1000000366000020,E0003,,2163,2024-05-29,12:48:10,WHOUSE01,,,,VL02N
100,OR1000000366000020,E0004,,2164,2024-05-29,16:38:58,FINANCE01,,,,VF01
100,OR1000000366000020,E0005,,2165,2024-05-30,06:40:47,FINANCE01,,,,VF02
100,OR1000000367000010,E0001,,2166,2024-06-03,10:25:20,SALEUSER3,,,,VA01
100,OR1000000367000010,I0001,,2167,2024-06-04,11:22:12,SALEUSER1,,,,VA02
100,OR1000000367000010,E0002,,2168,2024-06-24,10:27:46,WHOUSE01,,,,VL01N
100,OR1000000367000010,E0003,,2169,2024-06-25,15:05:07,WHOUSE02,,,,VL02N
100,OR1000000367000010,E0004,,2170,2024-06-28,09:08:34,FINANCE01,,,,VF01
100,OR1000000368000010,E0001,,2171,2024-02-15,13:25:57,SALEUSER1,,,,VA01
100,OR1000000368000010,E0006,,2172,2024-02-19,12:37:02,SALEUSER3,,,,VA02
100,OR1000000369000010,E0001,,2173,2024-08-11,06:33:54,SALEUSER3,,,,VA01
100,OR1000000369000010,E0006,,2174,2024-08-16,09:48:36,SALEUSER1,,,,VA02
100,OR1000000370000010,E0001,,2175,2024-09-25,16:23:57,SALEUSER3,,,,VA01
100,OR1000000370000010,E0002,,2176,2024-10-17,08:19:46,WHOUSE01,,,,VL01N
100,OR1000000370000010,E0003,,2177,2024-10-18,09:02:52,WHOUSE01,,,,VL02N
100,OR1000000370000010,E0004,,2178,2024-10-21,14:54:44,FINANCE02,,,,VF01
100,OR1000000370000010,E0005,,2179,2024-10-24,14:56:33,AUTOCLR,,,,VF02
100,OR1000000371000010,E0001,,2180,2024-04-26,10:06:37,SALEUSER3,,,,VA01
100,OR1000000371000010,E0002,,2181,2024-05-11,08:35:09,WHOUSE02,,,,VL01N
100,OR1000000371000010,E0003,,2182,2024-05-11,07:37:47,WHOUSE02,,,,VL02N
100,OR1000000371000010,E0004,,2183,2024-05-16,11:26:24,FINANCE01,,,,VF01
100,OR1000000371000010,E0005,,2184,2024-05-18,07:29:39,AUTOCLR,,,,VF02
100,OR1000000372000010,E0001,,2185,2024-07-19,17:12:00,SALEUSER3,,,,VA01
100,OR1000000372000010,E0002,,2186,2024-07-25,16:15:49,WHOUSE02,,,,VL01N
100,OR1000000372000010,E0003,,2187,2024-07-25,15:29:13,WHOUSE02,,,,VL02N
100,OR1000000372000010,E0004,,2188,2024-07-29,14:07:41,FINANCE02,,,,VF01
100,OR1000000372000010,E0005,,2189,2024-08-01,16:49:18,FINANCE01,,,,VF02
100,OR1000000373000010,E0001,,2190,2024-04-24,08:47:44,SALEUSER2,,,,VA01
100,OR1000000373000010,E0002,,2191,2024-06-09,14:06:11,WHOUSE01,,,,VL01N
100,OR1000000373000010,E0003,,2192,2024-06-09,10:38:32,WHOUSE01,,,,VL02N
100,OR1000000373000010,E0004,,2193,2024-06-13,06:21:08,FINANCE02,,,,VF01
100,OR1000000373000010,E0005,,2194,2024-06-15,17:49:48,AUTOCLR,,,,VF02
100,OR1000000374000010,E0001,,2195,2024-07-13,07:10:53,SALEUSER2,,,,VA01
100,OR1000000374000010,E0002,,2196,2024-08-09,12:11:38,WHOUSE02,,,,VL01N
100,OR1000000374000010,E0003,,2197,2024-08-10,17:01:15,WHOUSE01,,,,VL02N
100,OR1000000374000010,E0004,,2198,2024-08-14,12:29:54,FINANCE02,,,,VF01
100,OR1000000374000010,E0005,,2199,2024-08-17,10:37:02,AUTOCLR,,,,VF02
100,OR1000000375000010,E0001,,2200,2024-02-08,15:27:27,SALEUSER3,,,,VA01
100,OR1000000375000010,E0002,,2201,2024-03-05,06:34:50,WHOUSE02,,,,VL01N
100,OR1000000375000010,E0003,,2202,2024-03-06,16:01:11,WHOUSE02,,,,VL02N
100,OR1000000375000010,E0004,,2203,2024-03-06,09:07:49,FINANCE02,,,,VF01
100,OR1000000375000010,E0005,,2204,2024-03-08,15:23:01,AUTOCLR,,,,VF02
100,OR1000000375000020,E0001,,2205,2024-02-08,07:51:03,SALEUSER3,,,,VA01
100,OR1000000375000020,E0002,,2206,2024-03-05,08:57:33,WHOUSE02,,,,VL01N
100,OR1000000375000020,E0003,,2207,2024-03-07,08:54:07,WHOUSE02,,,,VL02N
100,OR1000000375000020,E0004,,2208,2024-03-06,17:47:40,FINANCE01,,,,VF01
100,OR1000000375000020,E0005,,2209,2024-03-08,13:07:26,AUTOCLR,,,,VF02
100,OR1000000376000010,E0001,,2210,2024-02-04,08:20:46,SALEUSER3,,,,VA01
100,OR1000000376000010,E0002,,2211,2024-02-19,06:54:07,WHOUSE02,,,,VL01N
100,OR1000000376000010,E0003,,2212,2024-02-20,16:20:53,WHOUSE02,,,,VL02N
100,OR1000000376000010,E0004,,2213,2024-02-24,10:19:12,FINANCE02,,,,VF01
100,OR1000000376000010,E0005,,2214,2024-02-25,16:05:00,AUTOCLR,,,,VF02
100,OR1000000377000010,E0001,,2215,2024-07-06,10:38:39,SALEUSER2,,,,VA01
100,OR1000000377000010,E0002,,2216,2024-07-14,06:27:54,WHOUSE01,,,,VL01N
100,OR1000000377000010,E0003,,2217,2024-07-16,10:20:12,WHOUSE02,,,,VL02N
100,OR1000000377000010,E0004,,2218,2024-07-19,17:39:43,FINANCE02,,,,VF01
100,OR1000000377000010,E0005,,2219,2024-07-21,14:00:56,AUTOCLR,,,,VF02
100,OR1000000378000010,E0001,,2220,2024-03-25,09:33:17,SALEUSER3,,,,VA01
100,OR1000000378000010,I0001,,2221,2024-03-26,10:44:25,SALEUSER1,,,,VA02
100,OR1000000378000010,I0001,X,2222,2024-04-03,11:28:16,SALEUSER1,,,,VA02
100,OR1000000378000010,E0002,,2223,2024-04-17,16:11:11,WHOUSE02,,,,VL01N
100,OR1000000378000010,E0003,,2224,2024-04-19,16:01:45,WHOUSE02,,,,VL02N
100,OR1000000378000020,E0001,,2225,2024-03-25,08:19:04,SALEUSER3,,,,VA01
100,OR1000000378000020,I0001,,2226,2024-03-26,09:50:36,SALEUSER1,,,,VA02
100,OR1000000378000020,E0002,,2227,2024-04-17,10:59:26,WHOUSE02,,,,VL01N
100,OR1000000378000020,E0003,,2228,2024-04-19,15:26:24,WHOUSE01,,,,VL02N
100,OR1000000379000010,E0001,,2229,2024-02-22,12:40:28,SALEUSER2,,,,VA01
100,OR1000000379000010,E0002,,2230,2024-03-15,09:30:43,WHOUSE02,,,,VL01N
100,OR1000000379000010,E0003,,2231,2024-03-15,12:28:05,WHOUSE01,,,,VL02N
100,OR1000000379000010,E0004,,2232,2024-03-16,07:30:46,FINANCE01,,,,VF01
100,OR1000000379000010,E0005,,2233,2024-03-19,15:28:05,AUTOCLR,,,,VF02
100,OR1000000380000010,E0001,,2234,2024-08-05,07:18:27,SALEUSER2,,,,VA01
100,OR1000000380000010,E0002,,2235,2024-08-10,07:21:12,WHOUSE01,,,,VL01N
100,OR1000000380000010,E0003,,2236,2024-08-10,10:02:03,WHOUSE01,,,,VL02N
100,OR1000000381000010,E0001,,2237,2024-09-23,09:32:50,SALEUSER1,,,,VA01
100,OR1000000381000010,E0002,,2238,2024-10-19,09:56:59,WHOUSE01,,,,VL01N
100,OR1000000381000010,E0003,,2239,2024-10-19,11:26:57,WHOUSE01,,,,VL02N
100,OR1000000381000010,E0004,,2240,2024-10-22,06:59:48,FINANCE02,,,,VF01
100,OR1000000381000010,E0005,,2241,2024-10-25,16:39:58,AUTOCLR,,,,VF02
100,OR1000000382000010,E0001,,2242,2024-01-26,10:57:03,SALEUSER1,,,,VA01
100,OR1000000382000010,I0001,,2243,2024-01-27,06:28:05,SALEUSER1,,,,VA02
100,OR1000000382000010,I0001,X,2244,2024-02-02,13:07:56,FINANCE01,,,,VA02
100,OR1000000382000010,E0002,,2245,2024-02-16,09:49:51,WHOUSE02,,,,VL01N
100,OR1000000382000010,E0003,,2246,2024-02-17,08:00:15,WHOUSE02,,,,VL02N
100,OR1000000383000010,E0001,,2247,2024-08-25,08:44:17,SALEUSER1,,,,VA01
100,OR1000000383000010,E0002,,2248,2024-09-17,09:09:19,WHOUSE02,,,,VL01N
100,OR1000000383000010,E0003,,2249,2024-09-17,08:30:31,WHOUSE01,,,,VL02N
100,OR1000000384000010,E0001,,2250,2024-05-28,09:32:20,SALEUSER2,,,,VA01
100,OR1000000384000010,E0002,,2251,2024-06-10,08:42:47,WHOUSE02,,,,VL01N
100,OR1000000384000010,E0003,,2252,2024-06-12,14:08:26,WHOUSE02,,,,VL02N
100,OR1000000384000010,E0004,,2253,2024-06-15,11:41:47,FINANCE01,,,,VF01
100,OR1000000384000010,E0005,,2254,2024-06-18,14:53:40,FINANCE01,,,,VF02
100,OR1000000385000010,E0001,,2255,2024-01-24,06:24:54,SALEUSER3,,,,VA01
100,OR1000000385000010,E0002,,2256,2024-01-30,08:10:45,WHOUSE02,,,,VL01N
100,OR1000000385000010,E0003,,2257,2024-01-31,06:48:36,WHOUSE01,,,,VL02N
100,OR1000000386000010,E0001,,2258,2024-07-06,07:21:42,SALEUSER1,,,,VA01
100,OR1000000386000010,E0002,,2259,2024-07-27,14:13:04,WHOUSE01,,,,VL01N
100,OR1000000386000010,E0003,,2260,2024-07-27,08:02:41,WHOUSE01,,,,VL02N
100,OR1000000386000010,E0004,,2261,2024-08-01,10:16:16,FINANCE01,,,,VF01
100,OR1000000386000010,E0005,,2262,2024-08-03,13:36:17,AUTOCLR,,,,VF02
100,OR1000000386000020,E0001,,2263,2024-07-06,16:42:25,SALEUSER1,,,,VA01
100,OR1000000386000020,E0002,,2264,2024-07-27,07:35:43,WHOUSE01,,,,VL01N
100,OR1000000386000020,E0003,,2265,2024-07-28,16:18:38,WHOUSE02,,,,VL02N
100,OR1000000386000020,E0004,,2266,2024-08-01,14:14:57,FINANCE02,,,,VF01
100,OR1000000386000020,E0005,,2267,2024-08-03,11:50:55,FINANCE01,,,,VF02
100,OR1000000387000010,E0001,,2268,2024-07-04,06:18:27,SALEUSER2,,,,VA01
100,OR1000000387000010,E0002,,2269,2024-07-31,13:22:20,WHOUSE01,,,,VL01N
100,OR1000000387000010,E0003,,2270,2024-08-01,09:41:32,WHOUSE02,,,,VL02N
100,OR1000000387000010,E0004,,2271,2024-08-05,14:00:48,FINANCE02,,,,VF01
100,OR1000000387000010,E0005,,2272,2024-08-06,09:14:57,AUTOCLR,,,,VF02
100,OR1000000387000020,E0001,,2273,2024-07-04,17:51:29,SALEUSER2,,,,VA01
100,OR1000000387000020,E0002,,2274,2024-07-31,12:04:00,WHOUSE01,,,,VL01N
100,OR1000000387000020,E0003,,2275,2024-08-01,09:09:11,WHOUSE02,,,,VL02N
100,OR1000000387000020,E0004,,2276,2024-08-05,09:42:02,FINANCE02,,,,VF01
100,OR1000000387000020,E0005,,2277,2024-08-06,17:18:31,FINANCE01,,,,VF02
100,OR1000000388000010,E0001,,2278,2024-03-14,15:37:13,SALEUSER1,,,,VA01
100,OR1000000388000010,E0002,,2279,2024-03-18,07:36:13,WHOUSE02,,,,VL01N
100,OR1000000388000010,E0003,,2280,2024-03-19,11:34:28,WHOUSE02,,,,VL02N
100,OR1000000388000010,E0004,,2281,2024-03-21,12:42:51,FINANCE01,,,,VF01
100,OR1000000388000010,E0005,,2282,2024-03-22,16:29:28,AUTOCLR,,,,VF02
100,OR1000000389000010,E0001,,2283,2024-09-26,17:30:05,SALEUSER3,,,,VA01
100,OR1000000389000010,E0002,,2284,2024-11-02,09:57:26,WHOUSE02,,,,VL01N
100,OR1000000389000010,E0003,,2285,2024-11-02,16:40:13,WHOUSE02,,,,VL02N
100,OR1000000389000010,E0004,,2286,2024-11-03,09:33:50,FINANCE02,,,,VF01
100,OR1000000389000010,E0005,,2287,2024-11-06,14:48:29,FINANCE01,,,,VF02
100,OR1000000390000010,E0001,,2288,2024-04-01,15:02:45,SALEUSER3,,,,VA01
100,OR1000000390000010,E0002,,2289,2024-04-27,11:52:25,WHOUSE02,,,,VL01N
100,OR1000000390000010,E0003,,2290,2024-04-27,09:21:01,WHOUSE01,,,,VL02N
100,OR1000000390000010,E0004,,2291,2024-04-28,06:18:34,FINANCE02,,,,VF01
100,OR1000000390000010,E0005,,2292,2024-04-30,17:00:22,AUTOCLR,,,,VF02
100,OR1000000391000010,E0001,,2293,2024-03-18,15:42:06,SALEUSER3,,,,VA01
100,OR1000000391000010,I0001,,2294,2024-03-19,15:20:27,SALEUSER2,,,,VA02
100,OR1000000391000010,I0001,X,2295,2024-03-22,11:08:00,SALEUSER1,,,,VA02
100,OR1000000391000010,E0002,,2296,2024-04-08,08:27:57,WHOUSE02,,,,VL01N
100,OR1000000391000010,E0003,,2297,2024-04-08,06:57:56,WHOUSE01,,,,VL02N
100,OR1000000391000010,E0004,,2298,2024-04-10,06:16:08,FINANCE02,,,,VF01
100,OR1000000391000020,E0001,,2299,2024-03-18,14:56:37,SALEUSER3,,,,VA01
100,OR1000000391000020,I0001,,2300,2024-03-19,12:01:11,SALEUSER2,,,,VA02
100,OR1000000391000020,I0001,X,2301,2024-03-27,15:48:14,SALEUSER1,,,,VA02
100,OR1000000391000020,E0002,,2302,2024-04-08,17:17:27,WHOUSE01,,,,VL01N
100,OR1000000391000020,E0003,,2303,2024-04-09,08:33:09,WHOUSE02,,,,VL02N
100,OR1000000391000020,E0004,,2304,2024-04-10,10:37:21,FINANCE02,,,,VF01
100,OR1000000392000010,E0001,,2305,2024-06-16,07:39:06,SALEUSER1,,,,VA01
100,OR1000000392000010,E0002,,2306,2024-07-10,09:40:25,WHOUSE01,,,,VL01N
100,OR1000000392000010,E0003,,2307,2024-07-11,07:17:08,WHOUSE02,,,,VL02N
100,OR1000000392000010,E0004,,2308,2024-07-12,08:52:18,FINANCE02,,,,VF01
100,OR1000000392000010,E0005,,2309,2024-07-15,16:35:09,AUTOCLR,,,,VF02
100,OR1000000393000010,E0001,,2310,2024-04-07,11:53:07,SALEUSER3,,,,VA01
100,OR1000000393000010,E0002,,2311,2024-04-12,16:42:02,WHOUSE01,,,,VL01N
100,OR1000000393000010,E0003,,2312,2024-04-12,07:03:03,WHOUSE01,,,,VL02N
100,OR1000000393000010,E0004,,2313,2024-04-17,08:09:30,FINANCE01,,,,VF01
100,OR1000000393000010,E0005,,2314,2024-04-19,17:11:08,AUTOCLR,,,,VF02
100,OR1000000393000020,E0001,,2315,2024-04-07,08:10:19,SALEUSER3,,,,VA01
100,OR1000000393000020,E0002,,2316,2024-04-12,14:28:24,WHOUSE02,,,,VL01N
100,OR1000000393000020,E0003,,2317,2024-04-13,07:39:39,WHOUSE02,,,,VL02N
100,OR1000000393000020,E0004,,2318,2024-04-17,14:53:40,FINANCE02,,,,VF01
100,OR1000000393000020,E0005,,2319,2024-04-20,11:53:07,FINANCE01,,,,VF02
100,OR1000000394000010,E0001,,2320,2024-07-11,14:35:54,SALEUSER2,,,,VA01
100,OR1000000394000010,I0002,,2321,2024-07-12,09:19:31,SALEUSER2,,,,VA02
100,OR1000000394000010,E0006,,2322,2024-07-13,14:37:02,SALEUSER3,,,,VA02
100,OR1000000395000010,E0001,,2323,2024-06-09,07:35:28,SALEUSER2,,,,VA01
100,OR1000000395000010,E0002,,2324,2024-07-06,12:18:19,WHOUSE01,,,,VL01N
100,OR1000000395000010,E0003,,2325,2024-07-06,13:52:18,WHOUSE02,,,,VL02N
100,OR1000000395000010,E0004,,2326,2024-07-09,15:08:08,FINANCE02,,,,VF01
100,OR1000000395000010,E0005,,2327,2024-07-11,08:05:07,FINANCE01,,,,VF02
100,OR1000000396000010,E0001,,2328,2024-06-08,11:55:22,SALEUSER1,,,,VA01
100,OR1000000396000010,E0002,,2329,2024-07-15,10:59:03,WHOUSE01,,,,VL01N
100,OR1000000396000010,E0003,,2330,2024-07-16,17:05:34,WHOUSE01,,,,VL02N
100,OR1000000396000010,E0004,,2331,2024-07-18,09:43:36,FINANCE01,,,,VF01
100,OR1000000396000010,E0005,,2332,2024-07-20,14:01:52,FINANCE01,,,,VF02
100,OR1000000397000010,E0001,,2333,2024-01-11,07:40:21,SALEUSER3,,,,VA01
100,OR1000000397000010,E0002,,2334,2024-01-25,08:18:31,WHOUSE01,,,,VL01N
100,OR1000000397000010,E0003,,2335,2024-01-25,13:28:54,WHOUSE02,,,,VL02N
100,OR1000000397000010,E0004,,2336,2024-01-30,16:58:44,FINANCE01,,,,VF01
100,OR1000000397000010,E0005,,2337,2024-02-01,06:24:35,AUTOCLR,,,,VF02
100,OR1000000397000020,E0001,,2338,2024-01-11,13:37:36,SALEUSER3,,,,VA01
100,OR1000000397000020,E0002,,2339,2024-01-25,08:16:04,WHOUSE01,,,,VL01N
100,OR1000000397000020,E0003,,2340,2024-01-25,14:04:52,WHOUSE01,,,,VL02N
100,OR1000000397000020,E0004,,2341,2024-01-30,10:19:38,FINANCE02,,,,VF01
100,OR1000000397000020,E0005,,2342,2024-01-31,12:53:03,AUTOCLR,,,,VF02
100,OR1000000398000010,E0001,,2343,2024-04-12,09:44:06,SALEUSER2,,,,VA01
100,OR1000000398000010,I0001,,2344,2024-04-13,16:20:01,SALEUSER1,,,,VA02
100,OR1000000398000010,I0001,X,2345,2024-04-15,08:54:55,SALEUSER1,,,,VA02
100,OR1000000398000010,E0002,,2346,2024-04-24,08:53:44,WHOUSE01,,,,VL01N
100,OR1000000398000010,E0003,,2347,2024-04-26,11:46:25,WHOUSE02,,,,VL02N
100,OR1000000398000010,E0004,,2348,2024-04-27,14:48:10,FINANCE02,,,,VF01
100,OR1000000399000010,E0001,,2349,2024-04-08,11:20:57,SALEUSER3,,,,VA01
100,OR1000000399000010,E0002,,2350,2024-05-10,11:09:11,WHOUSE02,,,,VL01N
100,OR1000000399000010,E0003,,2351,2024-05-11,16:34:32,WHOUSE01,,,,VL02N
100,OR1000000399000010,E0004,,2352,2024-05-15,06:19:53,FINANCE02,,,,VF01
100,OR1000000399000010,E0005,,2353,2024-05-18,16:05:52,AUTOCLR,,,,VF02
100,OR1000000400000010,E0001,,2354,2024-06-26,17:58:41,SALEUSER3,,,,VA01
100,OR1000000400000010,E0002,,2355,2024-07-13,16:09:15,WHOUSE02,,,,VL01N
100,OR1000000400000010,E0003,,2356,2024-07-13,08:34:50,WHOUSE02,,,,VL02N
100,OR1000000400000010,E0004,,2357,2024-07-16,06:21:42,FINANCE02,,,,VF01
100,OR1000000400000010,E0005,,2358,2024-07-19,07:30:05,FINANCE01,,,,VF02
100,OR1000000401000010,E0001,,2359,2024-02-18,14:09:26,SALEUSER1,,,,VA01
100,OR1000000401000010,E0002,,2360,2024-03-15,10:25:39,WHOUSE02,,,,VL01N
100,OR1000000401000010,E0003,,2361,2024-03-17,08:00:30,WHOUSE02,,,,VL02N
100,OR1000000402000010,E0001,,2362,2024-02-25,15:22:12,SALEUSER3,,,,VA01
100,OR1000000402000010,E0002,,2363,2024-03-20,15:47:06,WHOUSE02,,,,VL01N
100,OR1000000402000010,E0003,,2364,2024-03-22,11:09:49,WHOUSE02,,,,VL02N
100,OR1000000402000010,E0004,,2365,2024-03-24,16:31:39,FINANCE02,,,,VF01
100,OR1000000402000010,E0005,,2366,2024-03-26,14:28:01,FINANCE01,,,,VF02
100,OR1000000403000010,E0001,,2367,2024-06-07,13:06:26,SALEUSER1,,,,VA01
100,OR1000000403000010,I0001,,2368,2024-06-08,10:00:15,SALEUSER1,,,,VA02
100,OR1000000403000010,I0001,X,2369,2024-06-14,12:03:33,FINANCE01,,,,VA02
100,OR1000000403000010,E0002,,2370,2024-07-01,06:09:26,WHOUSE02,,,,VL01N
100,OR1000000403000010,E0003,,2371,2024-07-01,17:08:34,WHOUSE02,,,,VL02N
100,OR1000000403000010,E0004,,2372,2024-07-03,08:14:12,FINANCE01,,,,VF01
100,OR1000000404000010,E0001,,2373,2024-05-20,09:23:57,SALEUSER3,,,,VA01
100,OR1000000404000010,E0002,,2374,2024-06-10,15:42:51,WHOUSE01,,,,VL01N
100,OR1000000404000010,E0003,,2375,2024-06-12,08:27:31,WHOUSE02,,,,VL02N
100,OR1000000404000020,E0001,,2376,2024-05-20,07:18:38,SALEUSER3,,,,VA01
100,OR1000000404000020,E0002,,2377,2024-06-10,06:45:06,WHOUSE01,,,,VL01N
100,OR1000000404000020,E0003,,2378,2024-06-12,12:23:20,WHOUSE01,,,,VL02N
100,OR1000000405000010,E0001,,2379,2024-02-15,10:37:09,SALEUSER3,,,,VA01
100,OR1000000405000010,E0002,,2380,2024-04-07,14:38:06,WHOUSE01,,,,VL01N
100,OR1000000405000010,E0003,,2381,2024-04-09,16:38:24,WHOUSE01,,,,VL02N
100,OR1000000405000010,E0004,,2382,2024-04-13,07:39:17,FINANCE01,,,,VF01
100,OR1000000405000010,E0005,,2383,2024-04-15,14:59:03,FINANCE01,,,,VF02
100,OR1000000406000010,E0001,,2384,2024-01-22,14:53:29,SALEUSER1,,,,VA01
100,OR1000000406000010,E0002,,2385,2024-02-01,17:27:35,WHOUSE01,,,,VL01N
100,OR1000000406000010,E0003,,2386,2024-02-03,16:52:18,WHOUSE01,,,,VL02N
100,OR1000000406000010,E0004,,2387,2024-02-03,08:17:01,FINANCE02,,,,VF01
100,OR1000000406000010,E0005,,2388,2024-02-06,16:38:36,AUTOCLR,,,,VF02
100,OR1000000406000020,E0001,,2389,2024-01-22,16:54:52,SALEUSER1,,,,VA01
100,OR1000000406000020,E0002,,2390,2024-02-01,09:40:51,WHOUSE01,,,,VL01N
100,OR1000000406000020,E0003,,2391,2024-02-01,06:24:54,WHOUSE02,,,,VL02N
100,OR1000000406000020,E0004,,2392,2024-02-03,09:37:39,FINANCE02,,,,VF01
100,OR1000000406000020,E0005,,2393,2024-02-04,13:32:02,AUTOCLR,,,,VF02
100,OR1000000407000010,E0001,,2394,2024-04-02,14:02:45,SALEUSER3,,,,VA01
100,OR1000000407000010,E0002,,2395,2024-04-13,10:56:33,WHOUSE02,,,,VL01N
100,OR1000000407000010,E0003,,2396,2024-04-13,07:48:03,WHOUSE02,,,,VL02N
100,OR1000000407000010,E0004,,2397,2024-04-18,07:33:43,FINANCE01,,,,VF01
100,OR1000000407000010,E0005,,2398,2024-04-20,06:12:53,FINANCE01,,,,VF02
100,OR1000000407000020,E0001,,2399,2024-04-02,06:31:54,SALEUSER3,,,,VA01
100,OR1000000407000020,E0002,,2400,2024-04-13,09:51:06,WHOUSE02,,,,VL01N
100,OR1000000407000020,E0003,,2401,2024-04-15,08:47:59,WHOUSE01,,,,VL02N
100,OR1000000407000020,E0004,,2402,2024-04-18,17:39:47,FINANCE02,,,,VF01
100,OR1000000407000020,E0005,,2403,2024-04-21,10:16:53,AUTOCLR,,,,VF02
100,OR1000000408000010,E0001,,2404,2024-01-30,09:15:30,SALEUSER2,,,,VA01
100,OR1000000408000010,I0002,,2405,2024-01-31,17:52:22,SALEUSER2,,,,VA02
100,OR1000000408000010,I0002,X,2406,2024-02-09,17:06:15,SALEUSER2,,,,VA02
100,OR1000000408000010,E0002,,2407,2024-02-13,11:26:57,WHOUSE02,,,,VL01N
100,OR1000000408000010,E0003,,2408,2024-02-15,15:30:54,WHOUSE02,,,,VL02N
100,OR1000000409000010,E0001,,2409,2024-03-15,08:30:24,SALEUSER2,,,,VA01
100,OR1000000409000010,E0002,,2410,2024-04-06,12:42:13,WHOUSE01,,,,VL01N
100,OR1000000409000010,E0003,,2411,2024-04-08,06:28:31,WHOUSE01,,,,VL02N
100,OR1000000409000010,E0004,,2412,2024-04-08,13:58:37,FINANCE01,,,,VF01
100,OR1000000409000010,E0005,,2413,2024-04-11,08:04:00,AUTOCLR,,,,VF02
100,OR1000000410000010,E0001,,2414,2024-02-11,17:42:40,SALEUSER1,,,,VA01
100,OR1000000410000010,E0002,,2415,2024-02-23,14:32:43,WHOUSE01,,,,VL01N
100,OR1000000410000010,E0003,,2416,2024-02-23,06:19:01,WHOUSE01,,,,VL02N
100,OR1000000410000010,E0004,,2417,2024-02-28,16:16:42,FINANCE01,,,,VF01
100,OR1000000410000010,E0005,,2418,2024-03-01,12:33:50,FINANCE01,,,,VF02
100,OR1000000411000010,E0001,,2419,2024-01-28,16:18:04,SALEUSER3,,,,VA01
100,OR1000000411000010,E0002,,2420,2024-02-21,16:19:57,WHOUSE01,,,,VL01N
100,OR1000000411000010,E0003,,2421,2024-02-23,17:50:33,WHOUSE02,,,,VL02N
100,OR1000000411000010,E0004,,2422,2024-02-26,13:46:06,FINANCE02,,,,VF01
100,OR1000000411000010,E0005,,2423,2024-02-29,07:07:34,AUTOCLR,,,,VF02
100,OR1000000412000010,E0001,,2424,2024-03-06,09:33:09,SALEUSER1,,,,VA01
100,OR1000000412000010,E0002,,2425,2024-04-03,15:26:39,WHOUSE01,,,,VL01N
100,OR1000000412000010,E0003,,2426,2024-04-03,14:20:05,WHOUSE02,,,,VL02N
100,OR1000000412000020,E0001,,2427,2024-03-06,17:25:24,SALEUSER1,,,,VA01
100,OR1000000412000020,E0002,,2428,2024-04-03,12:34:24,WHOUSE01,,,,VL01N
100,OR1000000412000020,E0003,,2429,2024-04-05,07:37:51,WHOUSE01,,,,VL02N
100,OR1000000413000010,E0001,,2430,2024-08-27,06:51:55,SALEUSER2,,,,VA01
100,OR1000000413000010,E0002,,2431,2024-09-13,12:45:59,WHOUSE02,,,,VL01N
100,OR1000000413000010,E0003,,2432,2024-09-14,17:57:52,WHOUSE02,,,,VL02N
100,OR1000000413000010,E0004,,2433,2024-09-15,14:11:19,FINANCE02,,,,VF01
100,OR1000000413000010,E0005,,2434,2024-09-16,17:25:09,FINANCE01,,,,VF02
100,OR1000000414000010,E0001,,2435,2024-05-05,09:36:58,SALEUSER2,,,,VA01
100,OR1000000414000010,E0002,,2436,2024-05-26,07:30:20,WHOUSE01,,,,VL01N
100,OR1000000414000010,E0003,,2437,2024-05-26,11:43:02,WHOUSE02,,,,VL02N
100,OR1000000414000010,E0004,,2438,2024-05-27,07:30:50,FINANCE01,,,,VF01
100,OR1000000414000010,E0005,,2439,2024-05-28,07:15:57,AUTOCLR,,,,VF02
100,OR1000000415000010,E0001,,2440,2024-04-17,10:54:48,SALEUSER3,,,,VA01
100,OR1000000415000010,E0006,,2441,2024-04-18,16:30:46,SALEUSER2,,,,VA02
100,OR1000000416000010,E0001,,2442,2024-01-21,17:14:12,SALEUSER2,,,,VA01
100,OR1000000416000010,E0006,,2443,2024-01-25,11:28:05,SALEUSER3,,,,VA02
100,OR1000000417000010,E0001,,2444,2024-05-29,11:13:49,SALEUSER3,,,,VA01
100,OR1000000417000010,E0002,,2445,2024-06-18,17:10:38,WHOUSE02,,,,VL01N
100,OR1000000417000010,E0003,,2446,2024-06-19,12:24:46,WHOUSE01,,,,VL02N
100,OR1000000417000010,E0004,,2447,2024-06-23,06:23:46,FINANCE02,,,,VF01
100,OR1000000417000010,E0005,,2448,2024-06-24,13:04:45,FINANCE01,,,,VF02
100,OR1000000418000010,E0001,,2449,2024-06-21,13:40:36,SALEUSER1,,,,VA01
100,OR1000000418000010,E0002,,2450,2024-07-07,16:28:35,WHOUSE02,,,,VL01N
100,OR1000000418000010,E0003,,2451,2024-07-09,08:12:45,WHOUSE02,,,,VL02N
100,OR1000000418000010,E0004,,2452,2024-07-10,13:55:07,FINANCE01,,,,VF01
100,OR1000000418000010,E0005,,2453,2024-07-13,09:46:40,AUTOCLR,,,,VF02
100,OR1000000419000010,E0001,,2454,2024-01-28,10:25:27,SALEUSER2,,,,VA01
100,OR1000000419000010,I0001,,2455,2024-01-29,11:47:36,SALEUSER1,,,,VA02
100,OR1000000419000010,I0001,X,2456,2024-02-01,07:35:58,FINANCE01,,,,VA02
100,OR1000000419000010,E0002,,2457,2024-02-23,10:33:39,WHOUSE01,,,,VL01N
100,OR1000000419000010,E0003,,2458,2024-02-25,12:05:52,WHOUSE02,,,,VL02N
100,OR1000000419000010,E0004,,2459,2024-02-28,16:41:58,FINANCE02,,,,VF01
100,OR1000000420000010,E0001,,2460,2024-09-16,17:01:45,SALEUSER1,,,,VA01
100,OR1000000420000010,E0002,,2461,2024-09-29,17:42:58,WHOUSE01,,,,VL01N
100,OR1000000420000010,E0003,,2462,2024-09-30,08:57:03,WHOUSE02,,,,VL02N
100,OR1000000420000010,E0004,,2463,2024-10-02,09:46:10,FINANCE02,,,,VF01
100,OR1000000420000010,E0005,,2464,2024-10-05,15:47:17,FINANCE01,,,,VF02
100,OR1000000421000010,E0001,,2465,2024-04-06,08:20:01,SALEUSER3,,,,VA01
100,OR1000000421000010,I0002,,2466,2024-04-07,11:15:04,SALEUSER3,,,,VA02
100,OR1000000421000010,I0002,X,2467,2024-04-18,13:34:02,SALEUSER3,,,,VA02
100,OR1000000421000010,E0006,,2468,2024-04-08,11:42:10,SALEUSER3,,,,VA02
100,OR1000000422000010,E0001,,2469,2024-01-28,06:04:45,SALEUSER2,,,,VA01
100,OR1000000422000010,I0001,,2470,2024-01-29,06:38:36,SALEUSER1,,,,VA02
100,OR1000000422000010,I0001,X,2471,2024-02-06,15:33:17,FINANCE01,,,,VA02
100,OR1000000422000010,E0002,,2472,2024-02-26,09:41:02,WHOUSE01,,,,VL01N
100,OR1000000422000010,E0003,,2473,2024-02-28,15:57:03,WHOUSE01,,,,VL02N
100,OR1000000422000010,E0004,,2474,2024-02-27,16:49:40,FINANCE02,,,,VF01
100,OR1000000423000010,E0001,,2475,2024-01-30,13:17:38,SALEUSER1,,,,VA01
100,OR1000000423000010,E0002,,2476,2024-02-22,12:06:52,WHOUSE02,,,,VL01N
100,OR1000000423000010,E0003,,2477,2024-02-23,08:03:33,WHOUSE01,,,,VL02N
100,OR1000000423000010,E0004,,2478,2024-02-24,08:37:51,FINANCE01,,,,VF01
100,OR1000000423000010,E0005,,2479,2024-02-26,11:24:50,FINANCE01,,,,VF02
100,OR1000000423000020,E0001,,2480,2024-01-30,07:01:45,SALEUSER1,,,,VA01
100,OR1000000423000020,E0002,,2481,2024-02-22,11:15:45,WHOUSE02,,,,VL01N
100,OR1000000423000020,E0003,,2482,2024-02-24,15:59:07,WHOUSE02,,,,VL02N
100,OR1000000423000020,E0004,,2483,2024-02-24,07:31:31,FINANCE01,,,,VF01
100,OR1000000423000020,E0005,,2484,2024-02-25,06:19:34,FINANCE01,,,,VF02
100,OR1000000424000010,E0001,,2485,2024-03-19,07:24:20,SALEUSER1,,,,VA01
100,OR1000000424000010,E0002,,2486,2024-04-14,11:22:12,WHOUSE01,,,,VL01N
100,OR1000000424000010,E0003,,2487,2024-04-16,14:01:48,WHOUSE01,,,,VL02N
100,OR1000000424000010,E0004,,2488,2024-04-18,12:24:20,FINANCE02,,,,VF01
100,OR1000000424000010,E0005,,2489,2024-04-19,07:09:56,FINANCE01,,,,VF02
100,OR1000000424000020,E0001,,2490,2024-03-19,15:51:03,SALEUSER1,,,,VA01
100,OR1000000424000020,E0002,,2491,2024-04-14,16:34:28,WHOUSE02,,,,VL01N
100,OR1000000424000020,E0003,,2492,2024-04-15,10:07:45,WHOUSE02,,,,VL02N
100,OR1000000424000020,E0004,,2493,2024-04-18,12:15:49,FINANCE01,,,,VF01
100,OR1000000424000020,E0005,,2494,2024-04-20,07:15:38,FINANCE01,,,,VF02
100,OR1000000425000010,E0001,,2495,2024-09-19,11:55:22,SALEUSER3,,,,VA01
100,OR1000000425000010,E0002,,2496,2024-10-09,14:08:34,WHOUSE02,,,,VL01N
100,OR1000000425000010,E0003,,2497,2024-10-11,11:01:33,WHOUSE01,,,,VL02N
100,OR1000000425000010,E0004,,2498,2024-10-13,08:07:00,FINANCE02,,,,VF01
100,OR1000000425000010,E0005,,2499,2024-10-14,11:06:07,FINANCE01,,,,VF02
100,OR1000000425000020,E0001,,2500,2024-09-19,09:09:56,SALEUSER3,,,,VA01
100,OR1000000425000020,E0002,,2501,2024-10-09,14:59:56,WHOUSE02,,,,VL01N
100,OR1000000425000020,E0003,,2502,2024-10-11,09:02:33,WHOUSE02,,,,VL02N
100,OR1000000425000020,E0004,,2503,2024-10-13,15:08:11,FINANCE02,,,,VF01
100,OR1000000425000020,E0005,,2504,2024-10-15,16:02:48,AUTOCLR,,,,VF02
100,OR1000000426000010,E0001,,2505,2024-01-18,10:29:39,SALEUSER1,,,,VA01
100,OR1000000426000010,I0002,,2506,2024-01-19,08:07:00,SALEUSER1,,,,VA02
100,OR1000000426000010,E0002,,2507,2024-02-02,06:57:22,WHOUSE01,,,,VL01N
100,OR1000000426000010,E0003,,2508,2024-02-04,06:33:02,WHOUSE02,,,,VL02N
100,OR1000000427000010,E0001,,2509,2024-08-30,07:50:40,SALEUSER3,,,,VA01
100,OR1000000427000010,E0002,,2510,2024-09-14,14:31:58,WHOUSE02,,,,VL01N
100,OR1000000427000010,E0003,,2511,2024-09-16,13:22:27,WHOUSE02,,,,VL02N
100,OR1000000427000010,E0004,,2512,2024-09-18,12:59:03,FINANCE01,,,,VF01
100,OR1000000427000010,E0005,,2513,2024-09-19,10:37:39,FINANCE01,,,,VF02
100,OR1000000428000010,E0001,,2514,2024-03-08,06:57:56,SALEUSER1,,,,VA01
100,OR1000000428000010,E0002,,2515,2024-03-25,09:53:18,WHOUSE02,,,,VL01N
100,OR1000000428000010,E0003,,2516,2024-03-25,07:58:48,WHOUSE01,,,,VL02N
100,OR1000000428000010,E0004,,2517,2024-03-29,10:14:19,FINANCE01,,,,VF01
100,OR1000000428000010,E0005,,2518,2024-04-01,09:16:31,FINANCE01,,,,VF02
100,OR1000000429000010,E0001,,2519,2024-09-13,14:07:04,SALEUSER2,,,,VA01
100,OR1000000429000010,E0002,,2520,2024-10-04,07:30:20,WHOUSE01,,,,VL01N
100,OR1000000429000010,E0003,,2521,2024-10-05,11:38:13,WHOUSE01,,,,VL02N
100,OR1000000429000010,E0004,,2522,2024-10-09,13:40:55,FINANCE01,,,,VF01
100,OR1000000429000010,E0005,,2523,2024-10-11,09:44:55,FINANCE01,,,,VF02
100,OR1000000430000010,E0001,,2524,2024-04-11,08:21:57,SALEUSER2,,,,VA01
100,OR1000000430000010,E0002,,2525,2024-05-08,14:38:28,WHOUSE02,,,,VL01N
100,OR1000000430000010,E0003,,2526,2024-05-08,14:23:16,WHOUSE01,,,,VL02N
100,OR1000000430000010,E0004,,2527,2024-05-10,07:48:29,FINANCE02,,,,VF01
100,OR1000000430000010,E0005,,2528,2024-05-11,11:51:44,AUTOCLR,,,,VF02
100,OR1000000431000010,E0001,,2529,2024-03-23,08:56:18,SALEUSER1,,,,VA01
100,OR1000000431000010,E0002,,2530,2024-04-13,16:06:15,WHOUSE02,,,,VL01N
100,OR1000000431000010,E0003,,2531,2024-04-15,07:00:52,WHOUSE02,,,,VL02N
100,OR1000000431000010,E0004,,2532,2024-04-16,09:49:14,FINANCE01,,,,VF01
100,OR1000000431000010,E0005,,2533,2024-04-17,16:08:34,AUTOCLR,,,,VF02
100,OR1000000432000010,E0001,,2534,2024-07-29,15:53:33,SALEUSER3,,,,VA01
100,OR1000000432000010,E0002,,2535,2024-08-24,13:11:26,WHOUSE01,,,,VL01N
100,OR1000000432000010,E0003,,2536,2024-08-25,12:23:35,WHOUSE01,,,,VL02N
100,OR1000000432000010,E0004,,2537,2024-08-26,14:50:14,FINANCE02,,,,VF01
100,OR1000000432000010,E0005,,2538,2024-08-28,15:55:52,AUTOCLR,,,,VF02
100,OR1000000432000020,E0001,,2539,2024-07-29,07:56:26,SALEUSER3,,,,VA01
100,OR1000000432000020,E0002,,2540,2024-08-24,09:53:37,WHOUSE02,,,,VL01N
100,OR1000000432000020,E0003,,2541,2024-08-24,09:02:22,WHOUSE01,,,,VL02N
100,OR1000000432000020,E0004,,2542,2024-08-26,09:36:17,FINANCE01,,,,VF01
100,OR1000000432000020,E0005,,2543,2024-08-27,13:10:11,FINANCE01,,,,VF02
100,OR1000000433000010,E0001,,2544,2024-08-13,06:40:55,SALEUSER2,,,,VA01
100,OR1000000433000010,I0002,,2545,2024-08-14,14:19:27,SALEUSER2,,,,VA02
100,OR1000000433000010,E0002,,2546,2024-09-07,08:35:35,WHOUSE02,,,,VL01N
100,OR1000000433000010,E0003,,2547,2024-09-08,09:30:31,WHOUSE02,,,,VL02N
100,OR1000000434000010,E0001,,2548,2024-01-23,11:36:36,SALEUSER1,,,,VA01
100,OR1000000434000010,E0002,,2549,2024-02-09,07:04:37,WHOUSE01,,,,VL01N
100,OR1000000434000010,E0003,,2550,2024-02-09,15:36:39,WHOUSE01,,,,VL02N
100,OR1000000434000010,E0004,,2551,2024-02-10,11:12:34,FINANCE02,,,,VF01
100,OR1000000434000010,E0005,,2552,2024-02-12,07:23:57,FINANCE01,,,,VF02
100,OR1000000435000010,E0001,,2553,2024-07-01,14:28:35,SALEUSER3,,,,VA01
100,OR1000000435000010,E0002,,2554,2024-08-13,15:11:08,WHOUSE01,,,,VL01N
100,OR1000000435000010,E0003,,2555,2024-08-13,09:03:07,WHOUSE01,,,,VL02N
100,OR1000000435000020,E0001,,2556,2024-07-01,08:56:44,SALEUSER3,,,,VA01
100,OR1000000435000020,E0002,,2557,2024-08-13,15:29:28,WHOUSE02,,,,VL01N
100,OR1000000435000020,E0003,,2558,2024-08-15,08:08:56,WHOUSE01,,,,VL02N
100,OR1000000436000010,E0001,,2559,2024-07-30,12:09:04,SALEUSER1,,,,VA01
100,OR1000000436000010,E0002,,2560,2024-08-26,17:08:41,WHOUSE02,,,,VL01N
100,OR1000000436000010,E0003,,2561,2024-08-26,15:06:15,WHOUSE01,,,,VL02N
100,OR1000000436000010,E0004,,2562,2024-08-31,14:34:47,FINANCE02,,,,VF01
100,OR1000000436000010,E0005,,2563,2024-09-02,16:37:02,FINANCE01,,,,VF02
100,OR1000000437000010,E0001,,2564,2024-04-29,15:50:51,SALEUSER3,,,,VA01
100,OR1000000437000010,E0006,,2565,2024-05-04,10:06:49,SALEUSER3,,,,VA02
100,OR1000000437000020,E0001,,2566,2024-04-29,09:57:52,SALEUSER3,,,,VA01
100,OR1000000437000020,E0006,,2567,2024-04-30,15:17:12,SALEUSER1,,,,VA02
100,OR1000000438000010,E0001,,2568,2024-01-18,11:10:41,SALEUSER2,,,,VA01
100,OR1000000438000010,E0006,,2569,2024-01-22,07:54:33,SALEUSER3,,,,VA02
100,OR1000000439000010,E0001,,2570,2024-02-28,16:04:26,SALEUSER3,,,,VA01
100,OR1000000439000010,I0002,,2571,2024-02-29,15:15:15,SALEUSER3,,,,VA02
100,OR1000000439000010,E0002,,2572,2024-03-17,08:06:56,WHOUSE01,,,,VL01N
100,OR1000000439000010,E0003,,2573,2024-03-18,17:19:31,WHOUSE02,,,,VL02N
100,OR1000000439000020,E0001,,2574,2024-02-28,17:32:47,SALEUSER3,,,,VA01
100,OR1000000439000020,I0002,,2575,2024-02-29,16:00:15,SALEUSER3,,,,VA02
100,OR1000000439000020,E0002,,2576,2024-03-17,07:01:33,WHOUSE01,,,,VL01N
100,OR1000000439000020,E0003,,2577,2024-03-17,12:28:20,WHOUSE02,,,,VL02N
100,OR1000000440000010,E0001,,2578,2024-03-23,10:24:39,SALEUSER3,,,,VA01
100,OR1000000440000010,E0002,,2579,2024-04-19,14:11:53,WHOUSE01,,,,VL01N
100,OR1000000440000010,E0003,,2580,2024-04-19,11:32:17,WHOUSE01,,,,VL02N
100,OR1000000441000010,E0001,,2581,2024-03-02,15:43:47,SALEUSER3,,,,VA01
100,OR1000000441000010,E0002,,2582,2024-04-17,09:07:49,WHOUSE02,,,,VL01N
100,OR1000000441000010,E0003,,2583,2024-04-18,07:55:18,WHOUSE01,,,,VL02N
100,OR1000000442000010,E0001,,2584,2024-03-20,13:01:30,SALEUSER3,,,,VA01
100,OR1000000442000010,I0001,,2585,2024-03-21,06:37:54,SALEUSER1,,,,VA02
100,OR1000000442000010,I0001,X,2586,2024-03-24,08:00:11,FINANCE01,,,,VA02
100,OR1000000442000010,E0002,,2587,2024-04-18,11:57:07,WHOUSE01,,,,VL01N
100,OR1000000442000010,E0003,,2588,2024-04-19,17:02:15,WHOUSE02,,,,VL02N
100,OR1000000442000010,E0004,,2589,2024-04-22,08:41:10,FINANCE01,,,,VF01
100,OR1000000442000020,E0001,,2590,2024-03-20,06:23:05,SALEUSER3,,,,VA01
100,OR1000000442000020,I0001,,2591,2024-03-21,13:57:56,SALEUSER1,,,,VA02
100,OR1000000442000020,I0001,X,2592,2024-03-29,07:57:07,SALEUSER1,,,,VA02
100,OR1000000442000020,E0002,,2593,2024-04-18,12:43:47,WHOUSE01,,,,VL01N
100,OR1000000442000020,E0003,,2594,2024-04-18,11:33:28,WHOUSE01,,,,VL02N
100,OR1000000442000020,E0004,,2595,2024-04-22,16:29:35,FINANCE02,,,,VF01
100,OR1000000443000010,E0001,,2596,2024-07-31,12:16:16,SALEUSER3,,,,VA01
100,OR1000000443000010,E0002,,2597,2024-08-24,11:46:55,WHOUSE01,,,,VL01N
100,OR1000000443000010,E0003,,2598,2024-08-26,13:20:35,WHOUSE02,,,,VL02N
100,OR1000000444000010,E0001,,2599,2024-03-05,07:15:15,SALEUSER2,,,,VA01
100,OR1000000444000010,E0002,,2600,2024-03-20,10:18:04,WHOUSE01,,,,VL01N
100,OR1000000444000010,E0003,,2601,2024-03-22,11:38:39,WHOUSE01,,,,VL02N
100,OR1000000444000010,E0004,,2602,2024-03-25,07:23:20,FINANCE01,,,,VF01
100,OR1000000444000010,E0005,,2603,2024-03-26,10:11:00,AUTOCLR,,,,VF02
100,OR1000000444000020,E0001,,2604,2024-03-05,17:19:46,SALEUSER2,,,,VA01
100,OR1000000444000020,E0002,,2605,2024-03-20,09:32:50,WHOUSE01,,,,VL01N
100,OR1000000444000020,E0003,,2606,2024-03-22,10:00:18,WHOUSE01,,,,VL02N
100,OR1000000444000020,E0004,,2607,2024-03-25,13:33:39,FINANCE02,,,,VF01
100,OR1000000444000020,E0005,,2608,2024-03-28,12:20:57,FINANCE01,,,,VF02
100,OR1000000445000010,E0001,,2609,2024-07-03,13:26:27,SALEUSER2,,,,VA01
100,OR1000000445000010,E0002,,2610,2024-07-15,08:38:17,WHOUSE02,,,,VL01N
100,OR1000000445000010,E0003,,2611,2024-07-17,17:53:03,WHOUSE02,,,,VL02N
100,OR1000000445000010,E0004,,2612,2024-07-18,08:43:02,FINANCE02,,,,VF01
100,OR1000000445000010,E0005,,2613,2024-07-21,17:30:28,AUTOCLR,,,,VF02
100,OR1000000446000010,E0001,,2614,2024-01-14,17:53:10,SALEUSER3,,,,VA01
100,OR1000000446000010,E0002,,2615,2024-02-02,14:16:49,WHOUSE01,,,,VL01N
100,OR1000000446000010,E0003,,2616,2024-02-04,17:59:11,WHOUSE02,,,,VL02N
100,OR1000000446000010,E0004,,2617,2024-02-06,07:11:11,FINANCE02,,,,VF01
100,OR1000000446000010,E0005,,2618,2024-02-08,15:03:52,AUTOCLR,,,,VF02
100,OR1000000447000010,E0001,,2619,2024-01-08,17:58:11,SALEUSER2,,,,VA01
100,OR1000000447000010,E0006,,2620,2024-01-09,06:07:04,SALEUSER1,,,,VA02
100,OR1000000448000010,E0001,,2621,2024-02-13,07:08:41,SALEUSER2,,,,VA01
100,OR1000000448000010,E0002,,2622,2024-03-13,12:16:46,WHOUSE01,,,,VL01N
100,OR1000000448000010,E0003,,2623,2024-03-15,09:24:42,WHOUSE02,,,,VL02N
100,OR1000000448000010,E0004,,2624,2024-03-14,16:11:23,FINANCE01,,,,VF01
100,OR1000000448000010,E0005,,2625,2024-03-15,16:45:51,AUTOCLR,,,,VF02
100,OR1000000449000010,E0001,,2626,2024-09-23,10:32:02,SALEUSER2,,,,VA01
100,OR1000000449000010,E0002,,2627,2024-10-19,14:11:19,WHOUSE02,,,,VL01N
100,OR1000000449000010,E0003,,2628,2024-10-20,12:01:11,WHOUSE01,,,,VL02N
100,OR1000000449000010,E0004,,2629,2024-10-23,10:21:46,FINANCE01,,,,VF01
100,OR1000000449000010,E0005,,2630,2024-10-24,08:24:24,AUTOCLR,,,,VF02
100,OR1000000449000020,E0001,,2631,2024-09-23,13:35:32,SALEUSER2,,,,VA01
100,OR1000000449000020,E0002,,2632,2024-10-19,06:06:34,WHOUSE02,,,,VL01N
100,OR1000000449000020,E0003,,2633,2024-10-19,07:01:56,WHOUSE02,,,,VL02N
100,OR1000000449000020,E0004,,2634,2024-10-23,15:29:43,FINANCE01,,,,VF01
100,OR1000000449000020,E0005,,2635,2024-10-26,16:13:19,FINANCE01,,,,VF02
100,OR1000000450000010,E0001,,2636,2024-07-10,09:00:30,SALEUSER1,,,,VA01
100,OR1000000450000010,I0002,,2637,2024-07-11,15:18:53,SALEUSER1,,,,VA02
100,OR1000000450000010,I0002,X,2638,2024-07-23,09:33:32,SALEUSER1,,,,VA02
100,OR1000000450000010,E0006,,2639,2024-07-11,06:45:02,SALEUSER2,,,,VA02
100,OR1000000451000010,E0001,,2640,2024-02-06,08:47:10,SALEUSER3,,,,VA01
100,OR1000000451000010,E0002,,2641,2024-02-20,08:16:34,WHOUSE01,,,,VL01N
100,OR1000000451000010,E0003,,2642,2024-02-21,12:27:42,WHOUSE01,,,,VL02N
100,OR1000000451000010,E0004,,2643,2024-02-24,15:59:56,FINANCE01,,,,VF01
100,OR1000000451000010,E0005,,2644,2024-02-25,10:31:39,FINANCE01,,,,VF02
100,OR1000000452000010,E0001,,2645,2024-05-27,17:24:50,SALEUSER1,,,,VA01
100,OR1000000452000010,E0002,,2646,2024-06-17,08:38:21,WHOUSE02,,,,VL01N
100,OR1000000452000010,E0003,,2647,2024-06-18,10:19:34,WHOUSE01,,,,VL02N
100,OR1000000452000010,E0004,,2648,2024-06-19,16:58:14,FINANCE01,,,,VF01
100,OR1000000452000010,E0005,,2649,2024-06-21,14:17:31,AUTOCLR,,,,VF02
100,OR1000000453000010,E0001,,2650,2024-04-25,17:17:34,SALEUSER1,,,,VA01
100,OR1000000453000010,E0002,,2651,2024-05-25,13:45:14,WHOUSE01,,,,VL01N
100,OR1000000453000010,E0003,,2652,2024-05-27,13:31:54,WHOUSE02,,,,VL02N
100,OR1000000453000010,E0004,,2653,2024-05-28,16:38:02,FINANCE01,,,,VF01
100,OR1000000453000010,E0005,,2654,2024-05-31,06:47:25,FINANCE01,,,,VF02
100,OR1000000454000010,E0001,,2655,2024-09-28,12:52:59,SALEUSER1,,,,VA01
100,OR1000000454000010,E0002,,2656,2024-10-18,16:08:49,WHOUSE02,,,,VL01N
100,OR1000000454000010,E0003,,2657,2024-10-20,15:12:45,WHOUSE01,,,,VL02N
100,OR1000000454000010,E0004,,2658,2024-10-19,15:20:05,FINANCE01,,,,VF01
100,OR1000000454000010,E0005,,2659,2024-10-20,08:42:10,FINANCE01,,,,VF02
100,OR1000000455000010,E0001,,2660,2024-04-20,13:28:05,SALEUSER3,,,,VA01
100,OR1000000455000010,E0002,,2661,2024-04-29,16:17:08,WHOUSE02,,,,VL01N
100,OR1000000455000010,E0003,,2662,2024-05-01,07:39:47,WHOUSE02,,,,VL02N
100,OR1000000455000010,E0004,,2663,2024-05-02,09:57:26,FINANCE01,,,,VF01
100,OR1000000455000010,E0005,,2664,2024-05-04,07:25:09,FINANCE01,,,,VF02
100,OR1000000456000010,E0001,,2665,2024-02-04,06:27:05,SALEUSER2,,,,VA01
100,OR1000000456000010,E0002,,2666,2024-02-11,17:38:02,WHOUSE01,,,,VL01N
100,OR1000000456000010,E0003,,2667,2024-02-13,13:34:28,WHOUSE02,,,,VL02N
100,OR1000000456000010,E0004,,2668,2024-02-12,14:20:35,FINANCE02,,,,VF01
100,OR1000000456000010,E0005,,2669,2024-02-15,06:21:38,FINANCE01,,,,VF02
100,OR1000000456000020,E0001,,2670,2024-02-04,08:40:40,SALEUSER2,,,,VA01
100,OR1000000456000020,E0002,,2671,2024-02-11,08:30:09,WHOUSE02,,,,VL01N
100,OR1000000456000020,E0003,,2672,2024-02-12,14:50:33,WHOUSE02,,,,VL02N
100,OR1000000456000020,E0004,,2673,2024-02-12,16:47:47,FINANCE01,,,,VF01
100,OR1000000456000020,E0005,,2674,2024-02-13,15:30:05,AUTOCLR,,,,VF02
100,OR1000000457000010,E0001,,2675,2024-04-26,09:49:44,SALEUSER2,,,,VA01
100,OR1000000457000010,E0002,,2676,2024-05-09,16:11:53,WHOUSE01,,,,VL01N
100,OR1000000457000010,E0003,,2677,2024-05-11,15:17:23,WHOUSE01,,,,VL02N
100,OR1000000457000010,E0004,,2678,2024-05-11,09:09:00,FINANCE02,,,,VF01
100,OR1000000457000010,E0005,,2679,2024-05-13,12:33:39,FINANCE01,,,,VF02
100,OR1000000457000020,E0001,,2680,2024-04-26,15:34:05,SALEUSER2,,,,VA01
100,OR1000000457000020,E0002,,2681,2024-05-09,13:33:09,WHOUSE02,,,,VL01N
100,OR1000000457000020,E0003,,2682,2024-05-11,16:46:21,WHOUSE01,,,,VL02N
100,OR1000000457000020,E0004,,2683,2024-05-11,12:52:33,FINANCE01,,,,VF01
100,OR1000000457000020,E0005,,2684,2024-05-13,07:49:21,AUTOCLR,,,,VF02
100,OR1000000458000010,E0001,,2685,2024-01-08,13:43:06,SALEUSER1,,,,VA01
100,OR1000000458000010,E0002,,2686,2024-02-02,08:31:05,WHOUSE02,,,,VL01N
100,OR1000000458000010,E0003,,2687,2024-02-03,16:11:56,WHOUSE01,,,,VL02N
100,OR1000000458000010,E0004,,2688,2024-02-03,09:46:55,FINANCE02,,,,VF01
100,OR1000000458000010,E0005,,2689,2024-02-05,09:27:31,FINANCE01,,,,VF02
100,OR1000000459000010,E0001,,2690,2024-08-05,17:53:37,SALEUSER3,,,,VA01
100,OR1000000459000010,E0002,,2691,2024-08-28,15:14:27,WHOUSE01,,,,VL01N
100,OR1000000459000010,E0003,,2692,2024-08-30,09:40:51,WHOUSE02,,,,VL02N
100,OR1000000459000010,E0004,,2693,2024-08-29,06:22:08,FINANCE02,,,,VF01
100,OR1000000459000010,E0005,,2694,2024-09-01,10:42:02,AUTOCLR,,,,VF02
100,OR1000000460000010,E0001,,2695,2024-07-25,06:21:46,SALEUSER2,,,,VA01
100,OR1000000460000010,I0001,,2696,2024-07-26,16:37:02,SALEUSER1,,,,VA02
100,OR1000000460000010,E0002,,2697,2024-09-13,15:41:43,WHOUSE01,,,,VL01N
100,OR1000000460000010,E0003,,2698,2024-09-13,16:59:52,WHOUSE02,,,,VL02N
100,OR1000000460000010,E0004,,2699,2024-09-18,06:27:54,FINANCE01,,,,VF01
100,OR1000000461000010,E0001,,2700,2024-08-22,17:50:14,SALEUSER2,,,,VA01
100,OR1000000461000010,E0002,,2701,2024-09-10,09:41:17,WHOUSE01,,,,VL01N
100,OR1000000461000010,E0003,,2702,2024-09-10,13:56:56,WHOUSE01,,,,VL02N
100,OR1000000461000010,E0004,,2703,2024-09-14,10:49:55,FINANCE02,,,,VF01
100,OR1000000461000010,E0005,,2704,2024-09-17,06:37:21,AUTOCLR,,,,VF02
100,OR1000000462000010,E0001,,2705,2024-05-14,09:52:25,SALEUSER1,,,,VA01
100,OR1000000462000010,E0002,,2706,2024-05-21,16:41:55,WHOUSE01,,,,VL01N
100,OR1000000462000010,E0003,,2707,2024-05-22,10:44:51,WHOUSE02,,,,VL02N
100,OR1000000462000010,E0004,,2708,2024-05-26,12:41:40,FINANCE01,,,,VF01
100,OR1000000462000010,E0005,,2709,2024-05-29,17:04:07,AUTOCLR,,,,VF02
100,OR1000000463000010,E0001,,2710,2024-09-30,07:36:06,SALEUSER1,,,,VA01
100,OR1000000463000010,E0002,,2711,2024-10-10,09:18:31,WHOUSE02,,,,VL01N
100,OR1000000463000010,E0003,,2712,2024-10-11,07:27:24,WHOUSE01,,,,VL02N
100,OR1000000463000010,E0004,,2713,2024-10-11,15:04:26,FINANCE01,,,,VF01
100,OR1000000463000010,E0005,,2714,2024-10-12,13:52:48,AUTOCLR,,,,VF02
100,OR1000000464000010,E0001,,2715,2024-09-08,15:53:07,SALEUSER1,,,,VA01
100,OR1000000464000010,E0002,,2716,2024-09-25,14:26:35,WHOUSE01,,,,VL01N
100,OR1000000464000010,E0003,,2717,2024-09-25,16:22:27,WHOUSE01,,,,VL02N
100,OR1000000464000010,E0004,,2718,2024-09-28,06:30:13,FINANCE02,,,,VF01
100,OR1000000464000010,E0005,,2719,2024-10-01,09:36:47,AUTOCLR,,,,VF02
100,OR1000000465000010,E0001,,2720,2024-01-29,14:19:53,SALEUSER3,,,,VA01
100,OR1000000465000010,E0002,,2721,2024-02-18,10:54:59,WHOUSE02,,,,VL01N
100,OR1000000465000010,E0003,,2722,2024-02-18,08:19:12,WHOUSE01,,,,VL02N
100,OR1000000465000010,E0004,,2723,2024-02-19,14:11:30,FINANCE02,,,,VF01
100,OR1000000465000010,E0005,,2724,2024-02-21,10:13:23,FINANCE01,,,,VF02
100,OR1000000466000010,E0001,,2725,2024-07-17,15:17:16,SALEUSER3,,,,VA01
100,OR1000000466000010,E0002,,2726,2024-08-06,12:18:27,WHOUSE01,,,,VL01N
100,OR1000000466000010,E0003,,2727,2024-08-08,15:50:06,WHOUSE02,,,,VL02N
100,OR1000000466000010,E0004,,2728,2024-08-11,12:55:33,FINANCE01,,,,VF01
100,OR1000000466000010,E0005,,2729,2024-08-13,07:24:01,AUTOCLR,,,,VF02
100,OR1000000467000010,E0001,,2730,2024-09-03,17:32:43,SALEUSER3,,,,VA01
100,OR1000000467000010,E0002,,2731,2024-09-30,12:19:19,WHOUSE02,,,,VL01N
100,OR1000000467000010,E0003,,2732,2024-10-02,08:51:03,WHOUSE02,,,,VL02N
100,OR1000000467000010,E0004,,2733,2024-10-04,07:20:01,FINANCE02,,,,VF01
100,OR1000000467000010,E0005,,2734,2024-10-05,06:18:46,AUTOCLR,,,,VF02
100,OR1000000468000010,E0001,,2735,2024-01-11,06:15:45,SALEUSER1,,,,VA01
100,OR1000000468000010,E0002,,2736,2024-02-07,07:46:14,WHOUSE02,,,,VL01N
100,OR1000000468000010,E0003,,2737,2024-02-07,06:37:24,WHOUSE02,,,,VL02N
100,OR1000000468000010,E0004,,2738,2024-02-11,15:04:41,FINANCE02,,,,VF01
100,OR1000000468000010,E0005,,2739,2024-02-14,08:02:03,AUTOCLR,,,,VF02
100,OR1000000469000010,E0001,,2740,2024-04-21,17:32:58,SALEUSER2,,,,VA01
100,OR1000000469000010,E0002,,2741,2024-05-17,16:36:17,WHOUSE01,,,,VL01N
100,OR1000000469000010,E0003,,2742,2024-05-17,11:55:59,WHOUSE01,,,,VL02N
100,OR1000000469000010,E0004,,2743,2024-05-19,09:55:48,FINANCE01,,,,VF01
100,OR1000000469000010,E0005,,2744,2024-05-22,09:39:32,AUTOCLR,,,,VF02
100,OR1000000470000010,E0001,,2745,2024-08-31,15:41:21,SALEUSER3,,,,VA01
100,OR1000000470000010,E0002,,2746,2024-09-07,10:58:11,WHOUSE02,,,,VL01N
100,OR1000000470000010,E0003,,2747,2024-09-08,07:17:38,WHOUSE01,,,,VL02N
100,OR1000000470000010,E0004,,2748,2024-09-10,16:27:05,FINANCE02,,,,VF01
100,OR1000000470000010,E0005,,2749,2024-09-13,12:12:23,FINANCE01,,,,VF02
100,OR1000000470000020,E0001,,2750,2024-08-31,08:51:40,SALEUSER3,,,,VA01
100,OR1000000470000020,E0002,,2751,2024-09-07,10:51:48,WHOUSE01,,,,VL01N
100,OR1000000470000020,E0003,,2752,2024-09-09,17:05:19,WHOUSE02,,,,VL02N
100,OR1000000470000020,E0004,,2753,2024-09-10,08:04:22,FINANCE01,,,,VF01
100,OR1000000470000020,E0005,,2754,2024-09-11,16:17:08,FINANCE01,,,,VF02
100,OR1000000471000010,E0001,,2755,2024-05-20,15:04:11,SALEUSER2,,,,VA01
100,OR1000000471000010,E0002,,2756,2024-06-13,11:08:11,WHOUSE02,,,,VL01N
100,OR1000000471000010,E0003,,2757,2024-06-14,15:17:38,WHOUSE02,,,,VL02N
100,OR1000000471000010,E0004,,2758,2024-06-20,06:42:32,FINANCE01,,,,VF01
100,OR1000000471000010,E0005,,2759,2024-06-23,10:47:21,AUTOCLR,,,,VF02
100,OR1000000472000010,E0001,,2760,2024-01-25,15:37:06,SALEUSER2,,,,VA01
100,OR1000000472000010,I0001,,2761,2024-01-26,07:33:35,SALEUSER1,,,,VA02
100,OR1000000472000010,E0006,,2762,2024-01-30,16:29:01,SALEUSER1,,,,VA02
100,OR1000000472000020,E0001,,2763,2024-01-25,13:44:51,SALEUSER2,,,,VA01
100,OR1000000472000020,I0001,,2764,2024-01-26,07:13:19,SALEUSER1,,,,VA02
100,OR1000000472000020,I0001,X,2765,2024-01-28,07:24:39,FINANCE01,,,,VA02
100,OR1000000472000020,E0006,,2766,2024-01-30,07:58:18,SALEUSER3,,,,VA02
100,OR1000000473000010,E0001,,2767,2024-08-14,09:03:03,SALEUSER1,,,,VA01
100,OR1000000473000010,I0002,,2768,2024-08-15,13:40:21,SALEUSER1,,,,VA02
100,OR1000000473000010,I0002,X,2769,2024-08-24,08:02:15,SALEUSER1,,,,VA02
100,OR1000000473000010,E0002,,2770,2024-09-27,15:26:16,WHOUSE01,,,,VL01N
100,OR1000000473000010,E0003,,2771,2024-09-28,14:54:40,WHOUSE01,,,,VL02N
100,OR1000000474000010,E0001,,2772,2024-08-15,12:10:53,SALEUSER3,,,,VA01
100,OR1000000474000010,E0002,,2773,2024-09-04,17:08:30,WHOUSE02,,,,VL01N
100,OR1000000474000010,E0003,,2774,2024-09-04,07:24:01,WHOUSE02,,,,VL02N
100,OR1000000474000010,E0004,,2775,2024-09-05,07:30:09,FINANCE01,,,,VF01
100,OR1000000474000010,E0005,,2776,2024-09-06,11:58:11,FINANCE01,,,,VF02
100,OR1000000475000010,E0001,,2777,2024-07-18,09:27:54,SALEUSER2,,,,VA01
100,OR1000000475000010,E0002,,2778,2024-08-09,13:43:43,WHOUSE01,,,,VL01N
100,OR1000000475000010,E0003,,2779,2024-08-09,13:38:06,WHOUSE01,,,,VL02N
100,OR1000000475000010,E0004,,2780,2024-08-12,07:25:01,FINANCE01,,,,VF01
100,OR1000000475000010,E0005,,2781,2024-08-14,15:38:39,AUTOCLR,,,,VF02
100,OR1000000476000010,E0001,,2782,2024-01-11,13:56:41,SALEUSER1,,,,VA01
100,OR1000000476000010,E0002,,2783,2024-01-26,06:00:15,WHOUSE01,,,,VL01N
100,OR1000000476000010,E0003,,2784,2024-01-26,10:05:11,WHOUSE02,,,,VL02N
100,OR1000000476000010,E0004,,2785,2024-01-28,06:03:56,FINANCE02,,,,VF01
100,OR1000000476000010,E0005,,2786,2024-01-30,15:59:11,AUTOCLR,,,,VF02
100,OR1000000476000020,E0001,,2787,2024-01-11,17:25:31,SALEUSER1,,,,VA01
100,OR1000000476000020,E0002,,2788,2024-01-26,15:37:54,WHOUSE01,,,,VL01N
100,OR1000000476000020,E0003,,2789,2024-01-27,10:58:03,WHOUSE02,,,,VL02N
100,OR1000000476000020,E0004,,2790,2024-01-28,09:27:24,FINANCE01,,,,VF01
100,OR1000000476000020,E0005,,2791,2024-01-29,08:15:45,FINANCE01,,,,VF02
100,OR1000000477000010,E0001,,2792,2024-09-03,13:40:10,SALEUSER3,,,,VA01
100,OR1000000477000010,E0002,,2793,2024-10-03,16:20:08,WHOUSE02,,,,VL01N
100,OR1000000477000010,E0003,,2794,2024-10-05,10:43:51,WHOUSE02,,,,VL02N
100,OR1000000477000020,E0001,,2795,2024-09-03,09:38:28,SALEUSER3,,,,VA01
100,OR1000000477000020,E0002,,2796,2024-10-03,08:27:31,WHOUSE01,,,,VL01N
100,OR1000000477000020,E0003,,2797,2024-10-03,16:29:31,WHOUSE01,,,,VL02N
100,OR1000000478000010,E0001,,2798,2024-05-24,12:25:24,SALEUSER1,,,,VA01
100,OR1000000478000010,E0002,,2799,2024-06-18,08:51:59,WHOUSE01,,,,VL01N
100,OR1000000478000010,E0003,,2800,2024-06-18,15:59:52,WHOUSE02,,,,VL02N
100,OR1000000478000010,E0004,,2801,2024-06-23,15:45:55,FINANCE01,,,,VF01
100,OR1000000478000010,E0005,,2802,2024-06-24,15:50:18,FINANCE01,,,,VF02
100,OR1000000479000010,E0001,,2803,2024-06-09,13:52:33,SALEUSER3,,,,VA01
100,OR1000000479000010,I0001,,2804,2024-06-10,17:59:22,SALEUSER1,,,,VA02
100,OR1000000479000010,I0001,X,2805,2024-06-15,08:48:14,FINANCE01,,,,VA02
100,OR1000000479000010,E0002,,2806,2024-06-19,10:46:29,WHOUSE02,,,,VL01N
100,OR1000000479000010,E0003,,2807,2024-06-20,14:41:10,WHOUSE02,,,,VL02N
100,OR1000000479000010,E0004,,2808,2024-06-22,17:09:38,FINANCE01,,,,VF01
100,OR1000000480000010,E0001,,2809,2024-04-12,13:56:33,SALEUSER1,,,,VA01
100,OR1000000480000010,E0002,,2810,2024-05-05,08:28:31,WHOUSE01,,,,VL01N
100,OR1000000480000010,E0003,,2811,2024-05-06,06:25:09,WHOUSE01,,,,VL02N
100,OR1000000480000010,E0004,,2812,2024-05-08,07:24:57,FINANCE02,,,,VF01
100,OR1000000480000010,E0005,,2813,2024-05-10,12:30:09,AUTOCLR,,,,VF02
100,OR1000000480000020,E0001,,2814,2024-04-12,15:50:55,SALEUSER1,,,,VA01
100,OR1000000480000020,E0002,,2815,2024-05-05,16:14:04,WHOUSE02,,,,VL01N
100,OR1000000480000020,E0003,,2816,2024-05-07,07:30:46,WHOUSE01,,,,VL02N
100,OR1000000480000020,E0004,,2817,2024-05-08,07:42:28,FINANCE01,,,,VF01
100,OR1000000480000020,E0005,,2818,2024-05-11,15:02:41,AUTOCLR,,,,VF02
100,OR1000000481000010,E0001,,2819,2024-02-06,13:59:56,SALEUSER2,,,,VA01
100,OR1000000481000010,I0001,,2820,2024-02-07,08:55:48,SALEUSER2,,,,VA02
100,OR1000000481000010,I0001,X,2821,2024-02-13,12:18:31,SALEUSER1,,,,VA02
100,OR1000000481000010,I0002,,2822,2024-02-07,17:20:42,SALEUSER2,,,,VA02
100,OR1000000481000010,I0002,X,2823,2024-02-16,17:29:46,SALEUSER2,,,,VA02
100,OR1000000481000010,E0002,,2824,2024-03-07,09:27:57,WHOUSE01,,,,VL01N
100,OR1000000481000010,E0003,,2825,2024-03-07,11:51:14,WHOUSE01,,,,VL02N
100,OR1000000482000010,E0001,,2826,2024-08-03,09:09:38,SALEUSER1,,,,VA01
100,OR1000000482000010,E0002,,2827,2024-08-26,10:22:31,WHOUSE02,,,,VL01N
100,OR1000000482000010,E0003,,2828,2024-08-26,11:09:53,WHOUSE01,,,,VL02N
100,OR1000000482000010,E0004,,2829,2024-08-31,17:12:30,FINANCE01,,,,VF01
100,OR1000000482000010,E0005,,2830,2024-09-03,10:46:44,AUTOCLR,,,,VF02
100,OR1000000483000010,E0001,,2831,2024-01-22,09:27:09,SALEUSER2,,,,VA01
100,OR1000000483000010,E0002,,2832,2024-03-05,13:03:00,WHOUSE02,,,,VL01N
100,OR1000000483000010,E0003,,2833,2024-03-07,06:33:20,WHOUSE01,,,,VL02N
100,OR1000000483000010,E0004,,2834,2024-03-09,11:28:09,FINANCE01,,,,VF01
100,OR1000000483000010,E0005,,2835,2024-03-10,07:25:16,AUTOCLR,,,,VF02
100,OR1000000484000010,E0001,,2836,2024-03-02,13:07:41,SALEUSER1,,,,VA01
100,OR1000000484000010,E0002,,2837,2024-04-04,08:00:56,WHOUSE01,,,,VL01N
100,OR1000000484000010,E0003,,2838,2024-04-04,15:00:22,WHOUSE02,,,,VL02N
100,OR1000000484000010,E0004,,2839,2024-04-11,12:18:08,FINANCE02,,,,VF01
100,OR1000000484000010,E0005,,2840,2024-04-13,08:32:09,FINANCE01,,,,VF02
100,OR1000000485000010,E0001,,2841,2024-03-08,16:54:07,SALEUSER3,,,,VA01
100,OR1000000485000010,E0002,,2842,2024-04-04,10:32:32,WHOUSE01,,,,VL01N
100,OR1000000485000010,E0003,,2843,2024-04-04,06:46:21,WHOUSE02,,,,VL02N
100,OR1000000485000010,E0004,,2844,2024-04-08,14:16:23,FINANCE02,,,,VF01
100,OR1000000485000010,E0005,,2845,2024-04-11,09:30:05,AUTOCLR,,,,VF02
100,OR1000000486000010,E0001,,2846,2024-02-26,07:12:42,SALEUSER2,,,,VA01
100,OR1000000486000010,E0002,,2847,2024-03-24,17:32:13,WHOUSE01,,,,VL01N
100,OR1000000486000010,E0003,,2848,2024-03-24,12:04:04,WHOUSE02,,,,VL02N
100,OR1000000487000010,E0001,,2849,2024-05-08,07:24:39,SALEUSER1,,,,VA01
100,OR1000000487000010,E0002,,2850,2024-06-16,08:35:28,WHOUSE01,,,,VL01N
100,OR1000000487000010,E0003,,2851,2024-06-16,13:45:36,WHOUSE01,,,,VL02N
100,OR1000000487000010,E0004,,2852,2024-06-18,08:45:36,FINANCE02,,,,VF01
100,OR1000000487000010,E0005,,2853,2024-06-21,17:44:59,FINANCE01,,,,VF02
100,OR1000000488000010,E0001,,2854,2024-06-06,17:17:08,SALEUSER2,,,,VA01
100,OR1000000488000010,E0002,,2855,2024-07-03,09:24:46,WHOUSE01,,,,VL01N
100,OR1000000488000010,E0003,,2856,2024-07-03,13:31:16,WHOUSE01,,,,VL02N
100,OR1000000488000010,E0004,,2857,2024-07-08,16:50:29,FINANCE01,,,,VF01
100,OR1000000488000010,E0005,,2858,2024-07-10,15:35:02,FINANCE01,,,,VF02
100,OR1000000489000010,E0001,,2859,2024-09-25,07:39:36,SALEUSER3,,,,VA01
100,OR1000000489000010,E0002,,2860,2024-10-04,09:05:56,WHOUSE02,,,,VL01N
100,OR1000000489000010,E0003,,2861,2024-10-04,10:56:07,WHOUSE01,,,,VL02N
100,OR1000000489000010,E0004,,2862,2024-10-06,11:39:58,FINANCE01,,,,VF01
100,OR1000000489000010,E0005,,2863,2024-10-08,10:04:04,FINANCE01,,,,VF02
100,OR1000000490000010,E0001,,2864,2024-02-23,09:39:51,SALEUSER2,,,,VA01
100,OR1000000490000010,E0002,,2865,2024-03-20,07:22:46,WHOUSE02,,,,VL01N
100,OR1000000490000010,E0003,,2866,2024-03-22,12:37:54,WHOUSE01,,,,VL02N
100,OR1000000490000010,E0004,,2867,2024-03-23,13:19:01,FINANCE01,,,,VF01
100,OR1000000490000010,E0005,,2868,2024-03-26,17:40:10,FINANCE01,,,,VF02
100,OR1000000490000020,E0001,,2869,2024-02-23,07:55:37,SALEUSER2,,,,VA01
100,OR1000000490000020,E0002,,2870,2024-03-20,11:24:50,WHOUSE02,,,,VL01N
100,OR1000000490000020,E0003,,2871,2024-03-22,09:42:51,WHOUSE02,,,,VL02N
100,OR1000000490000020,E0004,,2872,2024-03-23,15:34:47,FINANCE02,,,,VF01
100,OR1000000490000020,E0005,,2873,2024-03-25,07:40:02,FINANCE01,,,,VF02
100,OR1000000491000010,E0001,,2874,2024-08-14,09:30:05,SALEUSER3,,,,VA01
100,OR1000000491000010,E0002,,2875,2024-09-14,06:50:51,WHOUSE01,,,,VL01N
100,OR1000000491000010,E0003,,2876,2024-09-15,10:48:29,WHOUSE01,,,,VL02N
100,OR1000000491000010,E0004,,2877,2024-09-15,09:30:46,FINANCE01,,,,VF01
100,OR1000000491000010,E0005,,2878,2024-09-18,09:36:24,AUTOCLR,,,,VF02
100,OR1000000492000010,E0001,,2879,2024-02-11,06:48:03,SALEUSER2,,,,VA01
100,OR1000000492000010,E0002,,2880,2024-02-29,07:06:11,WHOUSE02,,,,VL01N
100,OR1000000492000010,E0003,,2881,2024-03-02,07:45:10,WHOUSE02,,,,VL02N
100,OR1000000492000010,E0004,,2882,2024-03-03,10:34:35,FINANCE02,,,,VF01
100,OR1000000492000010,E0005,,2883,2024-03-06,06:00:11,AUTOCLR,,,,VF02
100,OR1000000493000010,E0001,,2884,2024-09-10,16:14:00,SALEUSER2,,,,VA01
100,OR1000000493000010,E0002,,2885,2024-09-24,09:45:14,WHOUSE02,,,,VL01N
100,OR1000000493000010,E0003,,2886,2024-09-26,17:55:07,WHOUSE02,,,,VL02N
100,OR1000000493000010,E0004,,2887,2024-09-28,14:17:38,FINANCE01,,,,VF01
100,OR1000000493000010,E0005,,2888,2024-09-29,12:16:23,AUTOCLR,,,,VF02
100,OR1000000493000020,E0001,,2889,2024-09-10,12:01:33,SALEUSER2,,,,VA01
100,OR1000000493000020,E0002,,2890,2024-09-24,12:01:30,WHOUSE02,,,,VL01N
100,OR1000000493000020,E0003,,2891,2024-09-26,08:40:06,WHOUSE01,,,,VL02N
100,OR1000000493000020,E0004,,2892,2024-09-28,17:50:21,FINANCE02,,,,VF01
100,OR1000000493000020,E0005,,2893,2024-09-30,07:00:48,FINANCE01,,,,VF02
100,OR1000000494000010,E0001,,2894,2024-02-18,14:28:54,SALEUSER1,,,,VA01
100,OR1000000494000010,E0002,,2895,2024-03-12,09:27:31,WHOUSE01,,,,VL01N
100,OR1000000494000010,E0003,,2896,2024-03-12,10:10:30,WHOUSE01,,,,VL02N
100,OR1000000494000010,E0004,,2897,2024-03-14,16:53:40,FINANCE01,,,,VF01
100,OR1000000494000010,E0005,,2898,2024-03-15,07:17:38,FINANCE01,,,,VF02
100,OR1000000495000010,E0001,,2899,2024-09-29,15:02:52,SALEUSER3,,,,VA01
100,OR1000000495000010,E0002,,2900,2024-10-14,12:26:31,WHOUSE02,,,,VL01N
100,OR1000000495000010,E0003,,2901,2024-10-15,07:38:24,WHOUSE01,,,,VL02N
100,OR1000000495000010,E0004,,2902,2024-10-17,15:05:04,FINANCE01,,,,VF01
100,OR1000000495000010,E0005,,2903,2024-10-19,14:55:44,AUTOCLR,,,,VF02
100,OR1000000495000020,E0001,,2904,2024-09-29,14:19:42,SALEUSER3,,,,VA01
100,OR1000000495000020,E0002,,2905,2024-10-14,06:51:33,WHOUSE01,,,,VL01N
100,OR1000000495000020,E0003,,2906,2024-10-14,17:42:51,WHOUSE02,,,,VL02N
100,OR1000000495000020,E0004,,2907,2024-10-17,09:45:40,FINANCE02,,,,VF01
100,OR1000000495000020,E0005,,2908,2024-10-18,14:13:08,FINANCE01,,,,VF02
100,OR1000000496000010,E0001,,2909,2024-05-07,12:44:21,SALEUSER1,,,,VA01
100,OR1000000496000010,E0002,,2910,2024-05-22,14:11:23,WHOUSE01,,,,VL01N
100,OR1000000496000010,E0003,,2911,2024-05-22,08:49:59,WHOUSE01,,,,VL02N
100,OR1000000496000010,E0004,,2912,2024-05-23,14:08:15,FINANCE02,,,,VF01
100,OR1000000496000010,E0005,,2913,2024-05-24,10:16:38,AUTOCLR,,,,VF02
100,OR1000000497000010,E0001,,2914,2024-05-30,14:32:20,SALEUSER2,,,,VA01
100,OR1000000497000010,E0002,,2915,2024-06-11,12:44:10,WHOUSE02,,,,VL01N
100,OR1000000497000010,E0003,,2916,2024-06-12,08:45:29,WHOUSE01,,,,VL02N
100,OR1000000497000010,E0004,,2917,2024-06-16,09:14:30,FINANCE01,,,,VF01
100,OR1000000497000010,E0005,,2918,2024-06-17,09:15:19,FINANCE01,,,,VF02
100,OR1000000498000010,E0001,,2919,2024-01-16,09:07:49,SALEUSER2,,,,VA01
100,OR1000000498000010,I0001,,2920,2024-01-17,06:10:00,SALEUSER1,,,,VA02
100,OR1000000498000010,I0001,X,2921,2024-01-23,07:36:02,SALEUSER1,,,,VA02
100,OR1000000498000010,E0002,,2922,2024-01-23,16:14:57,WHOUSE02,,,,VL01N
100,OR1000000498000010,E0003,,2923,2024-01-23,13:23:50,WHOUSE01,,,,VL02N
100,OR1000000498000010,E0004,,2924,2024-01-28,06:04:04,FINANCE02,,,,VF01
100,OR1000000499000010,E0001,,2925,2024-05-27,08:55:29,SALEUSER2,,,,VA01
100,OR1000000499000010,E0002,,2926,2024-06-21,08:13:27,WHOUSE01,,,,VL01N
100,OR1000000499000010,E0003,,2927,2024-06-21,14:20:23,WHOUSE02,,,,VL02N
100,OR1000000499000010,E0004,,2928,2024-06-24,14:48:48,FINANCE02,,,,VF01
100,OR1000000499000010,E0005,,2929,2024-06-25,13:17:01,AUTOCLR,,,,VF02
100,OR1000000499000020,E0001,,2930,2024-05-27,12:36:13,SALEUSER2,,,,VA01
100,OR1000000499000020,E0002,,2931,2024-06-21,13:11:04,WHOUSE01,,,,VL01N
100,OR1000000499000020,E0003,,2932,2024-06-22,11:58:26,WHOUSE01,,,,VL02N
100,OR1000000499000020,E0004,,2933,2024-06-24,14:51:14,FINANCE01,,,,VF01
100,OR1000000499000020,E0005,,2934,2024-06-26,07:52:10,FINANCE01,,,,VF02
