MANDT,MATNR,WERKS,LGORT,LFGJA,LFMON,LABST,UMLME,INSME,SPEME,LBKUM
100,MAT00001,P001,SL03,2023,01,241.0,0,0,0,241.0
100,MAT00001,P001,SL03,2023,02,418.0,0,0,0,418.0
100,MAT00001,P001,SL03,2023,03,531.0,0,0,0,531.0
100,MAT00001,P001,SL03,2023,04,586.0,0,0,0,586.0
100,MAT00001,P001,SL03,2023,05,775.0,0,0,0,775.0
100,MAT00001,P001,SL03,2023,06,929.0,0,0,0,929.0
100,MAT00001,P001,SL03,2023,07,988.0,0,0,0,988.0
100,MAT00001,P001,SL03,2023,08,1152.0,0,0,0,1152.0
100,MAT00001,P001,SL03,2023,09,1238.0,0,0,0,1238.0
100,MAT00001,P001,SL03,2023,10,1341.0,0,0,0,1341.0
100,MAT00001,P001,SL03,2023,11,1570.0,0,0,0,1570.0
100,MAT00001,P001,SL03,2023,12,1726.0,0,0,0,1726.0
100,MAT00001,P001,SL03,2024,01,1705.0,0,0,0,1705.0
100,MAT00001,P001,SL03,2024,02,1893.0,0,0,0,1893.0
100,MAT00001,P001,SL03,2024,03,2000.0,0,0,0,2000.0
100,MAT00001,P001,SL03,2024,04,2220.0,0,0,0,2220.0
100,MAT00001,P001,SL03,2024,05,2382.0,0,0,0,2382.0
100,MAT00001,P001,SL03,2024,06,2532.0,0,0,0,2532.0
100,MAT00001,P001,SL03,2024,07,2721.0,0,0,0,2721.0
100,MAT00001,P001,SL03,2024,08,2859.0,0,0,0,2859.0
100,MAT00001,P001,SL03,2024,09,3114.0,0,0,0,3114.0
100,MAT00001,P001,SL03,2024,10,3281.0,0,0,0,3281.0
100,MAT00001,P001,SL03,2024,11,3344.0,0,0,0,3344.0
100,MAT00001,P001,SL03,2024,12,3359.0,0,0,0,3359.0
100,MAT00001,P002,SL01,2023,01,467.0,0,0,0,467.0
100,MAT00001,P002,SL01,2023,02,508.0,0,0,0,508.0
100,MAT00001,P002,SL01,2023,03,532.0,0,0,0,532.0
100,MAT00001,P002,SL01,2023,04,606.0,0,0,0,606.0
100,MAT00001,P002,SL01,2023,05,612.0,0,0,0,612.0
100,MAT00001,P002,SL01,2023,06,608.0,0,0,0,608.0
100,MAT00001,P002,SL01,2023,07,607.0,0,0,0,607.0
100,MAT00001,P002,SL01,2023,08,532.0,0,0,0,532.0
100,MAT00001,P002,SL01,2023,09,494.0,0,0,0,494.0
100,MAT00001,P002,SL01,2023,10,538.0,0,0,0,538.0
100,MAT00001,P002,SL01,2023,11,537.0,0,0,0,537.0
100,MAT00001,P002,SL01,2023,12,542.0,0,0,0,542.0
100,MAT00001,P002,SL01,2024,01,481.0,0,0,0,481.0
100,MAT00001,P002,SL01,2024,02,432.0,0,0,0,432.0
100,MAT00001,P002,SL01,2024,03,527.0,0,0,0,527.0
100,MAT00001,P002,SL01,2024,04,607.0,0,0,0,607.0
100,MAT00001,P002,SL01,2024,05,599.0,0,0,0,599.0
100,MAT00001,P002,SL01,2024,06,702.0,0,0,0,702.0
100,MAT00001,P002,SL01,2024,07,736.0,0,0,0,736.0
100,MAT00001,P002,SL01,2024,08,806.0,0,0,0,806.0
100,MAT00001,P002,SL01,2024,09,757.0,0,0,0,757.0
100,MAT00001,P002,SL01,2024,10,868.0,0,0,0,868.0
100,MAT00001,P002,SL01,2024,11,879.0,0,0,0,879.0
100,MAT00001,P002,SL01,2024,12,827.0,0,0,0,827.0
100,MAT00001,P003,SL01,2023,01,238.0,0,0,0,238.0
100,MAT00001,P003,SL01,2023,02,263.0,0,0,0,263.0
100,MAT00001,P003,SL01,2023,03,190.0,0,0,0,190.0
100,MAT00001,P003,SL01,2023,04,219.0,0,0,0,219.0
100,MAT00001,P003,SL01,2023,05,173.0,0,0,0,173.0
100,MAT00001,P003,SL01,2023,06,283.0,0,0,0,283.0
100,MAT00001,P003,SL01,2023,07,314.0,0,0,0,314.0
100,MAT00001,P003,SL01,2023,08,340.0,0,0,0,340.0
100,MAT00001,P003,SL01,2023,09,303.0,0,0,0,303.0
100,MAT00001,P003,SL01,2023,10,239.0,0,0,0,239.0
100,MAT00001,P003,SL01,2023,11,191.0,0,0,0,191.0
100,MAT00001,P003,SL01,2023,12,181.0,0,0,0,181.0
100,MAT00001,P003,SL01,2024,01,136.0,0,0,0,136.0
100,MAT00001,P003,SL01,2024,02,233.0,0,0,0,233.0
100,MAT00001,P003,SL01,2024,03,213.0,0,0,0,213.0
100,MAT00001,P003,SL01,2024,04,218.0,0,0,0,218.0
100,MAT00001,P003,SL01,2024,05,215.0,0,0,0,215.0
100,MAT00001,P003,SL01,2024,06,209.0,0,0,0,209.0
100,MAT00001,P003,SL01,2024,07,165.0,0,0,0,165.0
100,MAT00001,P003,SL01,2024,08,222.0,0,0,0,222.0
100,MAT00001,P003,SL01,2024,09,309.0,0,0,0,309.0
100,MAT00001,P003,SL01,2024,10,342.0,0,0,0,342.0
100,MAT00001,P003,SL01,2024,11,308.0,0,0,0,308.0
100,MAT00001,P003,SL01,2024,12,382.0,0,0,0,382.0
100,MAT00002,P001,SL01,2023,01,416.0,0,0,0,416.0
100,MAT00002,P001,SL01,2023,02,462.0,0,0,0,462.0
100,MAT00002,P001,SL01,2023,03,775.0,0,0,0,775.0
100,MAT00002,P001,SL01,2023,04,851.0,0,0,0,851.0
100,MAT00002,P001,SL01,2023,05,1042.0,0,0,0,1042.0
100,MAT00002,P001,SL01,2023,06,1268.0,0,0,0,1268.0
100,MAT00002,P001,SL01,2023,07,1305.0,0,0,0,1305.0
100,MAT00002,P001,SL01,2023,08,1497.0,0,0,0,1497.0
100,MAT00002,P001,SL01,2023,09,1485.0,0,0,0,1485.0
100,MAT00002,P001,SL01,2023,10,1599.0,0,0,0,1599.0
100,MAT00002,P001,SL01,2023,11,1725.0,0,0,0,1725.0
100,MAT00002,P001,SL01,2023,12,1740.0,0,0,0,1740.0
100,MAT00002,P001,SL01,2024,01,1808.0,0,0,0,1808.0
100,MAT00002,P001,SL01,2024,02,1907.0,0,0,0,1907.0
100,MAT00002,P001,SL01,2024,03,2061.0,0,0,0,2061.0
100,MAT00002,P001,SL01,2024,04,2073.0,0,0,0,2073.0
100,MAT00002,P001,SL01,2024,05,2111.0,0,0,0,2111.0
100,MAT00002,P001,SL01,2024,06,2204.0,0,0,0,2204.0
100,MAT00002,P001,SL01,2024,07,2410.0,0,0,0,2410.0
100,MAT00002,P001,SL01,2024,08,2410.0,0,0,0,2410.0
100,MAT00002,P001,SL01,2024,09,2414.0,0,0,0,2414.0
100,MAT00002,P001,SL01,2024,10,2476.0,0,0,0,2476.0
100,MAT00002,P001,SL01,2024,11,2674.0,0,0,0,2674.0
100,MAT00002,P001,SL01,2024,12,2905.0,0,0,0,2905.0
100,MAT00002,P002,SL01,2023,01,127.0,0,0,0,127.0
100,MAT00002,P002,SL01,2023,02,71.0,0,0,0,71.0
100,MAT00002,P002,SL01,2023,03,133.0,0,0,0,133.0
100,MAT00002,P002,SL01,2023,04,162.0,0,0,0,162.0
100,MAT00002,P002,SL01,2023,05,154.0,0,0,0,154.0
100,MAT00002,P002,SL01,2023,06,205.0,0,0,0,205.0
100,MAT00002,P002,SL01,2023,07,250.0,0,0,0,250.0
100,MAT00002,P002,SL01,2023,08,345.0,0,0,0,345.0
100,MAT00002,P002,SL01,2023,09,450.0,0,0,0,450.0
100,MAT00002,P002,SL01,2023,10,496.0,0,0,0,496.0
100,MAT00002,P002,SL01,2023,11,543.0,0,0,0,543.0
100,MAT00002,P002,SL01,2023,12,488.0,0,0,0,488.0
100,MAT00002,P002,SL01,2024,01,408.0,0,0,0,408.0
100,MAT00002,P002,SL01,2024,02,358.0,0,0,0,358.0
100,MAT00002,P002,SL01,2024,03,390.0,0,0,0,390.0
100,MAT00002,P002,SL01,2024,04,476.0,0,0,0,476.0
100,MAT00002,P002,SL01,2024,05,533.0,0,0,0,533.0
100,MAT00002,P002,SL01,2024,06,525.0,0,0,0,525.0
100,MAT00002,P002,SL01,2024,07,500.0,0,0,0,500.0
100,MAT00002,P002,SL01,2024,08,602.0,0,0,0,602.0
100,MAT00002,P002,SL01,2024,09,529.0,0,0,0,529.0
100,MAT00002,P002,SL01,2024,10,640.0,0,0,0,640.0
100,MAT00002,P002,SL01,2024,11,717.0,0,0,0,717.0
100,MAT00002,P002,SL01,2024,12,671.0,0,0,0,671.0
100,MAT00002,P003,SL02,2023,01,457.0,0,0,0,457.0
100,MAT00002,P003,SL02,2023,02,524.0,0,0,0,524.0
100,MAT00002,P003,SL02,2023,03,641.0,0,0,0,641.0
100,MAT00002,P003,SL02,2023,04,633.0,0,0,0,633.0
100,MAT00002,P003,SL02,2023,05,569.0,0,0,0,569.0
100,MAT00002,P003,SL02,2023,06,576.0,0,0,0,576.0
100,MAT00002,P003,SL02,2023,07,631.0,0,0,0,631.0
100,MAT00002,P003,SL02,2023,08,747.0,0,0,0,747.0
100,MAT00002,P003,SL02,2023,09,731.0,0,0,0,731.0
100,MAT00002,P003,SL02,2023,10,771.0,0,0,0,771.0
100,MAT00002,P003,SL02,2023,11,714.0,0,0,0,714.0
100,MAT00002,P003,SL02,2023,12,668.0,0,0,0,668.0
100,MAT00002,P003,SL02,2024,01,633.0,0,0,0,633.0
100,MAT00002,P003,SL02,2024,02,727.0,0,0,0,727.0
100,MAT00002,P003,SL02,2024,03,714.0,0,0,0,714.0
100,MAT00002,P003,SL02,2024,04,795.0,0,0,0,795.0
100,MAT00002,P003,SL02,2024,05,865.0,0,0,0,865.0
100,MAT00002,P003,SL02,2024,06,982.0,0,0,0,982.0
100,MAT00002,P003,SL02,2024,07,911.0,0,0,0,911.0
100,MAT00002,P003,SL02,2024,08,849.0,0,0,0,849.0
100,MAT00002,P003,SL02,2024,09,840.0,0,0,0,840.0
100,MAT00002,P003,SL02,2024,10,818.0,0,0,0,818.0
100,MAT00002,P003,SL02,2024,11,923.0,0,0,0,923.0
100,MAT00002,P003,SL02,2024,12,935.0,0,0,0,935.0
100,MAT00003,P001,SL02,2023,01,0,0,0,0,0
100,MAT00003,P001,SL02,2023,02,44.0,0,0,0,44.0
100,MAT00003,P001,SL02,2023,03,18.0,0,0,0,18.0
100,MAT00003,P001,SL02,2023,04,123.0,0,0,0,123.0
100,MAT00003,P001,SL02,2023,05,240.0,0,0,0,240.0
100,MAT00003,P001,SL02,2023,06,175.0,0,0,0,175.0
100,MAT00003,P001,SL02,2023,07,230.0,0,0,0,230.0
100,MAT00003,P001,SL02,2023,08,248.0,0,0,0,248.0
100,MAT00003,P001,SL02,2023,09,257.0,0,0,0,257.0
100,MAT00003,P001,SL02,2023,10,340.0,0,0,0,340.0
100,MAT00003,P001,SL02,2023,11,264.0,0,0,0,264.0
100,MAT00003,P001,SL02,2023,12,191.0,0,0,0,191.0
100,MAT00003,P001,SL02,2024,01,155.0,0,0,0,155.0
100,MAT00003,P001,SL02,2024,02,257.0,0,0,0,257.0
100,MAT00003,P001,SL02,2024,03,185.0,0,0,0,185.0
100,MAT00003,P001,SL02,2024,04,185.0,0,0,0,185.0
100,MAT00003,P001,SL02,2024,05,170.0,0,0,0,170.0
100,MAT00003,P001,SL02,2024,06,257.0,0,0,0,257.0
100,MAT00003,P001,SL02,2024,07,231.0,0,0,0,231.0
100,MAT00003,P001,SL02,2024,08,270.0,0,0,0,270.0
100,MAT00003,P001,SL02,2024,09,235.0,0,0,0,235.0
100,MAT00003,P001,SL02,2024,10,309.0,0,0,0,309.0
100,MAT00003,P001,SL02,2024,11,376.0,0,0,0,376.0
100,MAT00003,P001,SL02,2024,12,345.0,0,0,0,345.0
100,MAT00003,P002,SL02,2023,01,550.0,0,0,0,550.0
100,MAT00003,P002,SL02,2023,02,511.0,0,0,0,511.0
100,MAT00003,P002,SL02,2023,03,626.0,0,0,0,626.0
100,MAT00003,P002,SL02,2023,04,620.0,0,0,0,620.0
100,MAT00003,P002,SL02,2023,05,625.0,0,0,0,625.0
100,MAT00003,P002,SL02,2023,06,654.0,0,0,0,654.0
100,MAT00003,P002,SL02,2023,07,646.0,0,0,0,646.0
100,MAT00003,P002,SL02,2023,08,721.0,0,0,0,721.0
100,MAT00003,P002,SL02,2023,09,698.0,0,0,0,698.0
100,MAT00003,P002,SL02,2023,10,641.0,0,0,0,641.0
100,MAT00003,P002,SL02,2023,11,569.0,0,0,0,569.0
100,MAT00003,P002,SL02,2023,12,681.0,0,0,0,681.0
100,MAT00003,P002,SL02,2024,01,766.0,0,0,0,766.0
100,MAT00003,P002,SL02,2024,02,752.0,0,0,0,752.0
100,MAT00003,P002,SL02,2024,03,869.0,0,0,0,869.0
100,MAT00003,P002,SL02,2024,04,840.0,0,0,0,840.0
100,MAT00003,P002,SL02,2024,05,768.0,0,0,0,768.0
100,MAT00003,P002,SL02,2024,06,796.0,0,0,0,796.0
100,MAT00003,P002,SL02,2024,07,815.0,0,0,0,815.0
100,MAT00003,P002,SL02,2024,08,782.0,0,0,0,782.0
100,MAT00003,P002,SL02,2024,09,846.0,0,0,0,846.0
100,MAT00003,P002,SL02,2024,10,928.0,0,0,0,928.0
100,MAT00003,P002,SL02,2024,11,1041.0,0,0,0,1041.0
100,MAT00003,P002,SL02,2024,12,1090.0,0,0,0,1090.0
100,MAT00003,P003,SL02,2023,01,124.0,0,0,0,124.0
100,MAT00003,P003,SL02,2023,02,151.0,0,0,0,151.0
100,MAT00003,P003,SL02,2023,03,194.0,0,0,0,194.0
100,MAT00003,P003,SL02,2023,04,194.0,0,0,0,194.0
100,MAT00003,P003,SL02,2023,05,266.0,0,0,0,266.0
100,MAT00003,P003,SL02,2023,06,264.0,0,0,0,264.0
100,MAT00003,P003,SL02,2023,07,191.0,0,0,0,191.0
100,MAT00003,P003,SL02,2023,08,255.0,0,0,0,255.0
100,MAT00003,P003,SL02,2023,09,241.0,0,0,0,241.0
100,MAT00003,P003,SL02,2023,10,308.0,0,0,0,308.0
100,MAT00003,P003,SL02,2023,11,391.0,0,0,0,391.0
100,MAT00003,P003,SL02,2023,12,460.0,0,0,0,460.0
100,MAT00003,P003,SL02,2024,01,467.0,0,0,0,467.0
100,MAT00003,P003,SL02,2024,02,505.0,0,0,0,505.0
100,MAT00003,P003,SL02,2024,03,454.0,0,0,0,454.0
100,MAT00003,P003,SL02,2024,04,447.0,0,0,0,447.0
100,MAT00003,P003,SL02,2024,05,506.0,0,0,0,506.0
100,MAT00003,P003,SL02,2024,06,469.0,0,0,0,469.0
100,MAT00003,P003,SL02,2024,07,560.0,0,0,0,560.0
100,MAT00003,P003,SL02,2024,08,488.0,0,0,0,488.0
100,MAT00003,P003,SL02,2024,09,587.0,0,0,0,587.0
100,MAT00003,P003,SL02,2024,10,559.0,0,0,0,559.0
100,MAT00003,P003,SL02,2024,11,650.0,0,0,0,650.0
100,MAT00003,P003,SL02,2024,12,715.0,0,0,0,715.0
100,MAT00004,P001,SL03,2023,01,148.0,0,0,0,148.0
100,MAT00004,P001,SL03,2023,02,122.0,0,0,0,122.0
100,MAT00004,P001,SL03,2023,03,133.0,0,0,0,133.0
100,MAT00004,P001,SL03,2023,04,146.0,0,0,0,146.0
100,MAT00004,P001,SL03,2023,05,132.0,0,0,0,132.0
100,MAT00004,P001,SL03,2023,06,228.0,0,0,0,228.0
100,MAT00004,P001,SL03,2023,07,254.0,0,0,0,254.0
100,MAT00004,P001,SL03,2023,08,314.0,0,0,0,314.0
100,MAT00004,P001,SL03,2023,09,257.0,0,0,0,257.0
100,MAT00004,P001,SL03,2023,10,322.0,0,0,0,322.0
100,MAT00004,P001,SL03,2023,11,272.0,0,0,0,272.0
100,MAT00004,P001,SL03,2023,12,244.0,0,0,0,244.0
100,MAT00004,P001,SL03,2024,01,338.0,0,0,0,338.0
100,MAT00004,P001,SL03,2024,02,404.0,0,0,0,404.0
100,MAT00004,P001,SL03,2024,03,333.0,0,0,0,333.0
100,MAT00004,P001,SL03,2024,04,440.0,0,0,0,440.0
100,MAT00004,P001,SL03,2024,05,436.0,0,0,0,436.0
100,MAT00004,P001,SL03,2024,06,447.0,0,0,0,447.0
100,MAT00004,P001,SL03,2024,07,499.0,0,0,0,499.0
100,MAT00004,P001,SL03,2024,08,521.0,0,0,0,521.0
100,MAT00004,P001,SL03,2024,09,494.0,0,0,0,494.0
100,MAT00004,P001,SL03,2024,10,452.0,0,0,0,452.0
100,MAT00004,P001,SL03,2024,11,529.0,0,0,0,529.0
100,MAT00004,P001,SL03,2024,12,624.0,0,0,0,624.0
100,MAT00004,P002,SL03,2023,01,239.0,0,0,0,239.0
100,MAT00004,P002,SL03,2023,02,194.0,0,0,0,194.0
100,MAT00004,P002,SL03,2023,03,256.0,0,0,0,256.0
100,MAT00004,P002,SL03,2023,04,178.0,0,0,0,178.0
100,MAT00004,P002,SL03,2023,05,287.0,0,0,0,287.0
100,MAT00004,P002,SL03,2023,06,234.0,0,0,0,234.0
100,MAT00004,P002,SL03,2023,07,306.0,0,0,0,306.0
100,MAT00004,P002,SL03,2023,08,410.0,0,0,0,410.0
100,MAT00004,P002,SL03,2023,09,488.0,0,0,0,488.0
100,MAT00004,P002,SL03,2023,10,408.0,0,0,0,408.0
100,MAT00004,P002,SL03,2023,11,335.0,0,0,0,335.0
100,MAT00004,P002,SL03,2023,12,393.0,0,0,0,393.0
100,MAT00004,P002,SL03,2024,01,470.0,0,0,0,470.0
100,MAT00004,P002,SL03,2024,02,417.0,0,0,0,417.0
100,MAT00004,P002,SL03,2024,03,381.0,0,0,0,381.0
100,MAT00004,P002,SL03,2024,04,421.0,0,0,0,421.0
100,MAT00004,P002,SL03,2024,05,379.0,0,0,0,379.0
100,MAT00004,P002,SL03,2024,06,396.0,0,0,0,396.0
100,MAT00004,P002,SL03,2024,07,469.0,0,0,0,469.0
100,MAT00004,P002,SL03,2024,08,516.0,0,0,0,516.0
100,MAT00004,P002,SL03,2024,09,605.0,0,0,0,605.0
100,MAT00004,P002,SL03,2024,10,722.0,0,0,0,722.0
100,MAT00004,P002,SL03,2024,11,782.0,0,0,0,782.0
100,MAT00004,P002,SL03,2024,12,786.0,0,0,0,786.0
100,MAT00004,P003,SL01,2023,01,393.0,0,0,0,393.0
100,MAT00004,P003,SL01,2023,02,346.0,0,0,0,346.0
100,MAT00004,P003,SL01,2023,03,394.0,0,0,0,394.0
100,MAT00004,P003,SL01,2023,04,342.0,0,0,0,342.0
100,MAT00004,P003,SL01,2023,05,378.0,0,0,0,378.0
100,MAT00004,P003,SL01,2023,06,402.0,0,0,0,402.0
100,MAT00004,P003,SL01,2023,07,467.0,0,0,0,467.0
100,MAT00004,P003,SL01,2023,08,497.0,0,0,0,497.0
100,MAT00004,P003,SL01,2023,09,484.0,0,0,0,484.0
100,MAT00004,P003,SL01,2023,10,488.0,0,0,0,488.0
100,MAT00004,P003,SL01,2023,11,483.0,0,0,0,483.0
100,MAT00004,P003,SL01,2023,12,465.0,0,0,0,465.0
100,MAT00004,P003,SL01,2024,01,426.0,0,0,0,426.0
100,MAT00004,P003,SL01,2024,02,371.0,0,0,0,371.0
100,MAT00004,P003,SL01,2024,03,417.0,0,0,0,417.0
100,MAT00004,P003,SL01,2024,04,430.0,0,0,0,430.0
100,MAT00004,P003,SL01,2024,05,366.0,0,0,0,366.0
100,MAT00004,P003,SL01,2024,06,336.0,0,0,0,336.0
100,MAT00004,P003,SL01,2024,07,379.0,0,0,0,379.0
100,MAT00004,P003,SL01,2024,08,348.0,0,0,0,348.0
100,MAT00004,P003,SL01,2024,09,362.0,0,0,0,362.0
100,MAT00004,P003,SL01,2024,10,302.0,0,0,0,302.0
100,MAT00004,P003,SL01,2024,11,265.0,0,0,0,265.0
100,MAT00004,P003,SL01,2024,12,253.0,0,0,0,253.0
100,MAT00005,P001,SL03,2023,01,350.0,0,0,0,350.0
100,MAT00005,P001,SL03,2023,02,421.0,0,0,0,421.0
100,MAT00005,P001,SL03,2023,03,374.0,0,0,0,374.0
100,MAT00005,P001,SL03,2023,04,394.0,0,0,0,394.0
100,MAT00005,P001,SL03,2023,05,391.0,0,0,0,391.0
100,MAT00005,P001,SL03,2023,06,506.0,0,0,0,506.0
100,MAT00005,P001,SL03,2023,07,579.0,0,0,0,579.0
100,MAT00005,P001,SL03,2023,08,576.0,0,0,0,576.0
100,MAT00005,P001,SL03,2023,09,555.0,0,0,0,555.0
100,MAT00005,P001,SL03,2023,10,596.0,0,0,0,596.0
100,MAT00005,P001,SL03,2023,11,623.0,0,0,0,623.0
100,MAT00005,P001,SL03,2023,12,601.0,0,0,0,601.0
100,MAT00005,P001,SL03,2024,01,565.0,0,0,0,565.0
100,MAT00005,P001,SL03,2024,02,638.0,0,0,0,638.0
100,MAT00005,P001,SL03,2024,03,637.0,0,0,0,637.0
100,MAT00005,P001,SL03,2024,04,688.0,0,0,0,688.0
100,MAT00005,P001,SL03,2024,05,804.0,0,0,0,804.0
100,MAT00005,P001,SL03,2024,06,746.0,0,0,0,746.0
100,MAT00005,P001,SL03,2024,07,755.0,0,0,0,755.0
100,MAT00005,P001,SL03,2024,08,770.0,0,0,0,770.0
100,MAT00005,P001,SL03,2024,09,788.0,0,0,0,788.0
100,MAT00005,P001,SL03,2024,10,783.0,0,0,0,783.0
100,MAT00005,P001,SL03,2024,11,752.0,0,0,0,752.0
100,MAT00005,P001,SL03,2024,12,785.0,0,0,0,785.0
100,MAT00005,P002,SL03,2023,01,231.0,0,0,0,231.0
100,MAT00005,P002,SL03,2023,02,252.0,0,0,0,252.0
100,MAT00005,P002,SL03,2023,03,250.0,0,0,0,250.0
100,MAT00005,P002,SL03,2023,04,312.0,0,0,0,312.0
100,MAT00005,P002,SL03,2023,05,374.0,0,0,0,374.0
100,MAT00005,P002,SL03,2023,06,313.0,0,0,0,313.0
100,MAT00005,P002,SL03,2023,07,242.0,0,0,0,242.0
100,MAT00005,P002,SL03,2023,08,278.0,0,0,0,278.0
100,MAT00005,P002,SL03,2023,09,234.0,0,0,0,234.0
100,MAT00005,P002,SL03,2023,10,177.0,0,0,0,177.0
100,MAT00005,P002,SL03,2023,11,217.0,0,0,0,217.0
100,MAT00005,P002,SL03,2023,12,223.0,0,0,0,223.0
100,MAT00005,P002,SL03,2024,01,189.0,0,0,0,189.0
100,MAT00005,P002,SL03,2024,02,266.0,0,0,0,266.0
100,MAT00005,P002,SL03,2024,03,368.0,0,0,0,368.0
100,MAT00005,P002,SL03,2024,04,337.0,0,0,0,337.0
100,MAT00005,P002,SL03,2024,05,261.0,0,0,0,261.0
100,MAT00005,P002,SL03,2024,06,238.0,0,0,0,238.0
100,MAT00005,P002,SL03,2024,07,357.0,0,0,0,357.0
100,MAT00005,P002,SL03,2024,08,338.0,0,0,0,338.0
100,MAT00005,P002,SL03,2024,09,444.0,0,0,0,444.0
100,MAT00005,P002,SL03,2024,10,542.0,0,0,0,542.0
100,MAT00005,P002,SL03,2024,11,479.0,0,0,0,479.0
100,MAT00005,P002,SL03,2024,12,498.0,0,0,0,498.0
100,MAT00005,P003,SL01,2023,01,365.0,0,0,0,365.0
100,MAT00005,P003,SL01,2023,02,370.0,0,0,0,370.0
100,MAT00005,P003,SL01,2023,03,305.0,0,0,0,305.0
100,MAT00005,P003,SL01,2023,04,366.0,0,0,0,366.0
100,MAT00005,P003,SL01,2023,05,464.0,0,0,0,464.0
100,MAT00005,P003,SL01,2023,06,436.0,0,0,0,436.0
100,MAT00005,P003,SL01,2023,07,256.0,0,0,0,256.0
100,MAT00005,P003,SL01,2023,08,206.0,0,0,0,206.0
100,MAT00005,P003,SL01,2023,09,20.0,0,0,0,20.0
100,MAT00005,P003,SL01,2023,10,42.0,0,0,0,42.0
100,MAT00005,P003,SL01,2023,11,0,0,0,0,0
100,MAT00005,P003,SL01,2023,12,0,0,0,0,0
100,MAT00005,P003,SL01,2024,01,0,0,0,0,0
100,MAT00005,P003,SL01,2024,02,88.0,0,0,0,88.0
100,MAT00005,P003,SL01,2024,03,113.0,0,0,0,113.0
100,MAT00005,P003,SL01,2024,04,130.0,0,0,0,130.0
100,MAT00005,P003,SL01,2024,05,71.0,0,0,0,71.0
100,MAT00005,P003,SL01,2024,06,19.0,0,0,0,19.0
100,MAT00005,P003,SL01,2024,07,0,0,0,0,0
100,MAT00005,P003,SL01,2024,08,0,0,0,0,0
100,MAT00005,P003,SL01,2024,09,0,0,0,0,0
100,MAT00005,P003,SL01,2024,10,0,0,0,0,0
100,MAT00005,P003,SL01,2024,11,0,0,0,0,0
100,MAT00005,P003,SL01,2024,12,0,0,0,0,0
100,MAT00006,P001,SL03,2023,01,529.0,0,0,0,529.0
100,MAT00006,P001,SL03,2023,02,526.0,0,0,0,526.0
100,MAT00006,P001,SL03,2023,03,646.0,0,0,0,646.0
100,MAT00006,P001,SL03,2023,04,714.0,0,0,0,714.0
100,MAT00006,P001,SL03,2023,05,688.0,0,0,0,688.0
100,MAT00006,P001,SL03,2023,06,706.0,0,0,0,706.0
100,MAT00006,P001,SL03,2023,07,722.0,0,0,0,722.0
100,MAT00006,P001,SL03,2023,08,663.0,0,0,0,663.0
100,MAT00006,P001,SL03,2023,09,760.0,0,0,0,760.0
100,MAT00006,P001,SL03,2023,10,819.0,0,0,0,819.0
100,MAT00006,P001,SL03,2023,11,861.0,0,0,0,861.0
100,MAT00006,P001,SL03,2023,12,965.0,0,0,0,965.0
100,MAT00006,P001,SL03,2024,01,1024.0,0,0,0,1024.0
100,MAT00006,P001,SL03,2024,02,1019.0,0,0,0,1019.0
100,MAT00006,P001,SL03,2024,03,1127.0,0,0,0,1127.0
100,MAT00006,P001,SL03,2024,04,1126.0,0,0,0,1126.0
100,MAT00006,P001,SL03,2024,05,1046.0,0,0,0,1046.0
100,MAT00006,P001,SL03,2024,06,1103.0,0,0,0,1103.0
100,MAT00006,P001,SL03,2024,07,1132.0,0,0,0,1132.0
100,MAT00006,P001,SL03,2024,08,1179.0,0,0,0,1179.0
100,MAT00006,P001,SL03,2024,09,1147.0,0,0,0,1147.0
100,MAT00006,P001,SL03,2024,10,1266.0,0,0,0,1266.0
100,MAT00006,P001,SL03,2024,11,1364.0,0,0,0,1364.0
100,MAT00006,P001,SL03,2024,12,1468.0,0,0,0,1468.0
100,MAT00006,P002,SL01,2023,01,117.0,0,0,0,117.0
100,MAT00006,P002,SL01,2023,02,225.0,0,0,0,225.0
100,MAT00006,P002,SL01,2023,03,182.0,0,0,0,182.0
100,MAT00006,P002,SL01,2023,04,279.0,0,0,0,279.0
100,MAT00006,P002,SL01,2023,05,373.0,0,0,0,373.0
100,MAT00006,P002,SL01,2023,06,351.0,0,0,0,351.0
100,MAT00006,P002,SL01,2023,07,379.0,0,0,0,379.0
100,MAT00006,P002,SL01,2023,08,398.0,0,0,0,398.0
100,MAT00006,P002,SL01,2023,09,506.0,0,0,0,506.0
100,MAT00006,P002,SL01,2023,10,539.0,0,0,0,539.0
100,MAT00006,P002,SL01,2023,11,557.0,0,0,0,557.0
100,MAT00006,P002,SL01,2023,12,518.0,0,0,0,518.0
100,MAT00006,P002,SL01,2024,01,550.0,0,0,0,550.0
100,MAT00006,P002,SL01,2024,02,517.0,0,0,0,517.0
100,MAT00006,P002,SL01,2024,03,479.0,0,0,0,479.0
100,MAT00006,P002,SL01,2024,04,431.0,0,0,0,431.0
100,MAT00006,P002,SL01,2024,05,408.0,0,0,0,408.0
100,MAT00006,P002,SL01,2024,06,366.0,0,0,0,366.0
100,MAT00006,P002,SL01,2024,07,290.0,0,0,0,290.0
100,MAT00006,P002,SL01,2024,08,350.0,0,0,0,350.0
100,MAT00006,P002,SL01,2024,09,437.0,0,0,0,437.0
100,MAT00006,P002,SL01,2024,10,515.0,0,0,0,515.0
100,MAT00006,P002,SL01,2024,11,514.0,0,0,0,514.0
100,MAT00006,P002,SL01,2024,12,496.0,0,0,0,496.0
100,MAT00006,P003,SL01,2023,01,490.0,0,0,0,490.0
100,MAT00006,P003,SL01,2023,02,484.0,0,0,0,484.0
100,MAT00006,P003,SL01,2023,03,514.0,0,0,0,514.0
100,MAT00006,P003,SL01,2023,04,547.0,0,0,0,547.0
100,MAT00006,P003,SL01,2023,05,590.0,0,0,0,590.0
100,MAT00006,P003,SL01,2023,06,584.0,0,0,0,584.0
100,MAT00006,P003,SL01,2023,07,586.0,0,0,0,586.0
100,MAT00006,P003,SL01,2023,08,564.0,0,0,0,564.0
100,MAT00006,P003,SL01,2023,09,595.0,0,0,0,595.0
100,MAT00006,P003,SL01,2023,10,517.0,0,0,0,517.0
100,MAT00006,P003,SL01,2023,11,605.0,0,0,0,605.0
100,MAT00006,P003,SL01,2023,12,649.0,0,0,0,649.0
100,MAT00006,P003,SL01,2024,01,628.0,0,0,0,628.0
100,MAT00006,P003,SL01,2024,02,649.0,0,0,0,649.0
100,MAT00006,P003,SL01,2024,03,767.0,0,0,0,767.0
100,MAT00006,P003,SL01,2024,04,863.0,0,0,0,863.0
100,MAT00006,P003,SL01,2024,05,892.0,0,0,0,892.0
100,MAT00006,P003,SL01,2024,06,855.0,0,0,0,855.0
100,MAT00006,P003,SL01,2024,07,788.0,0,0,0,788.0
100,MAT00006,P003,SL01,2024,08,842.0,0,0,0,842.0
100,MAT00006,P003,SL01,2024,09,944.0,0,0,0,944.0
100,MAT00006,P003,SL01,2024,10,981.0,0,0,0,981.0
100,MAT00006,P003,SL01,2024,11,990.0,0,0,0,990.0
100,MAT00006,P003,SL01,2024,12,1081.0,0,0,0,1081.0
100,MAT00007,P001,SL02,2023,01,520.0,0,0,0,520.0
100,MAT00007,P001,SL02,2023,02,613.0,0,0,0,613.0
100,MAT00007,P001,SL02,2023,03,697.0,0,0,0,697.0
100,MAT00007,P001,SL02,2023,04,931.0,0,0,0,931.0
100,MAT00007,P001,SL02,2023,05,1120.0,0,0,0,1120.0
100,MAT00007,P001,SL02,2023,06,1157.0,0,0,0,1157.0
100,MAT00007,P001,SL02,2023,07,1242.0,0,0,0,1242.0
100,MAT00007,P001,SL02,2023,08,1448.0,0,0,0,1448.0
100,MAT00007,P001,SL02,2023,09,1607.0,0,0,0,1607.0
100,MAT00007,P001,SL02,2023,10,1818.0,0,0,0,1818.0
100,MAT00007,P001,SL02,2023,11,1980.0,0,0,0,1980.0
100,MAT00007,P001,SL02,2023,12,2246.0,0,0,0,2246.0
100,MAT00007,P001,SL02,2024,01,2323.0,0,0,0,2323.0
100,MAT00007,P001,SL02,2024,02,2595.0,0,0,0,2595.0
100,MAT00007,P001,SL02,2024,03,2707.0,0,0,0,2707.0
100,MAT00007,P001,SL02,2024,04,2798.0,0,0,0,2798.0
100,MAT00007,P001,SL02,2024,05,3041.0,0,0,0,3041.0
100,MAT00007,P001,SL02,2024,06,3057.0,0,0,0,3057.0
100,MAT00007,P001,SL02,2024,07,3266.0,0,0,0,3266.0
100,MAT00007,P001,SL02,2024,08,3309.0,0,0,0,3309.0
100,MAT00007,P001,SL02,2024,09,3561.0,0,0,0,3561.0
100,MAT00007,P001,SL02,2024,10,3625.0,0,0,0,3625.0
100,MAT00007,P001,SL02,2024,11,3819.0,0,0,0,3819.0
100,MAT00007,P001,SL02,2024,12,3985.0,0,0,0,3985.0
100,MAT00007,P002,SL02,2023,01,458.0,0,0,0,458.0
100,MAT00007,P002,SL02,2023,02,382.0,0,0,0,382.0
100,MAT00007,P002,SL02,2023,03,463.0,0,0,0,463.0
100,MAT00007,P002,SL02,2023,04,508.0,0,0,0,508.0
100,MAT00007,P002,SL02,2023,05,478.0,0,0,0,478.0
100,MAT00007,P002,SL02,2023,06,433.0,0,0,0,433.0
100,MAT00007,P002,SL02,2023,07,538.0,0,0,0,538.0
100,MAT00007,P002,SL02,2023,08,521.0,0,0,0,521.0
100,MAT00007,P002,SL02,2023,09,508.0,0,0,0,508.0
100,MAT00007,P002,SL02,2023,10,442.0,0,0,0,442.0
100,MAT00007,P002,SL02,2023,11,528.0,0,0,0,528.0
100,MAT00007,P002,SL02,2023,12,588.0,0,0,0,588.0
100,MAT00007,P002,SL02,2024,01,529.0,0,0,0,529.0
100,MAT00007,P002,SL02,2024,02,614.0,0,0,0,614.0
100,MAT00007,P002,SL02,2024,03,589.0,0,0,0,589.0
100,MAT00007,P002,SL02,2024,04,624.0,0,0,0,624.0
100,MAT00007,P002,SL02,2024,05,578.0,0,0,0,578.0
100,MAT00007,P002,SL02,2024,06,579.0,0,0,0,579.0
100,MAT00007,P002,SL02,2024,07,656.0,0,0,0,656.0
100,MAT00007,P002,SL02,2024,08,609.0,0,0,0,609.0
100,MAT00007,P002,SL02,2024,09,534.0,0,0,0,534.0
100,MAT00007,P002,SL02,2024,10,603.0,0,0,0,603.0
100,MAT00007,P002,SL02,2024,11,608.0,0,0,0,608.0
100,MAT00007,P002,SL02,2024,12,705.0,0,0,0,705.0
100,MAT00007,P003,SL01,2023,01,478.0,0,0,0,478.0
100,MAT00007,P003,SL01,2023,02,541.0,0,0,0,541.0
100,MAT00007,P003,SL01,2023,03,568.0,0,0,0,568.0
100,MAT00007,P003,SL01,2023,04,611.0,0,0,0,611.0
100,MAT00007,P003,SL01,2023,05,640.0,0,0,0,640.0
100,MAT00007,P003,SL01,2023,06,672.0,0,0,0,672.0
100,MAT00007,P003,SL01,2023,07,652.0,0,0,0,652.0
100,MAT00007,P003,SL01,2023,08,601.0,0,0,0,601.0
100,MAT00007,P003,SL01,2023,09,533.0,0,0,0,533.0
100,MAT00007,P003,SL01,2023,10,575.0,0,0,0,575.0
100,MAT00007,P003,SL01,2023,11,510.0,0,0,0,510.0
100,MAT00007,P003,SL01,2023,12,607.0,0,0,0,607.0
100,MAT00007,P003,SL01,2024,01,724.0,0,0,0,724.0
100,MAT00007,P003,SL01,2024,02,686.0,0,0,0,686.0
100,MAT00007,P003,SL01,2024,03,632.0,0,0,0,632.0
100,MAT00007,P003,SL01,2024,04,696.0,0,0,0,696.0
100,MAT00007,P003,SL01,2024,05,656.0,0,0,0,656.0
100,MAT00007,P003,SL01,2024,06,655.0,0,0,0,655.0
100,MAT00007,P003,SL01,2024,07,764.0,0,0,0,764.0
100,MAT00007,P003,SL01,2024,08,767.0,0,0,0,767.0
100,MAT00007,P003,SL01,2024,09,855.0,0,0,0,855.0
100,MAT00007,P003,SL01,2024,10,945.0,0,0,0,945.0
100,MAT00007,P003,SL01,2024,11,919.0,0,0,0,919.0
100,MAT00007,P003,SL01,2024,12,965.0,0,0,0,965.0
100,MAT00008,P001,SL01,2023,01,488.0,0,0,0,488.0
100,MAT00008,P001,SL01,2023,02,418.0,0,0,0,418.0
100,MAT00008,P001,SL01,2023,03,446.0,0,0,0,446.0
100,MAT00008,P001,SL01,2023,04,396.0,0,0,0,396.0
100,MAT00008,P001,SL01,2023,05,472.0,0,0,0,472.0
100,MAT00008,P001,SL01,2023,06,516.0,0,0,0,516.0
100,MAT00008,P001,SL01,2023,07,456.0,0,0,0,456.0
100,MAT00008,P001,SL01,2023,08,519.0,0,0,0,519.0
100,MAT00008,P001,SL01,2023,09,625.0,0,0,0,625.0
100,MAT00008,P001,SL01,2023,10,604.0,0,0,0,604.0
100,MAT00008,P001,SL01,2023,11,651.0,0,0,0,651.0
100,MAT00008,P001,SL01,2023,12,633.0,0,0,0,633.0
100,MAT00008,P001,SL01,2024,01,647.0,0,0,0,647.0
100,MAT00008,P001,SL01,2024,02,647.0,0,0,0,647.0
100,MAT00008,P001,SL01,2024,03,722.0,0,0,0,722.0
100,MAT00008,P001,SL01,2024,04,766.0,0,0,0,766.0
100,MAT00008,P001,SL01,2024,05,820.0,0,0,0,820.0
100,MAT00008,P001,SL01,2024,06,864.0,0,0,0,864.0
100,MAT00008,P001,SL01,2024,07,954.0,0,0,0,954.0
100,MAT00008,P001,SL01,2024,08,884.0,0,0,0,884.0
100,MAT00008,P001,SL01,2024,09,849.0,0,0,0,849.0
100,MAT00008,P001,SL01,2024,10,874.0,0,0,0,874.0
100,MAT00008,P001,SL01,2024,11,981.0,0,0,0,981.0
100,MAT00008,P001,SL01,2024,12,932.0,0,0,0,932.0
100,MAT00008,P002,SL03,2023,01,160.0,0,0,0,160.0
100,MAT00008,P002,SL03,2023,02,92.0,0,0,0,92.0
100,MAT00008,P002,SL03,2023,03,82.0,0,0,0,82.0
100,MAT00008,P002,SL03,2023,04,142.0,0,0,0,142.0
100,MAT00008,P002,SL03,2023,05,151.0,0,0,0,151.0
100,MAT00008,P002,SL03,2023,06,162.0,0,0,0,162.0
100,MAT00008,P002,SL03,2023,07,151.0,0,0,0,151.0
100,MAT00008,P002,SL03,2023,08,88.0,0,0,0,88.0
100,MAT00008,P002,SL03,2023,09,14.0,0,0,0,14.0
100,MAT00008,P002,SL03,2023,10,0,0,0,0,0
100,MAT00008,P002,SL03,2023,11,0,0,0,0,0
100,MAT00008,P002,SL03,2023,12,0,0,0,0,0
100,MAT00008,P002,SL03,2024,01,0,0,0,0,0
100,MAT00008,P002,SL03,2024,02,31.0,0,0,0,31.0
100,MAT00008,P002,SL03,2024,03,0,0,0,0,0
100,MAT00008,P002,SL03,2024,04,0,0,0,0,0
100,MAT00008,P002,SL03,2024,05,89.0,0,0,0,89.0
100,MAT00008,P002,SL03,2024,06,205.0,0,0,0,205.0
100,MAT00008,P002,SL03,2024,07,154.0,0,0,0,154.0
100,MAT00008,P002,SL03,2024,08,144.0,0,0,0,144.0
100,MAT00008,P002,SL03,2024,09,220.0,0,0,0,220.0
100,MAT00008,P002,SL03,2024,10,290.0,0,0,0,290.0
100,MAT00008,P002,SL03,2024,11,334.0,0,0,0,334.0
100,MAT00008,P002,SL03,2024,12,272.0,0,0,0,272.0
100,MAT00008,P003,SL02,2023,01,318.0,0,0,0,318.0
100,MAT00008,P003,SL02,2023,02,333.0,0,0,0,333.0
100,MAT00008,P003,SL02,2023,03,387.0,0,0,0,387.0
100,MAT00008,P003,SL02,2023,04,320.0,0,0,0,320.0
100,MAT00008,P003,SL02,2023,05,284.0,0,0,0,284.0
100,MAT00008,P003,SL02,2023,06,211.0,0,0,0,211.0
100,MAT00008,P003,SL02,2023,07,255.0,0,0,0,255.0
100,MAT00008,P003,SL02,2023,08,356.0,0,0,0,356.0
100,MAT00008,P003,SL02,2023,09,361.0,0,0,0,361.0
100,MAT00008,P003,SL02,2023,10,391.0,0,0,0,391.0
100,MAT00008,P003,SL02,2023,11,416.0,0,0,0,416.0
100,MAT00008,P003,SL02,2023,12,522.0,0,0,0,522.0
100,MAT00008,P003,SL02,2024,01,618.0,0,0,0,618.0
100,MAT00008,P003,SL02,2024,02,604.0,0,0,0,604.0
100,MAT00008,P003,SL02,2024,03,629.0,0,0,0,629.0
100,MAT00008,P003,SL02,2024,04,596.0,0,0,0,596.0
100,MAT00008,P003,SL02,2024,05,551.0,0,0,0,551.0
100,MAT00008,P003,SL02,2024,06,622.0,0,0,0,622.0
100,MAT00008,P003,SL02,2024,07,701.0,0,0,0,701.0
100,MAT00008,P003,SL02,2024,08,637.0,0,0,0,637.0
100,MAT00008,P003,SL02,2024,09,597.0,0,0,0,597.0
100,MAT00008,P003,SL02,2024,10,612.0,0,0,0,612.0
100,MAT00008,P003,SL02,2024,11,659.0,0,0,0,659.0
100,MAT00008,P003,SL02,2024,12,701.0,0,0,0,701.0
100,MAT00009,P001,SL03,2023,01,261.0,0,0,0,261.0
100,MAT00009,P001,SL03,2023,02,283.0,0,0,0,283.0
100,MAT00009,P001,SL03,2023,03,362.0,0,0,0,362.0
100,MAT00009,P001,SL03,2023,04,338.0,0,0,0,338.0
100,MAT00009,P001,SL03,2023,05,287.0,0,0,0,287.0
100,MAT00009,P001,SL03,2023,06,237.0,0,0,0,237.0
100,MAT00009,P001,SL03,2023,07,177.0,0,0,0,177.0
100,MAT00009,P001,SL03,2023,08,164.0,0,0,0,164.0
100,MAT00009,P001,SL03,2023,09,0,0,0,0,0
100,MAT00009,P001,SL03,2023,10,0,0,0,0,0
100,MAT00009,P001,SL03,2023,11,0,0,0,0,0
100,MAT00009,P001,SL03,2023,12,0,0,0,0,0
100,MAT00009,P001,SL03,2024,01,0,0,0,0,0
100,MAT00009,P001,SL03,2024,02,58.0,0,0,0,58.0
100,MAT00009,P001,SL03,2024,03,0,0,0,0,0
100,MAT00009,P001,SL03,2024,04,88.0,0,0,0,88.0
100,MAT00009,P001,SL03,2024,05,85.0,0,0,0,85.0
100,MAT00009,P001,SL03,2024,06,106.0,0,0,0,106.0
100,MAT00009,P001,SL03,2024,07,0,0,0,0,0
100,MAT00009,P001,SL03,2024,08,0,0,0,0,0
100,MAT00009,P001,SL03,2024,09,0,0,0,0,0
100,MAT00009,P001,SL03,2024,10,12.0,0,0,0,12.0
100,MAT00009,P001,SL03,2024,11,24.0,0,0,0,24.0
100,MAT00009,P001,SL03,2024,12,0,0,0,0,0
100,MAT00009,P002,SL03,2023,01,386.0,0,0,0,386.0
100,MAT00009,P002,SL03,2023,02,484.0,0,0,0,484.0
100,MAT00009,P002,SL03,2023,03,435.0,0,0,0,435.0
100,MAT00009,P002,SL03,2023,04,471.0,0,0,0,471.0
100,MAT00009,P002,SL03,2023,05,591.0,0,0,0,591.0
100,MAT00009,P002,SL03,2023,06,573.0,0,0,0,573.0
100,MAT00009,P002,SL03,2023,07,536.0,0,0,0,536.0
100,MAT00009,P002,SL03,2023,08,382.0,0,0,0,382.0
100,MAT00009,P002,SL03,2023,09,298.0,0,0,0,298.0
100,MAT00009,P002,SL03,2023,10,261.0,0,0,0,261.0
100,MAT00009,P002,SL03,2023,11,136.0,0,0,0,136.0
100,MAT00009,P002,SL03,2023,12,152.0,0,0,0,152.0
100,MAT00009,P002,SL03,2024,01,105.0,0,0,0,105.0
100,MAT00009,P002,SL03,2024,02,78.0,0,0,0,78.0
100,MAT00009,P002,SL03,2024,03,114.0,0,0,0,114.0
100,MAT00009,P002,SL03,2024,04,199.0,0,0,0,199.0
100,MAT00009,P002,SL03,2024,05,240.0,0,0,0,240.0
100,MAT00009,P002,SL03,2024,06,216.0,0,0,0,216.0
100,MAT00009,P002,SL03,2024,07,158.0,0,0,0,158.0
100,MAT00009,P002,SL03,2024,08,38.0,0,0,0,38.0
100,MAT00009,P002,SL03,2024,09,0,0,0,0,0
100,MAT00009,P002,SL03,2024,10,0,0,0,0,0
100,MAT00009,P002,SL03,2024,11,11.0,0,0,0,11.0
100,MAT00009,P002,SL03,2024,12,0,0,0,0,0
100,MAT00009,P003,SL02,2023,01,201.0,0,0,0,201.0
100,MAT00009,P003,SL02,2023,02,300.0,0,0,0,300.0
100,MAT00009,P003,SL02,2023,03,273.0,0,0,0,273.0
100,MAT00009,P003,SL02,2023,04,259.0,0,0,0,259.0
100,MAT00009,P003,SL02,2023,05,210.0,0,0,0,210.0
100,MAT00009,P003,SL02,2023,06,132.0,0,0,0,132.0
100,MAT00009,P003,SL02,2023,07,143.0,0,0,0,143.0
100,MAT00009,P003,SL02,2023,08,109.0,0,0,0,109.0
100,MAT00009,P003,SL02,2023,09,108.0,0,0,0,108.0
100,MAT00009,P003,SL02,2023,10,60.0,0,0,0,60.0
100,MAT00009,P003,SL02,2023,11,42.0,0,0,0,42.0
100,MAT00009,P003,SL02,2023,12,20.0,0,0,0,20.0
100,MAT00009,P003,SL02,2024,01,41.0,0,0,0,41.0
100,MAT00009,P003,SL02,2024,02,0,0,0,0,0
100,MAT00009,P003,SL02,2024,03,47.0,0,0,0,47.0
100,MAT00009,P003,SL02,2024,04,30.0,0,0,0,30.0
100,MAT00009,P003,SL02,2024,05,28.0,0,0,0,28.0
100,MAT00009,P003,SL02,2024,06,130.0,0,0,0,130.0
100,MAT00009,P003,SL02,2024,07,85.0,0,0,0,85.0
100,MAT00009,P003,SL02,2024,08,64.0,0,0,0,64.0
100,MAT00009,P003,SL02,2024,09,131.0,0,0,0,131.0
100,MAT00009,P003,SL02,2024,10,124.0,0,0,0,124.0
100,MAT00009,P003,SL02,2024,11,208.0,0,0,0,208.0
100,MAT00009,P003,SL02,2024,12,289.0,0,0,0,289.0
100,MAT00010,P001,SL01,2023,01,369.0,0,0,0,369.0
100,MAT00010,P001,SL01,2023,02,464.0,0,0,0,464.0
100,MAT00010,P001,SL01,2023,03,580.0,0,0,0,580.0
100,MAT00010,P001,SL01,2023,04,646.0,0,0,0,646.0
100,MAT00010,P001,SL01,2023,05,639.0,0,0,0,639.0
100,MAT00010,P001,SL01,2023,06,564.0,0,0,0,564.0
100,MAT00010,P001,SL01,2023,07,655.0,0,0,0,655.0
100,MAT00010,P001,SL01,2023,08,752.0,0,0,0,752.0
100,MAT00010,P001,SL01,2023,09,747.0,0,0,0,747.0
100,MAT00010,P001,SL01,2023,10,775.0,0,0,0,775.0
100,MAT00010,P001,SL01,2023,11,822.0,0,0,0,822.0
100,MAT00010,P001,SL01,2023,12,778.0,0,0,0,778.0
100,MAT00010,P001,SL01,2024,01,862.0,0,0,0,862.0
100,MAT00010,P001,SL01,2024,02,855.0,0,0,0,855.0
100,MAT00010,P001,SL01,2024,03,789.0,0,0,0,789.0
100,MAT00010,P001,SL01,2024,04,753.0,0,0,0,753.0
100,MAT00010,P001,SL01,2024,05,751.0,0,0,0,751.0
100,MAT00010,P001,SL01,2024,06,736.0,0,0,0,736.0
100,MAT00010,P001,SL01,2024,07,767.0,0,0,0,767.0
100,MAT00010,P001,SL01,2024,08,805.0,0,0,0,805.0
100,MAT00010,P001,SL01,2024,09,866.0,0,0,0,866.0
100,MAT00010,P001,SL01,2024,10,971.0,0,0,0,971.0
100,MAT00010,P001,SL01,2024,11,1028.0,0,0,0,1028.0
100,MAT00010,P001,SL01,2024,12,1013.0,0,0,0,1013.0
100,MAT00010,P002,SL02,2023,01,93.0,0,0,0,93.0
100,MAT00010,P002,SL02,2023,02,31.0,0,0,0,31.0
100,MAT00010,P002,SL02,2023,03,76.0,0,0,0,76.0
100,MAT00010,P002,SL02,2023,04,188.0,0,0,0,188.0
100,MAT00010,P002,SL02,2023,05,132.0,0,0,0,132.0
100,MAT00010,P002,SL02,2023,06,107.0,0,0,0,107.0
100,MAT00010,P002,SL02,2023,07,200.0,0,0,0,200.0
100,MAT00010,P002,SL02,2023,08,189.0,0,0,0,189.0
100,MAT00010,P002,SL02,2023,09,213.0,0,0,0,213.0
100,MAT00010,P002,SL02,2023,10,178.0,0,0,0,178.0
100,MAT00010,P002,SL02,2023,11,266.0,0,0,0,266.0
100,MAT00010,P002,SL02,2023,12,382.0,0,0,0,382.0
100,MAT00010,P002,SL02,2024,01,464.0,0,0,0,464.0
100,MAT00010,P002,SL02,2024,02,415.0,0,0,0,415.0
100,MAT00010,P002,SL02,2024,03,535.0,0,0,0,535.0
100,MAT00010,P002,SL02,2024,04,546.0,0,0,0,546.0
100,MAT00010,P002,SL02,2024,05,642.0,0,0,0,642.0
100,MAT00010,P002,SL02,2024,06,567.0,0,0,0,567.0
100,MAT00010,P002,SL02,2024,07,540.0,0,0,0,540.0
100,MAT00010,P002,SL02,2024,08,519.0,0,0,0,519.0
100,MAT00010,P002,SL02,2024,09,533.0,0,0,0,533.0
100,MAT00010,P002,SL02,2024,10,563.0,0,0,0,563.0
100,MAT00010,P002,SL02,2024,11,607.0,0,0,0,607.0
100,MAT00010,P002,SL02,2024,12,705.0,0,0,0,705.0
100,MAT00010,P003,SL01,2023,01,607.0,0,0,0,607.0
100,MAT00010,P003,SL01,2023,02,598.0,0,0,0,598.0
100,MAT00010,P003,SL01,2023,03,530.0,0,0,0,530.0
100,MAT00010,P003,SL01,2023,04,552.0,0,0,0,552.0
100,MAT00010,P003,SL01,2023,05,497.0,0,0,0,497.0
100,MAT00010,P003,SL01,2023,06,465.0,0,0,0,465.0
100,MAT00010,P003,SL01,2023,07,438.0,0,0,0,438.0
100,MAT00010,P003,SL01,2023,08,399.0,0,0,0,399.0
100,MAT00010,P003,SL01,2023,09,467.0,0,0,0,467.0
100,MAT00010,P003,SL01,2023,10,485.0,0,0,0,485.0
100,MAT00010,P003,SL01,2023,11,414.0,0,0,0,414.0
100,MAT00010,P003,SL01,2023,12,528.0,0,0,0,528.0
100,MAT00010,P003,SL01,2024,01,511.0,0,0,0,511.0
100,MAT00010,P003,SL01,2024,02,547.0,0,0,0,547.0
100,MAT00010,P003,SL01,2024,03,637.0,0,0,0,637.0
100,MAT00010,P003,SL01,2024,04,609.0,0,0,0,609.0
100,MAT00010,P003,SL01,2024,05,655.0,0,0,0,655.0
100,MAT00010,P003,SL01,2024,06,597.0,0,0,0,597.0
100,MAT00010,P003,SL01,2024,07,626.0,0,0,0,626.0
100,MAT00010,P003,SL01,2024,08,594.0,0,0,0,594.0
100,MAT00010,P003,SL01,2024,09,532.0,0,0,0,532.0
100,MAT00010,P003,SL01,2024,10,611.0,0,0,0,611.0
100,MAT00010,P003,SL01,2024,11,545.0,0,0,0,545.0
100,MAT00010,P003,SL01,2024,12,557.0,0,0,0,557.0
100,MAT00011,P001,SL01,2023,01,401.0,0,0,0,401.0
100,MAT00011,P001,SL01,2023,02,551.0,0,0,0,551.0
100,MAT00011,P001,SL01,2023,03,663.0,0,0,0,663.0
100,MAT00011,P001,SL01,2023,04,832.0,0,0,0,832.0
100,MAT00011,P001,SL01,2023,05,1028.0,0,0,0,1028.0
100,MAT00011,P001,SL01,2023,06,1153.0,0,0,0,1153.0
100,MAT00011,P001,SL01,2023,07,1338.0,0,0,0,1338.0
100,MAT00011,P001,SL01,2023,08,1379.0,0,0,0,1379.0
100,MAT00011,P001,SL01,2023,09,1392.0,0,0,0,1392.0
100,MAT00011,P001,SL01,2023,10,1374.0,0,0,0,1374.0
100,MAT00011,P001,SL01,2023,11,1406.0,0,0,0,1406.0
100,MAT00011,P001,SL01,2023,12,1475.0,0,0,0,1475.0
100,MAT00011,P001,SL01,2024,01,1560.0,0,0,0,1560.0
100,MAT00011,P001,SL01,2024,02,1692.0,0,0,0,1692.0
100,MAT00011,P001,SL01,2024,03,1742.0,0,0,0,1742.0
100,MAT00011,P001,SL01,2024,04,1798.0,0,0,0,1798.0
100,MAT00011,P001,SL01,2024,05,2063.0,0,0,0,2063.0
100,MAT00011,P001,SL01,2024,06,2226.0,0,0,0,2226.0
100,MAT00011,P001,SL01,2024,07,2154.0,0,0,0,2154.0
100,MAT00011,P001,SL01,2024,08,2173.0,0,0,0,2173.0
100,MAT00011,P001,SL01,2024,09,2140.0,0,0,0,2140.0
100,MAT00011,P001,SL01,2024,10,2207.0,0,0,0,2207.0
100,MAT00011,P001,SL01,2024,11,2215.0,0,0,0,2215.0
100,MAT00011,P001,SL01,2024,12,2174.0,0,0,0,2174.0
100,MAT00011,P002,SL01,2023,01,415.0,0,0,0,415.0
100,MAT00011,P002,SL01,2023,02,344.0,0,0,0,344.0
100,MAT00011,P002,SL01,2023,03,373.0,0,0,0,373.0
100,MAT00011,P002,SL01,2023,04,455.0,0,0,0,455.0
100,MAT00011,P002,SL01,2023,05,518.0,0,0,0,518.0
100,MAT00011,P002,SL01,2023,06,562.0,0,0,0,562.0
100,MAT00011,P002,SL01,2023,07,602.0,0,0,0,602.0
100,MAT00011,P002,SL01,2023,08,555.0,0,0,0,555.0
100,MAT00011,P002,SL01,2023,09,626.0,0,0,0,626.0
100,MAT00011,P002,SL01,2023,10,626.0,0,0,0,626.0
100,MAT00011,P002,SL01,2023,11,735.0,0,0,0,735.0
100,MAT00011,P002,SL01,2023,12,855.0,0,0,0,855.0
100,MAT00011,P002,SL01,2024,01,962.0,0,0,0,962.0
100,MAT00011,P002,SL01,2024,02,1039.0,0,0,0,1039.0
100,MAT00011,P002,SL01,2024,03,1143.0,0,0,0,1143.0
100,MAT00011,P002,SL01,2024,04,1142.0,0,0,0,1142.0
100,MAT00011,P002,SL01,2024,05,1132.0,0,0,0,1132.0
100,MAT00011,P002,SL01,2024,06,1171.0,0,0,0,1171.0
100,MAT00011,P002,SL01,2024,07,1205.0,0,0,0,1205.0
100,MAT00011,P002,SL01,2024,08,1189.0,0,0,0,1189.0
100,MAT00011,P002,SL01,2024,09,1189.0,0,0,0,1189.0
100,MAT00011,P002,SL01,2024,10,1225.0,0,0,0,1225.0
100,MAT00011,P002,SL01,2024,11,1312.0,0,0,0,1312.0
100,MAT00011,P002,SL01,2024,12,1322.0,0,0,0,1322.0
100,MAT00011,P003,SL02,2023,01,106.0,0,0,0,106.0
100,MAT00011,P003,SL02,2023,02,124.0,0,0,0,124.0
100,MAT00011,P003,SL02,2023,03,157.0,0,0,0,157.0
100,MAT00011,P003,SL02,2023,04,115.0,0,0,0,115.0
100,MAT00011,P003,SL02,2023,05,172.0,0,0,0,172.0
100,MAT00011,P003,SL02,2023,06,187.0,0,0,0,187.0
100,MAT00011,P003,SL02,2023,07,56.0,0,0,0,56.0
100,MAT00011,P003,SL02,2023,08,0,0,0,0,0
100,MAT00011,P003,SL02,2023,09,0,0,0,0,0
100,MAT00011,P003,SL02,2023,10,33.0,0,0,0,33.0
100,MAT00011,P003,SL02,2023,11,33.0,0,0,0,33.0
100,MAT00011,P003,SL02,2023,12,0,0,0,0,0
100,MAT00011,P003,SL02,2024,01,79.0,0,0,0,79.0
100,MAT00011,P003,SL02,2024,02,78.0,0,0,0,78.0
100,MAT00011,P003,SL02,2024,03,83.0,0,0,0,83.0
100,MAT00011,P003,SL02,2024,04,120.0,0,0,0,120.0
100,MAT00011,P003,SL02,2024,05,167.0,0,0,0,167.0
100,MAT00011,P003,SL02,2024,06,259.0,0,0,0,259.0
100,MAT00011,P003,SL02,2024,07,85.0,0,0,0,85.0
100,MAT00011,P003,SL02,2024,08,0,0,0,0,0
100,MAT00011,P003,SL02,2024,09,12.0,0,0,0,12.0
100,MAT00011,P003,SL02,2024,10,0,0,0,0,0
100,MAT00011,P003,SL02,2024,11,0,0,0,0,0
100,MAT00011,P003,SL02,2024,12,0,0,0,0,0
100,MAT00012,P001,SL01,2023,01,2.0,0,0,0,2.0
100,MAT00012,P001,SL01,2023,02,99.0,0,0,0,99.0
100,MAT00012,P001,SL01,2023,03,25.0,0,0,0,25.0
100,MAT00012,P001,SL01,2023,04,0,0,0,0,0
100,MAT00012,P001,SL01,2023,05,84.0,0,0,0,84.0
100,MAT00012,P001,SL01,2023,06,69.0,0,0,0,69.0
100,MAT00012,P001,SL01,2023,07,128.0,0,0,0,128.0
100,MAT00012,P001,SL01,2023,08,111.0,0,0,0,111.0
100,MAT00012,P001,SL01,2023,09,43.0,0,0,0,43.0
100,MAT00012,P001,SL01,2023,10,135.0,0,0,0,135.0
100,MAT00012,P001,SL01,2023,11,233.0,0,0,0,233.0
100,MAT00012,P001,SL01,2023,12,156.0,0,0,0,156.0
100,MAT00012,P001,SL01,2024,01,87.0,0,0,0,87.0
100,MAT00012,P001,SL01,2024,02,151.0,0,0,0,151.0
100,MAT00012,P001,SL01,2024,03,101.0,0,0,0,101.0
100,MAT00012,P001,SL01,2024,04,207.0,0,0,0,207.0
100,MAT00012,P001,SL01,2024,05,144.0,0,0,0,144.0
100,MAT00012,P001,SL01,2024,06,178.0,0,0,0,178.0
100,MAT00012,P001,SL01,2024,07,184.0,0,0,0,184.0
100,MAT00012,P001,SL01,2024,08,274.0,0,0,0,274.0
100,MAT00012,P001,SL01,2024,09,290.0,0,0,0,290.0
100,MAT00012,P001,SL01,2024,10,253.0,0,0,0,253.0
100,MAT00012,P001,SL01,2024,11,307.0,0,0,0,307.0
100,MAT00012,P001,SL01,2024,12,395.0,0,0,0,395.0
100,MAT00012,P002,SL03,2023,01,183.0,0,0,0,183.0
100,MAT00012,P002,SL03,2023,02,249.0,0,0,0,249.0
100,MAT00012,P002,SL03,2023,03,366.0,0,0,0,366.0
100,MAT00012,P002,SL03,2023,04,471.0,0,0,0,471.0
100,MAT00012,P002,SL03,2023,05,419.0,0,0,0,419.0
100,MAT00012,P002,SL03,2023,06,384.0,0,0,0,384.0
100,MAT00012,P002,SL03,2023,07,376.0,0,0,0,376.0
100,MAT00012,P002,SL03,2023,08,400.0,0,0,0,400.0
100,MAT00012,P002,SL03,2023,09,467.0,0,0,0,467.0
100,MAT00012,P002,SL03,2023,10,486.0,0,0,0,486.0
100,MAT00012,P002,SL03,2023,11,566.0,0,0,0,566.0
100,MAT00012,P002,SL03,2023,12,610.0,0,0,0,610.0
100,MAT00012,P002,SL03,2024,01,723.0,0,0,0,723.0
100,MAT00012,P002,SL03,2024,02,766.0,0,0,0,766.0
100,MAT00012,P002,SL03,2024,03,827.0,0,0,0,827.0
100,MAT00012,P002,SL03,2024,04,811.0,0,0,0,811.0
100,MAT00012,P002,SL03,2024,05,804.0,0,0,0,804.0
100,MAT00012,P002,SL03,2024,06,733.0,0,0,0,733.0
100,MAT00012,P002,SL03,2024,07,730.0,0,0,0,730.0
100,MAT00012,P002,SL03,2024,08,785.0,0,0,0,785.0
100,MAT00012,P002,SL03,2024,09,867.0,0,0,0,867.0
100,MAT00012,P002,SL03,2024,10,980.0,0,0,0,980.0
100,MAT00012,P002,SL03,2024,11,1059.0,0,0,0,1059.0
100,MAT00012,P002,SL03,2024,12,985.0,0,0,0,985.0
100,MAT00012,P003,SL03,2023,01,364.0,0,0,0,364.0
100,MAT00012,P003,SL03,2023,02,544.0,0,0,0,544.0
100,MAT00012,P003,SL03,2023,03,627.0,0,0,0,627.0
100,MAT00012,P003,SL03,2023,04,903.0,0,0,0,903.0
100,MAT00012,P003,SL03,2023,05,1062.0,0,0,0,1062.0
100,MAT00012,P003,SL03,2023,06,1242.0,0,0,0,1242.0
100,MAT00012,P003,SL03,2023,07,1349.0,0,0,0,1349.0
100,MAT00012,P003,SL03,2023,08,1481.0,0,0,0,1481.0
100,MAT00012,P003,SL03,2023,09,1735.0,0,0,0,1735.0
100,MAT00012,P003,SL03,2023,10,1978.0,0,0,0,1978.0
100,MAT00012,P003,SL03,2023,11,2040.0,0,0,0,2040.0
100,MAT00012,P003,SL03,2023,12,2180.0,0,0,0,2180.0
100,MAT00012,P003,SL03,2024,01,2411.0,0,0,0,2411.0
100,MAT00012,P003,SL03,2024,02,2609.0,0,0,0,2609.0
100,MAT00012,P003,SL03,2024,03,2756.0,0,0,0,2756.0
100,MAT00012,P003,SL03,2024,04,2898.0,0,0,0,2898.0
100,MAT00012,P003,SL03,2024,05,3098.0,0,0,0,3098.0
100,MAT00012,P003,SL03,2024,06,3185.0,0,0,0,3185.0
100,MAT00012,P003,SL03,2024,07,3303.0,0,0,0,3303.0
100,MAT00012,P003,SL03,2024,08,3510.0,0,0,0,3510.0
100,MAT00012,P003,SL03,2024,09,3574.0,0,0,0,3574.0
100,MAT00012,P003,SL03,2024,10,3679.0,0,0,0,3679.0
100,MAT00012,P003,SL03,2024,11,3749.0,0,0,0,3749.0
100,MAT00012,P003,SL03,2024,12,3891.0,0,0,0,3891.0
100,MAT00013,P001,SL02,2023,01,175.0,0,0,0,175.0
100,MAT00013,P001,SL02,2023,02,172.0,0,0,0,172.0
100,MAT00013,P001,SL02,2023,03,252.0,0,0,0,252.0
100,MAT00013,P001,SL02,2023,04,220.0,0,0,0,220.0
100,MAT00013,P001,SL02,2023,05,220.0,0,0,0,220.0
100,MAT00013,P001,SL02,2023,06,298.0,0,0,0,298.0
100,MAT00013,P001,SL02,2023,07,234.0,0,0,0,234.0
100,MAT00013,P001,SL02,2023,08,342.0,0,0,0,342.0
100,MAT00013,P001,SL02,2023,09,403.0,0,0,0,403.0
100,MAT00013,P001,SL02,2023,10,337.0,0,0,0,337.0
100,MAT00013,P001,SL02,2023,11,345.0,0,0,0,345.0
100,MAT00013,P001,SL02,2023,12,373.0,0,0,0,373.0
100,MAT00013,P001,SL02,2024,01,346.0,0,0,0,346.0
100,MAT00013,P001,SL02,2024,02,354.0,0,0,0,354.0
100,MAT00013,P001,SL02,2024,03,369.0,0,0,0,369.0
100,MAT00013,P001,SL02,2024,04,430.0,0,0,0,430.0
100,MAT00013,P001,SL02,2024,05,360.0,0,0,0,360.0
100,MAT00013,P001,SL02,2024,06,461.0,0,0,0,461.0
100,MAT00013,P001,SL02,2024,07,444.0,0,0,0,444.0
100,MAT00013,P001,SL02,2024,08,553.0,0,0,0,553.0
100,MAT00013,P001,SL02,2024,09,550.0,0,0,0,550.0
100,MAT00013,P001,SL02,2024,10,601.0,0,0,0,601.0
100,MAT00013,P001,SL02,2024,11,656.0,0,0,0,656.0
100,MAT00013,P001,SL02,2024,12,755.0,0,0,0,755.0
100,MAT00013,P002,SL01,2023,01,179.0,0,0,0,179.0
100,MAT00013,P002,SL01,2023,02,255.0,0,0,0,255.0
100,MAT00013,P002,SL01,2023,03,227.0,0,0,0,227.0
100,MAT00013,P002,SL01,2023,04,235.0,0,0,0,235.0
100,MAT00013,P002,SL01,2023,05,268.0,0,0,0,268.0
100,MAT00013,P002,SL01,2023,06,322.0,0,0,0,322.0
100,MAT00013,P002,SL01,2023,07,217.0,0,0,0,217.0
100,MAT00013,P002,SL01,2023,08,100.0,0,0,0,100.0
100,MAT00013,P002,SL01,2023,09,55.0,0,0,0,55.0
100,MAT00013,P002,SL01,2023,10,0,0,0,0,0
100,MAT00013,P002,SL01,2023,11,0,0,0,0,0
100,MAT00013,P002,SL01,2023,12,0,0,0,0,0
100,MAT00013,P002,SL01,2024,01,0,0,0,0,0
100,MAT00013,P002,SL01,2024,02,27.0,0,0,0,27.0
100,MAT00013,P002,SL01,2024,03,96.0,0,0,0,96.0
100,MAT00013,P002,SL01,2024,04,199.0,0,0,0,199.0
100,MAT00013,P002,SL01,2024,05,227.0,0,0,0,227.0
100,MAT00013,P002,SL01,2024,06,197.0,0,0,0,197.0
100,MAT00013,P002,SL01,2024,07,59.0,0,0,0,59.0
100,MAT00013,P002,SL01,2024,08,0,0,0,0,0
100,MAT00013,P002,SL01,2024,09,0,0,0,0,0
100,MAT00013,P002,SL01,2024,10,0,0,0,0,0
100,MAT00013,P002,SL01,2024,11,0,0,0,0,0
100,MAT00013,P002,SL01,2024,12,0,0,0,0,0
100,MAT00013,P003,SL02,2023,01,478.0,0,0,0,478.0
100,MAT00013,P003,SL02,2023,02,502.0,0,0,0,502.0
100,MAT00013,P003,SL02,2023,03,569.0,0,0,0,569.0
100,MAT00013,P003,SL02,2023,04,605.0,0,0,0,605.0
100,MAT00013,P003,SL02,2023,05,643.0,0,0,0,643.0
100,MAT00013,P003,SL02,2023,06,595.0,0,0,0,595.0
100,MAT00013,P003,SL02,2023,07,641.0,0,0,0,641.0
100,MAT00013,P003,SL02,2023,08,603.0,0,0,0,603.0
100,MAT00013,P003,SL02,2023,09,539.0,0,0,0,539.0
100,MAT00013,P003,SL02,2023,10,617.0,0,0,0,617.0
100,MAT00013,P003,SL02,2023,11,644.0,0,0,0,644.0
100,MAT00013,P003,SL02,2023,12,754.0,0,0,0,754.0
100,MAT00013,P003,SL02,2024,01,742.0,0,0,0,742.0
100,MAT00013,P003,SL02,2024,02,797.0,0,0,0,797.0
100,MAT00013,P003,SL02,2024,03,784.0,0,0,0,784.0
100,MAT00013,P003,SL02,2024,04,832.0,0,0,0,832.0
100,MAT00013,P003,SL02,2024,05,804.0,0,0,0,804.0
100,MAT00013,P003,SL02,2024,06,742.0,0,0,0,742.0
100,MAT00013,P003,SL02,2024,07,727.0,0,0,0,727.0
100,MAT00013,P003,SL02,2024,08,740.0,0,0,0,740.0
100,MAT00013,P003,SL02,2024,09,836.0,0,0,0,836.0
100,MAT00013,P003,SL02,2024,10,900.0,0,0,0,900.0
100,MAT00013,P003,SL02,2024,11,824.0,0,0,0,824.0
100,MAT00013,P003,SL02,2024,12,750.0,0,0,0,750.0
100,MAT00014,P001,SL02,2023,01,409.0,0,0,0,409.0
100,MAT00014,P001,SL02,2023,02,508.0,0,0,0,508.0
100,MAT00014,P001,SL02,2023,03,558.0,0,0,0,558.0
100,MAT00014,P001,SL02,2023,04,580.0,0,0,0,580.0
100,MAT00014,P001,SL02,2023,05,659.0,0,0,0,659.0
100,MAT00014,P001,SL02,2023,06,628.0,0,0,0,628.0
100,MAT00014,P001,SL02,2023,07,700.0,0,0,0,700.0
100,MAT00014,P001,SL02,2023,08,631.0,0,0,0,631.0
100,MAT00014,P001,SL02,2023,09,712.0,0,0,0,712.0
100,MAT00014,P001,SL02,2023,10,634.0,0,0,0,634.0
100,MAT00014,P001,SL02,2023,11,678.0,0,0,0,678.0
100,MAT00014,P001,SL02,2023,12,600.0,0,0,0,600.0
100,MAT00014,P001,SL02,2024,01,648.0,0,0,0,648.0
100,MAT00014,P001,SL02,2024,02,640.0,0,0,0,640.0
100,MAT00014,P001,SL02,2024,03,651.0,0,0,0,651.0
100,MAT00014,P001,SL02,2024,04,584.0,0,0,0,584.0
100,MAT00014,P001,SL02,2024,05,621.0,0,0,0,621.0
100,MAT00014,P001,SL02,2024,06,574.0,0,0,0,574.0
100,MAT00014,P001,SL02,2024,07,605.0,0,0,0,605.0
100,MAT00014,P001,SL02,2024,08,643.0,0,0,0,643.0
100,MAT00014,P001,SL02,2024,09,750.0,0,0,0,750.0
100,MAT00014,P001,SL02,2024,10,718.0,0,0,0,718.0
100,MAT00014,P001,SL02,2024,11,747.0,0,0,0,747.0
100,MAT00014,P001,SL02,2024,12,728.0,0,0,0,728.0
100,MAT00014,P002,SL03,2023,01,491.0,0,0,0,491.0
100,MAT00014,P002,SL03,2023,02,559.0,0,0,0,559.0
100,MAT00014,P002,SL03,2023,03,662.0,0,0,0,662.0
100,MAT00014,P002,SL03,2023,04,686.0,0,0,0,686.0
100,MAT00014,P002,SL03,2023,05,767.0,0,0,0,767.0
100,MAT00014,P002,SL03,2023,06,866.0,0,0,0,866.0
100,MAT00014,P002,SL03,2023,07,875.0,0,0,0,875.0
100,MAT00014,P002,SL03,2023,08,901.0,0,0,0,901.0
100,MAT00014,P002,SL03,2023,09,1015.0,0,0,0,1015.0
100,MAT00014,P002,SL03,2023,10,1110.0,0,0,0,1110.0
100,MAT00014,P002,SL03,2023,11,1116.0,0,0,0,1116.0
100,MAT00014,P002,SL03,2023,12,1111.0,0,0,0,1111.0
100,MAT00014,P002,SL03,2024,01,1230.0,0,0,0,1230.0
100,MAT00014,P002,SL03,2024,02,1217.0,0,0,0,1217.0
100,MAT00014,P002,SL03,2024,03,1210.0,0,0,0,1210.0
100,MAT00014,P002,SL03,2024,04,1272.0,0,0,0,1272.0
100,MAT00014,P002,SL03,2024,05,1334.0,0,0,0,1334.0
100,MAT00014,P002,SL03,2024,06,1313.0,0,0,0,1313.0
100,MAT00014,P002,SL03,2024,07,1381.0,0,0,0,1381.0
100,MAT00014,P002,SL03,2024,08,1410.0,0,0,0,1410.0
100,MAT00014,P002,SL03,2024,09,1480.0,0,0,0,1480.0
100,MAT00014,P002,SL03,2024,10,1504.0,0,0,0,1504.0
100,MAT00014,P002,SL03,2024,11,1498.0,0,0,0,1498.0
100,MAT00014,P002,SL03,2024,12,1435.0,0,0,0,1435.0
100,MAT00014,P003,SL01,2023,01,0,0,0,0,0
100,MAT00014,P003,SL01,2023,02,0,0,0,0,0
100,MAT00014,P003,SL01,2023,03,102.0,0,0,0,102.0
100,MAT00014,P003,SL01,2023,04,205.0,0,0,0,205.0
100,MAT00014,P003,SL01,2023,05,284.0,0,0,0,284.0
100,MAT00014,P003,SL01,2023,06,289.0,0,0,0,289.0
100,MAT00014,P003,SL01,2023,07,272.0,0,0,0,272.0
100,MAT00014,P003,SL01,2023,08,247.0,0,0,0,247.0
100,MAT00014,P003,SL01,2023,09,193.0,0,0,0,193.0
100,MAT00014,P003,SL01,2023,10,162.0,0,0,0,162.0
100,MAT00014,P003,SL01,2023,11,176.0,0,0,0,176.0
100,MAT00014,P003,SL01,2023,12,100.0,0,0,0,100.0
100,MAT00014,P003,SL01,2024,01,178.0,0,0,0,178.0
100,MAT00014,P003,SL01,2024,02,197.0,0,0,0,197.0
100,MAT00014,P003,SL01,2024,03,200.0,0,0,0,200.0
100,MAT00014,P003,SL01,2024,04,210.0,0,0,0,210.0
100,MAT00014,P003,SL01,2024,05,148.0,0,0,0,148.0
100,MAT00014,P003,SL01,2024,06,121.0,0,0,0,121.0
100,MAT00014,P003,SL01,2024,07,0,0,0,0,0
100,MAT00014,P003,SL01,2024,08,0,0,0,0,0
100,MAT00014,P003,SL01,2024,09,0,0,0,0,0
100,MAT00014,P003,SL01,2024,10,0,0,0,0,0
100,MAT00014,P003,SL01,2024,11,0,0,0,0,0
100,MAT00014,P003,SL01,2024,12,0,0,0,0,0
100,MAT00015,P001,SL01,2023,01,379.0,0,0,0,379.0
100,MAT00015,P001,SL01,2023,02,329.0,0,0,0,329.0
100,MAT00015,P001,SL01,2023,03,365.0,0,0,0,365.0
100,MAT00015,P001,SL01,2023,04,457.0,0,0,0,457.0
100,MAT00015,P001,SL01,2023,05,406.0,0,0,0,406.0
100,MAT00015,P001,SL01,2023,06,512.0,0,0,0,512.0
100,MAT00015,P001,SL01,2023,07,559.0,0,0,0,559.0
100,MAT00015,P001,SL01,2023,08,531.0,0,0,0,531.0
100,MAT00015,P001,SL01,2023,09,542.0,0,0,0,542.0
100,MAT00015,P001,SL01,2023,10,603.0,0,0,0,603.0
100,MAT00015,P001,SL01,2023,11,564.0,0,0,0,564.0
100,MAT00015,P001,SL01,2023,12,591.0,0,0,0,591.0
100,MAT00015,P001,SL01,2024,01,541.0,0,0,0,541.0
100,MAT00015,P001,SL01,2024,02,520.0,0,0,0,520.0
100,MAT00015,P001,SL01,2024,03,496.0,0,0,0,496.0
100,MAT00015,P001,SL01,2024,04,465.0,0,0,0,465.0
100,MAT00015,P001,SL01,2024,05,555.0,0,0,0,555.0
100,MAT00015,P001,SL01,2024,06,554.0,0,0,0,554.0
100,MAT00015,P001,SL01,2024,07,483.0,0,0,0,483.0
100,MAT00015,P001,SL01,2024,08,482.0,0,0,0,482.0
100,MAT00015,P001,SL01,2024,09,597.0,0,0,0,597.0
100,MAT00015,P001,SL01,2024,10,599.0,0,0,0,599.0
100,MAT00015,P001,SL01,2024,11,573.0,0,0,0,573.0
100,MAT00015,P001,SL01,2024,12,569.0,0,0,0,569.0
100,MAT00015,P002,SL03,2023,01,343.0,0,0,0,343.0
100,MAT00015,P002,SL03,2023,02,386.0,0,0,0,386.0
100,MAT00015,P002,SL03,2023,03,368.0,0,0,0,368.0
100,MAT00015,P002,SL03,2023,04,328.0,0,0,0,328.0
100,MAT00015,P002,SL03,2023,05,419.0,0,0,0,419.0
100,MAT00015,P002,SL03,2023,06,428.0,0,0,0,428.0
100,MAT00015,P002,SL03,2023,07,373.0,0,0,0,373.0
100,MAT00015,P002,SL03,2023,08,430.0,0,0,0,430.0
100,MAT00015,P002,SL03,2023,09,470.0,0,0,0,470.0
100,MAT00015,P002,SL03,2023,10,522.0,0,0,0,522.0
100,MAT00015,P002,SL03,2023,11,514.0,0,0,0,514.0
100,MAT00015,P002,SL03,2023,12,581.0,0,0,0,581.0
100,MAT00015,P002,SL03,2024,01,659.0,0,0,0,659.0
100,MAT00015,P002,SL03,2024,02,724.0,0,0,0,724.0
100,MAT00015,P002,SL03,2024,03,678.0,0,0,0,678.0
100,MAT00015,P002,SL03,2024,04,636.0,0,0,0,636.0
100,MAT00015,P002,SL03,2024,05,665.0,0,0,0,665.0
100,MAT00015,P002,SL03,2024,06,708.0,0,0,0,708.0
100,MAT00015,P002,SL03,2024,07,825.0,0,0,0,825.0
100,MAT00015,P002,SL03,2024,08,901.0,0,0,0,901.0
100,MAT00015,P002,SL03,2024,09,960.0,0,0,0,960.0
100,MAT00015,P002,SL03,2024,10,959.0,0,0,0,959.0
100,MAT00015,P002,SL03,2024,11,1039.0,0,0,0,1039.0
100,MAT00015,P002,SL03,2024,12,1091.0,0,0,0,1091.0
100,MAT00015,P003,SL01,2023,01,384.0,0,0,0,384.0
100,MAT00015,P003,SL01,2023,02,375.0,0,0,0,375.0
100,MAT00015,P003,SL01,2023,03,390.0,0,0,0,390.0
100,MAT00015,P003,SL01,2023,04,415.0,0,0,0,415.0
100,MAT00015,P003,SL01,2023,05,430.0,0,0,0,430.0
100,MAT00015,P003,SL01,2023,06,402.0,0,0,0,402.0
100,MAT00015,P003,SL01,2023,07,385.0,0,0,0,385.0
100,MAT00015,P003,SL01,2023,08,315.0,0,0,0,315.0
100,MAT00015,P003,SL01,2023,09,297.0,0,0,0,297.0
100,MAT00015,P003,SL01,2023,10,275.0,0,0,0,275.0
100,MAT00015,P003,SL01,2023,11,236.0,0,0,0,236.0
100,MAT00015,P003,SL01,2023,12,354.0,0,0,0,354.0
100,MAT00015,P003,SL01,2024,01,441.0,0,0,0,441.0
100,MAT00015,P003,SL01,2024,02,440.0,0,0,0,440.0
100,MAT00015,P003,SL01,2024,03,478.0,0,0,0,478.0
100,MAT00015,P003,SL01,2024,04,526.0,0,0,0,526.0
100,MAT00015,P003,SL01,2024,05,595.0,0,0,0,595.0
100,MAT00015,P003,SL01,2024,06,555.0,0,0,0,555.0
100,MAT00015,P003,SL01,2024,07,619.0,0,0,0,619.0
100,MAT00015,P003,SL01,2024,08,600.0,0,0,0,600.0
100,MAT00015,P003,SL01,2024,09,658.0,0,0,0,658.0
100,MAT00015,P003,SL01,2024,10,747.0,0,0,0,747.0
100,MAT00015,P003,SL01,2024,11,703.0,0,0,0,703.0
100,MAT00015,P003,SL01,2024,12,804.0,0,0,0,804.0
100,MAT00016,P001,SL01,2023,01,392.0,0,0,0,392.0
100,MAT00016,P001,SL01,2023,02,370.0,0,0,0,370.0
100,MAT00016,P001,SL01,2023,03,468.0,0,0,0,468.0
100,MAT00016,P001,SL01,2023,04,415.0,0,0,0,415.0
100,MAT00016,P001,SL01,2023,05,361.0,0,0,0,361.0
100,MAT00016,P001,SL01,2023,06,363.0,0,0,0,363.0
100,MAT00016,P001,SL01,2023,07,413.0,0,0,0,413.0
100,MAT00016,P001,SL01,2023,08,390.0,0,0,0,390.0
100,MAT00016,P001,SL01,2023,09,371.0,0,0,0,371.0
100,MAT00016,P001,SL01,2023,10,402.0,0,0,0,402.0
100,MAT00016,P001,SL01,2023,11,411.0,0,0,0,411.0
100,MAT00016,P001,SL01,2023,12,493.0,0,0,0,493.0
100,MAT00016,P001,SL01,2024,01,467.0,0,0,0,467.0
100,MAT00016,P001,SL01,2024,02,509.0,0,0,0,509.0
100,MAT00016,P001,SL01,2024,03,557.0,0,0,0,557.0
100,MAT00016,P001,SL01,2024,04,655.0,0,0,0,655.0
100,MAT00016,P001,SL01,2024,05,637.0,0,0,0,637.0
100,MAT00016,P001,SL01,2024,06,720.0,0,0,0,720.0
100,MAT00016,P001,SL01,2024,07,795.0,0,0,0,795.0
100,MAT00016,P001,SL01,2024,08,902.0,0,0,0,902.0
100,MAT00016,P001,SL01,2024,09,988.0,0,0,0,988.0
100,MAT00016,P001,SL01,2024,10,1065.0,0,0,0,1065.0
100,MAT00016,P001,SL01,2024,11,1168.0,0,0,0,1168.0
100,MAT00016,P001,SL01,2024,12,1201.0,0,0,0,1201.0
100,MAT00016,P002,SL01,2023,01,326.0,0,0,0,326.0
100,MAT00016,P002,SL01,2023,02,441.0,0,0,0,441.0
100,MAT00016,P002,SL01,2023,03,489.0,0,0,0,489.0
100,MAT00016,P002,SL01,2023,04,535.0,0,0,0,535.0
100,MAT00016,P002,SL01,2023,05,556.0,0,0,0,556.0
100,MAT00016,P002,SL01,2023,06,661.0,0,0,0,661.0
100,MAT00016,P002,SL01,2023,07,588.0,0,0,0,588.0
100,MAT00016,P002,SL01,2023,08,545.0,0,0,0,545.0
100,MAT00016,P002,SL01,2023,09,568.0,0,0,0,568.0
100,MAT00016,P002,SL01,2023,10,505.0,0,0,0,505.0
100,MAT00016,P002,SL01,2023,11,618.0,0,0,0,618.0
100,MAT00016,P002,SL01,2023,12,675.0,0,0,0,675.0
100,MAT00016,P002,SL01,2024,01,770.0,0,0,0,770.0
100,MAT00016,P002,SL01,2024,02,889.0,0,0,0,889.0
100,MAT00016,P002,SL01,2024,03,914.0,0,0,0,914.0
100,MAT00016,P002,SL01,2024,04,926.0,0,0,0,926.0
100,MAT00016,P002,SL01,2024,05,946.0,0,0,0,946.0
100,MAT00016,P002,SL01,2024,06,931.0,0,0,0,931.0
100,MAT00016,P002,SL01,2024,07,894.0,0,0,0,894.0
100,MAT00016,P002,SL01,2024,08,842.0,0,0,0,842.0
100,MAT00016,P002,SL01,2024,09,863.0,0,0,0,863.0
100,MAT00016,P002,SL01,2024,10,938.0,0,0,0,938.0
100,MAT00016,P002,SL01,2024,11,961.0,0,0,0,961.0
100,MAT00016,P002,SL01,2024,12,1013.0,0,0,0,1013.0
100,MAT00016,P003,SL02,2023,01,118.0,0,0,0,118.0
100,MAT00016,P003,SL02,2023,02,69.0,0,0,0,69.0
100,MAT00016,P003,SL02,2023,03,114.0,0,0,0,114.0
100,MAT00016,P003,SL02,2023,04,195.0,0,0,0,195.0
100,MAT00016,P003,SL02,2023,05,298.0,0,0,0,298.0
100,MAT00016,P003,SL02,2023,06,346.0,0,0,0,346.0
100,MAT00016,P003,SL02,2023,07,443.0,0,0,0,443.0
100,MAT00016,P003,SL02,2023,08,446.0,0,0,0,446.0
100,MAT00016,P003,SL02,2023,09,499.0,0,0,0,499.0
100,MAT00016,P003,SL02,2023,10,588.0,0,0,0,588.0
100,MAT00016,P003,SL02,2023,11,707.0,0,0,0,707.0
100,MAT00016,P003,SL02,2023,12,644.0,0,0,0,644.0
100,MAT00016,P003,SL02,2024,01,700.0,0,0,0,700.0
100,MAT00016,P003,SL02,2024,02,666.0,0,0,0,666.0
100,MAT00016,P003,SL02,2024,03,714.0,0,0,0,714.0
100,MAT00016,P003,SL02,2024,04,780.0,0,0,0,780.0
100,MAT00016,P003,SL02,2024,05,716.0,0,0,0,716.0
100,MAT00016,P003,SL02,2024,06,788.0,0,0,0,788.0
100,MAT00016,P003,SL02,2024,07,835.0,0,0,0,835.0
100,MAT00016,P003,SL02,2024,08,858.0,0,0,0,858.0
100,MAT00016,P003,SL02,2024,09,787.0,0,0,0,787.0
100,MAT00016,P003,SL02,2024,10,719.0,0,0,0,719.0
100,MAT00016,P003,SL02,2024,11,726.0,0,0,0,726.0
100,MAT00016,P003,SL02,2024,12,690.0,0,0,0,690.0
100,MAT00017,P001,SL03,2023,01,180.0,0,0,0,180.0
100,MAT00017,P001,SL03,2023,02,141.0,0,0,0,141.0
100,MAT00017,P001,SL03,2023,03,69.0,0,0,0,69.0
100,MAT00017,P001,SL03,2023,04,141.0,0,0,0,141.0
100,MAT00017,P001,SL03,2023,05,87.0,0,0,0,87.0
100,MAT00017,P001,SL03,2023,06,133.0,0,0,0,133.0
100,MAT00017,P001,SL03,2023,07,212.0,0,0,0,212.0
100,MAT00017,P001,SL03,2023,08,257.0,0,0,0,257.0
100,MAT00017,P001,SL03,2023,09,364.0,0,0,0,364.0
100,MAT00017,P001,SL03,2023,10,454.0,0,0,0,454.0
100,MAT00017,P001,SL03,2023,11,506.0,0,0,0,506.0
100,MAT00017,P001,SL03,2023,12,576.0,0,0,0,576.0
100,MAT00017,P001,SL03,2024,01,669.0,0,0,0,669.0
100,MAT00017,P001,SL03,2024,02,650.0,0,0,0,650.0
100,MAT00017,P001,SL03,2024,03,721.0,0,0,0,721.0
100,MAT00017,P001,SL03,2024,04,672.0,0,0,0,672.0
100,MAT00017,P001,SL03,2024,05,710.0,0,0,0,710.0
100,MAT00017,P001,SL03,2024,06,666.0,0,0,0,666.0
100,MAT00017,P001,SL03,2024,07,629.0,0,0,0,629.0
100,MAT00017,P001,SL03,2024,08,636.0,0,0,0,636.0
100,MAT00017,P001,SL03,2024,09,637.0,0,0,0,637.0
100,MAT00017,P001,SL03,2024,10,592.0,0,0,0,592.0
100,MAT00017,P001,SL03,2024,11,660.0,0,0,0,660.0
100,MAT00017,P001,SL03,2024,12,699.0,0,0,0,699.0
100,MAT00017,P002,SL01,2023,01,298.0,0,0,0,298.0
100,MAT00017,P002,SL01,2023,02,324.0,0,0,0,324.0
100,MAT00017,P002,SL01,2023,03,285.0,0,0,0,285.0
100,MAT00017,P002,SL01,2023,04,238.0,0,0,0,238.0
100,MAT00017,P002,SL01,2023,05,325.0,0,0,0,325.0
100,MAT00017,P002,SL01,2023,06,319.0,0,0,0,319.0
100,MAT00017,P002,SL01,2023,07,241.0,0,0,0,241.0
100,MAT00017,P002,SL01,2023,08,307.0,0,0,0,307.0
100,MAT00017,P002,SL01,2023,09,412.0,0,0,0,412.0
100,MAT00017,P002,SL01,2023,10,485.0,0,0,0,485.0
100,MAT00017,P002,SL01,2023,11,589.0,0,0,0,589.0
100,MAT00017,P002,SL01,2023,12,530.0,0,0,0,530.0
100,MAT00017,P002,SL01,2024,01,557.0,0,0,0,557.0
100,MAT00017,P002,SL01,2024,02,506.0,0,0,0,506.0
100,MAT00017,P002,SL01,2024,03,459.0,0,0,0,459.0
100,MAT00017,P002,SL01,2024,04,546.0,0,0,0,546.0
100,MAT00017,P002,SL01,2024,05,510.0,0,0,0,510.0
100,MAT00017,P002,SL01,2024,06,520.0,0,0,0,520.0
100,MAT00017,P002,SL01,2024,07,597.0,0,0,0,597.0
100,MAT00017,P002,SL01,2024,08,658.0,0,0,0,658.0
100,MAT00017,P002,SL01,2024,09,756.0,0,0,0,756.0
100,MAT00017,P002,SL01,2024,10,753.0,0,0,0,753.0
100,MAT00017,P002,SL01,2024,11,865.0,0,0,0,865.0
100,MAT00017,P002,SL01,2024,12,959.0,0,0,0,959.0
100,MAT00017,P003,SL03,2023,01,295.0,0,0,0,295.0
100,MAT00017,P003,SL03,2023,02,223.0,0,0,0,223.0
100,MAT00017,P003,SL03,2023,03,173.0,0,0,0,173.0
100,MAT00017,P003,SL03,2023,04,290.0,0,0,0,290.0
100,MAT00017,P003,SL03,2023,05,363.0,0,0,0,363.0
100,MAT00017,P003,SL03,2023,06,355.0,0,0,0,355.0
100,MAT00017,P003,SL03,2023,07,406.0,0,0,0,406.0
100,MAT00017,P003,SL03,2023,08,359.0,0,0,0,359.0
100,MAT00017,P003,SL03,2023,09,415.0,0,0,0,415.0
100,MAT00017,P003,SL03,2023,10,426.0,0,0,0,426.0
100,MAT00017,P003,SL03,2023,11,369.0,0,0,0,369.0
100,MAT00017,P003,SL03,2023,12,428.0,0,0,0,428.0
100,MAT00017,P003,SL03,2024,01,352.0,0,0,0,352.0
100,MAT00017,P003,SL03,2024,02,413.0,0,0,0,413.0
100,MAT00017,P003,SL03,2024,03,512.0,0,0,0,512.0
100,MAT00017,P003,SL03,2024,04,543.0,0,0,0,543.0
100,MAT00017,P003,SL03,2024,05,623.0,0,0,0,623.0
100,MAT00017,P003,SL03,2024,06,570.0,0,0,0,570.0
100,MAT00017,P003,SL03,2024,07,562.0,0,0,0,562.0
100,MAT00017,P003,SL03,2024,08,486.0,0,0,0,486.0
100,MAT00017,P003,SL03,2024,09,499.0,0,0,0,499.0
100,MAT00017,P003,SL03,2024,10,502.0,0,0,0,502.0
100,MAT00017,P003,SL03,2024,11,599.0,0,0,0,599.0
100,MAT00017,P003,SL03,2024,12,633.0,0,0,0,633.0
100,MAT00018,P001,SL01,2023,01,279.0,0,0,0,279.0
100,MAT00018,P001,SL01,2023,02,385.0,0,0,0,385.0
100,MAT00018,P001,SL01,2023,03,422.0,0,0,0,422.0
100,MAT00018,P001,SL01,2023,04,385.0,0,0,0,385.0
100,MAT00018,P001,SL01,2023,05,369.0,0,0,0,369.0
100,MAT00018,P001,SL01,2023,06,373.0,0,0,0,373.0
100,MAT00018,P001,SL01,2023,07,451.0,0,0,0,451.0
100,MAT00018,P001,SL01,2023,08,443.0,0,0,0,443.0
100,MAT00018,P001,SL01,2023,09,515.0,0,0,0,515.0
100,MAT00018,P001,SL01,2023,10,562.0,0,0,0,562.0
100,MAT00018,P001,SL01,2023,11,498.0,0,0,0,498.0
100,MAT00018,P001,SL01,2023,12,423.0,0,0,0,423.0
100,MAT00018,P001,SL01,2024,01,473.0,0,0,0,473.0
100,MAT00018,P001,SL01,2024,02,528.0,0,0,0,528.0
100,MAT00018,P001,SL01,2024,03,586.0,0,0,0,586.0
100,MAT00018,P001,SL01,2024,04,677.0,0,0,0,677.0
100,MAT00018,P001,SL01,2024,05,770.0,0,0,0,770.0
100,MAT00018,P001,SL01,2024,06,744.0,0,0,0,744.0
100,MAT00018,P001,SL01,2024,07,768.0,0,0,0,768.0
100,MAT00018,P001,SL01,2024,08,690.0,0,0,0,690.0
100,MAT00018,P001,SL01,2024,09,628.0,0,0,0,628.0
100,MAT00018,P001,SL01,2024,10,667.0,0,0,0,667.0
100,MAT00018,P001,SL01,2024,11,594.0,0,0,0,594.0
100,MAT00018,P001,SL01,2024,12,709.0,0,0,0,709.0
100,MAT00018,P002,SL01,2023,01,305.0,0,0,0,305.0
100,MAT00018,P002,SL01,2023,02,301.0,0,0,0,301.0
100,MAT00018,P002,SL01,2023,03,222.0,0,0,0,222.0
100,MAT00018,P002,SL01,2023,04,273.0,0,0,0,273.0
100,MAT00018,P002,SL01,2023,05,197.0,0,0,0,197.0
100,MAT00018,P002,SL01,2023,06,190.0,0,0,0,190.0
100,MAT00018,P002,SL01,2023,07,238.0,0,0,0,238.0
100,MAT00018,P002,SL01,2023,08,210.0,0,0,0,210.0
100,MAT00018,P002,SL01,2023,09,265.0,0,0,0,265.0
100,MAT00018,P002,SL01,2023,10,225.0,0,0,0,225.0
100,MAT00018,P002,SL01,2023,11,322.0,0,0,0,322.0
100,MAT00018,P002,SL01,2023,12,381.0,0,0,0,381.0
100,MAT00018,P002,SL01,2024,01,428.0,0,0,0,428.0
100,MAT00018,P002,SL01,2024,02,468.0,0,0,0,468.0
100,MAT00018,P002,SL01,2024,03,402.0,0,0,0,402.0
100,MAT00018,P002,SL01,2024,04,343.0,0,0,0,343.0
100,MAT00018,P002,SL01,2024,05,283.0,0,0,0,283.0
100,MAT00018,P002,SL01,2024,06,233.0,0,0,0,233.0
100,MAT00018,P002,SL01,2024,07,331.0,0,0,0,331.0
100,MAT00018,P002,SL01,2024,08,255.0,0,0,0,255.0
100,MAT00018,P002,SL01,2024,09,335.0,0,0,0,335.0
100,MAT00018,P002,SL01,2024,10,309.0,0,0,0,309.0
100,MAT00018,P002,SL01,2024,11,240.0,0,0,0,240.0
100,MAT00018,P002,SL01,2024,12,226.0,0,0,0,226.0
100,MAT00018,P003,SL03,2023,01,33.0,0,0,0,33.0
100,MAT00018,P003,SL03,2023,02,22.0,0,0,0,22.0
100,MAT00018,P003,SL03,2023,03,0,0,0,0,0
100,MAT00018,P003,SL03,2023,04,102.0,0,0,0,102.0
100,MAT00018,P003,SL03,2023,05,168.0,0,0,0,168.0
100,MAT00018,P003,SL03,2023,06,122.0,0,0,0,122.0
100,MAT00018,P003,SL03,2023,07,112.0,0,0,0,112.0
100,MAT00018,P003,SL03,2023,08,45.0,0,0,0,45.0
100,MAT00018,P003,SL03,2023,09,0,0,0,0,0
100,MAT00018,P003,SL03,2023,10,20.0,0,0,0,20.0
100,MAT00018,P003,SL03,2023,11,0,0,0,0,0
100,MAT00018,P003,SL03,2023,12,0,0,0,0,0
100,MAT00018,P003,SL03,2024,01,0,0,0,0,0
100,MAT00018,P003,SL03,2024,02,0,0,0,0,0
100,MAT00018,P003,SL03,2024,03,0,0,0,0,0
100,MAT00018,P003,SL03,2024,04,85.0,0,0,0,85.0
100,MAT00018,P003,SL03,2024,05,13.0,0,0,0,13.0
100,MAT00018,P003,SL03,2024,06,0,0,0,0,0
100,MAT00018,P003,SL03,2024,07,0,0,0,0,0
100,MAT00018,P003,SL03,2024,08,59.0,0,0,0,59.0
100,MAT00018,P003,SL03,2024,09,53.0,0,0,0,53.0
100,MAT00018,P003,SL03,2024,10,136.0,0,0,0,136.0
100,MAT00018,P003,SL03,2024,11,214.0,0,0,0,214.0
100,MAT00018,P003,SL03,2024,12,179.0,0,0,0,179.0
100,MAT00019,P001,SL02,2023,01,296.0,0,0,0,296.0
100,MAT00019,P001,SL02,2023,02,411.0,0,0,0,411.0
100,MAT00019,P001,SL02,2023,03,389.0,0,0,0,389.0
100,MAT00019,P001,SL02,2023,04,463.0,0,0,0,463.0
100,MAT00019,P001,SL02,2023,05,424.0,0,0,0,424.0
100,MAT00019,P001,SL02,2023,06,476.0,0,0,0,476.0
100,MAT00019,P001,SL02,2023,07,419.0,0,0,0,419.0
100,MAT00019,P001,SL02,2023,08,401.0,0,0,0,401.0
100,MAT00019,P001,SL02,2023,09,483.0,0,0,0,483.0
100,MAT00019,P001,SL02,2023,10,542.0,0,0,0,542.0
100,MAT00019,P001,SL02,2023,11,607.0,0,0,0,607.0
100,MAT00019,P001,SL02,2023,12,564.0,0,0,0,564.0
100,MAT00019,P001,SL02,2024,01,491.0,0,0,0,491.0
100,MAT00019,P001,SL02,2024,02,577.0,0,0,0,577.0
100,MAT00019,P001,SL02,2024,03,629.0,0,0,0,629.0
100,MAT00019,P001,SL02,2024,04,564.0,0,0,0,564.0
100,MAT00019,P001,SL02,2024,05,523.0,0,0,0,523.0
100,MAT00019,P001,SL02,2024,06,462.0,0,0,0,462.0
100,MAT00019,P001,SL02,2024,07,445.0,0,0,0,445.0
100,MAT00019,P001,SL02,2024,08,443.0,0,0,0,443.0
100,MAT00019,P001,SL02,2024,09,549.0,0,0,0,549.0
100,MAT00019,P001,SL02,2024,10,647.0,0,0,0,647.0
100,MAT00019,P001,SL02,2024,11,726.0,0,0,0,726.0
100,MAT00019,P001,SL02,2024,12,822.0,0,0,0,822.0
100,MAT00019,P002,SL02,2023,01,251.0,0,0,0,251.0
100,MAT00019,P002,SL02,2023,02,325.0,0,0,0,325.0
100,MAT00019,P002,SL02,2023,03,265.0,0,0,0,265.0
100,MAT00019,P002,SL02,2023,04,349.0,0,0,0,349.0
100,MAT00019,P002,SL02,2023,05,328.0,0,0,0,328.0
100,MAT00019,P002,SL02,2023,06,435.0,0,0,0,435.0
100,MAT00019,P002,SL02,2023,07,457.0,0,0,0,457.0
100,MAT00019,P002,SL02,2023,08,428.0,0,0,0,428.0
100,MAT00019,P002,SL02,2023,09,483.0,0,0,0,483.0
100,MAT00019,P002,SL02,2023,10,460.0,0,0,0,460.0
100,MAT00019,P002,SL02,2023,11,442.0,0,0,0,442.0
100,MAT00019,P002,SL02,2023,12,533.0,0,0,0,533.0
100,MAT00019,P002,SL02,2024,01,651.0,0,0,0,651.0
100,MAT00019,P002,SL02,2024,02,636.0,0,0,0,636.0
100,MAT00019,P002,SL02,2024,03,649.0,0,0,0,649.0
100,MAT00019,P002,SL02,2024,04,620.0,0,0,0,620.0
100,MAT00019,P002,SL02,2024,05,652.0,0,0,0,652.0
100,MAT00019,P002,SL02,2024,06,763.0,0,0,0,763.0
100,MAT00019,P002,SL02,2024,07,880.0,0,0,0,880.0
100,MAT00019,P002,SL02,2024,08,952.0,0,0,0,952.0
100,MAT00019,P002,SL02,2024,09,888.0,0,0,0,888.0
100,MAT00019,P002,SL02,2024,10,929.0,0,0,0,929.0
100,MAT00019,P002,SL02,2024,11,960.0,0,0,0,960.0
100,MAT00019,P002,SL02,2024,12,963.0,0,0,0,963.0
100,MAT00019,P003,SL03,2023,01,140.0,0,0,0,140.0
100,MAT00019,P003,SL03,2023,02,186.0,0,0,0,186.0
100,MAT00019,P003,SL03,2023,03,177.0,0,0,0,177.0
100,MAT00019,P003,SL03,2023,04,137.0,0,0,0,137.0
100,MAT00019,P003,SL03,2023,05,93.0,0,0,0,93.0
100,MAT00019,P003,SL03,2023,06,174.0,0,0,0,174.0
100,MAT00019,P003,SL03,2023,07,191.0,0,0,0,191.0
100,MAT00019,P003,SL03,2023,08,228.0,0,0,0,228.0
100,MAT00019,P003,SL03,2023,09,205.0,0,0,0,205.0
100,MAT00019,P003,SL03,2023,10,254.0,0,0,0,254.0
100,MAT00019,P003,SL03,2023,11,269.0,0,0,0,269.0
100,MAT00019,P003,SL03,2023,12,383.0,0,0,0,383.0
100,MAT00019,P003,SL03,2024,01,382.0,0,0,0,382.0
100,MAT00019,P003,SL03,2024,02,319.0,0,0,0,319.0
100,MAT00019,P003,SL03,2024,03,252.0,0,0,0,252.0
100,MAT00019,P003,SL03,2024,04,352.0,0,0,0,352.0
100,MAT00019,P003,SL03,2024,05,439.0,0,0,0,439.0
100,MAT00019,P003,SL03,2024,06,553.0,0,0,0,553.0
100,MAT00019,P003,SL03,2024,07,644.0,0,0,0,644.0
100,MAT00019,P003,SL03,2024,08,667.0,0,0,0,667.0
100,MAT00019,P003,SL03,2024,09,686.0,0,0,0,686.0
100,MAT00019,P003,SL03,2024,10,704.0,0,0,0,704.0
100,MAT00019,P003,SL03,2024,11,680.0,0,0,0,680.0
100,MAT00019,P003,SL03,2024,12,639.0,0,0,0,639.0
100,MAT00020,P001,SL01,2023,01,142.0,0,0,0,142.0
100,MAT00020,P001,SL01,2023,02,115.0,0,0,0,115.0
100,MAT00020,P001,SL01,2023,03,55.0,0,0,0,55.0
100,MAT00020,P001,SL01,2023,04,137.0,0,0,0,137.0
100,MAT00020,P001,SL01,2023,05,66.0,0,0,0,66.0
100,MAT00020,P001,SL01,2023,06,52.0,0,0,0,52.0
100,MAT00020,P001,SL01,2023,07,0,0,0,0,0
100,MAT00020,P001,SL01,2023,08,41.0,0,0,0,41.0
100,MAT00020,P001,SL01,2023,09,87.0,0,0,0,87.0
100,MAT00020,P001,SL01,2023,10,94.0,0,0,0,94.0
100,MAT00020,P001,SL01,2023,11,98.0,0,0,0,98.0
100,MAT00020,P001,SL01,2023,12,158.0,0,0,0,158.0
100,MAT00020,P001,SL01,2024,01,185.0,0,0,0,185.0
100,MAT00020,P001,SL01,2024,02,166.0,0,0,0,166.0
100,MAT00020,P001,SL01,2024,03,268.0,0,0,0,268.0
100,MAT00020,P001,SL01,2024,04,263.0,0,0,0,263.0
100,MAT00020,P001,SL01,2024,05,202.0,0,0,0,202.0
100,MAT00020,P001,SL01,2024,06,201.0,0,0,0,201.0
100,MAT00020,P001,SL01,2024,07,146.0,0,0,0,146.0
100,MAT00020,P001,SL01,2024,08,70.0,0,0,0,70.0
100,MAT00020,P001,SL01,2024,09,149.0,0,0,0,149.0
100,MAT00020,P001,SL01,2024,10,172.0,0,0,0,172.0
100,MAT00020,P001,SL01,2024,11,165.0,0,0,0,165.0
100,MAT00020,P001,SL01,2024,12,206.0,0,0,0,206.0
100,MAT00020,P002,SL03,2023,01,0,0,0,0,0
100,MAT00020,P002,SL03,2023,02,0,0,0,0,0
100,MAT00020,P002,SL03,2023,03,0,0,0,0,0
100,MAT00020,P002,SL03,2023,04,110.0,0,0,0,110.0
100,MAT00020,P002,SL03,2023,05,205.0,0,0,0,205.0
100,MAT00020,P002,SL03,2023,06,276.0,0,0,0,276.0
100,MAT00020,P002,SL03,2023,07,327.0,0,0,0,327.0
100,MAT00020,P002,SL03,2023,08,297.0,0,0,0,297.0
100,MAT00020,P002,SL03,2023,09,262.0,0,0,0,262.0
100,MAT00020,P002,SL03,2023,10,285.0,0,0,0,285.0
100,MAT00020,P002,SL03,2023,11,236.0,0,0,0,236.0
100,MAT00020,P002,SL03,2023,12,305.0,0,0,0,305.0
100,MAT00020,P002,SL03,2024,01,334.0,0,0,0,334.0
100,MAT00020,P002,SL03,2024,02,320.0,0,0,0,320.0
100,MAT00020,P002,SL03,2024,03,418.0,0,0,0,418.0
100,MAT00020,P002,SL03,2024,04,452.0,0,0,0,452.0
100,MAT00020,P002,SL03,2024,05,432.0,0,0,0,432.0
100,MAT00020,P002,SL03,2024,06,513.0,0,0,0,513.0
100,MAT00020,P002,SL03,2024,07,589.0,0,0,0,589.0
100,MAT00020,P002,SL03,2024,08,600.0,0,0,0,600.0
100,MAT00020,P002,SL03,2024,09,671.0,0,0,0,671.0
100,MAT00020,P002,SL03,2024,10,758.0,0,0,0,758.0
100,MAT00020,P002,SL03,2024,11,687.0,0,0,0,687.0
100,MAT00020,P002,SL03,2024,12,681.0,0,0,0,681.0
100,MAT00020,P003,SL01,2023,01,108.0,0,0,0,108.0
100,MAT00020,P003,SL01,2023,02,169.0,0,0,0,169.0
100,MAT00020,P003,SL01,2023,03,172.0,0,0,0,172.0
100,MAT00020,P003,SL01,2023,04,192.0,0,0,0,192.0
100,MAT00020,P003,SL01,2023,05,236.0,0,0,0,236.0
100,MAT00020,P003,SL01,2023,06,177.0,0,0,0,177.0
100,MAT00020,P003,SL01,2023,07,255.0,0,0,0,255.0
100,MAT00020,P003,SL01,2023,08,257.0,0,0,0,257.0
100,MAT00020,P003,SL01,2023,09,333.0,0,0,0,333.0
100,MAT00020,P003,SL01,2023,10,368.0,0,0,0,368.0
100,MAT00020,P003,SL01,2023,11,348.0,0,0,0,348.0
100,MAT00020,P003,SL01,2023,12,465.0,0,0,0,465.0
100,MAT00020,P003,SL01,2024,01,395.0,0,0,0,395.0
100,MAT00020,P003,SL01,2024,02,365.0,0,0,0,365.0
100,MAT00020,P003,SL01,2024,03,454.0,0,0,0,454.0
100,MAT00020,P003,SL01,2024,04,568.0,0,0,0,568.0
100,MAT00020,P003,SL01,2024,05,617.0,0,0,0,617.0
100,MAT00020,P003,SL01,2024,06,635.0,0,0,0,635.0
100,MAT00020,P003,SL01,2024,07,565.0,0,0,0,565.0
100,MAT00020,P003,SL01,2024,08,501.0,0,0,0,501.0
100,MAT00020,P003,SL01,2024,09,510.0,0,0,0,510.0
100,MAT00020,P003,SL01,2024,10,612.0,0,0,0,612.0
100,MAT00020,P003,SL01,2024,11,534.0,0,0,0,534.0
100,MAT00020,P003,SL01,2024,12,547.0,0,0,0,547.0
100,MAT00021,P001,SL03,2023,01,415.0,0,0,0,415.0
100,MAT00021,P001,SL03,2023,02,467.0,0,0,0,467.0
100,MAT00021,P001,SL03,2023,03,488.0,0,0,0,488.0
100,MAT00021,P001,SL03,2023,04,601.0,0,0,0,601.0
100,MAT00021,P001,SL03,2023,05,652.0,0,0,0,652.0
100,MAT00021,P001,SL03,2023,06,710.0,0,0,0,710.0
100,MAT00021,P001,SL03,2023,07,524.0,0,0,0,524.0
100,MAT00021,P001,SL03,2023,08,330.0,0,0,0,330.0
100,MAT00021,P001,SL03,2023,09,280.0,0,0,0,280.0
100,MAT00021,P001,SL03,2023,10,229.0,0,0,0,229.0
100,MAT00021,P001,SL03,2023,11,146.0,0,0,0,146.0
100,MAT00021,P001,SL03,2023,12,89.0,0,0,0,89.0
100,MAT00021,P001,SL03,2024,01,154.0,0,0,0,154.0
100,MAT00021,P001,SL03,2024,02,248.0,0,0,0,248.0
100,MAT00021,P001,SL03,2024,03,268.0,0,0,0,268.0
100,MAT00021,P001,SL03,2024,04,296.0,0,0,0,296.0
100,MAT00021,P001,SL03,2024,05,337.0,0,0,0,337.0
100,MAT00021,P001,SL03,2024,06,333.0,0,0,0,333.0
100,MAT00021,P001,SL03,2024,07,233.0,0,0,0,233.0
100,MAT00021,P001,SL03,2024,08,213.0,0,0,0,213.0
100,MAT00021,P001,SL03,2024,09,42.0,0,0,0,42.0
100,MAT00021,P001,SL03,2024,10,1.0,0,0,0,1.0
100,MAT00021,P001,SL03,2024,11,0,0,0,0,0
100,MAT00021,P001,SL03,2024,12,0,0,0,0,0
100,MAT00021,P002,SL03,2023,01,338.0,0,0,0,338.0
100,MAT00021,P002,SL03,2023,02,423.0,0,0,0,423.0
100,MAT00021,P002,SL03,2023,03,359.0,0,0,0,359.0
100,MAT00021,P002,SL03,2023,04,337.0,0,0,0,337.0
100,MAT00021,P002,SL03,2023,05,387.0,0,0,0,387.0
100,MAT00021,P002,SL03,2023,06,481.0,0,0,0,481.0
100,MAT00021,P002,SL03,2023,07,432.0,0,0,0,432.0
100,MAT00021,P002,SL03,2023,08,521.0,0,0,0,521.0
100,MAT00021,P002,SL03,2023,09,603.0,0,0,0,603.0
100,MAT00021,P002,SL03,2023,10,706.0,0,0,0,706.0
100,MAT00021,P002,SL03,2023,11,792.0,0,0,0,792.0
100,MAT00021,P002,SL03,2023,12,859.0,0,0,0,859.0
100,MAT00021,P002,SL03,2024,01,787.0,0,0,0,787.0
100,MAT00021,P002,SL03,2024,02,876.0,0,0,0,876.0
100,MAT00021,P002,SL03,2024,03,898.0,0,0,0,898.0
100,MAT00021,P002,SL03,2024,04,889.0,0,0,0,889.0
100,MAT00021,P002,SL03,2024,05,946.0,0,0,0,946.0
100,MAT00021,P002,SL03,2024,06,886.0,0,0,0,886.0
100,MAT00021,P002,SL03,2024,07,946.0,0,0,0,946.0
100,MAT00021,P002,SL03,2024,08,903.0,0,0,0,903.0
100,MAT00021,P002,SL03,2024,09,833.0,0,0,0,833.0
100,MAT00021,P002,SL03,2024,10,948.0,0,0,0,948.0
100,MAT00021,P002,SL03,2024,11,912.0,0,0,0,912.0
100,MAT00021,P002,SL03,2024,12,983.0,0,0,0,983.0
100,MAT00021,P003,SL02,2023,01,166.0,0,0,0,166.0
100,MAT00021,P003,SL02,2023,02,267.0,0,0,0,267.0
100,MAT00021,P003,SL02,2023,03,239.0,0,0,0,239.0
100,MAT00021,P003,SL02,2023,04,262.0,0,0,0,262.0
100,MAT00021,P003,SL02,2023,05,267.0,0,0,0,267.0
100,MAT00021,P003,SL02,2023,06,271.0,0,0,0,271.0
100,MAT00021,P003,SL02,2023,07,226.0,0,0,0,226.0
100,MAT00021,P003,SL02,2023,08,231.0,0,0,0,231.0
100,MAT00021,P003,SL02,2023,09,276.0,0,0,0,276.0
100,MAT00021,P003,SL02,2023,10,226.0,0,0,0,226.0
100,MAT00021,P003,SL02,2023,11,335.0,0,0,0,335.0
100,MAT00021,P003,SL02,2023,12,437.0,0,0,0,437.0
100,MAT00021,P003,SL02,2024,01,463.0,0,0,0,463.0
100,MAT00021,P003,SL02,2024,02,468.0,0,0,0,468.0
100,MAT00021,P003,SL02,2024,03,439.0,0,0,0,439.0
100,MAT00021,P003,SL02,2024,04,556.0,0,0,0,556.0
100,MAT00021,P003,SL02,2024,05,557.0,0,0,0,557.0
100,MAT00021,P003,SL02,2024,06,586.0,0,0,0,586.0
100,MAT00021,P003,SL02,2024,07,671.0,0,0,0,671.0
100,MAT00021,P003,SL02,2024,08,777.0,0,0,0,777.0
100,MAT00021,P003,SL02,2024,09,843.0,0,0,0,843.0
100,MAT00021,P003,SL02,2024,10,915.0,0,0,0,915.0
100,MAT00021,P003,SL02,2024,11,954.0,0,0,0,954.0
100,MAT00021,P003,SL02,2024,12,877.0,0,0,0,877.0
100,MAT00022,P001,SL02,2023,01,152.0,0,0,0,152.0
100,MAT00022,P001,SL02,2023,02,80.0,0,0,0,80.0
100,MAT00022,P001,SL02,2023,03,173.0,0,0,0,173.0
100,MAT00022,P001,SL02,2023,04,148.0,0,0,0,148.0
100,MAT00022,P001,SL02,2023,05,132.0,0,0,0,132.0
100,MAT00022,P001,SL02,2023,06,216.0,0,0,0,216.0
100,MAT00022,P001,SL02,2023,07,284.0,0,0,0,284.0
100,MAT00022,P001,SL02,2023,08,291.0,0,0,0,291.0
100,MAT00022,P001,SL02,2023,09,280.0,0,0,0,280.0
100,MAT00022,P001,SL02,2023,10,301.0,0,0,0,301.0
100,MAT00022,P001,SL02,2023,11,394.0,0,0,0,394.0
100,MAT00022,P001,SL02,2023,12,325.0,0,0,0,325.0
100,MAT00022,P001,SL02,2024,01,429.0,0,0,0,429.0
100,MAT00022,P001,SL02,2024,02,545.0,0,0,0,545.0
100,MAT00022,P001,SL02,2024,03,648.0,0,0,0,648.0
100,MAT00022,P001,SL02,2024,04,612.0,0,0,0,612.0
100,MAT00022,P001,SL02,2024,05,651.0,0,0,0,651.0
100,MAT00022,P001,SL02,2024,06,770.0,0,0,0,770.0
100,MAT00022,P001,SL02,2024,07,771.0,0,0,0,771.0
100,MAT00022,P001,SL02,2024,08,699.0,0,0,0,699.0
100,MAT00022,P001,SL02,2024,09,662.0,0,0,0,662.0
100,MAT00022,P001,SL02,2024,10,714.0,0,0,0,714.0
100,MAT00022,P001,SL02,2024,11,795.0,0,0,0,795.0
100,MAT00022,P001,SL02,2024,12,802.0,0,0,0,802.0
100,MAT00022,P002,SL03,2023,01,104.0,0,0,0,104.0
100,MAT00022,P002,SL03,2023,02,249.0,0,0,0,249.0
100,MAT00022,P002,SL03,2023,03,332.0,0,0,0,332.0
100,MAT00022,P002,SL03,2023,04,474.0,0,0,0,474.0
100,MAT00022,P002,SL03,2023,05,590.0,0,0,0,590.0
100,MAT00022,P002,SL03,2023,06,731.0,0,0,0,731.0
100,MAT00022,P002,SL03,2023,07,763.0,0,0,0,763.0
100,MAT00022,P002,SL03,2023,08,955.0,0,0,0,955.0
100,MAT00022,P002,SL03,2023,09,1091.0,0,0,0,1091.0
100,MAT00022,P002,SL03,2023,10,1342.0,0,0,0,1342.0
100,MAT00022,P002,SL03,2023,11,1414.0,0,0,0,1414.0
100,MAT00022,P002,SL03,2023,12,1471.0,0,0,0,1471.0
100,MAT00022,P002,SL03,2024,01,1740.0,0,0,0,1740.0
100,MAT00022,P002,SL03,2024,02,1826.0,0,0,0,1826.0
100,MAT00022,P002,SL03,2024,03,1918.0,0,0,0,1918.0
100,MAT00022,P002,SL03,2024,04,2078.0,0,0,0,2078.0
100,MAT00022,P002,SL03,2024,05,2269.0,0,0,0,2269.0
100,MAT00022,P002,SL03,2024,06,2397.0,0,0,0,2397.0
100,MAT00022,P002,SL03,2024,07,2690.0,0,0,0,2690.0
100,MAT00022,P002,SL03,2024,08,2766.0,0,0,0,2766.0
100,MAT00022,P002,SL03,2024,09,2863.0,0,0,0,2863.0
100,MAT00022,P002,SL03,2024,10,3092.0,0,0,0,3092.0
100,MAT00022,P002,SL03,2024,11,3106.0,0,0,0,3106.0
100,MAT00022,P002,SL03,2024,12,3329.0,0,0,0,3329.0
100,MAT00022,P003,SL03,2023,01,469.0,0,0,0,469.0
100,MAT00022,P003,SL03,2023,02,491.0,0,0,0,491.0
100,MAT00022,P003,SL03,2023,03,592.0,0,0,0,592.0
100,MAT00022,P003,SL03,2023,04,680.0,0,0,0,680.0
100,MAT00022,P003,SL03,2023,05,788.0,0,0,0,788.0
100,MAT00022,P003,SL03,2023,06,747.0,0,0,0,747.0
100,MAT00022,P003,SL03,2023,07,808.0,0,0,0,808.0
100,MAT00022,P003,SL03,2023,08,774.0,0,0,0,774.0
100,MAT00022,P003,SL03,2023,09,842.0,0,0,0,842.0
100,MAT00022,P003,SL03,2023,10,826.0,0,0,0,826.0
100,MAT00022,P003,SL03,2023,11,911.0,0,0,0,911.0
100,MAT00022,P003,SL03,2023,12,916.0,0,0,0,916.0
100,MAT00022,P003,SL03,2024,01,837.0,0,0,0,837.0
100,MAT00022,P003,SL03,2024,02,868.0,0,0,0,868.0
100,MAT00022,P003,SL03,2024,03,961.0,0,0,0,961.0
100,MAT00022,P003,SL03,2024,04,1060.0,0,0,0,1060.0
100,MAT00022,P003,SL03,2024,05,1076.0,0,0,0,1076.0
100,MAT00022,P003,SL03,2024,06,1009.0,0,0,0,1009.0
100,MAT00022,P003,SL03,2024,07,1029.0,0,0,0,1029.0
100,MAT00022,P003,SL03,2024,08,1052.0,0,0,0,1052.0
100,MAT00022,P003,SL03,2024,09,1053.0,0,0,0,1053.0
100,MAT00022,P003,SL03,2024,10,990.0,0,0,0,990.0
100,MAT00022,P003,SL03,2024,11,1033.0,0,0,0,1033.0
100,MAT00022,P003,SL03,2024,12,968.0,0,0,0,968.0
100,MAT00023,P001,SL02,2023,01,217.0,0,0,0,217.0
100,MAT00023,P001,SL02,2023,02,183.0,0,0,0,183.0
100,MAT00023,P001,SL02,2023,03,294.0,0,0,0,294.0
100,MAT00023,P001,SL02,2023,04,247.0,0,0,0,247.0
100,MAT00023,P001,SL02,2023,05,319.0,0,0,0,319.0
100,MAT00023,P001,SL02,2023,06,279.0,0,0,0,279.0
100,MAT00023,P001,SL02,2023,07,285.0,0,0,0,285.0
100,MAT00023,P001,SL02,2023,08,277.0,0,0,0,277.0
100,MAT00023,P001,SL02,2023,09,274.0,0,0,0,274.0
100,MAT00023,P001,SL02,2023,10,278.0,0,0,0,278.0
100,MAT00023,P001,SL02,2023,11,201.0,0,0,0,201.0
100,MAT00023,P001,SL02,2023,12,203.0,0,0,0,203.0
100,MAT00023,P001,SL02,2024,01,320.0,0,0,0,320.0
100,MAT00023,P001,SL02,2024,02,412.0,0,0,0,412.0
100,MAT00023,P001,SL02,2024,03,516.0,0,0,0,516.0
100,MAT00023,P001,SL02,2024,04,491.0,0,0,0,491.0
100,MAT00023,P001,SL02,2024,05,475.0,0,0,0,475.0
100,MAT00023,P001,SL02,2024,06,455.0,0,0,0,455.0
100,MAT00023,P001,SL02,2024,07,452.0,0,0,0,452.0
100,MAT00023,P001,SL02,2024,08,465.0,0,0,0,465.0
100,MAT00023,P001,SL02,2024,09,551.0,0,0,0,551.0
100,MAT00023,P001,SL02,2024,10,586.0,0,0,0,586.0
100,MAT00023,P001,SL02,2024,11,543.0,0,0,0,543.0
100,MAT00023,P001,SL02,2024,12,550.0,0,0,0,550.0
100,MAT00023,P002,SL01,2023,01,125.0,0,0,0,125.0
100,MAT00023,P002,SL01,2023,02,92.0,0,0,0,92.0
100,MAT00023,P002,SL01,2023,03,110.0,0,0,0,110.0
100,MAT00023,P002,SL01,2023,04,154.0,0,0,0,154.0
100,MAT00023,P002,SL01,2023,05,82.0,0,0,0,82.0
100,MAT00023,P002,SL01,2023,06,135.0,0,0,0,135.0
100,MAT00023,P002,SL01,2023,07,68.0,0,0,0,68.0
100,MAT00023,P002,SL01,2023,08,106.0,0,0,0,106.0
100,MAT00023,P002,SL01,2023,09,94.0,0,0,0,94.0
100,MAT00023,P002,SL01,2023,10,64.0,0,0,0,64.0
100,MAT00023,P002,SL01,2023,11,176.0,0,0,0,176.0
100,MAT00023,P002,SL01,2023,12,272.0,0,0,0,272.0
100,MAT00023,P002,SL01,2024,01,329.0,0,0,0,329.0
100,MAT00023,P002,SL01,2024,02,344.0,0,0,0,344.0
100,MAT00023,P002,SL01,2024,03,296.0,0,0,0,296.0
100,MAT00023,P002,SL01,2024,04,366.0,0,0,0,366.0
100,MAT00023,P002,SL01,2024,05,399.0,0,0,0,399.0
100,MAT00023,P002,SL01,2024,06,499.0,0,0,0,499.0
100,MAT00023,P002,SL01,2024,07,505.0,0,0,0,505.0
100,MAT00023,P002,SL01,2024,08,614.0,0,0,0,614.0
100,MAT00023,P002,SL01,2024,09,670.0,0,0,0,670.0
100,MAT00023,P002,SL01,2024,10,637.0,0,0,0,637.0
100,MAT00023,P002,SL01,2024,11,688.0,0,0,0,688.0
100,MAT00023,P002,SL01,2024,12,700.0,0,0,0,700.0
100,MAT00023,P003,SL01,2023,01,478.0,0,0,0,478.0
100,MAT00023,P003,SL01,2023,02,419.0,0,0,0,419.0
100,MAT00023,P003,SL01,2023,03,340.0,0,0,0,340.0
100,MAT00023,P003,SL01,2023,04,325.0,0,0,0,325.0
100,MAT00023,P003,SL01,2023,05,320.0,0,0,0,320.0
100,MAT00023,P003,SL01,2023,06,404.0,0,0,0,404.0
100,MAT00023,P003,SL01,2023,07,396.0,0,0,0,396.0
100,MAT00023,P003,SL01,2023,08,440.0,0,0,0,440.0
100,MAT00023,P003,SL01,2023,09,364.0,0,0,0,364.0
100,MAT00023,P003,SL01,2023,10,301.0,0,0,0,301.0
100,MAT00023,P003,SL01,2023,11,236.0,0,0,0,236.0
100,MAT00023,P003,SL01,2023,12,327.0,0,0,0,327.0
100,MAT00023,P003,SL01,2024,01,322.0,0,0,0,322.0
100,MAT00023,P003,SL01,2024,02,289.0,0,0,0,289.0
100,MAT00023,P003,SL01,2024,03,388.0,0,0,0,388.0
100,MAT00023,P003,SL01,2024,04,465.0,0,0,0,465.0
100,MAT00023,P003,SL01,2024,05,533.0,0,0,0,533.0
100,MAT00023,P003,SL01,2024,06,640.0,0,0,0,640.0
100,MAT00023,P003,SL01,2024,07,744.0,0,0,0,744.0
100,MAT00023,P003,SL01,2024,08,732.0,0,0,0,732.0
100,MAT00023,P003,SL01,2024,09,790.0,0,0,0,790.0
100,MAT00023,P003,SL01,2024,10,817.0,0,0,0,817.0
100,MAT00023,P003,SL01,2024,11,842.0,0,0,0,842.0
100,MAT00023,P003,SL01,2024,12,765.0,0,0,0,765.0
100,MAT00024,P001,SL03,2023,01,377.0,0,0,0,377.0
100,MAT00024,P001,SL03,2023,02,465.0,0,0,0,465.0
100,MAT00024,P001,SL03,2023,03,582.0,0,0,0,582.0
100,MAT00024,P001,SL03,2023,04,658.0,0,0,0,658.0
100,MAT00024,P001,SL03,2023,05,737.0,0,0,0,737.0
100,MAT00024,P001,SL03,2023,06,831.0,0,0,0,831.0
100,MAT00024,P001,SL03,2023,07,926.0,0,0,0,926.0
100,MAT00024,P001,SL03,2023,08,1013.0,0,0,0,1013.0
100,MAT00024,P001,SL03,2023,09,1026.0,0,0,0,1026.0
100,MAT00024,P001,SL03,2023,10,1090.0,0,0,0,1090.0
100,MAT00024,P001,SL03,2023,11,1137.0,0,0,0,1137.0
100,MAT00024,P001,SL03,2023,12,1208.0,0,0,0,1208.0
100,MAT00024,P001,SL03,2024,01,1229.0,0,0,0,1229.0
100,MAT00024,P001,SL03,2024,02,1233.0,0,0,0,1233.0
100,MAT00024,P001,SL03,2024,03,1312.0,0,0,0,1312.0
100,MAT00024,P001,SL03,2024,04,1262.0,0,0,0,1262.0
100,MAT00024,P001,SL03,2024,05,1198.0,0,0,0,1198.0
100,MAT00024,P001,SL03,2024,06,1255.0,0,0,0,1255.0
100,MAT00024,P001,SL03,2024,07,1366.0,0,0,0,1366.0
100,MAT00024,P001,SL03,2024,08,1352.0,0,0,0,1352.0
100,MAT00024,P001,SL03,2024,09,1414.0,0,0,0,1414.0
100,MAT00024,P001,SL03,2024,10,1509.0,0,0,0,1509.0
100,MAT00024,P001,SL03,2024,11,1621.0,0,0,0,1621.0
100,MAT00024,P001,SL03,2024,12,1618.0,0,0,0,1618.0
100,MAT00024,P002,SL03,2023,01,0,0,0,0,0
100,MAT00024,P002,SL03,2023,02,86.0,0,0,0,86.0
100,MAT00024,P002,SL03,2023,03,196.0,0,0,0,196.0
100,MAT00024,P002,SL03,2023,04,202.0,0,0,0,202.0
100,MAT00024,P002,SL03,2023,05,188.0,0,0,0,188.0
100,MAT00024,P002,SL03,2023,06,195.0,0,0,0,195.0
100,MAT00024,P002,SL03,2023,07,247.0,0,0,0,247.0
100,MAT00024,P002,SL03,2023,08,172.0,0,0,0,172.0
100,MAT00024,P002,SL03,2023,09,167.0,0,0,0,167.0
100,MAT00024,P002,SL03,2023,10,185.0,0,0,0,185.0
100,MAT00024,P002,SL03,2023,11,121.0,0,0,0,121.0
100,MAT00024,P002,SL03,2023,12,116.0,0,0,0,116.0
100,MAT00024,P002,SL03,2024,01,113.0,0,0,0,113.0
100,MAT00024,P002,SL03,2024,02,71.0,0,0,0,71.0
100,MAT00024,P002,SL03,2024,03,24.0,0,0,0,24.0
100,MAT00024,P002,SL03,2024,04,116.0,0,0,0,116.0
100,MAT00024,P002,SL03,2024,05,123.0,0,0,0,123.0
100,MAT00024,P002,SL03,2024,06,185.0,0,0,0,185.0
100,MAT00024,P002,SL03,2024,07,108.0,0,0,0,108.0
100,MAT00024,P002,SL03,2024,08,201.0,0,0,0,201.0
100,MAT00024,P002,SL03,2024,09,316.0,0,0,0,316.0
100,MAT00024,P002,SL03,2024,10,258.0,0,0,0,258.0
100,MAT00024,P002,SL03,2024,11,315.0,0,0,0,315.0
100,MAT00024,P002,SL03,2024,12,343.0,0,0,0,343.0
100,MAT00024,P003,SL01,2023,01,512.0,0,0,0,512.0
100,MAT00024,P003,SL01,2023,02,739.0,0,0,0,739.0
100,MAT00024,P003,SL01,2023,03,882.0,0,0,0,882.0
100,MAT00024,P003,SL01,2023,04,996.0,0,0,0,996.0
100,MAT00024,P003,SL01,2023,05,1149.0,0,0,0,1149.0
100,MAT00024,P003,SL01,2023,06,1287.0,0,0,0,1287.0
100,MAT00024,P003,SL01,2023,07,1426.0,0,0,0,1426.0
100,MAT00024,P003,SL01,2023,08,1542.0,0,0,0,1542.0
100,MAT00024,P003,SL01,2023,09,1525.0,0,0,0,1525.0
100,MAT00024,P003,SL01,2023,10,1616.0,0,0,0,1616.0
100,MAT00024,P003,SL01,2023,11,1637.0,0,0,0,1637.0
100,MAT00024,P003,SL01,2023,12,1757.0,0,0,0,1757.0
100,MAT00024,P003,SL01,2024,01,1867.0,0,0,0,1867.0
100,MAT00024,P003,SL01,2024,02,2002.0,0,0,0,2002.0
100,MAT00024,P003,SL01,2024,03,2133.0,0,0,0,2133.0
100,MAT00024,P003,SL01,2024,04,2317.0,0,0,0,2317.0
100,MAT00024,P003,SL01,2024,05,2612.0,0,0,0,2612.0
100,MAT00024,P003,SL01,2024,06,2856.0,0,0,0,2856.0
100,MAT00024,P003,SL01,2024,07,2950.0,0,0,0,2950.0
100,MAT00024,P003,SL01,2024,08,3104.0,0,0,0,3104.0
100,MAT00024,P003,SL01,2024,09,3115.0,0,0,0,3115.0
100,MAT00024,P003,SL01,2024,10,3054.0,0,0,0,3054.0
100,MAT00024,P003,SL01,2024,11,3282.0,0,0,0,3282.0
100,MAT00024,P003,SL01,2024,12,3356.0,0,0,0,3356.0
100,MAT00025,P001,SL01,2023,01,590.0,0,0,0,590.0
100,MAT00025,P001,SL01,2023,02,603.0,0,0,0,603.0
100,MAT00025,P001,SL01,2023,03,690.0,0,0,0,690.0
100,MAT00025,P001,SL01,2023,04,760.0,0,0,0,760.0
100,MAT00025,P001,SL01,2023,05,707.0,0,0,0,707.0
100,MAT00025,P001,SL01,2023,06,680.0,0,0,0,680.0
100,MAT00025,P001,SL01,2023,07,724.0,0,0,0,724.0
100,MAT00025,P001,SL01,2023,08,827.0,0,0,0,827.0
100,MAT00025,P001,SL01,2023,09,822.0,0,0,0,822.0
100,MAT00025,P001,SL01,2023,10,754.0,0,0,0,754.0
100,MAT00025,P001,SL01,2023,11,680.0,0,0,0,680.0
100,MAT00025,P001,SL01,2023,12,602.0,0,0,0,602.0
100,MAT00025,P001,SL01,2024,01,717.0,0,0,0,717.0
100,MAT00025,P001,SL01,2024,02,778.0,0,0,0,778.0
100,MAT00025,P001,SL01,2024,03,745.0,0,0,0,745.0
100,MAT00025,P001,SL01,2024,04,829.0,0,0,0,829.0
100,MAT00025,P001,SL01,2024,05,906.0,0,0,0,906.0
100,MAT00025,P001,SL01,2024,06,950.0,0,0,0,950.0
100,MAT00025,P001,SL01,2024,07,999.0,0,0,0,999.0
100,MAT00025,P001,SL01,2024,08,930.0,0,0,0,930.0
100,MAT00025,P001,SL01,2024,09,993.0,0,0,0,993.0
100,MAT00025,P001,SL01,2024,10,1106.0,0,0,0,1106.0
100,MAT00025,P001,SL01,2024,11,1177.0,0,0,0,1177.0
100,MAT00025,P001,SL01,2024,12,1184.0,0,0,0,1184.0
100,MAT00025,P002,SL01,2023,01,348.0,0,0,0,348.0
100,MAT00025,P002,SL01,2023,02,280.0,0,0,0,280.0
100,MAT00025,P002,SL01,2023,03,250.0,0,0,0,250.0
100,MAT00025,P002,SL01,2023,04,229.0,0,0,0,229.0
100,MAT00025,P002,SL01,2023,05,271.0,0,0,0,271.0
100,MAT00025,P002,SL01,2023,06,386.0,0,0,0,386.0
100,MAT00025,P002,SL01,2023,07,380.0,0,0,0,380.0
100,MAT00025,P002,SL01,2023,08,477.0,0,0,0,477.0
100,MAT00025,P002,SL01,2023,09,461.0,0,0,0,461.0
100,MAT00025,P002,SL01,2023,10,467.0,0,0,0,467.0
100,MAT00025,P002,SL01,2023,11,490.0,0,0,0,490.0
100,MAT00025,P002,SL01,2023,12,534.0,0,0,0,534.0
100,MAT00025,P002,SL01,2024,01,571.0,0,0,0,571.0
100,MAT00025,P002,SL01,2024,02,676.0,0,0,0,676.0
100,MAT00025,P002,SL01,2024,03,622.0,0,0,0,622.0
100,MAT00025,P002,SL01,2024,04,695.0,0,0,0,695.0
100,MAT00025,P002,SL01,2024,05,650.0,0,0,0,650.0
100,MAT00025,P002,SL01,2024,06,643.0,0,0,0,643.0
100,MAT00025,P002,SL01,2024,07,694.0,0,0,0,694.0
100,MAT00025,P002,SL01,2024,08,780.0,0,0,0,780.0
100,MAT00025,P002,SL01,2024,09,826.0,0,0,0,826.0
100,MAT00025,P002,SL01,2024,10,748.0,0,0,0,748.0
100,MAT00025,P002,SL01,2024,11,826.0,0,0,0,826.0
100,MAT00025,P002,SL01,2024,12,865.0,0,0,0,865.0
100,MAT00025,P003,SL01,2023,01,64.0,0,0,0,64.0
100,MAT00025,P003,SL01,2023,02,38.0,0,0,0,38.0
100,MAT00025,P003,SL01,2023,03,18.0,0,0,0,18.0
100,MAT00025,P003,SL01,2023,04,137.0,0,0,0,137.0
100,MAT00025,P003,SL01,2023,05,152.0,0,0,0,152.0
100,MAT00025,P003,SL01,2023,06,169.0,0,0,0,169.0
100,MAT00025,P003,SL01,2023,07,193.0,0,0,0,193.0
100,MAT00025,P003,SL01,2023,08,302.0,0,0,0,302.0
100,MAT00025,P003,SL01,2023,09,240.0,0,0,0,240.0
100,MAT00025,P003,SL01,2023,10,315.0,0,0,0,315.0
100,MAT00025,P003,SL01,2023,11,254.0,0,0,0,254.0
100,MAT00025,P003,SL01,2023,12,307.0,0,0,0,307.0
100,MAT00025,P003,SL01,2024,01,279.0,0,0,0,279.0
100,MAT00025,P003,SL01,2024,02,394.0,0,0,0,394.0
100,MAT00025,P003,SL01,2024,03,326.0,0,0,0,326.0
100,MAT00025,P003,SL01,2024,04,361.0,0,0,0,361.0
100,MAT00025,P003,SL01,2024,05,347.0,0,0,0,347.0
100,MAT00025,P003,SL01,2024,06,272.0,0,0,0,272.0
100,MAT00025,P003,SL01,2024,07,381.0,0,0,0,381.0
100,MAT00025,P003,SL01,2024,08,341.0,0,0,0,341.0
100,MAT00025,P003,SL01,2024,09,430.0,0,0,0,430.0
100,MAT00025,P003,SL01,2024,10,440.0,0,0,0,440.0
100,MAT00025,P003,SL01,2024,11,510.0,0,0,0,510.0
100,MAT00025,P003,SL01,2024,12,490.0,0,0,0,490.0
100,MAT00026,P001,SL01,2023,01,481.0,0,0,0,481.0
100,MAT00026,P001,SL01,2023,02,436.0,0,0,0,436.0
100,MAT00026,P001,SL01,2023,03,421.0,0,0,0,421.0
100,MAT00026,P001,SL01,2023,04,443.0,0,0,0,443.0
100,MAT00026,P001,SL01,2023,05,441.0,0,0,0,441.0
100,MAT00026,P001,SL01,2023,06,483.0,0,0,0,483.0
100,MAT00026,P001,SL01,2023,07,404.0,0,0,0,404.0
100,MAT00026,P001,SL01,2023,08,443.0,0,0,0,443.0
100,MAT00026,P001,SL01,2023,09,406.0,0,0,0,406.0
100,MAT00026,P001,SL01,2023,10,463.0,0,0,0,463.0
100,MAT00026,P001,SL01,2023,11,451.0,0,0,0,451.0
100,MAT00026,P001,SL01,2023,12,461.0,0,0,0,461.0
100,MAT00026,P001,SL01,2024,01,519.0,0,0,0,519.0
100,MAT00026,P001,SL01,2024,02,512.0,0,0,0,512.0
100,MAT00026,P001,SL01,2024,03,500.0,0,0,0,500.0
100,MAT00026,P001,SL01,2024,04,422.0,0,0,0,422.0
100,MAT00026,P001,SL01,2024,05,386.0,0,0,0,386.0
100,MAT00026,P001,SL01,2024,06,400.0,0,0,0,400.0
100,MAT00026,P001,SL01,2024,07,471.0,0,0,0,471.0
100,MAT00026,P001,SL01,2024,08,509.0,0,0,0,509.0
100,MAT00026,P001,SL01,2024,09,530.0,0,0,0,530.0
100,MAT00026,P001,SL01,2024,10,461.0,0,0,0,461.0
100,MAT00026,P001,SL01,2024,11,535.0,0,0,0,535.0
100,MAT00026,P001,SL01,2024,12,461.0,0,0,0,461.0
100,MAT00026,P002,SL01,2023,01,309.0,0,0,0,309.0
100,MAT00026,P002,SL01,2023,02,377.0,0,0,0,377.0
100,MAT00026,P002,SL01,2023,03,450.0,0,0,0,450.0
100,MAT00026,P002,SL01,2023,04,521.0,0,0,0,521.0
100,MAT00026,P002,SL01,2023,05,557.0,0,0,0,557.0
100,MAT00026,P002,SL01,2023,06,526.0,0,0,0,526.0
100,MAT00026,P002,SL01,2023,07,457.0,0,0,0,457.0
100,MAT00026,P002,SL01,2023,08,462.0,0,0,0,462.0
100,MAT00026,P002,SL01,2023,09,530.0,0,0,0,530.0
100,MAT00026,P002,SL01,2023,10,499.0,0,0,0,499.0
100,MAT00026,P002,SL01,2023,11,493.0,0,0,0,493.0
100,MAT00026,P002,SL01,2023,12,564.0,0,0,0,564.0
100,MAT00026,P002,SL01,2024,01,597.0,0,0,0,597.0
100,MAT00026,P002,SL01,2024,02,605.0,0,0,0,605.0
100,MAT00026,P002,SL01,2024,03,639.0,0,0,0,639.0
100,MAT00026,P002,SL01,2024,04,704.0,0,0,0,704.0
100,MAT00026,P002,SL01,2024,05,640.0,0,0,0,640.0
100,MAT00026,P002,SL01,2024,06,719.0,0,0,0,719.0
100,MAT00026,P002,SL01,2024,07,719.0,0,0,0,719.0
100,MAT00026,P002,SL01,2024,08,703.0,0,0,0,703.0
100,MAT00026,P002,SL01,2024,09,659.0,0,0,0,659.0
100,MAT00026,P002,SL01,2024,10,710.0,0,0,0,710.0
100,MAT00026,P002,SL01,2024,11,789.0,0,0,0,789.0
100,MAT00026,P002,SL01,2024,12,754.0,0,0,0,754.0
100,MAT00026,P003,SL02,2023,01,419.0,0,0,0,419.0
100,MAT00026,P003,SL02,2023,02,394.0,0,0,0,394.0
100,MAT00026,P003,SL02,2023,03,356.0,0,0,0,356.0
100,MAT00026,P003,SL02,2023,04,427.0,0,0,0,427.0
100,MAT00026,P003,SL02,2023,05,435.0,0,0,0,435.0
100,MAT00026,P003,SL02,2023,06,450.0,0,0,0,450.0
100,MAT00026,P003,SL02,2023,07,488.0,0,0,0,488.0
100,MAT00026,P003,SL02,2023,08,442.0,0,0,0,442.0
100,MAT00026,P003,SL02,2023,09,467.0,0,0,0,467.0
100,MAT00026,P003,SL02,2023,10,515.0,0,0,0,515.0
100,MAT00026,P003,SL02,2023,11,610.0,0,0,0,610.0
100,MAT00026,P003,SL02,2023,12,577.0,0,0,0,577.0
100,MAT00026,P003,SL02,2024,01,568.0,0,0,0,568.0
100,MAT00026,P003,SL02,2024,02,492.0,0,0,0,492.0
100,MAT00026,P003,SL02,2024,03,424.0,0,0,0,424.0
100,MAT00026,P003,SL02,2024,04,378.0,0,0,0,378.0
100,MAT00026,P003,SL02,2024,05,397.0,0,0,0,397.0
100,MAT00026,P003,SL02,2024,06,444.0,0,0,0,444.0
100,MAT00026,P003,SL02,2024,07,390.0,0,0,0,390.0
100,MAT00026,P003,SL02,2024,08,331.0,0,0,0,331.0
100,MAT00026,P003,SL02,2024,09,401.0,0,0,0,401.0
100,MAT00026,P003,SL02,2024,10,361.0,0,0,0,361.0
100,MAT00026,P003,SL02,2024,11,349.0,0,0,0,349.0
100,MAT00026,P003,SL02,2024,12,303.0,0,0,0,303.0
100,MAT00027,P001,SL03,2023,01,256.0,0,0,0,256.0
100,MAT00027,P001,SL03,2023,02,310.0,0,0,0,310.0
100,MAT00027,P001,SL03,2023,03,258.0,0,0,0,258.0
100,MAT00027,P001,SL03,2023,04,279.0,0,0,0,279.0
100,MAT00027,P001,SL03,2023,05,200.0,0,0,0,200.0
100,MAT00027,P001,SL03,2023,06,151.0,0,0,0,151.0
100,MAT00027,P001,SL03,2023,07,71.0,0,0,0,71.0
100,MAT00027,P001,SL03,2023,08,0,0,0,0,0
100,MAT00027,P001,SL03,2023,09,0,0,0,0,0
100,MAT00027,P001,SL03,2023,10,0,0,0,0,0
100,MAT00027,P001,SL03,2023,11,0,0,0,0,0
100,MAT00027,P001,SL03,2023,12,0,0,0,0,0
100,MAT00027,P001,SL03,2024,01,68.0,0,0,0,68.0
100,MAT00027,P001,SL03,2024,02,163.0,0,0,0,163.0
100,MAT00027,P001,SL03,2024,03,227.0,0,0,0,227.0
100,MAT00027,P001,SL03,2024,04,150.0,0,0,0,150.0
100,MAT00027,P001,SL03,2024,05,241.0,0,0,0,241.0
100,MAT00027,P001,SL03,2024,06,282.0,0,0,0,282.0
100,MAT00027,P001,SL03,2024,07,238.0,0,0,0,238.0
100,MAT00027,P001,SL03,2024,08,114.0,0,0,0,114.0
100,MAT00027,P001,SL03,2024,09,0,0,0,0,0
100,MAT00027,P001,SL03,2024,10,0,0,0,0,0
100,MAT00027,P001,SL03,2024,11,0,0,0,0,0
100,MAT00027,P001,SL03,2024,12,0,0,0,0,0
100,MAT00027,P002,SL02,2023,01,417.0,0,0,0,417.0
100,MAT00027,P002,SL02,2023,02,518.0,0,0,0,518.0
100,MAT00027,P002,SL02,2023,03,637.0,0,0,0,637.0
100,MAT00027,P002,SL02,2023,04,754.0,0,0,0,754.0
100,MAT00027,P002,SL02,2023,05,864.0,0,0,0,864.0
100,MAT00027,P002,SL02,2023,06,785.0,0,0,0,785.0
100,MAT00027,P002,SL02,2023,07,763.0,0,0,0,763.0
100,MAT00027,P002,SL02,2023,08,733.0,0,0,0,733.0
100,MAT00027,P002,SL02,2023,09,768.0,0,0,0,768.0
100,MAT00027,P002,SL02,2023,10,854.0,0,0,0,854.0
100,MAT00027,P002,SL02,2023,11,842.0,0,0,0,842.0
100,MAT00027,P002,SL02,2023,12,851.0,0,0,0,851.0
100,MAT00027,P002,SL02,2024,01,899.0,0,0,0,899.0
100,MAT00027,P002,SL02,2024,02,987.0,0,0,0,987.0
100,MAT00027,P002,SL02,2024,03,918.0,0,0,0,918.0
100,MAT00027,P002,SL02,2024,04,887.0,0,0,0,887.0
100,MAT00027,P002,SL02,2024,05,883.0,0,0,0,883.0
100,MAT00027,P002,SL02,2024,06,931.0,0,0,0,931.0
100,MAT00027,P002,SL02,2024,07,864.0,0,0,0,864.0
100,MAT00027,P002,SL02,2024,08,977.0,0,0,0,977.0
100,MAT00027,P002,SL02,2024,09,1004.0,0,0,0,1004.0
100,MAT00027,P002,SL02,2024,10,985.0,0,0,0,985.0
100,MAT00027,P002,SL02,2024,11,991.0,0,0,0,991.0
100,MAT00027,P002,SL02,2024,12,1104.0,0,0,0,1104.0
100,MAT00027,P003,SL02,2023,01,466.0,0,0,0,466.0
100,MAT00027,P003,SL02,2023,02,708.0,0,0,0,708.0
100,MAT00027,P003,SL02,2023,03,884.0,0,0,0,884.0
100,MAT00027,P003,SL02,2023,04,1015.0,0,0,0,1015.0
100,MAT00027,P003,SL02,2023,05,1182.0,0,0,0,1182.0
100,MAT00027,P003,SL02,2023,06,1350.0,0,0,0,1350.0
100,MAT00027,P003,SL02,2023,07,1566.0,0,0,0,1566.0
100,MAT00027,P003,SL02,2023,08,1635.0,0,0,0,1635.0
100,MAT00027,P003,SL02,2023,09,1886.0,0,0,0,1886.0
100,MAT00027,P003,SL02,2023,10,1972.0,0,0,0,1972.0
100,MAT00027,P003,SL02,2023,11,2005.0,0,0,0,2005.0
100,MAT00027,P003,SL02,2023,12,2267.0,0,0,0,2267.0
100,MAT00027,P003,SL02,2024,01,2466.0,0,0,0,2466.0
100,MAT00027,P003,SL02,2024,02,2720.0,0,0,0,2720.0
100,MAT00027,P003,SL02,2024,03,2897.0,0,0,0,2897.0
100,MAT00027,P003,SL02,2024,04,2996.0,0,0,0,2996.0
100,MAT00027,P003,SL02,2024,05,3050.0,0,0,0,3050.0
100,MAT00027,P003,SL02,2024,06,3111.0,0,0,0,3111.0
100,MAT00027,P003,SL02,2024,07,3308.0,0,0,0,3308.0
100,MAT00027,P003,SL02,2024,08,3484.0,0,0,0,3484.0
100,MAT00027,P003,SL02,2024,09,3702.0,0,0,0,3702.0
100,MAT00027,P003,SL02,2024,10,3848.0,0,0,0,3848.0
100,MAT00027,P003,SL02,2024,11,3961.0,0,0,0,3961.0
100,MAT00027,P003,SL02,2024,12,4145.0,0,0,0,4145.0
100,MAT00028,P001,SL03,2023,01,427.0,0,0,0,427.0
100,MAT00028,P001,SL03,2023,02,452.0,0,0,0,452.0
100,MAT00028,P001,SL03,2023,03,565.0,0,0,0,565.0
100,MAT00028,P001,SL03,2023,04,504.0,0,0,0,504.0
100,MAT00028,P001,SL03,2023,05,483.0,0,0,0,483.0
100,MAT00028,P001,SL03,2023,06,589.0,0,0,0,589.0
100,MAT00028,P001,SL03,2023,07,696.0,0,0,0,696.0
100,MAT00028,P001,SL03,2023,08,720.0,0,0,0,720.0
100,MAT00028,P001,SL03,2023,09,666.0,0,0,0,666.0
100,MAT00028,P001,SL03,2023,10,639.0,0,0,0,639.0
100,MAT00028,P001,SL03,2023,11,691.0,0,0,0,691.0
100,MAT00028,P001,SL03,2023,12,731.0,0,0,0,731.0
100,MAT00028,P001,SL03,2024,01,821.0,0,0,0,821.0
100,MAT00028,P001,SL03,2024,02,741.0,0,0,0,741.0
100,MAT00028,P001,SL03,2024,03,770.0,0,0,0,770.0
100,MAT00028,P001,SL03,2024,04,853.0,0,0,0,853.0
100,MAT00028,P001,SL03,2024,05,887.0,0,0,0,887.0
100,MAT00028,P001,SL03,2024,06,924.0,0,0,0,924.0
100,MAT00028,P001,SL03,2024,07,849.0,0,0,0,849.0
100,MAT00028,P001,SL03,2024,08,808.0,0,0,0,808.0
100,MAT00028,P001,SL03,2024,09,883.0,0,0,0,883.0
100,MAT00028,P001,SL03,2024,10,854.0,0,0,0,854.0
100,MAT00028,P001,SL03,2024,11,962.0,0,0,0,962.0
100,MAT00028,P001,SL03,2024,12,1031.0,0,0,0,1031.0
100,MAT00028,P002,SL02,2023,01,137.0,0,0,0,137.0
100,MAT00028,P002,SL02,2023,02,61.0,0,0,0,61.0
100,MAT00028,P002,SL02,2023,03,141.0,0,0,0,141.0
100,MAT00028,P002,SL02,2023,04,121.0,0,0,0,121.0
100,MAT00028,P002,SL02,2023,05,153.0,0,0,0,153.0
100,MAT00028,P002,SL02,2023,06,223.0,0,0,0,223.0
100,MAT00028,P002,SL02,2023,07,177.0,0,0,0,177.0
100,MAT00028,P002,SL02,2023,08,276.0,0,0,0,276.0
100,MAT00028,P002,SL02,2023,09,258.0,0,0,0,258.0
100,MAT00028,P002,SL02,2023,10,266.0,0,0,0,266.0
100,MAT00028,P002,SL02,2023,11,202.0,0,0,0,202.0
100,MAT00028,P002,SL02,2023,12,290.0,0,0,0,290.0
100,MAT00028,P002,SL02,2024,01,262.0,0,0,0,262.0
100,MAT00028,P002,SL02,2024,02,359.0,0,0,0,359.0
100,MAT00028,P002,SL02,2024,03,326.0,0,0,0,326.0
100,MAT00028,P002,SL02,2024,04,404.0,0,0,0,404.0
100,MAT00028,P002,SL02,2024,05,422.0,0,0,0,422.0
100,MAT00028,P002,SL02,2024,06,475.0,0,0,0,475.0
100,MAT00028,P002,SL02,2024,07,408.0,0,0,0,408.0
100,MAT00028,P002,SL02,2024,08,359.0,0,0,0,359.0
100,MAT00028,P002,SL02,2024,09,351.0,0,0,0,351.0
100,MAT00028,P002,SL02,2024,10,366.0,0,0,0,366.0
100,MAT00028,P002,SL02,2024,11,400.0,0,0,0,400.0
100,MAT00028,P002,SL02,2024,12,501.0,0,0,0,501.0
100,MAT00028,P003,SL02,2023,01,427.0,0,0,0,427.0
100,MAT00028,P003,SL02,2023,02,366.0,0,0,0,366.0
100,MAT00028,P003,SL02,2023,03,448.0,0,0,0,448.0
100,MAT00028,P003,SL02,2023,04,498.0,0,0,0,498.0
100,MAT00028,P003,SL02,2023,05,536.0,0,0,0,536.0
100,MAT00028,P003,SL02,2023,06,464.0,0,0,0,464.0
100,MAT00028,P003,SL02,2023,07,545.0,0,0,0,545.0
100,MAT00028,P003,SL02,2023,08,654.0,0,0,0,654.0
100,MAT00028,P003,SL02,2023,09,598.0,0,0,0,598.0
100,MAT00028,P003,SL02,2023,10,584.0,0,0,0,584.0
100,MAT00028,P003,SL02,2023,11,621.0,0,0,0,621.0
100,MAT00028,P003,SL02,2023,12,720.0,0,0,0,720.0
100,MAT00028,P003,SL02,2024,01,831.0,0,0,0,831.0
100,MAT00028,P003,SL02,2024,02,889.0,0,0,0,889.0
100,MAT00028,P003,SL02,2024,03,872.0,0,0,0,872.0
100,MAT00028,P003,SL02,2024,04,948.0,0,0,0,948.0
100,MAT00028,P003,SL02,2024,05,954.0,0,0,0,954.0
100,MAT00028,P003,SL02,2024,06,950.0,0,0,0,950.0
100,MAT00028,P003,SL02,2024,07,1063.0,0,0,0,1063.0
100,MAT00028,P003,SL02,2024,08,1120.0,0,0,0,1120.0
100,MAT00028,P003,SL02,2024,09,1147.0,0,0,0,1147.0
100,MAT00028,P003,SL02,2024,10,1158.0,0,0,0,1158.0
100,MAT00028,P003,SL02,2024,11,1087.0,0,0,0,1087.0
100,MAT00028,P003,SL02,2024,12,1128.0,0,0,0,1128.0
100,MAT00029,P001,SL01,2023,01,529.0,0,0,0,529.0
100,MAT00029,P001,SL01,2023,02,762.0,0,0,0,762.0
100,MAT00029,P001,SL01,2023,03,951.0,0,0,0,951.0
100,MAT00029,P001,SL01,2023,04,1045.0,0,0,0,1045.0
100,MAT00029,P001,SL01,2023,05,1308.0,0,0,0,1308.0
100,MAT00029,P001,SL01,2023,06,1437.0,0,0,0,1437.0
100,MAT00029,P001,SL01,2023,07,1482.0,0,0,0,1482.0
100,MAT00029,P001,SL01,2023,08,1574.0,0,0,0,1574.0
100,MAT00029,P001,SL01,2023,09,1647.0,0,0,0,1647.0
100,MAT00029,P001,SL01,2023,10,1772.0,0,0,0,1772.0
100,MAT00029,P001,SL01,2023,11,2021.0,0,0,0,2021.0
100,MAT00029,P001,SL01,2023,12,2168.0,0,0,0,2168.0
100,MAT00029,P001,SL01,2024,01,2273.0,0,0,0,2273.0
100,MAT00029,P001,SL01,2024,02,2348.0,0,0,0,2348.0
100,MAT00029,P001,SL01,2024,03,2537.0,0,0,0,2537.0
100,MAT00029,P001,SL01,2024,04,2676.0,0,0,0,2676.0
100,MAT00029,P001,SL01,2024,05,2807.0,0,0,0,2807.0
100,MAT00029,P001,SL01,2024,06,2965.0,0,0,0,2965.0
100,MAT00029,P001,SL01,2024,07,3248.0,0,0,0,3248.0
100,MAT00029,P001,SL01,2024,08,3328.0,0,0,0,3328.0
100,MAT00029,P001,SL01,2024,09,3393.0,0,0,0,3393.0
100,MAT00029,P001,SL01,2024,10,3544.0,0,0,0,3544.0
100,MAT00029,P001,SL01,2024,11,3672.0,0,0,0,3672.0
100,MAT00029,P001,SL01,2024,12,3806.0,0,0,0,3806.0
100,MAT00029,P002,SL01,2023,01,59.0,0,0,0,59.0
100,MAT00029,P002,SL01,2023,02,17.0,0,0,0,17.0
100,MAT00029,P002,SL01,2023,03,12.0,0,0,0,12.0
100,MAT00029,P002,SL01,2023,04,0,0,0,0,0
100,MAT00029,P002,SL01,2023,05,87.0,0,0,0,87.0
100,MAT00029,P002,SL01,2023,06,198.0,0,0,0,198.0
100,MAT00029,P002,SL01,2023,07,126.0,0,0,0,126.0
100,MAT00029,P002,SL01,2023,08,74.0,0,0,0,74.0
100,MAT00029,P002,SL01,2023,09,5.0,0,0,0,5.0
100,MAT00029,P002,SL01,2023,10,68.0,0,0,0,68.0
100,MAT00029,P002,SL01,2023,11,48.0,0,0,0,48.0
100,MAT00029,P002,SL01,2023,12,146.0,0,0,0,146.0
100,MAT00029,P002,SL01,2024,01,122.0,0,0,0,122.0
100,MAT00029,P002,SL01,2024,02,153.0,0,0,0,153.0
100,MAT00029,P002,SL01,2024,03,160.0,0,0,0,160.0
100,MAT00029,P002,SL01,2024,04,209.0,0,0,0,209.0
100,MAT00029,P002,SL01,2024,05,295.0,0,0,0,295.0
100,MAT00029,P002,SL01,2024,06,216.0,0,0,0,216.0
100,MAT00029,P002,SL01,2024,07,151.0,0,0,0,151.0
100,MAT00029,P002,SL01,2024,08,194.0,0,0,0,194.0
100,MAT00029,P002,SL01,2024,09,194.0,0,0,0,194.0
100,MAT00029,P002,SL01,2024,10,166.0,0,0,0,166.0
100,MAT00029,P002,SL01,2024,11,220.0,0,0,0,220.0
100,MAT00029,P002,SL01,2024,12,220.0,0,0,0,220.0
100,MAT00029,P003,SL01,2023,01,135.0,0,0,0,135.0
100,MAT00029,P003,SL01,2023,02,173.0,0,0,0,173.0
100,MAT00029,P003,SL01,2023,03,181.0,0,0,0,181.0
100,MAT00029,P003,SL01,2023,04,196.0,0,0,0,196.0
100,MAT00029,P003,SL01,2023,05,170.0,0,0,0,170.0
100,MAT00029,P003,SL01,2023,06,256.0,0,0,0,256.0
100,MAT00029,P003,SL01,2023,07,218.0,0,0,0,218.0
100,MAT00029,P003,SL01,2023,08,225.0,0,0,0,225.0
100,MAT00029,P003,SL01,2023,09,195.0,0,0,0,195.0
100,MAT00029,P003,SL01,2023,10,136.0,0,0,0,136.0
100,MAT00029,P003,SL01,2023,11,110.0,0,0,0,110.0
100,MAT00029,P003,SL01,2023,12,185.0,0,0,0,185.0
100,MAT00029,P003,SL01,2024,01,170.0,0,0,0,170.0
100,MAT00029,P003,SL01,2024,02,202.0,0,0,0,202.0
100,MAT00029,P003,SL01,2024,03,255.0,0,0,0,255.0
100,MAT00029,P003,SL01,2024,04,283.0,0,0,0,283.0
100,MAT00029,P003,SL01,2024,05,365.0,0,0,0,365.0
100,MAT00029,P003,SL01,2024,06,446.0,0,0,0,446.0
100,MAT00029,P003,SL01,2024,07,465.0,0,0,0,465.0
100,MAT00029,P003,SL01,2024,08,465.0,0,0,0,465.0
100,MAT00029,P003,SL01,2024,09,565.0,0,0,0,565.0
100,MAT00029,P003,SL01,2024,10,579.0,0,0,0,579.0
100,MAT00029,P003,SL01,2024,11,674.0,0,0,0,674.0
100,MAT00029,P003,SL01,2024,12,778.0,0,0,0,778.0
100,MAT00030,P001,SL02,2023,01,433.0,0,0,0,433.0
100,MAT00030,P001,SL02,2023,02,528.0,0,0,0,528.0
100,MAT00030,P001,SL02,2023,03,619.0,0,0,0,619.0
100,MAT00030,P001,SL02,2023,04,539.0,0,0,0,539.0
100,MAT00030,P001,SL02,2023,05,499.0,0,0,0,499.0
100,MAT00030,P001,SL02,2023,06,576.0,0,0,0,576.0
100,MAT00030,P001,SL02,2023,07,605.0,0,0,0,605.0
100,MAT00030,P001,SL02,2023,08,621.0,0,0,0,621.0
100,MAT00030,P001,SL02,2023,09,564.0,0,0,0,564.0
100,MAT00030,P001,SL02,2023,10,656.0,0,0,0,656.0
100,MAT00030,P001,SL02,2023,11,608.0,0,0,0,608.0
100,MAT00030,P001,SL02,2023,12,688.0,0,0,0,688.0
100,MAT00030,P001,SL02,2024,01,681.0,0,0,0,681.0
100,MAT00030,P001,SL02,2024,02,691.0,0,0,0,691.0
100,MAT00030,P001,SL02,2024,03,660.0,0,0,0,660.0
100,MAT00030,P001,SL02,2024,04,683.0,0,0,0,683.0
100,MAT00030,P001,SL02,2024,05,689.0,0,0,0,689.0
100,MAT00030,P001,SL02,2024,06,699.0,0,0,0,699.0
100,MAT00030,P001,SL02,2024,07,675.0,0,0,0,675.0
100,MAT00030,P001,SL02,2024,08,769.0,0,0,0,769.0
100,MAT00030,P001,SL02,2024,09,877.0,0,0,0,877.0
100,MAT00030,P001,SL02,2024,10,935.0,0,0,0,935.0
100,MAT00030,P001,SL02,2024,11,942.0,0,0,0,942.0
100,MAT00030,P001,SL02,2024,12,915.0,0,0,0,915.0
100,MAT00030,P002,SL03,2023,01,391.0,0,0,0,391.0
100,MAT00030,P002,SL03,2023,02,312.0,0,0,0,312.0
100,MAT00030,P002,SL03,2023,03,334.0,0,0,0,334.0
100,MAT00030,P002,SL03,2023,04,365.0,0,0,0,365.0
100,MAT00030,P002,SL03,2023,05,402.0,0,0,0,402.0
100,MAT00030,P002,SL03,2023,06,421.0,0,0,0,421.0
100,MAT00030,P002,SL03,2023,07,438.0,0,0,0,438.0
100,MAT00030,P002,SL03,2023,08,547.0,0,0,0,547.0
100,MAT00030,P002,SL03,2023,09,534.0,0,0,0,534.0
100,MAT00030,P002,SL03,2023,10,597.0,0,0,0,597.0
100,MAT00030,P002,SL03,2023,11,663.0,0,0,0,663.0
100,MAT00030,P002,SL03,2023,12,633.0,0,0,0,633.0
100,MAT00030,P002,SL03,2024,01,694.0,0,0,0,694.0
100,MAT00030,P002,SL03,2024,02,644.0,0,0,0,644.0
100,MAT00030,P002,SL03,2024,03,752.0,0,0,0,752.0
100,MAT00030,P002,SL03,2024,04,858.0,0,0,0,858.0
100,MAT00030,P002,SL03,2024,05,798.0,0,0,0,798.0
100,MAT00030,P002,SL03,2024,06,911.0,0,0,0,911.0
100,MAT00030,P002,SL03,2024,07,908.0,0,0,0,908.0
100,MAT00030,P002,SL03,2024,08,869.0,0,0,0,869.0
100,MAT00030,P002,SL03,2024,09,930.0,0,0,0,930.0
100,MAT00030,P002,SL03,2024,10,925.0,0,0,0,925.0
100,MAT00030,P002,SL03,2024,11,887.0,0,0,0,887.0
100,MAT00030,P002,SL03,2024,12,975.0,0,0,0,975.0
100,MAT00030,P003,SL02,2023,01,92.0,0,0,0,92.0
100,MAT00030,P003,SL02,2023,02,114.0,0,0,0,114.0
100,MAT00030,P003,SL02,2023,03,190.0,0,0,0,190.0
100,MAT00030,P003,SL02,2023,04,182.0,0,0,0,182.0
100,MAT00030,P003,SL02,2023,05,167.0,0,0,0,167.0
100,MAT00030,P003,SL02,2023,06,105.0,0,0,0,105.0
100,MAT00030,P003,SL02,2023,07,152.0,0,0,0,152.0
100,MAT00030,P003,SL02,2023,08,252.0,0,0,0,252.0
100,MAT00030,P003,SL02,2023,09,269.0,0,0,0,269.0
100,MAT00030,P003,SL02,2023,10,334.0,0,0,0,334.0
100,MAT00030,P003,SL02,2023,11,434.0,0,0,0,434.0
100,MAT00030,P003,SL02,2023,12,395.0,0,0,0,395.0
100,MAT00030,P003,SL02,2024,01,455.0,0,0,0,455.0
100,MAT00030,P003,SL02,2024,02,480.0,0,0,0,480.0
100,MAT00030,P003,SL02,2024,03,537.0,0,0,0,537.0
100,MAT00030,P003,SL02,2024,04,508.0,0,0,0,508.0
100,MAT00030,P003,SL02,2024,05,589.0,0,0,0,589.0
100,MAT00030,P003,SL02,2024,06,670.0,0,0,0,670.0
100,MAT00030,P003,SL02,2024,07,682.0,0,0,0,682.0
100,MAT00030,P003,SL02,2024,08,739.0,0,0,0,739.0
100,MAT00030,P003,SL02,2024,09,679.0,0,0,0,679.0
100,MAT00030,P003,SL02,2024,10,690.0,0,0,0,690.0
100,MAT00030,P003,SL02,2024,11,695.0,0,0,0,695.0
100,MAT00030,P003,SL02,2024,12,650.0,0,0,0,650.0
100,MAT00031,P001,SL02,2023,01,365.0,0,0,0,365.0
100,MAT00031,P001,SL02,2023,02,415.0,0,0,0,415.0
100,MAT00031,P001,SL02,2023,03,337.0,0,0,0,337.0
100,MAT00031,P001,SL02,2023,04,272.0,0,0,0,272.0
100,MAT00031,P001,SL02,2023,05,360.0,0,0,0,360.0
100,MAT00031,P001,SL02,2023,06,368.0,0,0,0,368.0
100,MAT00031,P001,SL02,2023,07,394.0,0,0,0,394.0
100,MAT00031,P001,SL02,2023,08,390.0,0,0,0,390.0
100,MAT00031,P001,SL02,2023,09,332.0,0,0,0,332.0
100,MAT00031,P001,SL02,2023,10,412.0,0,0,0,412.0
100,MAT00031,P001,SL02,2023,11,339.0,0,0,0,339.0
100,MAT00031,P001,SL02,2023,12,445.0,0,0,0,445.0
100,MAT00031,P001,SL02,2024,01,458.0,0,0,0,458.0
100,MAT00031,P001,SL02,2024,02,408.0,0,0,0,408.0
100,MAT00031,P001,SL02,2024,03,418.0,0,0,0,418.0
100,MAT00031,P001,SL02,2024,04,397.0,0,0,0,397.0
100,MAT00031,P001,SL02,2024,05,415.0,0,0,0,415.0
100,MAT00031,P001,SL02,2024,06,482.0,0,0,0,482.0
100,MAT00031,P001,SL02,2024,07,430.0,0,0,0,430.0
100,MAT00031,P001,SL02,2024,08,473.0,0,0,0,473.0
100,MAT00031,P001,SL02,2024,09,529.0,0,0,0,529.0
100,MAT00031,P001,SL02,2024,10,581.0,0,0,0,581.0
100,MAT00031,P001,SL02,2024,11,557.0,0,0,0,557.0
100,MAT00031,P001,SL02,2024,12,552.0,0,0,0,552.0
100,MAT00031,P002,SL01,2023,01,407.0,0,0,0,407.0
100,MAT00031,P002,SL01,2023,02,365.0,0,0,0,365.0
100,MAT00031,P002,SL01,2023,03,435.0,0,0,0,435.0
100,MAT00031,P002,SL01,2023,04,427.0,0,0,0,427.0
100,MAT00031,P002,SL01,2023,05,440.0,0,0,0,440.0
100,MAT00031,P002,SL01,2023,06,531.0,0,0,0,531.0
100,MAT00031,P002,SL01,2023,07,457.0,0,0,0,457.0
100,MAT00031,P002,SL01,2023,08,409.0,0,0,0,409.0
100,MAT00031,P002,SL01,2023,09,517.0,0,0,0,517.0
100,MAT00031,P002,SL01,2023,10,445.0,0,0,0,445.0
100,MAT00031,P002,SL01,2023,11,461.0,0,0,0,461.0
100,MAT00031,P002,SL01,2023,12,461.0,0,0,0,461.0
100,MAT00031,P002,SL01,2024,01,541.0,0,0,0,541.0
100,MAT00031,P002,SL01,2024,02,658.0,0,0,0,658.0
100,MAT00031,P002,SL01,2024,03,742.0,0,0,0,742.0
100,MAT00031,P002,SL01,2024,04,784.0,0,0,0,784.0
100,MAT00031,P002,SL01,2024,05,717.0,0,0,0,717.0
100,MAT00031,P002,SL01,2024,06,740.0,0,0,0,740.0
100,MAT00031,P002,SL01,2024,07,786.0,0,0,0,786.0
100,MAT00031,P002,SL01,2024,08,772.0,0,0,0,772.0
100,MAT00031,P002,SL01,2024,09,870.0,0,0,0,870.0
100,MAT00031,P002,SL01,2024,10,935.0,0,0,0,935.0
100,MAT00031,P002,SL01,2024,11,1023.0,0,0,0,1023.0
100,MAT00031,P002,SL01,2024,12,1126.0,0,0,0,1126.0
100,MAT00031,P003,SL03,2023,01,76.0,0,0,0,76.0
100,MAT00031,P003,SL03,2023,02,73.0,0,0,0,73.0
100,MAT00031,P003,SL03,2023,03,125.0,0,0,0,125.0
100,MAT00031,P003,SL03,2023,04,210.0,0,0,0,210.0
100,MAT00031,P003,SL03,2023,05,216.0,0,0,0,216.0
100,MAT00031,P003,SL03,2023,06,221.0,0,0,0,221.0
100,MAT00031,P003,SL03,2023,07,227.0,0,0,0,227.0
100,MAT00031,P003,SL03,2023,08,288.0,0,0,0,288.0
100,MAT00031,P003,SL03,2023,09,344.0,0,0,0,344.0
100,MAT00031,P003,SL03,2023,10,345.0,0,0,0,345.0
100,MAT00031,P003,SL03,2023,11,307.0,0,0,0,307.0
100,MAT00031,P003,SL03,2023,12,423.0,0,0,0,423.0
100,MAT00031,P003,SL03,2024,01,496.0,0,0,0,496.0
100,MAT00031,P003,SL03,2024,02,428.0,0,0,0,428.0
100,MAT00031,P003,SL03,2024,03,378.0,0,0,0,378.0
100,MAT00031,P003,SL03,2024,04,418.0,0,0,0,418.0
100,MAT00031,P003,SL03,2024,05,477.0,0,0,0,477.0
100,MAT00031,P003,SL03,2024,06,474.0,0,0,0,474.0
100,MAT00031,P003,SL03,2024,07,474.0,0,0,0,474.0
100,MAT00031,P003,SL03,2024,08,466.0,0,0,0,466.0
100,MAT00031,P003,SL03,2024,09,540.0,0,0,0,540.0
100,MAT00031,P003,SL03,2024,10,536.0,0,0,0,536.0
100,MAT00031,P003,SL03,2024,11,583.0,0,0,0,583.0
100,MAT00031,P003,SL03,2024,12,559.0,0,0,0,559.0
100,MAT00032,P001,SL02,2023,01,175.0,0,0,0,175.0
100,MAT00032,P001,SL02,2023,02,201.0,0,0,0,201.0
100,MAT00032,P001,SL02,2023,03,257.0,0,0,0,257.0
100,MAT00032,P001,SL02,2023,04,204.0,0,0,0,204.0
100,MAT00032,P001,SL02,2023,05,203.0,0,0,0,203.0
100,MAT00032,P001,SL02,2023,06,131.0,0,0,0,131.0
100,MAT00032,P001,SL02,2023,07,182.0,0,0,0,182.0
100,MAT00032,P001,SL02,2023,08,257.0,0,0,0,257.0
100,MAT00032,P001,SL02,2023,09,273.0,0,0,0,273.0
100,MAT00032,P001,SL02,2023,10,212.0,0,0,0,212.0
100,MAT00032,P001,SL02,2023,11,153.0,0,0,0,153.0
100,MAT00032,P001,SL02,2023,12,91.0,0,0,0,91.0
100,MAT00032,P001,SL02,2024,01,101.0,0,0,0,101.0
100,MAT00032,P001,SL02,2024,02,54.0,0,0,0,54.0
100,MAT00032,P001,SL02,2024,03,61.0,0,0,0,61.0
100,MAT00032,P001,SL02,2024,04,102.0,0,0,0,102.0
100,MAT00032,P001,SL02,2024,05,156.0,0,0,0,156.0
100,MAT00032,P001,SL02,2024,06,198.0,0,0,0,198.0
100,MAT00032,P001,SL02,2024,07,188.0,0,0,0,188.0
100,MAT00032,P001,SL02,2024,08,201.0,0,0,0,201.0
100,MAT00032,P001,SL02,2024,09,241.0,0,0,0,241.0
100,MAT00032,P001,SL02,2024,10,206.0,0,0,0,206.0
100,MAT00032,P001,SL02,2024,11,326.0,0,0,0,326.0
100,MAT00032,P001,SL02,2024,12,439.0,0,0,0,439.0
100,MAT00032,P002,SL02,2023,01,148.0,0,0,0,148.0
100,MAT00032,P002,SL02,2023,02,73.0,0,0,0,73.0
100,MAT00032,P002,SL02,2023,03,183.0,0,0,0,183.0
100,MAT00032,P002,SL02,2023,04,127.0,0,0,0,127.0
100,MAT00032,P002,SL02,2023,05,138.0,0,0,0,138.0
100,MAT00032,P002,SL02,2023,06,231.0,0,0,0,231.0
100,MAT00032,P002,SL02,2023,07,245.0,0,0,0,245.0
100,MAT00032,P002,SL02,2023,08,339.0,0,0,0,339.0
100,MAT00032,P002,SL02,2023,09,360.0,0,0,0,360.0
100,MAT00032,P002,SL02,2023,10,431.0,0,0,0,431.0
100,MAT00032,P002,SL02,2023,11,406.0,0,0,0,406.0
100,MAT00032,P002,SL02,2023,12,377.0,0,0,0,377.0
100,MAT00032,P002,SL02,2024,01,429.0,0,0,0,429.0
100,MAT00032,P002,SL02,2024,02,476.0,0,0,0,476.0
100,MAT00032,P002,SL02,2024,03,510.0,0,0,0,510.0
100,MAT00032,P002,SL02,2024,04,605.0,0,0,0,605.0
100,MAT00032,P002,SL02,2024,05,688.0,0,0,0,688.0
100,MAT00032,P002,SL02,2024,06,721.0,0,0,0,721.0
100,MAT00032,P002,SL02,2024,07,666.0,0,0,0,666.0
100,MAT00032,P002,SL02,2024,08,752.0,0,0,0,752.0
100,MAT00032,P002,SL02,2024,09,822.0,0,0,0,822.0
100,MAT00032,P002,SL02,2024,10,915.0,0,0,0,915.0
100,MAT00032,P002,SL02,2024,11,991.0,0,0,0,991.0
100,MAT00032,P002,SL02,2024,12,934.0,0,0,0,934.0
100,MAT00032,P003,SL02,2023,01,572.0,0,0,0,572.0
100,MAT00032,P003,SL02,2023,02,679.0,0,0,0,679.0
100,MAT00032,P003,SL02,2023,03,642.0,0,0,0,642.0
100,MAT00032,P003,SL02,2023,04,593.0,0,0,0,593.0
100,MAT00032,P003,SL02,2023,05,535.0,0,0,0,535.0
100,MAT00032,P003,SL02,2023,06,543.0,0,0,0,543.0
100,MAT00032,P003,SL02,2023,07,592.0,0,0,0,592.0
100,MAT00032,P003,SL02,2023,08,532.0,0,0,0,532.0
100,MAT00032,P003,SL02,2023,09,566.0,0,0,0,566.0
100,MAT00032,P003,SL02,2023,10,495.0,0,0,0,495.0
100,MAT00032,P003,SL02,2023,11,443.0,0,0,0,443.0
100,MAT00032,P003,SL02,2023,12,406.0,0,0,0,406.0
100,MAT00032,P003,SL02,2024,01,488.0,0,0,0,488.0
100,MAT00032,P003,SL02,2024,02,434.0,0,0,0,434.0
100,MAT00032,P003,SL02,2024,03,523.0,0,0,0,523.0
100,MAT00032,P003,SL02,2024,04,508.0,0,0,0,508.0
100,MAT00032,P003,SL02,2024,05,500.0,0,0,0,500.0
100,MAT00032,P003,SL02,2024,06,477.0,0,0,0,477.0
100,MAT00032,P003,SL02,2024,07,529.0,0,0,0,529.0
100,MAT00032,P003,SL02,2024,08,624.0,0,0,0,624.0
100,MAT00032,P003,SL02,2024,09,715.0,0,0,0,715.0
100,MAT00032,P003,SL02,2024,10,772.0,0,0,0,772.0
100,MAT00032,P003,SL02,2024,11,693.0,0,0,0,693.0
100,MAT00032,P003,SL02,2024,12,622.0,0,0,0,622.0
100,MAT00033,P001,SL03,2023,01,304.0,0,0,0,304.0
100,MAT00033,P001,SL03,2023,02,325.0,0,0,0,325.0
100,MAT00033,P001,SL03,2023,03,416.0,0,0,0,416.0
100,MAT00033,P001,SL03,2023,04,515.0,0,0,0,515.0
100,MAT00033,P001,SL03,2023,05,515.0,0,0,0,515.0
100,MAT00033,P001,SL03,2023,06,459.0,0,0,0,459.0
100,MAT00033,P001,SL03,2023,07,548.0,0,0,0,548.0
100,MAT00033,P001,SL03,2023,08,511.0,0,0,0,511.0
100,MAT00033,P001,SL03,2023,09,519.0,0,0,0,519.0
100,MAT00033,P001,SL03,2023,10,542.0,0,0,0,542.0
100,MAT00033,P001,SL03,2023,11,596.0,0,0,0,596.0
100,MAT00033,P001,SL03,2023,12,704.0,0,0,0,704.0
100,MAT00033,P001,SL03,2024,01,766.0,0,0,0,766.0
100,MAT00033,P001,SL03,2024,02,871.0,0,0,0,871.0
100,MAT00033,P001,SL03,2024,03,961.0,0,0,0,961.0
100,MAT00033,P001,SL03,2024,04,882.0,0,0,0,882.0
100,MAT00033,P001,SL03,2024,05,922.0,0,0,0,922.0
100,MAT00033,P001,SL03,2024,06,1021.0,0,0,0,1021.0
100,MAT00033,P001,SL03,2024,07,1028.0,0,0,0,1028.0
100,MAT00033,P001,SL03,2024,08,950.0,0,0,0,950.0
100,MAT00033,P001,SL03,2024,09,893.0,0,0,0,893.0
100,MAT00033,P001,SL03,2024,10,943.0,0,0,0,943.0
100,MAT00033,P001,SL03,2024,11,913.0,0,0,0,913.0
100,MAT00033,P001,SL03,2024,12,840.0,0,0,0,840.0
100,MAT00033,P002,SL03,2023,01,526.0,0,0,0,526.0
100,MAT00033,P002,SL03,2023,02,487.0,0,0,0,487.0
100,MAT00033,P002,SL03,2023,03,556.0,0,0,0,556.0
100,MAT00033,P002,SL03,2023,04,551.0,0,0,0,551.0
100,MAT00033,P002,SL03,2023,05,554.0,0,0,0,554.0
100,MAT00033,P002,SL03,2023,06,506.0,0,0,0,506.0
100,MAT00033,P002,SL03,2023,07,496.0,0,0,0,496.0
100,MAT00033,P002,SL03,2023,08,575.0,0,0,0,575.0
100,MAT00033,P002,SL03,2023,09,559.0,0,0,0,559.0
100,MAT00033,P002,SL03,2023,10,546.0,0,0,0,546.0
100,MAT00033,P002,SL03,2023,11,500.0,0,0,0,500.0
100,MAT00033,P002,SL03,2023,12,469.0,0,0,0,469.0
100,MAT00033,P002,SL03,2024,01,541.0,0,0,0,541.0
100,MAT00033,P002,SL03,2024,02,507.0,0,0,0,507.0
100,MAT00033,P002,SL03,2024,03,575.0,0,0,0,575.0
100,MAT00033,P002,SL03,2024,04,513.0,0,0,0,513.0
100,MAT00033,P002,SL03,2024,05,453.0,0,0,0,453.0
100,MAT00033,P002,SL03,2024,06,567.0,0,0,0,567.0
100,MAT00033,P002,SL03,2024,07,616.0,0,0,0,616.0
100,MAT00033,P002,SL03,2024,08,575.0,0,0,0,575.0
100,MAT00033,P002,SL03,2024,09,656.0,0,0,0,656.0
100,MAT00033,P002,SL03,2024,10,682.0,0,0,0,682.0
100,MAT00033,P002,SL03,2024,11,670.0,0,0,0,670.0
100,MAT00033,P002,SL03,2024,12,591.0,0,0,0,591.0
100,MAT00033,P003,SL02,2023,01,38.0,0,0,0,38.0
100,MAT00033,P003,SL02,2023,02,149.0,0,0,0,149.0
100,MAT00033,P003,SL02,2023,03,152.0,0,0,0,152.0
100,MAT00033,P003,SL02,2023,04,207.0,0,0,0,207.0
100,MAT00033,P003,SL02,2023,05,294.0,0,0,0,294.0
100,MAT00033,P003,SL02,2023,06,336.0,0,0,0,336.0
100,MAT00033,P003,SL02,2023,07,280.0,0,0,0,280.0
100,MAT00033,P003,SL02,2023,08,375.0,0,0,0,375.0
100,MAT00033,P003,SL02,2023,09,424.0,0,0,0,424.0
100,MAT00033,P003,SL02,2023,10,374.0,0,0,0,374.0
100,MAT00033,P003,SL02,2023,11,437.0,0,0,0,437.0
100,MAT00033,P003,SL02,2023,12,495.0,0,0,0,495.0
100,MAT00033,P003,SL02,2024,01,521.0,0,0,0,521.0
100,MAT00033,P003,SL02,2024,02,576.0,0,0,0,576.0
100,MAT00033,P003,SL02,2024,03,532.0,0,0,0,532.0
100,MAT00033,P003,SL02,2024,04,488.0,0,0,0,488.0
100,MAT00033,P003,SL02,2024,05,560.0,0,0,0,560.0
100,MAT00033,P003,SL02,2024,06,660.0,0,0,0,660.0
100,MAT00033,P003,SL02,2024,07,778.0,0,0,0,778.0
100,MAT00033,P003,SL02,2024,08,785.0,0,0,0,785.0
100,MAT00033,P003,SL02,2024,09,899.0,0,0,0,899.0
100,MAT00033,P003,SL02,2024,10,978.0,0,0,0,978.0
100,MAT00033,P003,SL02,2024,11,942.0,0,0,0,942.0
100,MAT00033,P003,SL02,2024,12,962.0,0,0,0,962.0
100,MAT00034,P001,SL03,2023,01,375.0,0,0,0,375.0
100,MAT00034,P001,SL03,2023,02,304.0,0,0,0,304.0
100,MAT00034,P001,SL03,2023,03,383.0,0,0,0,383.0
100,MAT00034,P001,SL03,2023,04,469.0,0,0,0,469.0
100,MAT00034,P001,SL03,2023,05,520.0,0,0,0,520.0
100,MAT00034,P001,SL03,2023,06,580.0,0,0,0,580.0
100,MAT00034,P001,SL03,2023,07,654.0,0,0,0,654.0
100,MAT00034,P001,SL03,2023,08,686.0,0,0,0,686.0
100,MAT00034,P001,SL03,2023,09,792.0,0,0,0,792.0
100,MAT00034,P001,SL03,2023,10,885.0,0,0,0,885.0
100,MAT00034,P001,SL03,2023,11,945.0,0,0,0,945.0
100,MAT00034,P001,SL03,2023,12,968.0,0,0,0,968.0
100,MAT00034,P001,SL03,2024,01,1006.0,0,0,0,1006.0
100,MAT00034,P001,SL03,2024,02,949.0,0,0,0,949.0
100,MAT00034,P001,SL03,2024,03,904.0,0,0,0,904.0
100,MAT00034,P001,SL03,2024,04,1007.0,0,0,0,1007.0
100,MAT00034,P001,SL03,2024,05,1099.0,0,0,0,1099.0
100,MAT00034,P001,SL03,2024,06,1150.0,0,0,0,1150.0
100,MAT00034,P001,SL03,2024,07,1125.0,0,0,0,1125.0
100,MAT00034,P001,SL03,2024,08,1184.0,0,0,0,1184.0
100,MAT00034,P001,SL03,2024,09,1161.0,0,0,0,1161.0
100,MAT00034,P001,SL03,2024,10,1253.0,0,0,0,1253.0
100,MAT00034,P001,SL03,2024,11,1324.0,0,0,0,1324.0
100,MAT00034,P001,SL03,2024,12,1443.0,0,0,0,1443.0
100,MAT00034,P002,SL02,2023,01,308.0,0,0,0,308.0
100,MAT00034,P002,SL02,2023,02,291.0,0,0,0,291.0
100,MAT00034,P002,SL02,2023,03,250.0,0,0,0,250.0
100,MAT00034,P002,SL02,2023,04,245.0,0,0,0,245.0
100,MAT00034,P002,SL02,2023,05,268.0,0,0,0,268.0
100,MAT00034,P002,SL02,2023,06,345.0,0,0,0,345.0
100,MAT00034,P002,SL02,2023,07,290.0,0,0,0,290.0
100,MAT00034,P002,SL02,2023,08,326.0,0,0,0,326.0
100,MAT00034,P002,SL02,2023,09,365.0,0,0,0,365.0
100,MAT00034,P002,SL02,2023,10,302.0,0,0,0,302.0
100,MAT00034,P002,SL02,2023,11,276.0,0,0,0,276.0
100,MAT00034,P002,SL02,2023,12,200.0,0,0,0,200.0
100,MAT00034,P002,SL02,2024,01,290.0,0,0,0,290.0
100,MAT00034,P002,SL02,2024,02,258.0,0,0,0,258.0
100,MAT00034,P002,SL02,2024,03,188.0,0,0,0,188.0
100,MAT00034,P002,SL02,2024,04,148.0,0,0,0,148.0
100,MAT00034,P002,SL02,2024,05,213.0,0,0,0,213.0
100,MAT00034,P002,SL02,2024,06,266.0,0,0,0,266.0
100,MAT00034,P002,SL02,2024,07,274.0,0,0,0,274.0
100,MAT00034,P002,SL02,2024,08,325.0,0,0,0,325.0
100,MAT00034,P002,SL02,2024,09,377.0,0,0,0,377.0
100,MAT00034,P002,SL02,2024,10,355.0,0,0,0,355.0
100,MAT00034,P002,SL02,2024,11,362.0,0,0,0,362.0
100,MAT00034,P002,SL02,2024,12,343.0,0,0,0,343.0
100,MAT00034,P003,SL01,2023,01,185.0,0,0,0,185.0
100,MAT00034,P003,SL01,2023,02,299.0,0,0,0,299.0
100,MAT00034,P003,SL01,2023,03,289.0,0,0,0,289.0
100,MAT00034,P003,SL01,2023,04,358.0,0,0,0,358.0
100,MAT00034,P003,SL01,2023,05,356.0,0,0,0,356.0
100,MAT00034,P003,SL01,2023,06,366.0,0,0,0,366.0
100,MAT00034,P003,SL01,2023,07,349.0,0,0,0,349.0
100,MAT00034,P003,SL01,2023,08,319.0,0,0,0,319.0
100,MAT00034,P003,SL01,2023,09,244.0,0,0,0,244.0
100,MAT00034,P003,SL01,2023,10,208.0,0,0,0,208.0
100,MAT00034,P003,SL01,2023,11,289.0,0,0,0,289.0
100,MAT00034,P003,SL01,2023,12,316.0,0,0,0,316.0
100,MAT00034,P003,SL01,2024,01,344.0,0,0,0,344.0
100,MAT00034,P003,SL01,2024,02,443.0,0,0,0,443.0
100,MAT00034,P003,SL01,2024,03,423.0,0,0,0,423.0
100,MAT00034,P003,SL01,2024,04,467.0,0,0,0,467.0
100,MAT00034,P003,SL01,2024,05,401.0,0,0,0,401.0
100,MAT00034,P003,SL01,2024,06,515.0,0,0,0,515.0
100,MAT00034,P003,SL01,2024,07,540.0,0,0,0,540.0
100,MAT00034,P003,SL01,2024,08,468.0,0,0,0,468.0
100,MAT00034,P003,SL01,2024,09,433.0,0,0,0,433.0
100,MAT00034,P003,SL01,2024,10,530.0,0,0,0,530.0
100,MAT00034,P003,SL01,2024,11,457.0,0,0,0,457.0
100,MAT00034,P003,SL01,2024,12,545.0,0,0,0,545.0
100,MAT00035,P001,SL03,2023,01,495.0,0,0,0,495.0
100,MAT00035,P001,SL03,2023,02,596.0,0,0,0,596.0
100,MAT00035,P001,SL03,2023,03,623.0,0,0,0,623.0
100,MAT00035,P001,SL03,2023,04,693.0,0,0,0,693.0
100,MAT00035,P001,SL03,2023,05,791.0,0,0,0,791.0
100,MAT00035,P001,SL03,2023,06,780.0,0,0,0,780.0
100,MAT00035,P001,SL03,2023,07,587.0,0,0,0,587.0
100,MAT00035,P001,SL03,2023,08,476.0,0,0,0,476.0
100,MAT00035,P001,SL03,2023,09,331.0,0,0,0,331.0
100,MAT00035,P001,SL03,2023,10,318.0,0,0,0,318.0
100,MAT00035,P001,SL03,2023,11,142.0,0,0,0,142.0
100,MAT00035,P001,SL03,2023,12,59.0,0,0,0,59.0
100,MAT00035,P001,SL03,2024,01,133.0,0,0,0,133.0
100,MAT00035,P001,SL03,2024,02,231.0,0,0,0,231.0
100,MAT00035,P001,SL03,2024,03,256.0,0,0,0,256.0
100,MAT00035,P001,SL03,2024,04,339.0,0,0,0,339.0
100,MAT00035,P001,SL03,2024,05,332.0,0,0,0,332.0
100,MAT00035,P001,SL03,2024,06,429.0,0,0,0,429.0
100,MAT00035,P001,SL03,2024,07,426.0,0,0,0,426.0
100,MAT00035,P001,SL03,2024,08,443.0,0,0,0,443.0
100,MAT00035,P001,SL03,2024,09,444.0,0,0,0,444.0
100,MAT00035,P001,SL03,2024,10,392.0,0,0,0,392.0
100,MAT00035,P001,SL03,2024,11,341.0,0,0,0,341.0
100,MAT00035,P001,SL03,2024,12,191.0,0,0,0,191.0
100,MAT00035,P002,SL02,2023,01,176.0,0,0,0,176.0
100,MAT00035,P002,SL02,2023,02,215.0,0,0,0,215.0
100,MAT00035,P002,SL02,2023,03,221.0,0,0,0,221.0
100,MAT00035,P002,SL02,2023,04,211.0,0,0,0,211.0
100,MAT00035,P002,SL02,2023,05,159.0,0,0,0,159.0
100,MAT00035,P002,SL02,2023,06,132.0,0,0,0,132.0
100,MAT00035,P002,SL02,2023,07,191.0,0,0,0,191.0
100,MAT00035,P002,SL02,2023,08,172.0,0,0,0,172.0
100,MAT00035,P002,SL02,2023,09,225.0,0,0,0,225.0
100,MAT00035,P002,SL02,2023,10,210.0,0,0,0,210.0
100,MAT00035,P002,SL02,2023,11,315.0,0,0,0,315.0
100,MAT00035,P002,SL02,2023,12,321.0,0,0,0,321.0
100,MAT00035,P002,SL02,2024,01,436.0,0,0,0,436.0
100,MAT00035,P002,SL02,2024,02,429.0,0,0,0,429.0
100,MAT00035,P002,SL02,2024,03,513.0,0,0,0,513.0
100,MAT00035,P002,SL02,2024,04,570.0,0,0,0,570.0
100,MAT00035,P002,SL02,2024,05,663.0,0,0,0,663.0
100,MAT00035,P002,SL02,2024,06,628.0,0,0,0,628.0
100,MAT00035,P002,SL02,2024,07,596.0,0,0,0,596.0
100,MAT00035,P002,SL02,2024,08,577.0,0,0,0,577.0
100,MAT00035,P002,SL02,2024,09,683.0,0,0,0,683.0
100,MAT00035,P002,SL02,2024,10,643.0,0,0,0,643.0
100,MAT00035,P002,SL02,2024,11,679.0,0,0,0,679.0
100,MAT00035,P002,SL02,2024,12,747.0,0,0,0,747.0
100,MAT00035,P003,SL03,2023,01,299.0,0,0,0,299.0
100,MAT00035,P003,SL03,2023,02,281.0,0,0,0,281.0
100,MAT00035,P003,SL03,2023,03,368.0,0,0,0,368.0
100,MAT00035,P003,SL03,2023,04,480.0,0,0,0,480.0
100,MAT00035,P003,SL03,2023,05,403.0,0,0,0,403.0
100,MAT00035,P003,SL03,2023,06,456.0,0,0,0,456.0
100,MAT00035,P003,SL03,2023,07,536.0,0,0,0,536.0
100,MAT00035,P003,SL03,2023,08,496.0,0,0,0,496.0
100,MAT00035,P003,SL03,2023,09,545.0,0,0,0,545.0
100,MAT00035,P003,SL03,2023,10,646.0,0,0,0,646.0
100,MAT00035,P003,SL03,2023,11,608.0,0,0,0,608.0
100,MAT00035,P003,SL03,2023,12,575.0,0,0,0,575.0
100,MAT00035,P003,SL03,2024,01,495.0,0,0,0,495.0
100,MAT00035,P003,SL03,2024,02,585.0,0,0,0,585.0
100,MAT00035,P003,SL03,2024,03,541.0,0,0,0,541.0
100,MAT00035,P003,SL03,2024,04,468.0,0,0,0,468.0
100,MAT00035,P003,SL03,2024,05,472.0,0,0,0,472.0
100,MAT00035,P003,SL03,2024,06,481.0,0,0,0,481.0
100,MAT00035,P003,SL03,2024,07,475.0,0,0,0,475.0
100,MAT00035,P003,SL03,2024,08,533.0,0,0,0,533.0
100,MAT00035,P003,SL03,2024,09,631.0,0,0,0,631.0
100,MAT00035,P003,SL03,2024,10,735.0,0,0,0,735.0
100,MAT00035,P003,SL03,2024,11,667.0,0,0,0,667.0
100,MAT00035,P003,SL03,2024,12,739.0,0,0,0,739.0
100,MAT00036,P001,SL03,2023,01,87.0,0,0,0,87.0
100,MAT00036,P001,SL03,2023,02,90.0,0,0,0,90.0
100,MAT00036,P001,SL03,2023,03,86.0,0,0,0,86.0
100,MAT00036,P001,SL03,2023,04,20.0,0,0,0,20.0
100,MAT00036,P001,SL03,2023,05,0,0,0,0,0
100,MAT00036,P001,SL03,2023,06,10.0,0,0,0,10.0
100,MAT00036,P001,SL03,2023,07,0,0,0,0,0
100,MAT00036,P001,SL03,2023,08,0,0,0,0,0
100,MAT00036,P001,SL03,2023,09,40.0,0,0,0,40.0
100,MAT00036,P001,SL03,2023,10,0,0,0,0,0
100,MAT00036,P001,SL03,2023,11,0,0,0,0,0
100,MAT00036,P001,SL03,2023,12,0,0,0,0,0
100,MAT00036,P001,SL03,2024,01,103.0,0,0,0,103.0
100,MAT00036,P001,SL03,2024,02,44.0,0,0,0,44.0
100,MAT00036,P001,SL03,2024,03,148.0,0,0,0,148.0
100,MAT00036,P001,SL03,2024,04,127.0,0,0,0,127.0
100,MAT00036,P001,SL03,2024,05,166.0,0,0,0,166.0
100,MAT00036,P001,SL03,2024,06,90.0,0,0,0,90.0
100,MAT00036,P001,SL03,2024,07,41.0,0,0,0,41.0
100,MAT00036,P001,SL03,2024,08,0,0,0,0,0
100,MAT00036,P001,SL03,2024,09,0,0,0,0,0
100,MAT00036,P001,SL03,2024,10,0,0,0,0,0
100,MAT00036,P001,SL03,2024,11,0,0,0,0,0
100,MAT00036,P001,SL03,2024,12,0,0,0,0,0
100,MAT00036,P002,SL03,2023,01,555.0,0,0,0,555.0
100,MAT00036,P002,SL03,2023,02,589.0,0,0,0,589.0
100,MAT00036,P002,SL03,2023,03,820.0,0,0,0,820.0
100,MAT00036,P002,SL03,2023,04,989.0,0,0,0,989.0
100,MAT00036,P002,SL03,2023,05,1119.0,0,0,0,1119.0
100,MAT00036,P002,SL03,2023,06,1380.0,0,0,0,1380.0
100,MAT00036,P002,SL03,2023,07,1536.0,0,0,0,1536.0
100,MAT00036,P002,SL03,2023,08,1692.0,0,0,0,1692.0
100,MAT00036,P002,SL03,2023,09,1842.0,0,0,0,1842.0
100,MAT00036,P002,SL03,2023,10,2039.0,0,0,0,2039.0
100,MAT00036,P002,SL03,2023,11,2202.0,0,0,0,2202.0
100,MAT00036,P002,SL03,2023,12,2315.0,0,0,0,2315.0
100,MAT00036,P002,SL03,2024,01,2443.0,0,0,0,2443.0
100,MAT00036,P002,SL03,2024,02,2546.0,0,0,0,2546.0
100,MAT00036,P002,SL03,2024,03,2635.0,0,0,0,2635.0
100,MAT00036,P002,SL03,2024,04,2806.0,0,0,0,2806.0
100,MAT00036,P002,SL03,2024,05,3064.0,0,0,0,3064.0
100,MAT00036,P002,SL03,2024,06,3112.0,0,0,0,3112.0
100,MAT00036,P002,SL03,2024,07,3298.0,0,0,0,3298.0
100,MAT00036,P002,SL03,2024,08,3370.0,0,0,0,3370.0
100,MAT00036,P002,SL03,2024,09,3467.0,0,0,0,3467.0
100,MAT00036,P002,SL03,2024,10,3596.0,0,0,0,3596.0
100,MAT00036,P002,SL03,2024,11,3599.0,0,0,0,3599.0
100,MAT00036,P002,SL03,2024,12,3607.0,0,0,0,3607.0
100,MAT00036,P003,SL01,2023,01,269.0,0,0,0,269.0
100,MAT00036,P003,SL01,2023,02,254.0,0,0,0,254.0
100,MAT00036,P003,SL01,2023,03,233.0,0,0,0,233.0
100,MAT00036,P003,SL01,2023,04,213.0,0,0,0,213.0
100,MAT00036,P003,SL01,2023,05,261.0,0,0,0,261.0
100,MAT00036,P003,SL01,2023,06,301.0,0,0,0,301.0
100,MAT00036,P003,SL01,2023,07,383.0,0,0,0,383.0
100,MAT00036,P003,SL01,2023,08,316.0,0,0,0,316.0
100,MAT00036,P003,SL01,2023,09,308.0,0,0,0,308.0
100,MAT00036,P003,SL01,2023,10,354.0,0,0,0,354.0
100,MAT00036,P003,SL01,2023,11,369.0,0,0,0,369.0
100,MAT00036,P003,SL01,2023,12,487.0,0,0,0,487.0
100,MAT00036,P003,SL01,2024,01,559.0,0,0,0,559.0
100,MAT00036,P003,SL01,2024,02,493.0,0,0,0,493.0
100,MAT00036,P003,SL01,2024,03,535.0,0,0,0,535.0
100,MAT00036,P003,SL01,2024,04,471.0,0,0,0,471.0
100,MAT00036,P003,SL01,2024,05,477.0,0,0,0,477.0
100,MAT00036,P003,SL01,2024,06,441.0,0,0,0,441.0
100,MAT00036,P003,SL01,2024,07,497.0,0,0,0,497.0
100,MAT00036,P003,SL01,2024,08,506.0,0,0,0,506.0
100,MAT00036,P003,SL01,2024,09,428.0,0,0,0,428.0
100,MAT00036,P003,SL01,2024,10,481.0,0,0,0,481.0
100,MAT00036,P003,SL01,2024,11,495.0,0,0,0,495.0
100,MAT00036,P003,SL01,2024,12,564.0,0,0,0,564.0
