MANDT,MATNR,BWKEY,BWTAR,LFGJA,LFMON,LBKUM,SALK3,STPRS,VPRSV,PEINH,VKSAL
100,MAT00001,P001,,2023,01,740.0,191645.2,258.98,S,1,249138.76
100,MAT00001,P001,,2023,02,701.0,181544.98,258.98,S,1,236008.47
100,MAT00001,P001,,2023,03,737.0,190868.26,258.98,S,1,248128.74
100,MAT00001,P001,,2023,04,749.0,193976.02,258.98,S,1,252168.83
100,MAT00001,P001,,2023,05,745.0,192940.1,258.98,S,1,250822.13
100,MAT00001,P001,,2023,06,748.0,193717.04,258.98,S,1,251832.15
100,MAT00001,P001,,2023,07,764.0,197860.72,258.98,S,1,257218.94
100,MAT00001,P001,,2023,08,756.0,195788.88,258.98,S,1,254525.54
100,MAT00001,P001,,2023,09,687.0,177919.26,258.98,S,1,231295.04
100,MAT00001,P001,,2023,10,711.0,184134.78,258.98,S,1,239375.21
100,MAT00001,P001,,2023,11,682.0,176624.36,258.98,S,1,229611.67
100,MAT00001,P001,,2023,12,780.0,202004.4,258.98,S,1,262605.72
100,MAT00001,P001,,2024,01,919.0,238002.62,258.98,S,1,309403.41
100,MAT00001,P001,,2024,02,1005.0,260274.9,258.98,S,1,338357.37
100,MAT00001,P001,,2024,03,987.0,255613.26,258.98,S,1,332297.24
100,MAT00001,P001,,2024,04,1006.0,260533.88,258.98,S,1,338694.04
100,MAT00001,P001,,2024,05,1091.0,282547.18,258.98,S,1,367311.33
100,MAT00001,P001,,2024,06,1048.0,271411.04,258.98,S,1,352834.35
100,MAT00001,P001,,2024,07,1148.0,297309.04,258.98,S,1,386501.75
100,MAT00001,P001,,2024,08,1059.0,274259.82,258.98,S,1,356537.77
100,MAT00001,P001,,2024,09,1201.0,311034.98,258.98,S,1,404345.47
100,MAT00001,P001,,2024,10,1240.0,321135.2,258.98,S,1,417475.76
100,MAT00001,P001,,2024,11,1333.0,345220.34,258.98,S,1,448786.44
100,MAT00001,P001,,2024,12,1383.0,358169.34,258.98,S,1,465620.14
100,MAT00001,P002,,2023,01,10.0,360.4,36.04,S,1,468.52
100,MAT00001,P002,,2023,02,104.0,3748.16,36.04,S,1,4872.61
100,MAT00001,P002,,2023,03,203.0,7316.12,36.04,S,1,9510.96
100,MAT00001,P002,,2023,04,170.0,6126.8,36.04,S,1,7964.84
100,MAT00001,P002,,2023,05,144.0,5189.76,36.04,S,1,6746.69
100,MAT00001,P002,,2023,06,272.0,9802.88,36.04,S,1,12743.74
100,MAT00001,P002,,2023,07,230.0,8289.2,36.04,S,1,10775.96
100,MAT00001,P002,,2023,08,355.0,12794.2,36.04,S,1,16632.46
100,MAT00001,P002,,2023,09,461.0,16614.44,36.04,S,1,21598.77
100,MAT00001,P002,,2023,10,463.0,16686.52,36.04,S,1,21692.48
100,MAT00001,P002,,2023,11,477.0,17191.08,36.04,S,1,22348.4
100,MAT00001,P002,,2023,12,478.0,17227.12,36.04,S,1,22395.26
100,MAT00001,P002,,2024,01,468.0,16866.72,36.04,S,1,21926.74
100,MAT00001,P002,,2024,02,544.0,19605.76,36.04,S,1,25487.49
100,MAT00001,P002,,2024,03,614.0,22128.56,36.04,S,1,28767.13
100,MAT00001,P002,,2024,04,762.0,27462.48,36.04,S,1,35701.22
100,MAT00001,P002,,2024,05,692.0,24939.68,36.04,S,1,32421.58
100,MAT00001,P002,,2024,06,669.0,24110.76,36.04,S,1,31343.99
100,MAT00001,P002,,2024,07,701.0,25264.04,36.04,S,1,32843.25
100,MAT00001,P002,,2024,08,799.0,28795.96,36.04,S,1,37434.75
100,MAT00001,P002,,2024,09,947.0,34129.88,36.04,S,1,44368.84
100,MAT00001,P002,,2024,10,1052.0,37914.08,36.04,S,1,49288.3
100,MAT00001,P002,,2024,11,976.0,35175.04,36.04,S,1,45727.55
100,MAT00001,P002,,2024,12,1067.0,38454.68,36.04,S,1,49991.08
100,MAT00001,P003,,2023,01,714.0,16721.88,23.42,S,1,21738.44
100,MAT00001,P003,,2023,02,662.0,15504.04,23.42,S,1,20155.25
100,MAT00001,P003,,2023,03,807.0,18899.94,23.42,S,1,24569.92
100,MAT00001,P003,,2023,04,725.0,16979.5,23.42,S,1,22073.35
100,MAT00001,P003,,2023,05,705.0,16511.1,23.42,S,1,21464.43
100,MAT00001,P003,,2023,06,770.0,18033.4,23.42,S,1,23443.42
100,MAT00001,P003,,2023,07,681.0,15949.02,23.42,S,1,20733.73
100,MAT00001,P003,,2023,08,772.0,18080.24,23.42,S,1,23504.31
100,MAT00001,P003,,2023,09,672.0,15738.24,23.42,S,1,20459.71
100,MAT00001,P003,,2023,10,616.0,14426.72,23.42,S,1,18754.74
100,MAT00001,P003,,2023,11,735.0,17213.7,23.42,S,1,22377.81
100,MAT00001,P003,,2023,12,646.0,15129.32,23.42,S,1,19668.12
100,MAT00001,P003,,2024,01,763.0,17869.46,23.42,S,1,23230.3
100,MAT00001,P003,,2024,02,703.0,16464.26,23.42,S,1,21403.54
100,MAT00001,P003,,2024,03,699.0,16370.58,23.42,S,1,21281.75
100,MAT00001,P003,,2024,04,674.0,15785.08,23.42,S,1,20520.6
100,MAT00001,P003,,2024,05,737.0,17260.54,23.42,S,1,22438.7
100,MAT00001,P003,,2024,06,795.0,18618.9,23.42,S,1,24204.57
100,MAT00001,P003,,2024,07,738.0,17283.96,23.42,S,1,22469.15
100,MAT00001,P003,,2024,08,703.0,16464.26,23.42,S,1,21403.54
100,MAT00001,P003,,2024,09,725.0,16979.5,23.42,S,1,22073.35
100,MAT00001,P003,,2024,10,853.0,19977.26,23.42,S,1,25970.44
100,MAT00001,P003,,2024,11,873.0,20445.66,23.42,S,1,26579.36
100,MAT00001,P003,,2024,12,935.0,21897.7,23.42,S,1,28467.01
100,MAT00002,P001,,2023,01,456.0,158501.04,347.59,S,1,206051.35
100,MAT00002,P001,,2023,02,554.0,192564.86,347.59,S,1,250334.32
100,MAT00002,P001,,2023,03,570.0,198126.3,347.59,S,1,257564.19
100,MAT00002,P001,,2023,04,707.0,245746.13,347.59,S,1,319469.97
100,MAT00002,P001,,2023,05,748.0,259997.32,347.59,S,1,337996.52
100,MAT00002,P001,,2023,06,838.0,291280.42,347.59,S,1,378664.55
100,MAT00002,P001,,2023,07,762.0,264863.58,347.59,S,1,344322.65
100,MAT00002,P001,,2023,08,772.0,268339.48,347.59,S,1,348841.32
100,MAT00002,P001,,2023,09,891.0,309702.69,347.59,S,1,402613.5
100,MAT00002,P001,,2023,10,793.0,275638.87,347.59,S,1,358330.53
100,MAT00002,P001,,2023,11,742.0,257911.78,347.59,S,1,335285.31
100,MAT00002,P001,,2023,12,735.0,255478.65,347.59,S,1,332122.24
100,MAT00002,P001,,2024,01,844.0,293365.96,347.59,S,1,381375.75
100,MAT00002,P001,,2024,02,813.0,282590.67,347.59,S,1,367367.87
100,MAT00002,P001,,2024,03,877.0,304836.43,347.59,S,1,396287.36
100,MAT00002,P001,,2024,04,988.0,343418.92,347.59,S,1,446444.6
100,MAT00002,P001,,2024,05,990.0,344114.1,347.59,S,1,447348.33
100,MAT00002,P001,,2024,06,1064.0,369835.76,347.59,S,1,480786.49
100,MAT00002,P001,,2024,07,971.0,337509.89,347.59,S,1,438762.86
100,MAT00002,P001,,2024,08,1038.0,360798.42,347.59,S,1,469037.95
100,MAT00002,P001,,2024,09,1114.0,387215.26,347.59,S,1,503379.84
100,MAT00002,P001,,2024,10,1149.0,399380.91,347.59,S,1,519195.18
100,MAT00002,P001,,2024,11,1051.0,365317.09,347.59,S,1,474912.22
100,MAT00002,P001,,2024,12,1073.0,372964.07,347.59,S,1,484853.29
100,MAT00002,P002,,2023,01,654.0,217114.92,331.98,S,1,282249.4
100,MAT00002,P002,,2023,02,586.0,194540.28,331.98,S,1,252902.36
100,MAT00002,P002,,2023,03,730.0,242345.4,331.98,S,1,315049.02
100,MAT00002,P002,,2023,04,744.0,246993.12,331.98,S,1,321091.06
100,MAT00002,P002,,2023,05,837.0,277867.26,331.98,S,1,361227.44
100,MAT00002,P002,,2023,06,759.0,251972.82,331.98,S,1,327564.67
100,MAT00002,P002,,2023,07,797.0,264588.06,331.98,S,1,343964.48
100,MAT00002,P002,,2023,08,723.0,240021.54,331.98,S,1,312028.0
100,MAT00002,P002,,2023,09,658.0,218442.84,331.98,S,1,283975.69
100,MAT00002,P002,,2023,10,740.0,245665.2,331.98,S,1,319364.76
100,MAT00002,P002,,2023,11,786.0,260936.28,331.98,S,1,339217.16
100,MAT00002,P002,,2023,12,811.0,269235.78,331.98,S,1,350006.51
100,MAT00002,P002,,2024,01,718.0,238361.64,331.98,S,1,309870.13
100,MAT00002,P002,,2024,02,824.0,273551.52,331.98,S,1,355616.98
100,MAT00002,P002,,2024,03,902.0,299445.96,331.98,S,1,389279.75
100,MAT00002,P002,,2024,04,805.0,267243.9,331.98,S,1,347417.07
100,MAT00002,P002,,2024,05,797.0,264588.06,331.98,S,1,343964.48
100,MAT00002,P002,,2024,06,846.0,280855.08,331.98,S,1,365111.6
100,MAT00002,P002,,2024,07,824.0,273551.52,331.98,S,1,355616.98
100,MAT00002,P002,,2024,08,829.0,275211.42,331.98,S,1,357774.85
100,MAT00002,P002,,2024,09,768.0,254960.64,331.98,S,1,331448.83
100,MAT00002,P002,,2024,10,860.0,285502.8,331.98,S,1,371153.64
100,MAT00002,P002,,2024,11,829.0,275211.42,331.98,S,1,357774.85
100,MAT00002,P002,,2024,12,954.0,316708.92,331.98,S,1,411721.6
100,MAT00002,P003,,2023,01,772.0,280683.76,363.58,S,1,364888.89
100,MAT00002,P003,,2023,02,738.0,268322.04,363.58,S,1,348818.65
100,MAT00002,P003,,2023,03,682.0,247961.56,363.58,S,1,322350.03
100,MAT00002,P003,,2023,04,621.0,225783.18,363.58,S,1,293518.13
100,MAT00002,P003,,2023,05,725.0,263595.5,363.58,S,1,342674.15
100,MAT00002,P003,,2023,06,703.0,255596.74,363.58,S,1,332275.76
100,MAT00002,P003,,2023,07,666.0,242144.28,363.58,S,1,314787.56
100,MAT00002,P003,,2023,08,607.0,220693.06,363.58,S,1,286900.98
100,MAT00002,P003,,2023,09,751.0,273048.58,363.58,S,1,354963.15
100,MAT00002,P003,,2023,10,752.0,273412.16,363.58,S,1,355435.81
100,MAT00002,P003,,2023,11,744.0,270503.52,363.58,S,1,351654.58
100,MAT00002,P003,,2023,12,805.0,292681.9,363.58,S,1,380486.47
100,MAT00002,P003,,2024,01,718.0,261050.44,363.58,S,1,339365.57
100,MAT00002,P003,,2024,02,648.0,235599.84,363.58,S,1,306279.79
100,MAT00002,P003,,2024,03,772.0,280683.76,363.58,S,1,364888.89
100,MAT00002,P003,,2024,04,722.0,262504.76,363.58,S,1,341256.19
100,MAT00002,P003,,2024,05,864.0,314133.12,363.58,S,1,408373.06
100,MAT00002,P003,,2024,06,772.0,280683.76,363.58,S,1,364888.89
100,MAT00002,P003,,2024,07,707.0,257051.06,363.58,S,1,334166.38
100,MAT00002,P003,,2024,08,807.0,293409.06,363.58,S,1,381431.78
100,MAT00002,P003,,2024,09,944.0,343219.52,363.58,S,1,446185.38
100,MAT00002,P003,,2024,10,928.0,337402.24,363.58,S,1,438622.91
100,MAT00002,P003,,2024,11,982.0,357035.56,363.58,S,1,464146.23
100,MAT00002,P003,,2024,12,1102.0,400665.16,363.58,S,1,520864.71
100,MAT00003,P001,,2023,01,332.0,23764.56,71.58,S,1,30893.93
100,MAT00003,P001,,2023,02,471.0,33714.18,71.58,S,1,43828.43
100,MAT00003,P001,,2023,03,436.0,31208.88,71.58,S,1,40571.54
100,MAT00003,P001,,2023,04,386.0,27629.88,71.58,S,1,35918.84
100,MAT00003,P001,,2023,05,499.0,35718.42,71.58,S,1,46433.95
100,MAT00003,P001,,2023,06,459.0,32855.22,71.58,S,1,42711.79
100,MAT00003,P001,,2023,07,454.0,32497.32,71.58,S,1,42246.52
100,MAT00003,P001,,2023,08,602.0,43091.16,71.58,S,1,56018.51
100,MAT00003,P001,,2023,09,527.0,37722.66,71.58,S,1,49039.46
100,MAT00003,P001,,2023,10,510.0,36505.8,71.58,S,1,47457.54
100,MAT00003,P001,,2023,11,600.0,42948.0,71.58,S,1,55832.4
100,MAT00003,P001,,2023,12,512.0,36648.96,71.58,S,1,47643.65
100,MAT00003,P001,,2024,01,538.0,38510.04,71.58,S,1,50063.05
100,MAT00003,P001,,2024,02,642.0,45954.36,71.58,S,1,59740.67
100,MAT00003,P001,,2024,03,723.0,51752.34,71.58,S,1,67278.04
100,MAT00003,P001,,2024,04,712.0,50964.96,71.58,S,1,66254.45
100,MAT00003,P001,,2024,05,845.0,60485.1,71.58,S,1,78630.63
100,MAT00003,P001,,2024,06,776.0,55546.08,71.58,S,1,72209.9
100,MAT00003,P001,,2024,07,735.0,52611.3,71.58,S,1,68394.69
100,MAT00003,P001,,2024,08,820.0,58695.6,71.58,S,1,76304.28
100,MAT00003,P001,,2024,09,873.0,62489.34,71.58,S,1,81236.14
100,MAT00003,P001,,2024,10,927.0,66354.66,71.58,S,1,86261.06
100,MAT00003,P001,,2024,11,867.0,62059.86,71.58,S,1,80677.82
100,MAT00003,P001,,2024,12,835.0,59769.3,71.58,S,1,77700.09
100,MAT00003,P002,,2023,01,705.0,128366.4,182.08,S,1,166876.32
100,MAT00003,P002,,2023,02,794.0,144571.52,182.08,S,1,187942.98
100,MAT00003,P002,,2023,03,912.0,166056.96,182.08,S,1,215874.05
100,MAT00003,P002,,2023,04,844.0,153675.52,182.08,S,1,199778.18
100,MAT00003,P002,,2023,05,774.0,140929.92,182.08,S,1,183208.9
100,MAT00003,P002,,2023,06,907.0,165146.56,182.08,S,1,214690.53
100,MAT00003,P002,,2023,07,840.0,152947.2,182.08,S,1,198831.36
100,MAT00003,P002,,2023,08,885.0,161140.8,182.08,S,1,209483.04
100,MAT00003,P002,,2023,09,955.0,173886.4,182.08,S,1,226052.32
100,MAT00003,P002,,2023,10,1040.0,189363.2,182.08,S,1,246172.16
100,MAT00003,P002,,2023,11,1039.0,189181.12,182.08,S,1,245935.46
100,MAT00003,P002,,2023,12,1029.0,187360.32,182.08,S,1,243568.42
100,MAT00003,P002,,2024,01,1117.0,203383.36,182.08,S,1,264398.37
100,MAT00003,P002,,2024,02,1188.0,216311.04,182.08,S,1,281204.35
100,MAT00003,P002,,2024,03,1301.0,236886.08,182.08,S,1,307951.9
100,MAT00003,P002,,2024,04,1314.0,239253.12,182.08,S,1,311029.06
100,MAT00003,P002,,2024,05,1238.0,225415.04,182.08,S,1,293039.55
100,MAT00003,P002,,2024,06,1197.0,217949.76,182.08,S,1,283334.69
100,MAT00003,P002,,2024,07,1189.0,216493.12,182.08,S,1,281441.06
100,MAT00003,P002,,2024,08,1305.0,237614.4,182.08,S,1,308898.72
100,MAT00003,P002,,2024,09,1228.0,223594.24,182.08,S,1,290672.51
100,MAT00003,P002,,2024,10,1233.0,224504.64,182.08,S,1,291856.03
100,MAT00003,P002,,2024,11,1133.0,206296.64,182.08,S,1,268185.63
100,MAT00003,P002,,2024,12,1097.0,199741.76,182.08,S,1,259664.29
100,MAT00003,P003,,2023,01,92.0,9220.24,100.22,S,1,11986.31
100,MAT00003,P003,,2023,02,34.0,3407.48,100.22,S,1,4429.72
100,MAT00003,P003,,2023,03,88.0,8819.36,100.22,S,1,11465.17
100,MAT00003,P003,,2023,04,87.0,8719.14,100.22,S,1,11334.88
100,MAT00003,P003,,2023,05,147.0,14732.34,100.22,S,1,19152.04
100,MAT00003,P003,,2023,06,167.0,16736.74,100.22,S,1,21757.76
100,MAT00003,P003,,2023,07,281.0,28161.82,100.22,S,1,36610.37
100,MAT00003,P003,,2023,08,390.0,39085.8,100.22,S,1,50811.54
100,MAT00003,P003,,2023,09,431.0,43194.82,100.22,S,1,56153.27
100,MAT00003,P003,,2023,10,496.0,49709.12,100.22,S,1,64621.86
100,MAT00003,P003,,2023,11,404.0,40488.88,100.22,S,1,52635.54
100,MAT00003,P003,,2023,12,451.0,45199.22,100.22,S,1,58758.99
100,MAT00003,P003,,2024,01,356.0,35678.32,100.22,S,1,46381.82
100,MAT00003,P003,,2024,02,317.0,31769.74,100.22,S,1,41300.66
100,MAT00003,P003,,2024,03,371.0,37181.62,100.22,S,1,48336.11
100,MAT00003,P003,,2024,04,398.0,39887.56,100.22,S,1,51853.83
100,MAT00003,P003,,2024,05,333.0,33373.26,100.22,S,1,43385.24
100,MAT00003,P003,,2024,06,341.0,34175.02,100.22,S,1,44427.53
100,MAT00003,P003,,2024,07,270.0,27059.4,100.22,S,1,35177.22
100,MAT00003,P003,,2024,08,182.0,18240.04,100.22,S,1,23712.05
100,MAT00003,P003,,2024,09,261.0,26157.42,100.22,S,1,34004.65
100,MAT00003,P003,,2024,10,262.0,26257.64,100.22,S,1,34134.93
100,MAT00003,P003,,2024,11,291.0,29164.02,100.22,S,1,37913.23
100,MAT00003,P003,,2024,12,392.0,39286.24,100.22,S,1,51072.11
100,MAT00004,P001,,2023,01,758.0,137357.18,181.21,S,1,178564.33
100,MAT00004,P001,,2023,02,725.0,131377.25,181.21,S,1,170790.43
100,MAT00004,P001,,2023,03,763.0,138263.23,181.21,S,1,179742.2
100,MAT00004,P001,,2023,04,692.0,125397.32,181.21,S,1,163016.52
100,MAT00004,P001,,2023,05,815.0,147686.15,181.21,S,1,191991.99
100,MAT00004,P001,,2023,06,867.0,157109.07,181.21,S,1,204241.79
100,MAT00004,P001,,2023,07,790.0,143155.9,181.21,S,1,186102.67
100,MAT00004,P001,,2023,08,893.0,161820.53,181.21,S,1,210366.69
100,MAT00004,P001,,2023,09,987.0,178854.27,181.21,S,1,232510.55
100,MAT00004,P001,,2023,10,1045.0,189364.45,181.21,S,1,246173.79
100,MAT00004,P001,,2023,11,1179.0,213646.59,181.21,S,1,277740.57
100,MAT00004,P001,,2023,12,1241.0,224881.61,181.21,S,1,292346.09
100,MAT00004,P001,,2024,01,1184.0,214552.64,181.21,S,1,278918.43
100,MAT00004,P001,,2024,02,1235.0,223794.35,181.21,S,1,290932.66
100,MAT00004,P001,,2024,03,1334.0,241734.14,181.21,S,1,314254.38
100,MAT00004,P001,,2024,04,1236.0,223975.56,181.21,S,1,291168.23
100,MAT00004,P001,,2024,05,1222.0,221438.62,181.21,S,1,287870.21
100,MAT00004,P001,,2024,06,1300.0,235573.0,181.21,S,1,306244.9
100,MAT00004,P001,,2024,07,1206.0,218539.26,181.21,S,1,284101.04
100,MAT00004,P001,,2024,08,1265.0,229230.65,181.21,S,1,297999.85
100,MAT00004,P001,,2024,09,1311.0,237566.31,181.21,S,1,308836.2
100,MAT00004,P001,,2024,10,1369.0,248076.49,181.21,S,1,322499.44
100,MAT00004,P001,,2024,11,1435.0,260036.35,181.21,S,1,338047.26
100,MAT00004,P001,,2024,12,1339.0,242640.19,181.21,S,1,315432.25
100,MAT00004,P002,,2023,01,648.0,56395.44,87.03,S,1,73314.07
100,MAT00004,P002,,2023,02,728.0,63357.84,87.03,S,1,82365.19
100,MAT00004,P002,,2023,03,872.0,75890.16,87.03,S,1,98657.21
100,MAT00004,P002,,2023,04,872.0,75890.16,87.03,S,1,98657.21
100,MAT00004,P002,,2023,05,922.0,80241.66,87.03,S,1,104314.16
100,MAT00004,P002,,2023,06,944.0,82156.32,87.03,S,1,106803.22
100,MAT00004,P002,,2023,07,965.0,83983.95,87.03,S,1,109179.13
100,MAT00004,P002,,2023,08,901.0,78414.03,87.03,S,1,101938.24
100,MAT00004,P002,,2023,09,1037.0,90250.11,87.03,S,1,117325.14
100,MAT00004,P002,,2023,10,1039.0,90424.17,87.03,S,1,117551.42
100,MAT00004,P002,,2023,11,1158.0,100780.74,87.03,S,1,131014.96
100,MAT00004,P002,,2023,12,1277.0,111137.31,87.03,S,1,144478.5
100,MAT00004,P002,,2024,01,1276.0,111050.28,87.03,S,1,144365.36
100,MAT00004,P002,,2024,02,1191.0,103652.73,87.03,S,1,134748.55
100,MAT00004,P002,,2024,03,1100.0,95733.0,87.03,S,1,124452.9
100,MAT00004,P002,,2024,04,1093.0,95123.79,87.03,S,1,123660.93
100,MAT00004,P002,,2024,05,1073.0,93383.19,87.03,S,1,121398.15
100,MAT00004,P002,,2024,06,1090.0,94862.7,87.03,S,1,123321.51
100,MAT00004,P002,,2024,07,1205.0,104871.15,87.03,S,1,136332.49
100,MAT00004,P002,,2024,08,1298.0,112964.94,87.03,S,1,146854.42
100,MAT00004,P002,,2024,09,1328.0,115575.84,87.03,S,1,150248.59
100,MAT00004,P002,,2024,10,1262.0,109831.86,87.03,S,1,142781.42
100,MAT00004,P002,,2024,11,1201.0,104523.03,87.03,S,1,135879.94
100,MAT00004,P002,,2024,12,1131.0,98430.93,87.03,S,1,127960.21
100,MAT00004,P003,,2023,01,654.0,53889.6,82.4,S,1,70056.48
100,MAT00004,P003,,2023,02,762.0,62788.8,82.4,S,1,81625.44
100,MAT00004,P003,,2023,03,703.0,57927.2,82.4,S,1,75305.36
100,MAT00004,P003,,2023,04,643.0,52983.2,82.4,S,1,68878.16
100,MAT00004,P003,,2023,05,773.0,63695.2,82.4,S,1,82803.76
100,MAT00004,P003,,2023,06,863.0,71111.2,82.4,S,1,92444.56
100,MAT00004,P003,,2023,07,952.0,78444.8,82.4,S,1,101978.24
100,MAT00004,P003,,2023,08,968.0,79763.2,82.4,S,1,103692.16
100,MAT00004,P003,,2023,09,1022.0,84212.8,82.4,S,1,109476.64
100,MAT00004,P003,,2023,10,977.0,80504.8,82.4,S,1,104656.24
100,MAT00004,P003,,2023,11,941.0,77538.4,82.4,S,1,100799.92
100,MAT00004,P003,,2023,12,958.0,78939.2,82.4,S,1,102620.96
100,MAT00004,P003,,2024,01,1006.0,82894.4,82.4,S,1,107762.72
100,MAT00004,P003,,2024,02,957.0,78856.8,82.4,S,1,102513.84
100,MAT00004,P003,,2024,03,992.0,81740.8,82.4,S,1,106263.04
100,MAT00004,P003,,2024,04,1123.0,92535.2,82.4,S,1,120295.76
100,MAT00004,P003,,2024,05,1264.0,104153.6,82.4,S,1,135399.68
100,MAT00004,P003,,2024,06,1400.0,115360.0,82.4,S,1,149968.0
100,MAT00004,P003,,2024,07,1385.0,114124.0,82.4,S,1,148361.2
100,MAT00004,P003,,2024,08,1467.0,120880.8,82.4,S,1,157145.04
100,MAT00004,P003,,2024,09,1525.0,125660.0,82.4,S,1,163358.0
100,MAT00004,P003,,2024,10,1583.0,130439.2,82.4,S,1,169570.96
100,MAT00004,P003,,2024,11,1639.0,135053.6,82.4,S,1,175569.68
100,MAT00004,P003,,2024,12,1591.0,131098.4,82.4,S,1,170427.92
100,MAT00005,P001,,2023,01,883.0,175284.33,198.51,S,1,227869.63
100,MAT00005,P001,,2023,02,882.0,175085.82,198.51,S,1,227611.57
100,MAT00005,P001,,2023,03,1022.0,202877.22,198.51,S,1,263740.39
100,MAT00005,P001,,2023,04,1122.0,222728.22,198.51,S,1,289546.69
100,MAT00005,P001,,2023,05,1260.0,250122.6,198.51,S,1,325159.38
100,MAT00005,P001,,2023,06,1280.0,254092.8,198.51,S,1,330320.64
100,MAT00005,P001,,2023,07,1193.0,236822.43,198.51,S,1,307869.16
100,MAT00005,P001,,2023,08,1179.0,234043.29,198.51,S,1,304256.28
100,MAT00005,P001,,2023,09,1309.0,259849.59,198.51,S,1,337804.47
100,MAT00005,P001,,2023,10,1453.0,288435.03,198.51,S,1,374965.54
100,MAT00005,P001,,2023,11,1599.0,317417.49,198.51,S,1,412642.74
100,MAT00005,P001,,2023,12,1606.0,318807.06,198.51,S,1,414449.18
100,MAT00005,P001,,2024,01,1693.0,336077.43,198.51,S,1,436900.66
100,MAT00005,P001,,2024,02,1648.0,327144.48,198.51,S,1,425287.82
100,MAT00005,P001,,2024,03,1551.0,307889.01,198.51,S,1,400255.71
100,MAT00005,P001,,2024,04,1480.0,293794.8,198.51,S,1,381933.24
100,MAT00005,P001,,2024,05,1503.0,298360.53,198.51,S,1,387868.69
100,MAT00005,P001,,2024,06,1453.0,288435.03,198.51,S,1,374965.54
100,MAT00005,P001,,2024,07,1413.0,280494.63,198.51,S,1,364643.02
100,MAT00005,P001,,2024,08,1546.0,306896.46,198.51,S,1,398965.4
100,MAT00005,P001,,2024,09,1464.0,290618.64,198.51,S,1,377804.23
100,MAT00005,P001,,2024,10,1440.0,285854.4,198.51,S,1,371610.72
100,MAT00005,P001,,2024,11,1417.0,281288.67,198.51,S,1,365675.27
100,MAT00005,P001,,2024,12,1497.0,297169.47,198.51,S,1,386320.31
100,MAT00005,P002,,2023,01,391.0,79689.71,203.81,S,1,103596.62
100,MAT00005,P002,,2023,02,369.0,75205.89,203.81,S,1,97767.66
100,MAT00005,P002,,2023,03,333.0,67868.73,203.81,S,1,88229.35
100,MAT00005,P002,,2023,04,378.0,77040.18,203.81,S,1,100152.23
100,MAT00005,P002,,2023,05,525.0,107000.25,203.81,S,1,139100.33
100,MAT00005,P002,,2023,06,534.0,108834.54,203.81,S,1,141484.9
100,MAT00005,P002,,2023,07,537.0,109445.97,203.81,S,1,142279.76
100,MAT00005,P002,,2023,08,552.0,112503.12,203.81,S,1,146254.06
100,MAT00005,P002,,2023,09,568.0,115764.08,203.81,S,1,150493.3
100,MAT00005,P002,,2023,10,586.0,119432.66,203.81,S,1,155262.46
100,MAT00005,P002,,2023,11,585.0,119228.85,203.81,S,1,154997.51
100,MAT00005,P002,,2023,12,704.0,143482.24,203.81,S,1,186526.91
100,MAT00005,P002,,2024,01,651.0,132680.31,203.81,S,1,172484.4
100,MAT00005,P002,,2024,02,731.0,148985.11,203.81,S,1,193680.64
100,MAT00005,P002,,2024,03,817.0,166512.77,203.81,S,1,216466.6
100,MAT00005,P002,,2024,04,852.0,173646.12,203.81,S,1,225739.96
100,MAT00005,P002,,2024,05,893.0,182002.33,203.81,S,1,236603.03
100,MAT00005,P002,,2024,06,895.0,182409.95,203.81,S,1,237132.94
100,MAT00005,P002,,2024,07,967.0,197084.27,203.81,S,1,256209.55
100,MAT00005,P002,,2024,08,1006.0,205032.86,203.81,S,1,266542.72
100,MAT00005,P002,,2024,09,927.0,188931.87,203.81,S,1,245611.43
100,MAT00005,P002,,2024,10,917.0,186893.77,203.81,S,1,242961.9
100,MAT00005,P002,,2024,11,1057.0,215427.17,203.81,S,1,280055.32
100,MAT00005,P002,,2024,12,1172.0,238865.32,203.81,S,1,310524.92
100,MAT00005,P003,,2023,01,335.0,122097.45,364.47,S,1,158726.69
100,MAT00005,P003,,2023,02,306.0,111527.82,364.47,S,1,144986.17
100,MAT00005,P003,,2023,03,381.0,138863.07,364.47,S,1,180521.99
100,MAT00005,P003,,2023,04,496.0,180777.12,364.47,S,1,235010.26
100,MAT00005,P003,,2023,05,613.0,223420.11,364.47,S,1,290446.14
100,MAT00005,P003,,2023,06,628.0,228887.16,364.47,S,1,297553.31
100,MAT00005,P003,,2023,07,554.0,201916.38,364.47,S,1,262491.29
100,MAT00005,P003,,2023,08,558.0,203374.26,364.47,S,1,264386.54
100,MAT00005,P003,,2023,09,562.0,204832.14,364.47,S,1,266281.78
100,MAT00005,P003,,2023,10,462.0,168385.14,364.47,S,1,218900.68
100,MAT00005,P003,,2023,11,370.0,134853.9,364.47,S,1,175310.07
100,MAT00005,P003,,2023,12,373.0,135947.31,364.47,S,1,176731.5
100,MAT00005,P003,,2024,01,486.0,177132.42,364.47,S,1,230272.15
100,MAT00005,P003,,2024,02,488.0,177861.36,364.47,S,1,231219.77
100,MAT00005,P003,,2024,03,576.0,209934.72,364.47,S,1,272915.14
100,MAT00005,P003,,2024,04,497.0,181141.59,364.47,S,1,235484.07
100,MAT00005,P003,,2024,05,446.0,162553.62,364.47,S,1,211319.71
100,MAT00005,P003,,2024,06,357.0,130115.79,364.47,S,1,169150.53
100,MAT00005,P003,,2024,07,304.0,110798.88,364.47,S,1,144038.54
100,MAT00005,P003,,2024,08,418.0,152348.46,364.47,S,1,198053.0
100,MAT00005,P003,,2024,09,462.0,168385.14,364.47,S,1,218900.68
100,MAT00005,P003,,2024,10,441.0,160731.27,364.47,S,1,208950.65
100,MAT00005,P003,,2024,11,427.0,155628.69,364.47,S,1,202317.3
100,MAT00005,P003,,2024,12,393.0,143236.71,364.47,S,1,186207.72
100,MAT00006,P001,,2023,01,731.0,126353.35,172.85,S,1,164259.35
100,MAT00006,P001,,2023,02,772.0,133440.2,172.85,S,1,173472.26
100,MAT00006,P001,,2023,03,814.0,140699.9,172.85,S,1,182909.87
100,MAT00006,P001,,2023,04,891.0,154009.35,172.85,S,1,200212.16
100,MAT00006,P001,,2023,05,868.0,150033.8,172.85,S,1,195043.94
100,MAT00006,P001,,2023,06,797.0,137761.45,172.85,S,1,179089.88
100,MAT00006,P001,,2023,07,788.0,136205.8,172.85,S,1,177067.54
100,MAT00006,P001,,2023,08,712.0,123069.2,172.85,S,1,159989.96
100,MAT00006,P001,,2023,09,749.0,129464.65,172.85,S,1,168304.04
100,MAT00006,P001,,2023,10,665.0,114945.25,172.85,S,1,149428.83
100,MAT00006,P001,,2023,11,650.0,112352.5,172.85,S,1,146058.25
100,MAT00006,P001,,2023,12,709.0,122550.65,172.85,S,1,159315.85
100,MAT00006,P001,,2024,01,612.0,105784.2,172.85,S,1,137519.46
100,MAT00006,P001,,2024,02,532.0,91956.2,172.85,S,1,119543.06
100,MAT00006,P001,,2024,03,633.0,109414.05,172.85,S,1,142238.27
100,MAT00006,P001,,2024,04,573.0,99043.05,172.85,S,1,128755.97
100,MAT00006,P001,,2024,05,664.0,114772.4,172.85,S,1,149204.12
100,MAT00006,P001,,2024,06,592.0,102327.2,172.85,S,1,133025.36
100,MAT00006,P001,,2024,07,696.0,120303.6,172.85,S,1,156394.68
100,MAT00006,P001,,2024,08,610.0,105438.5,172.85,S,1,137070.05
100,MAT00006,P001,,2024,09,653.0,112871.05,172.85,S,1,146732.37
100,MAT00006,P001,,2024,10,802.0,138625.7,172.85,S,1,180213.41
100,MAT00006,P001,,2024,11,930.0,160750.5,172.85,S,1,208975.65
100,MAT00006,P001,,2024,12,1047.0,180973.95,172.85,S,1,235266.13
100,MAT00006,P002,,2023,01,471.0,175697.13,373.03,S,1,228406.27
100,MAT00006,P002,,2023,02,475.0,177189.25,373.03,S,1,230346.02
100,MAT00006,P002,,2023,03,414.0,154434.42,373.03,S,1,200764.75
100,MAT00006,P002,,2023,04,556.0,207404.68,373.03,S,1,269626.08
100,MAT00006,P002,,2023,05,615.0,229413.45,373.03,S,1,298237.48
100,MAT00006,P002,,2023,06,668.0,249184.04,373.03,S,1,323939.25
100,MAT00006,P002,,2023,07,671.0,250303.13,373.03,S,1,325394.07
100,MAT00006,P002,,2023,08,589.0,219714.67,373.03,S,1,285629.07
100,MAT00006,P002,,2023,09,624.0,232770.72,373.03,S,1,302601.94
100,MAT00006,P002,,2023,10,582.0,217103.46,373.03,S,1,282234.5
100,MAT00006,P002,,2023,11,509.0,189872.27,373.03,S,1,246833.95
100,MAT00006,P002,,2023,12,652.0,243215.56,373.03,S,1,316180.23
100,MAT00006,P002,,2024,01,762.0,284248.86,373.03,S,1,369523.52
100,MAT00006,P002,,2024,02,714.0,266343.42,373.03,S,1,346246.45
100,MAT00006,P002,,2024,03,800.0,298424.0,373.03,S,1,387951.2
100,MAT00006,P002,,2024,04,806.0,300662.18,373.03,S,1,390860.83
100,MAT00006,P002,,2024,05,839.0,312972.17,373.03,S,1,406863.82
100,MAT00006,P002,,2024,06,845.0,315210.35,373.03,S,1,409773.45
100,MAT00006,P002,,2024,07,911.0,339830.33,373.03,S,1,441779.43
100,MAT00006,P002,,2024,08,927.0,345798.81,373.03,S,1,449538.45
100,MAT00006,P002,,2024,09,891.0,332369.73,373.03,S,1,432080.65
100,MAT00006,P002,,2024,10,826.0,308122.78,373.03,S,1,400559.61
100,MAT00006,P002,,2024,11,804.0,299916.12,373.03,S,1,389890.96
100,MAT00006,P002,,2024,12,836.0,311853.08,373.03,S,1,405409.0
100,MAT00006,P003,,2023,01,846.0,163354.14,193.09,S,1,212360.38
100,MAT00006,P003,,2023,02,806.0,155630.54,193.09,S,1,202319.7
100,MAT00006,P003,,2023,03,785.0,151575.65,193.09,S,1,197048.35
100,MAT00006,P003,,2023,04,745.0,143852.05,193.09,S,1,187007.66
100,MAT00006,P003,,2023,05,662.0,127825.58,193.09,S,1,166173.25
100,MAT00006,P003,,2023,06,630.0,121646.7,193.09,S,1,158140.71
100,MAT00006,P003,,2023,07,629.0,121453.61,193.09,S,1,157889.69
100,MAT00006,P003,,2023,08,769.0,148486.21,193.09,S,1,193032.07
100,MAT00006,P003,,2023,09,712.0,137480.08,193.09,S,1,178724.1
100,MAT00006,P003,,2023,10,823.0,158913.07,193.09,S,1,206586.99
100,MAT00006,P003,,2023,11,903.0,174360.27,193.09,S,1,226668.35
100,MAT00006,P003,,2023,12,872.0,168374.48,193.09,S,1,218886.82
100,MAT00006,P003,,2024,01,863.0,166636.67,193.09,S,1,216627.67
100,MAT00006,P003,,2024,02,998.0,192703.82,193.09,S,1,250514.97
100,MAT00006,P003,,2024,03,1044.0,201585.96,193.09,S,1,262061.75
100,MAT00006,P003,,2024,04,1084.0,209309.56,193.09,S,1,272102.43
100,MAT00006,P003,,2024,05,1065.0,205640.85,193.09,S,1,267333.11
100,MAT00006,P003,,2024,06,1030.0,198882.7,193.09,S,1,258547.51
100,MAT00006,P003,,2024,07,957.0,184787.13,193.09,S,1,240223.27
100,MAT00006,P003,,2024,08,1037.0,200234.33,193.09,S,1,260304.63
100,MAT00006,P003,,2024,09,1029.0,198689.61,193.09,S,1,258296.49
100,MAT00006,P003,,2024,10,1021.0,197144.89,193.09,S,1,256288.36
100,MAT00006,P003,,2024,11,1024.0,197724.16,193.09,S,1,257041.41
100,MAT00006,P003,,2024,12,1026.0,198110.34,193.09,S,1,257543.44
100,MAT00007,P001,,2023,01,416.0,67400.32,162.02,S,1,87620.42
100,MAT00007,P001,,2023,02,420.0,68048.4,162.02,S,1,88462.92
100,MAT00007,P001,,2023,03,449.0,72746.98,162.02,S,1,94571.07
100,MAT00007,P001,,2023,04,488.0,79065.76,162.02,S,1,102785.49
100,MAT00007,P001,,2023,05,480.0,77769.6,162.02,S,1,101100.48
100,MAT00007,P001,,2023,06,381.0,61729.62,162.02,S,1,80248.51
100,MAT00007,P001,,2023,07,290.0,46985.8,162.02,S,1,61081.54
100,MAT00007,P001,,2023,08,338.0,54762.76,162.02,S,1,71191.59
100,MAT00007,P001,,2023,09,350.0,56707.0,162.02,S,1,73719.1
100,MAT00007,P001,,2023,10,463.0,75015.26,162.02,S,1,97519.84
100,MAT00007,P001,,2023,11,555.0,89921.1,162.02,S,1,116897.43
100,MAT00007,P001,,2023,12,497.0,80523.94,162.02,S,1,104681.12
100,MAT00007,P001,,2024,01,531.0,86032.62,162.02,S,1,111842.41
100,MAT00007,P001,,2024,02,461.0,74691.22,162.02,S,1,97098.59
100,MAT00007,P001,,2024,03,555.0,89921.1,162.02,S,1,116897.43
100,MAT00007,P001,,2024,04,503.0,81496.06,162.02,S,1,105944.88
100,MAT00007,P001,,2024,05,594.0,96239.88,162.02,S,1,125111.84
100,MAT00007,P001,,2024,06,657.0,106447.14,162.02,S,1,138381.28
100,MAT00007,P001,,2024,07,593.0,96077.86,162.02,S,1,124901.22
100,MAT00007,P001,,2024,08,542.0,87814.84,162.02,S,1,114159.29
100,MAT00007,P001,,2024,09,688.0,111469.76,162.02,S,1,144910.69
100,MAT00007,P001,,2024,10,802.0,129940.04,162.02,S,1,168922.05
100,MAT00007,P001,,2024,11,830.0,134476.6,162.02,S,1,174819.58
100,MAT00007,P001,,2024,12,772.0,125079.44,162.02,S,1,162603.27
100,MAT00007,P002,,2023,01,520.0,186191.2,358.06,S,1,242048.56
100,MAT00007,P002,,2023,02,509.0,182252.54,358.06,S,1,236928.3
100,MAT00007,P002,,2023,03,519.0,185833.14,358.06,S,1,241583.08
100,MAT00007,P002,,2023,04,643.0,230232.58,358.06,S,1,299302.35
100,MAT00007,P002,,2023,05,662.0,237035.72,358.06,S,1,308146.44
100,MAT00007,P002,,2023,06,619.0,221639.14,358.06,S,1,288130.88
100,MAT00007,P002,,2023,07,525.0,187981.5,358.06,S,1,244375.95
100,MAT00007,P002,,2023,08,544.0,194784.64,358.06,S,1,253220.03
100,MAT00007,P002,,2023,09,511.0,182968.66,358.06,S,1,237859.26
100,MAT00007,P002,,2023,10,632.0,226293.92,358.06,S,1,294182.1
100,MAT00007,P002,,2023,11,697.0,249567.82,358.06,S,1,324438.17
100,MAT00007,P002,,2023,12,752.0,269261.12,358.06,S,1,350039.46
100,MAT00007,P002,,2024,01,824.0,295041.44,358.06,S,1,383553.87
100,MAT00007,P002,,2024,02,925.0,331205.5,358.06,S,1,430567.15
100,MAT00007,P002,,2024,03,949.0,339798.94,358.06,S,1,441738.62
100,MAT00007,P002,,2024,04,1018.0,364505.08,358.06,S,1,473856.6
100,MAT00007,P002,,2024,05,1112.0,398162.72,358.06,S,1,517611.54
100,MAT00007,P002,,2024,06,1260.0,451155.6,358.06,S,1,586502.28
100,MAT00007,P002,,2024,07,1166.0,417497.96,358.06,S,1,542747.35
100,MAT00007,P002,,2024,08,1300.0,465478.0,358.06,S,1,605121.4
100,MAT00007,P002,,2024,09,1312.0,469774.72,358.06,S,1,610707.14
100,MAT00007,P002,,2024,10,1261.0,451513.66,358.06,S,1,586967.76
100,MAT00007,P002,,2024,11,1265.0,452945.9,358.06,S,1,588829.67
100,MAT00007,P002,,2024,12,1364.0,488393.84,358.06,S,1,634911.99
100,MAT00007,P003,,2023,01,902.0,201037.76,222.88,S,1,261349.09
100,MAT00007,P003,,2023,02,1004.0,223771.52,222.88,S,1,290902.98
100,MAT00007,P003,,2023,03,1002.0,223325.76,222.88,S,1,290323.49
100,MAT00007,P003,,2023,04,1066.0,237590.08,222.88,S,1,308867.1
100,MAT00007,P003,,2023,05,1041.0,232018.08,222.88,S,1,301623.5
100,MAT00007,P003,,2023,06,1146.0,255420.48,222.88,S,1,332046.62
100,MAT00007,P003,,2023,07,1146.0,255420.48,222.88,S,1,332046.62
100,MAT00007,P003,,2023,08,1135.0,252968.8,222.88,S,1,328859.44
100,MAT00007,P003,,2023,09,1254.0,279491.52,222.88,S,1,363338.98
100,MAT00007,P003,,2023,10,1237.0,275702.56,222.88,S,1,358413.33
100,MAT00007,P003,,2023,11,1231.0,274365.28,222.88,S,1,356674.86
100,MAT00007,P003,,2023,12,1176.0,262106.88,222.88,S,1,340738.94
100,MAT00007,P003,,2024,01,1109.0,247173.92,222.88,S,1,321326.1
100,MAT00007,P003,,2024,02,1101.0,245390.88,222.88,S,1,319008.14
100,MAT00007,P003,,2024,03,1228.0,273696.64,222.88,S,1,355805.63
100,MAT00007,P003,,2024,04,1255.0,279714.4,222.88,S,1,363628.72
100,MAT00007,P003,,2024,05,1197.0,266787.36,222.88,S,1,346823.57
100,MAT00007,P003,,2024,06,1120.0,249625.6,222.88,S,1,324513.28
100,MAT00007,P003,,2024,07,1092.0,243384.96,222.88,S,1,316400.45
100,MAT00007,P003,,2024,08,1091.0,243162.08,222.88,S,1,316110.7
100,MAT00007,P003,,2024,09,1142.0,254528.96,222.88,S,1,330887.65
100,MAT00007,P003,,2024,10,1052.0,234469.76,222.88,S,1,304810.69
100,MAT00007,P003,,2024,11,1006.0,224217.28,222.88,S,1,291482.46
100,MAT00007,P003,,2024,12,1052.0,234469.76,222.88,S,1,304810.69
100,MAT00008,P001,,2023,01,451.0,42759.31,94.81,S,1,55587.1
100,MAT00008,P001,,2023,02,525.0,49775.25,94.81,S,1,64707.83
100,MAT00008,P001,,2023,03,639.0,60583.59,94.81,S,1,78758.67
100,MAT00008,P001,,2023,04,775.0,73477.75,94.81,S,1,95521.07
100,MAT00008,P001,,2023,05,685.0,64944.85,94.81,S,1,84428.31
100,MAT00008,P001,,2023,06,729.0,69116.49,94.81,S,1,89851.44
100,MAT00008,P001,,2023,07,787.0,74615.47,94.81,S,1,97000.11
100,MAT00008,P001,,2023,08,846.0,80209.26,94.81,S,1,104272.04
100,MAT00008,P001,,2023,09,868.0,82295.08,94.81,S,1,106983.6
100,MAT00008,P001,,2023,10,950.0,90069.5,94.81,S,1,117090.35
100,MAT00008,P001,,2023,11,963.0,91302.03,94.81,S,1,118692.64
100,MAT00008,P001,,2023,12,986.0,93482.66,94.81,S,1,121527.46
100,MAT00008,P001,,2024,01,986.0,93482.66,94.81,S,1,121527.46
100,MAT00008,P001,,2024,02,981.0,93008.61,94.81,S,1,120911.19
100,MAT00008,P001,,2024,03,944.0,89500.64,94.81,S,1,116350.83
100,MAT00008,P001,,2024,04,1043.0,98886.83,94.81,S,1,128552.88
100,MAT00008,P001,,2024,05,1185.0,112349.85,94.81,S,1,146054.81
100,MAT00008,P001,,2024,06,1090.0,103342.9,94.81,S,1,134345.77
100,MAT00008,P001,,2024,07,1148.0,108841.88,94.81,S,1,141494.44
100,MAT00008,P001,,2024,08,1186.0,112444.66,94.81,S,1,146178.06
100,MAT00008,P001,,2024,09,1153.0,109315.93,94.81,S,1,142110.71
100,MAT00008,P001,,2024,10,1265.0,119934.65,94.81,S,1,155915.05
100,MAT00008,P001,,2024,11,1260.0,119460.6,94.81,S,1,155298.78
100,MAT00008,P001,,2024,12,1215.0,115194.15,94.81,S,1,149752.4
100,MAT00008,P002,,2023,01,161.0,37841.44,235.04,S,1,49193.87
100,MAT00008,P002,,2023,02,173.0,40661.92,235.04,S,1,52860.5
100,MAT00008,P002,,2023,03,120.0,28204.8,235.04,S,1,36666.24
100,MAT00008,P002,,2023,04,90.0,21153.6,235.04,S,1,27499.68
100,MAT00008,P002,,2023,05,103.0,24209.12,235.04,S,1,31471.86
100,MAT00008,P002,,2023,06,212.0,49828.48,235.04,S,1,64777.02
100,MAT00008,P002,,2023,07,359.0,84379.36,235.04,S,1,109693.17
100,MAT00008,P002,,2023,08,262.0,61580.48,235.04,S,1,80054.62
100,MAT00008,P002,,2023,09,381.0,89550.24,235.04,S,1,116415.31
100,MAT00008,P002,,2023,10,366.0,86024.64,235.04,S,1,111832.03
100,MAT00008,P002,,2023,11,372.0,87434.88,235.04,S,1,113665.34
100,MAT00008,P002,,2023,12,488.0,114699.52,235.04,S,1,149109.38
100,MAT00008,P002,,2024,01,431.0,101302.24,235.04,S,1,131692.91
100,MAT00008,P002,,2024,02,570.0,133972.8,235.04,S,1,174164.64
100,MAT00008,P002,,2024,03,480.0,112819.2,235.04,S,1,146664.96
100,MAT00008,P002,,2024,04,429.0,100832.16,235.04,S,1,131081.81
100,MAT00008,P002,,2024,05,431.0,101302.24,235.04,S,1,131692.91
100,MAT00008,P002,,2024,06,396.0,93075.84,235.04,S,1,120998.59
100,MAT00008,P002,,2024,07,510.0,119870.4,235.04,S,1,155831.52
100,MAT00008,P002,,2024,08,616.0,144784.64,235.04,S,1,188220.03
100,MAT00008,P002,,2024,09,561.0,131857.44,235.04,S,1,171414.67
100,MAT00008,P002,,2024,10,599.0,140788.96,235.04,S,1,183025.65
100,MAT00008,P002,,2024,11,543.0,127626.72,235.04,S,1,165914.74
100,MAT00008,P002,,2024,12,677.0,159122.08,235.04,S,1,206858.7
100,MAT00008,P003,,2023,01,819.0,161703.36,197.44,S,1,210214.37
100,MAT00008,P003,,2023,02,806.0,159136.64,197.44,S,1,206877.63
100,MAT00008,P003,,2023,03,722.0,142551.68,197.44,S,1,185317.18
100,MAT00008,P003,,2023,04,692.0,136628.48,197.44,S,1,177617.02
100,MAT00008,P003,,2023,05,783.0,154595.52,197.44,S,1,200974.18
100,MAT00008,P003,,2023,06,842.0,166244.48,197.44,S,1,216117.82
100,MAT00008,P003,,2023,07,816.0,161111.04,197.44,S,1,209444.35
100,MAT00008,P003,,2023,08,731.0,144328.64,197.44,S,1,187627.23
100,MAT00008,P003,,2023,09,654.0,129125.76,197.44,S,1,167863.49
100,MAT00008,P003,,2023,10,621.0,122610.24,197.44,S,1,159393.31
100,MAT00008,P003,,2023,11,762.0,150449.28,197.44,S,1,195584.06
100,MAT00008,P003,,2023,12,718.0,141761.92,197.44,S,1,184290.5
100,MAT00008,P003,,2024,01,741.0,146303.04,197.44,S,1,190193.95
100,MAT00008,P003,,2024,02,707.0,139590.08,197.44,S,1,181467.1
100,MAT00008,P003,,2024,03,753.0,148672.32,197.44,S,1,193274.02
100,MAT00008,P003,,2024,04,851.0,168021.44,197.44,S,1,218427.87
100,MAT00008,P003,,2024,05,956.0,188752.64,197.44,S,1,245378.43
100,MAT00008,P003,,2024,06,959.0,189344.96,197.44,S,1,246148.45
100,MAT00008,P003,,2024,07,1089.0,215012.16,197.44,S,1,279515.81
100,MAT00008,P003,,2024,08,1068.0,210865.92,197.44,S,1,274125.7
100,MAT00008,P003,,2024,09,1185.0,233966.4,197.44,S,1,304156.32
100,MAT00008,P003,,2024,10,1159.0,228832.96,197.44,S,1,297482.85
100,MAT00008,P003,,2024,11,1084.0,214024.96,197.44,S,1,278232.45
100,MAT00008,P003,,2024,12,1038.0,204942.72,197.44,S,1,266425.54
100,MAT00009,P001,,2023,01,200.0,7850.0,39.25,S,1,10205.0
100,MAT00009,P001,,2023,02,207.0,8124.75,39.25,S,1,10562.18
100,MAT00009,P001,,2023,03,318.0,12481.5,39.25,S,1,16225.95
100,MAT00009,P001,,2023,04,292.0,11461.0,39.25,S,1,14899.3
100,MAT00009,P001,,2023,05,255.0,10008.75,39.25,S,1,13011.38
100,MAT00009,P001,,2023,06,168.0,6594.0,39.25,S,1,8572.2
100,MAT00009,P001,,2023,07,162.0,6358.5,39.25,S,1,8266.05
100,MAT00009,P001,,2023,08,134.0,5259.5,39.25,S,1,6837.35
100,MAT00009,P001,,2023,09,167.0,6554.75,39.25,S,1,8521.18
100,MAT00009,P001,,2023,10,231.0,9066.75,39.25,S,1,11786.77
100,MAT00009,P001,,2023,11,185.0,7261.25,39.25,S,1,9439.62
100,MAT00009,P001,,2023,12,251.0,9851.75,39.25,S,1,12807.27
100,MAT00009,P001,,2024,01,246.0,9655.5,39.25,S,1,12552.15
100,MAT00009,P001,,2024,02,379.0,14875.75,39.25,S,1,19338.48
100,MAT00009,P001,,2024,03,410.0,16092.5,39.25,S,1,20920.25
100,MAT00009,P001,,2024,04,415.0,16288.75,39.25,S,1,21175.38
100,MAT00009,P001,,2024,05,424.0,16642.0,39.25,S,1,21634.6
100,MAT00009,P001,,2024,06,528.0,20724.0,39.25,S,1,26941.2
100,MAT00009,P001,,2024,07,453.0,17780.25,39.25,S,1,23114.33
100,MAT00009,P001,,2024,08,360.0,14130.0,39.25,S,1,18369.0
100,MAT00009,P001,,2024,09,334.0,13109.5,39.25,S,1,17042.35
100,MAT00009,P001,,2024,10,309.0,12128.25,39.25,S,1,15766.73
100,MAT00009,P001,,2024,11,339.0,13305.75,39.25,S,1,17297.48
100,MAT00009,P001,,2024,12,266.0,10440.5,39.25,S,1,13572.65
100,MAT00009,P002,,2023,01,937.0,124780.29,133.17,S,1,162214.38
100,MAT00009,P002,,2023,02,983.0,130906.11,133.17,S,1,170177.94
100,MAT00009,P002,,2023,03,906.0,120652.02,133.17,S,1,156847.63
100,MAT00009,P002,,2023,04,808.0,107601.36,133.17,S,1,139881.77
100,MAT00009,P002,,2023,05,815.0,108533.55,133.17,S,1,141093.61
100,MAT00009,P002,,2023,06,867.0,115458.39,133.17,S,1,150095.91
100,MAT00009,P002,,2023,07,930.0,123848.1,133.17,S,1,161002.53
100,MAT00009,P002,,2023,08,850.0,113194.5,133.17,S,1,147152.85
100,MAT00009,P002,,2023,09,902.0,120119.34,133.17,S,1,156155.14
100,MAT00009,P002,,2023,10,1034.0,137697.78,133.17,S,1,179007.11
100,MAT00009,P002,,2023,11,945.0,125845.65,133.17,S,1,163599.35
100,MAT00009,P002,,2023,12,1058.0,140893.86,133.17,S,1,183162.02
100,MAT00009,P002,,2024,01,1121.0,149283.57,133.17,S,1,194068.64
100,MAT00009,P002,,2024,02,1210.0,161135.7,133.17,S,1,209476.41
100,MAT00009,P002,,2024,03,1329.0,176982.93,133.17,S,1,230077.81
100,MAT00009,P002,,2024,04,1452.0,193362.84,133.17,S,1,251371.69
100,MAT00009,P002,,2024,05,1519.0,202285.23,133.17,S,1,262970.8
100,MAT00009,P002,,2024,06,1428.0,190166.76,133.17,S,1,247216.79
100,MAT00009,P002,,2024,07,1508.0,200820.36,133.17,S,1,261066.47
100,MAT00009,P002,,2024,08,1511.0,201219.87,133.17,S,1,261585.83
100,MAT00009,P002,,2024,09,1602.0,213338.34,133.17,S,1,277339.84
100,MAT00009,P002,,2024,10,1740.0,231715.8,133.17,S,1,301230.54
100,MAT00009,P002,,2024,11,1880.0,250359.6,133.17,S,1,325467.48
100,MAT00009,P002,,2024,12,1933.0,257417.61,133.17,S,1,334642.89
100,MAT00009,P003,,2023,01,523.0,194163.75,371.25,S,1,252412.88
100,MAT00009,P003,,2023,02,475.0,176343.75,371.25,S,1,229246.88
100,MAT00009,P003,,2023,03,453.0,168176.25,371.25,S,1,218629.12
100,MAT00009,P003,,2023,04,529.0,196391.25,371.25,S,1,255308.62
100,MAT00009,P003,,2023,05,521.0,193421.25,371.25,S,1,251447.62
100,MAT00009,P003,,2023,06,556.0,206415.0,371.25,S,1,268339.5
100,MAT00009,P003,,2023,07,520.0,193050.0,371.25,S,1,250965.0
100,MAT00009,P003,,2023,08,511.0,189708.75,371.25,S,1,246621.38
100,MAT00009,P003,,2023,09,548.0,203445.0,371.25,S,1,264478.5
100,MAT00009,P003,,2023,10,682.0,253192.5,371.25,S,1,329150.25
100,MAT00009,P003,,2023,11,619.0,229803.75,371.25,S,1,298744.88
100,MAT00009,P003,,2023,12,745.0,276581.25,371.25,S,1,359555.62
100,MAT00009,P003,,2024,01,840.0,311850.0,371.25,S,1,405405.0
100,MAT00009,P003,,2024,02,793.0,294401.25,371.25,S,1,382721.62
100,MAT00009,P003,,2024,03,808.0,299970.0,371.25,S,1,389961.0
100,MAT00009,P003,,2024,04,838.0,311107.5,371.25,S,1,404439.75
100,MAT00009,P003,,2024,05,981.0,364196.25,371.25,S,1,473455.12
100,MAT00009,P003,,2024,06,932.0,346005.0,371.25,S,1,449806.5
100,MAT00009,P003,,2024,07,1020.0,378675.0,371.25,S,1,492277.5
100,MAT00009,P003,,2024,08,981.0,364196.25,371.25,S,1,473455.12
100,MAT00009,P003,,2024,09,903.0,335238.75,371.25,S,1,435810.38
100,MAT00009,P003,,2024,10,825.0,306281.25,371.25,S,1,398165.62
100,MAT00009,P003,,2024,11,937.0,347861.25,371.25,S,1,452219.62
100,MAT00009,P003,,2024,12,996.0,369765.0,371.25,S,1,480694.5
100,MAT00010,P001,,2023,01,319.0,58463.13,183.27,S,1,76002.07
100,MAT00010,P001,,2023,02,305.0,55897.35,183.27,S,1,72666.56
100,MAT00010,P001,,2023,03,237.0,43434.99,183.27,S,1,56465.49
100,MAT00010,P001,,2023,04,295.0,54064.65,183.27,S,1,70284.04
100,MAT00010,P001,,2023,05,421.0,77156.67,183.27,S,1,100303.67
100,MAT00010,P001,,2023,06,430.0,78806.1,183.27,S,1,102447.93
100,MAT00010,P001,,2023,07,352.0,64511.04,183.27,S,1,83864.35
100,MAT00010,P001,,2023,08,280.0,51315.6,183.27,S,1,66710.28
100,MAT00010,P001,,2023,09,292.0,53514.84,183.27,S,1,69569.29
100,MAT00010,P001,,2023,10,425.0,77889.75,183.27,S,1,101256.68
100,MAT00010,P001,,2023,11,337.0,61761.99,183.27,S,1,80290.59
100,MAT00010,P001,,2023,12,314.0,57546.78,183.27,S,1,74810.81
100,MAT00010,P001,,2024,01,308.0,56447.16,183.27,S,1,73381.31
100,MAT00010,P001,,2024,02,431.0,78989.37,183.27,S,1,102686.18
100,MAT00010,P001,,2024,03,491.0,89985.57,183.27,S,1,116981.24
100,MAT00010,P001,,2024,04,514.0,94200.78,183.27,S,1,122461.01
100,MAT00010,P001,,2024,05,635.0,116376.45,183.27,S,1,151289.39
100,MAT00010,P001,,2024,06,769.0,140934.63,183.27,S,1,183215.02
100,MAT00010,P001,,2024,07,814.0,149181.78,183.27,S,1,193936.31
100,MAT00010,P001,,2024,08,908.0,166409.16,183.27,S,1,216331.91
100,MAT00010,P001,,2024,09,986.0,180704.22,183.27,S,1,234915.49
100,MAT00010,P001,,2024,10,889.0,162927.03,183.27,S,1,211805.14
100,MAT00010,P001,,2024,11,917.0,168058.59,183.27,S,1,218476.17
100,MAT00010,P001,,2024,12,939.0,172090.53,183.27,S,1,223717.69
100,MAT00010,P002,,2023,01,859.0,332209.66,386.74,S,1,431872.56
100,MAT00010,P002,,2023,02,847.0,327568.78,386.74,S,1,425839.41
100,MAT00010,P002,,2023,03,882.0,341104.68,386.74,S,1,443436.08
100,MAT00010,P002,,2023,04,951.0,367789.74,386.74,S,1,478126.66
100,MAT00010,P002,,2023,05,939.0,363148.86,386.74,S,1,472093.52
100,MAT00010,P002,,2023,06,1012.0,391380.88,386.74,S,1,508795.14
100,MAT00010,P002,,2023,07,965.0,373204.1,386.74,S,1,485165.33
100,MAT00010,P002,,2023,08,1112.0,430054.88,386.74,S,1,559071.34
100,MAT00010,P002,,2023,09,1026.0,396795.24,386.74,S,1,515833.81
100,MAT00010,P002,,2023,10,1073.0,414972.02,386.74,S,1,539463.63
100,MAT00010,P002,,2023,11,1223.0,472983.02,386.74,S,1,614877.93
100,MAT00010,P002,,2023,12,1307.0,505469.18,386.74,S,1,657109.93
100,MAT00010,P002,,2024,01,1377.0,532540.98,386.74,S,1,692303.27
100,MAT00010,P002,,2024,02,1491.0,576629.34,386.74,S,1,749618.14
100,MAT00010,P002,,2024,03,1418.0,548397.32,386.74,S,1,712916.52
100,MAT00010,P002,,2024,04,1450.0,560773.0,386.74,S,1,729004.9
100,MAT00010,P002,,2024,05,1443.0,558065.82,386.74,S,1,725485.57
100,MAT00010,P002,,2024,06,1506.0,582430.44,386.74,S,1,757159.57
100,MAT00010,P002,,2024,07,1476.0,570828.24,386.74,S,1,742076.71
100,MAT00010,P002,,2024,08,1498.0,579336.52,386.74,S,1,753137.48
100,MAT00010,P002,,2024,09,1567.0,606021.58,386.74,S,1,787828.05
100,MAT00010,P002,,2024,10,1499.0,579723.26,386.74,S,1,753640.24
100,MAT00010,P002,,2024,11,1636.0,632706.64,386.74,S,1,822518.63
100,MAT00010,P002,,2024,12,1546.0,597900.04,386.74,S,1,777270.05
100,MAT00010,P003,,2023,01,537.0,131355.57,244.61,S,1,170762.24
100,MAT00010,P003,,2023,02,579.0,141629.19,244.61,S,1,184117.95
100,MAT00010,P003,,2023,03,728.0,178076.08,244.61,S,1,231498.9
100,MAT00010,P003,,2023,04,738.0,180522.18,244.61,S,1,234678.83
100,MAT00010,P003,,2023,05,844.0,206450.84,244.61,S,1,268386.09
100,MAT00010,P003,,2023,06,922.0,225530.42,244.61,S,1,293189.55
100,MAT00010,P003,,2023,07,892.0,218192.12,244.61,S,1,283649.76
100,MAT00010,P003,,2023,08,1002.0,245099.22,244.61,S,1,318628.99
100,MAT00010,P003,,2023,09,907.0,221861.27,244.61,S,1,288419.65
100,MAT00010,P003,,2023,10,865.0,211587.65,244.61,S,1,275063.95
100,MAT00010,P003,,2023,11,863.0,211098.43,244.61,S,1,274427.96
100,MAT00010,P003,,2023,12,922.0,225530.42,244.61,S,1,293189.55
100,MAT00010,P003,,2024,01,881.0,215501.41,244.61,S,1,280151.83
100,MAT00010,P003,,2024,02,966.0,236293.26,244.61,S,1,307181.24
100,MAT00010,P003,,2024,03,965.0,236048.65,244.61,S,1,306863.25
100,MAT00010,P003,,2024,04,1083.0,264912.63,244.61,S,1,344386.42
100,MAT00010,P003,,2024,05,1219.0,298179.59,244.61,S,1,387633.47
100,MAT00010,P003,,2024,06,1355.0,331446.55,244.61,S,1,430880.52
100,MAT00010,P003,,2024,07,1414.0,345878.54,244.61,S,1,449642.1
100,MAT00010,P003,,2024,08,1538.0,376210.18,244.61,S,1,489073.23
100,MAT00010,P003,,2024,09,1614.0,394800.54,244.61,S,1,513240.7
100,MAT00010,P003,,2024,10,1610.0,393822.1,244.61,S,1,511968.73
100,MAT00010,P003,,2024,11,1727.0,422441.47,244.61,S,1,549173.91
100,MAT00010,P003,,2024,12,1634.0,399692.74,244.61,S,1,519600.56
100,MAT00011,P001,,2023,01,526.0,73545.32,139.82,S,1,95608.92
100,MAT00011,P001,,2023,02,649.0,90743.18,139.82,S,1,117966.13
100,MAT00011,P001,,2023,03,762.0,106542.84,139.82,S,1,138505.69
100,MAT00011,P001,,2023,04,906.0,126676.92,139.82,S,1,164680.0
100,MAT00011,P001,,2023,05,890.0,124439.8,139.82,S,1,161771.74
100,MAT00011,P001,,2023,06,1010.0,141218.2,139.82,S,1,183583.66
100,MAT00011,P001,,2023,07,1001.0,139959.82,139.82,S,1,181947.77
100,MAT00011,P001,,2023,08,1141.0,159534.62,139.82,S,1,207395.01
100,MAT00011,P001,,2023,09,1169.0,163449.58,139.82,S,1,212484.45
100,MAT00011,P001,,2023,10,1187.0,165966.34,139.82,S,1,215756.24
100,MAT00011,P001,,2023,11,1243.0,173796.26,139.82,S,1,225935.14
100,MAT00011,P001,,2023,12,1160.0,162191.2,139.82,S,1,210848.56
100,MAT00011,P001,,2024,01,1273.0,177990.86,139.82,S,1,231388.12
100,MAT00011,P001,,2024,02,1373.0,191972.86,139.82,S,1,249564.72
100,MAT00011,P001,,2024,03,1302.0,182045.64,139.82,S,1,236659.33
100,MAT00011,P001,,2024,04,1309.0,183024.38,139.82,S,1,237931.69
100,MAT00011,P001,,2024,05,1361.0,190295.02,139.82,S,1,247383.53
100,MAT00011,P001,,2024,06,1298.0,181486.36,139.82,S,1,235932.27
100,MAT00011,P001,,2024,07,1319.0,184422.58,139.82,S,1,239749.35
100,MAT00011,P001,,2024,08,1290.0,180367.8,139.82,S,1,234478.14
100,MAT00011,P001,,2024,09,1390.0,194349.8,139.82,S,1,252654.74
100,MAT00011,P001,,2024,10,1517.0,212106.94,139.82,S,1,275739.02
100,MAT00011,P001,,2024,11,1549.0,216581.18,139.82,S,1,281555.53
100,MAT00011,P001,,2024,12,1633.0,228326.06,139.82,S,1,296823.88
100,MAT00011,P002,,2023,01,346.0,119089.74,344.19,S,1,154816.66
100,MAT00011,P002,,2023,02,280.0,96373.2,344.19,S,1,125285.16
100,MAT00011,P002,,2023,03,304.0,104633.76,344.19,S,1,136023.89
100,MAT00011,P002,,2023,04,269.0,92587.11,344.19,S,1,120363.24
100,MAT00011,P002,,2023,05,294.0,101191.86,344.19,S,1,131549.42
100,MAT00011,P002,,2023,06,430.0,148001.7,344.19,S,1,192402.21
100,MAT00011,P002,,2023,07,483.0,166243.77,344.19,S,1,216116.9
100,MAT00011,P002,,2023,08,522.0,179667.18,344.19,S,1,233567.33
100,MAT00011,P002,,2023,09,607.0,208923.33,344.19,S,1,271600.33
100,MAT00011,P002,,2023,10,714.0,245751.66,344.19,S,1,319477.16
100,MAT00011,P002,,2023,11,636.0,218904.84,344.19,S,1,284576.29
100,MAT00011,P002,,2023,12,735.0,252979.65,344.19,S,1,328873.54
100,MAT00011,P002,,2024,01,802.0,276040.38,344.19,S,1,358852.49
100,MAT00011,P002,,2024,02,739.0,254356.41,344.19,S,1,330663.33
100,MAT00011,P002,,2024,03,858.0,295315.02,344.19,S,1,383909.53
100,MAT00011,P002,,2024,04,818.0,281547.42,344.19,S,1,366011.65
100,MAT00011,P002,,2024,05,742.0,255388.98,344.19,S,1,332005.67
100,MAT00011,P002,,2024,06,848.0,291873.12,344.19,S,1,379435.06
100,MAT00011,P002,,2024,07,767.0,263993.73,344.19,S,1,343191.85
100,MAT00011,P002,,2024,08,892.0,307017.48,344.19,S,1,399122.72
100,MAT00011,P002,,2024,09,883.0,303919.77,344.19,S,1,395095.7
100,MAT00011,P002,,2024,10,786.0,270533.34,344.19,S,1,351693.34
100,MAT00011,P002,,2024,11,883.0,303919.77,344.19,S,1,395095.7
100,MAT00011,P002,,2024,12,974.0,335241.06,344.19,S,1,435813.38
100,MAT00011,P003,,2023,01,676.0,20063.68,29.68,S,1,26082.78
100,MAT00011,P003,,2023,02,774.0,22972.32,29.68,S,1,29864.02
100,MAT00011,P003,,2023,03,729.0,21636.72,29.68,S,1,28127.74
100,MAT00011,P003,,2023,04,806.0,23922.08,29.68,S,1,31098.7
100,MAT00011,P003,,2023,05,707.0,20983.76,29.68,S,1,27278.89
100,MAT00011,P003,,2023,06,687.0,20390.16,29.68,S,1,26507.21
100,MAT00011,P003,,2023,07,744.0,22081.92,29.68,S,1,28706.5
100,MAT00011,P003,,2023,08,658.0,19529.44,29.68,S,1,25388.27
100,MAT00011,P003,,2023,09,799.0,23714.32,29.68,S,1,30828.62
100,MAT00011,P003,,2023,10,785.0,23298.8,29.68,S,1,30288.44
100,MAT00011,P003,,2023,11,876.0,25999.68,29.68,S,1,33799.58
100,MAT00011,P003,,2023,12,928.0,27543.04,29.68,S,1,35805.95
100,MAT00011,P003,,2024,01,910.0,27008.8,29.68,S,1,35111.44
100,MAT00011,P003,,2024,02,980.0,29086.4,29.68,S,1,37812.32
100,MAT00011,P003,,2024,03,1125.0,33390.0,29.68,S,1,43407.0
100,MAT00011,P003,,2024,04,1153.0,34221.04,29.68,S,1,44487.35
100,MAT00011,P003,,2024,05,1224.0,36328.32,29.68,S,1,47226.82
100,MAT00011,P003,,2024,06,1325.0,39326.0,29.68,S,1,51123.8
100,MAT00011,P003,,2024,07,1446.0,42917.28,29.68,S,1,55792.46
100,MAT00011,P003,,2024,08,1355.0,40216.4,29.68,S,1,52281.32
100,MAT00011,P003,,2024,09,1322.0,39236.96,29.68,S,1,51008.05
100,MAT00011,P003,,2024,10,1322.0,39236.96,29.68,S,1,51008.05
100,MAT00011,P003,,2024,11,1248.0,37040.64,29.68,S,1,48152.83
100,MAT00011,P003,,2024,12,1274.0,37812.32,29.68,S,1,49156.02
100,MAT00012,P001,,2023,01,141.0,38036.16,269.76,S,1,49447.01
100,MAT00012,P001,,2023,02,262.0,70677.12,269.76,S,1,91880.26
100,MAT00012,P001,,2023,03,280.0,75532.8,269.76,S,1,98192.64
100,MAT00012,P001,,2023,04,426.0,114917.76,269.76,S,1,149393.09
100,MAT00012,P001,,2023,05,414.0,111680.64,269.76,S,1,145184.83
100,MAT00012,P001,,2023,06,423.0,114108.48,269.76,S,1,148341.02
100,MAT00012,P001,,2023,07,334.0,90099.84,269.76,S,1,117129.79
100,MAT00012,P001,,2023,08,419.0,113029.44,269.76,S,1,146938.27
100,MAT00012,P001,,2023,09,508.0,137038.08,269.76,S,1,178149.5
100,MAT00012,P001,,2023,10,622.0,167790.72,269.76,S,1,218127.94
100,MAT00012,P001,,2023,11,666.0,179660.16,269.76,S,1,233558.21
100,MAT00012,P001,,2023,12,789.0,212840.64,269.76,S,1,276692.83
100,MAT00012,P001,,2024,01,860.0,231993.6,269.76,S,1,301591.68
100,MAT00012,P001,,2024,02,859.0,231723.84,269.76,S,1,301240.99
100,MAT00012,P001,,2024,03,891.0,240356.16,269.76,S,1,312463.01
100,MAT00012,P001,,2024,04,859.0,231723.84,269.76,S,1,301240.99
100,MAT00012,P001,,2024,05,832.0,224440.32,269.76,S,1,291772.42
100,MAT00012,P001,,2024,06,872.0,235230.72,269.76,S,1,305799.94
100,MAT00012,P001,,2024,07,1012.0,272997.12,269.76,S,1,354896.26
100,MAT00012,P001,,2024,08,1151.0,310493.76,269.76,S,1,403641.89
100,MAT00012,P001,,2024,09,1219.0,328837.44,269.76,S,1,427488.67
100,MAT00012,P001,,2024,10,1327.0,357971.52,269.76,S,1,465362.98
100,MAT00012,P001,,2024,11,1396.0,376584.96,269.76,S,1,489560.45
100,MAT00012,P001,,2024,12,1371.0,369840.96,269.76,S,1,480793.25
100,MAT00012,P002,,2023,01,80.0,885.6,11.07,S,1,1151.28
100,MAT00012,P002,,2023,02,25.0,276.75,11.07,S,1,359.78
100,MAT00012,P002,,2023,03,0,0.0,11.07,S,1,0.0
100,MAT00012,P002,,2023,04,79.0,874.53,11.07,S,1,1136.89
100,MAT00012,P002,,2023,05,0,0.0,11.07,S,1,0.0
100,MAT00012,P002,,2023,06,0,0.0,11.07,S,1,0.0
100,MAT00012,P002,,2023,07,0,0.0,11.07,S,1,0.0
100,MAT00012,P002,,2023,08,0,0.0,11.07,S,1,0.0
100,MAT00012,P002,,2023,09,0,0.0,11.07,S,1,0.0
100,MAT00012,P002,,2023,10,45.0,498.15,11.07,S,1,647.6
100,MAT00012,P002,,2023,11,122.0,1350.54,11.07,S,1,1755.7
100,MAT00012,P002,,2023,12,165.0,1826.55,11.07,S,1,2374.51
100,MAT00012,P002,,2024,01,201.0,2225.07,11.07,S,1,2892.59
100,MAT00012,P002,,2024,02,147.0,1627.29,11.07,S,1,2115.48
100,MAT00012,P002,,2024,03,197.0,2180.79,11.07,S,1,2835.03
100,MAT00012,P002,,2024,04,167.0,1848.69,11.07,S,1,2403.3
100,MAT00012,P002,,2024,05,123.0,1361.61,11.07,S,1,1770.09
100,MAT00012,P002,,2024,06,252.0,2789.64,11.07,S,1,3626.53
100,MAT00012,P002,,2024,07,153.0,1693.71,11.07,S,1,2201.82
100,MAT00012,P002,,2024,08,145.0,1605.15,11.07,S,1,2086.7
100,MAT00012,P002,,2024,09,260.0,2878.2,11.07,S,1,3741.66
100,MAT00012,P002,,2024,10,300.0,3321.0,11.07,S,1,4317.3
100,MAT00012,P002,,2024,11,372.0,4118.04,11.07,S,1,5353.45
100,MAT00012,P002,,2024,12,499.0,5523.93,11.07,S,1,7181.11
100,MAT00012,P003,,2023,01,335.0,65482.45,195.47,S,1,85127.18
100,MAT00012,P003,,2023,02,373.0,72910.31,195.47,S,1,94783.4
100,MAT00012,P003,,2023,03,369.0,72128.43,195.47,S,1,93766.96
100,MAT00012,P003,,2023,04,430.0,84052.1,195.47,S,1,109267.73
100,MAT00012,P003,,2023,05,442.0,86397.74,195.47,S,1,112317.06
100,MAT00012,P003,,2023,06,356.0,69587.32,195.47,S,1,90463.52
100,MAT00012,P003,,2023,07,343.0,67046.21,195.47,S,1,87160.07
100,MAT00012,P003,,2023,08,369.0,72128.43,195.47,S,1,93766.96
100,MAT00012,P003,,2023,09,332.0,64896.04,195.47,S,1,84364.85
100,MAT00012,P003,,2023,10,326.0,63723.22,195.47,S,1,82840.19
100,MAT00012,P003,,2023,11,291.0,56881.77,195.47,S,1,73946.3
100,MAT00012,P003,,2023,12,340.0,66459.8,195.47,S,1,86397.74
100,MAT00012,P003,,2024,01,308.0,60204.76,195.47,S,1,78266.19
100,MAT00012,P003,,2024,02,407.0,79556.29,195.47,S,1,103423.18
100,MAT00012,P003,,2024,03,486.0,94998.42,195.47,S,1,123497.95
100,MAT00012,P003,,2024,04,572.0,111808.84,195.47,S,1,145351.49
100,MAT00012,P003,,2024,05,627.0,122559.69,195.47,S,1,159327.6
100,MAT00012,P003,,2024,06,704.0,137610.88,195.47,S,1,178894.14
100,MAT00012,P003,,2024,07,789.0,154225.83,195.47,S,1,200493.58
100,MAT00012,P003,,2024,08,881.0,172209.07,195.47,S,1,223871.79
100,MAT00012,P003,,2024,09,967.0,189019.49,195.47,S,1,245725.34
100,MAT00012,P003,,2024,10,1001.0,195665.47,195.47,S,1,254365.11
100,MAT00012,P003,,2024,11,1010.0,197424.7,195.47,S,1,256652.11
100,MAT00012,P003,,2024,12,1042.0,203679.74,195.47,S,1,264783.66
100,MAT00013,P001,,2023,01,528.0,61712.64,116.88,S,1,80226.43
100,MAT00013,P001,,2023,02,490.0,57271.2,116.88,S,1,74452.56
100,MAT00013,P001,,2023,03,409.0,47803.92,116.88,S,1,62145.1
100,MAT00013,P001,,2023,04,428.0,50024.64,116.88,S,1,65032.03
100,MAT00013,P001,,2023,05,437.0,51076.56,116.88,S,1,66399.53
100,MAT00013,P001,,2023,06,367.0,42894.96,116.88,S,1,55763.45
100,MAT00013,P001,,2023,07,315.0,36817.2,116.88,S,1,47862.36
100,MAT00013,P001,,2023,08,324.0,37869.12,116.88,S,1,49229.86
100,MAT00013,P001,,2023,09,375.0,43830.0,116.88,S,1,56979.0
100,MAT00013,P001,,2023,10,366.0,42778.08,116.88,S,1,55611.5
100,MAT00013,P001,,2023,11,375.0,43830.0,116.88,S,1,56979.0
100,MAT00013,P001,,2023,12,279.0,32609.52,116.88,S,1,42392.38
100,MAT00013,P001,,2024,01,284.0,33193.92,116.88,S,1,43152.1
100,MAT00013,P001,,2024,02,428.0,50024.64,116.88,S,1,65032.03
100,MAT00013,P001,,2024,03,569.0,66504.72,116.88,S,1,86456.14
100,MAT00013,P001,,2024,04,583.0,68141.04,116.88,S,1,88583.35
100,MAT00013,P001,,2024,05,706.0,82517.28,116.88,S,1,107272.46
100,MAT00013,P001,,2024,06,684.0,79945.92,116.88,S,1,103929.7
100,MAT00013,P001,,2024,07,809.0,94555.92,116.88,S,1,122922.7
100,MAT00013,P001,,2024,08,941.0,109984.08,116.88,S,1,142979.3
100,MAT00013,P001,,2024,09,848.0,99114.24,116.88,S,1,128848.51
100,MAT00013,P001,,2024,10,990.0,115711.2,116.88,S,1,150424.56
100,MAT00013,P001,,2024,11,1101.0,128684.88,116.88,S,1,167290.34
100,MAT00013,P001,,2024,12,1028.0,120152.64,116.88,S,1,156198.43
100,MAT00013,P002,,2023,01,424.0,11515.84,27.16,S,1,14970.59
100,MAT00013,P002,,2023,02,336.0,9125.76,27.16,S,1,11863.49
100,MAT00013,P002,,2023,03,413.0,11217.08,27.16,S,1,14582.2
100,MAT00013,P002,,2023,04,320.0,8691.2,27.16,S,1,11298.56
100,MAT00013,P002,,2023,05,264.0,7170.24,27.16,S,1,9321.31
100,MAT00013,P002,,2023,06,211.0,5730.76,27.16,S,1,7449.99
100,MAT00013,P002,,2023,07,232.0,6301.12,27.16,S,1,8191.46
100,MAT00013,P002,,2023,08,207.0,5622.12,27.16,S,1,7308.76
100,MAT00013,P002,,2023,09,324.0,8799.84,27.16,S,1,11439.79
100,MAT00013,P002,,2023,10,286.0,7767.76,27.16,S,1,10098.09
100,MAT00013,P002,,2023,11,238.0,6464.08,27.16,S,1,8403.3
100,MAT00013,P002,,2023,12,242.0,6572.72,27.16,S,1,8544.54
100,MAT00013,P002,,2024,01,368.0,9994.88,27.16,S,1,12993.34
100,MAT00013,P002,,2024,02,335.0,9098.6,27.16,S,1,11828.18
100,MAT00013,P002,,2024,03,439.0,11923.24,27.16,S,1,15500.21
100,MAT00013,P002,,2024,04,569.0,15454.04,27.16,S,1,20090.25
100,MAT00013,P002,,2024,05,639.0,17355.24,27.16,S,1,22561.81
100,MAT00013,P002,,2024,06,586.0,15915.76,27.16,S,1,20690.49
100,MAT00013,P002,,2024,07,508.0,13797.28,27.16,S,1,17936.46
100,MAT00013,P002,,2024,08,414.0,11244.24,27.16,S,1,14617.51
100,MAT00013,P002,,2024,09,404.0,10972.64,27.16,S,1,14264.43
100,MAT00013,P002,,2024,10,366.0,9940.56,27.16,S,1,12922.73
100,MAT00013,P002,,2024,11,466.0,12656.56,27.16,S,1,16453.53
100,MAT00013,P002,,2024,12,550.0,14938.0,27.16,S,1,19419.4
100,MAT00013,P003,,2023,01,965.0,61161.7,63.38,S,1,79510.21
100,MAT00013,P003,,2023,02,1094.0,69337.72,63.38,S,1,90139.04
100,MAT00013,P003,,2023,03,1181.0,74851.78,63.38,S,1,97307.31
100,MAT00013,P003,,2023,04,1273.0,80682.74,63.38,S,1,104887.56
100,MAT00013,P003,,2023,05,1268.0,80365.84,63.38,S,1,104475.59
100,MAT00013,P003,,2023,06,1312.0,83154.56,63.38,S,1,108100.93
100,MAT00013,P003,,2023,07,1325.0,83978.5,63.38,S,1,109172.05
100,MAT00013,P003,,2023,08,1302.0,82520.76,63.38,S,1,107276.99
100,MAT00013,P003,,2023,09,1381.0,87527.78,63.38,S,1,113786.11
100,MAT00013,P003,,2023,10,1423.0,90189.74,63.38,S,1,117246.66
100,MAT00013,P003,,2023,11,1359.0,86133.42,63.38,S,1,111973.45
100,MAT00013,P003,,2023,12,1494.0,94689.72,63.38,S,1,123096.64
100,MAT00013,P003,,2024,01,1542.0,97731.96,63.38,S,1,127051.55
100,MAT00013,P003,,2024,02,1596.0,101154.48,63.38,S,1,131500.82
100,MAT00013,P003,,2024,03,1694.0,107365.72,63.38,S,1,139575.44
100,MAT00013,P003,,2024,04,1840.0,116619.2,63.38,S,1,151604.96
100,MAT00013,P003,,2024,05,1787.0,113260.06,63.38,S,1,147238.08
100,MAT00013,P003,,2024,06,1803.0,114274.14,63.38,S,1,148556.38
100,MAT00013,P003,,2024,07,1775.0,112499.5,63.38,S,1,146249.35
100,MAT00013,P003,,2024,08,1870.0,118520.6,63.38,S,1,154076.78
100,MAT00013,P003,,2024,09,1984.0,125745.92,63.38,S,1,163469.7
100,MAT00013,P003,,2024,10,1950.0,123591.0,63.38,S,1,160668.3
100,MAT00013,P003,,2024,11,1852.0,117379.76,63.38,S,1,152593.69
100,MAT00013,P003,,2024,12,1803.0,114274.14,63.38,S,1,148556.38
100,MAT00014,P001,,2023,01,695.0,147638.85,212.43,S,1,191930.51
100,MAT00014,P001,,2023,02,607.0,128945.01,212.43,S,1,167628.51
100,MAT00014,P001,,2023,03,514.0,109189.02,212.43,S,1,141945.73
100,MAT00014,P001,,2023,04,540.0,114712.2,212.43,S,1,149125.86
100,MAT00014,P001,,2023,05,618.0,131281.74,212.43,S,1,170666.26
100,MAT00014,P001,,2023,06,617.0,131069.31,212.43,S,1,170390.1
100,MAT00014,P001,,2023,07,579.0,122996.97,212.43,S,1,159896.06
100,MAT00014,P001,,2023,08,619.0,131494.17,212.43,S,1,170942.42
100,MAT00014,P001,,2023,09,658.0,139778.94,212.43,S,1,181712.62
100,MAT00014,P001,,2023,10,671.0,142540.53,212.43,S,1,185302.69
100,MAT00014,P001,,2023,11,812.0,172493.16,212.43,S,1,224241.11
100,MAT00014,P001,,2023,12,920.0,195435.6,212.43,S,1,254066.28
100,MAT00014,P001,,2024,01,935.0,198622.05,212.43,S,1,258208.67
100,MAT00014,P001,,2024,02,1044.0,221776.92,212.43,S,1,288310.0
100,MAT00014,P001,,2024,03,1012.0,214979.16,212.43,S,1,279472.91
100,MAT00014,P001,,2024,04,1048.0,222626.64,212.43,S,1,289414.63
100,MAT00014,P001,,2024,05,1039.0,220714.77,212.43,S,1,286929.2
100,MAT00014,P001,,2024,06,1017.0,216041.31,212.43,S,1,280853.7
100,MAT00014,P001,,2024,07,1061.0,225388.23,212.43,S,1,293004.7
100,MAT00014,P001,,2024,08,1128.0,239621.04,212.43,S,1,311507.35
100,MAT00014,P001,,2024,09,1097.0,233035.71,212.43,S,1,302946.42
100,MAT00014,P001,,2024,10,1219.0,258952.17,212.43,S,1,336637.82
100,MAT00014,P001,,2024,11,1276.0,271060.68,212.43,S,1,352378.88
100,MAT00014,P001,,2024,12,1357.0,288267.51,212.43,S,1,374747.76
100,MAT00014,P002,,2023,01,213.0,61522.92,288.84,S,1,79979.8
100,MAT00014,P002,,2023,02,288.0,83185.92,288.84,S,1,108141.7
100,MAT00014,P002,,2023,03,194.0,56034.96,288.84,S,1,72845.45
100,MAT00014,P002,,2023,04,186.0,53724.24,288.84,S,1,69841.51
100,MAT00014,P002,,2023,05,312.0,90118.08,288.84,S,1,117153.5
100,MAT00014,P002,,2023,06,281.0,81164.04,288.84,S,1,105513.25
100,MAT00014,P002,,2023,07,273.0,78853.32,288.84,S,1,102509.32
100,MAT00014,P002,,2023,08,225.0,64989.0,288.84,S,1,84485.7
100,MAT00014,P002,,2023,09,341.0,98494.44,288.84,S,1,128042.77
100,MAT00014,P002,,2023,10,427.0,123334.68,288.84,S,1,160335.08
100,MAT00014,P002,,2023,11,512.0,147886.08,288.84,S,1,192251.9
100,MAT00014,P002,,2023,12,452.0,130555.68,288.84,S,1,169722.38
100,MAT00014,P002,,2024,01,450.0,129978.0,288.84,S,1,168971.4
100,MAT00014,P002,,2024,02,498.0,143842.32,288.84,S,1,186995.02
100,MAT00014,P002,,2024,03,448.0,129400.32,288.84,S,1,168220.42
100,MAT00014,P002,,2024,04,420.0,121312.8,288.84,S,1,157706.64
100,MAT00014,P002,,2024,05,508.0,146730.72,288.84,S,1,190749.94
100,MAT00014,P002,,2024,06,612.0,176770.08,288.84,S,1,229801.1
100,MAT00014,P002,,2024,07,715.0,206520.6,288.84,S,1,268476.78
100,MAT00014,P002,,2024,08,725.0,209409.0,288.84,S,1,272231.7
100,MAT00014,P002,,2024,09,747.0,215763.48,288.84,S,1,280492.52
100,MAT00014,P002,,2024,10,824.0,238004.16,288.84,S,1,309405.41
100,MAT00014,P002,,2024,11,803.0,231938.52,288.84,S,1,301520.08
100,MAT00014,P002,,2024,12,902.0,260533.68,288.84,S,1,338693.78
100,MAT00014,P003,,2023,01,308.0,12902.12,41.89,S,1,16772.76
100,MAT00014,P003,,2023,02,392.0,16420.88,41.89,S,1,21347.14
100,MAT00014,P003,,2023,03,432.0,18096.48,41.89,S,1,23525.42
100,MAT00014,P003,,2023,04,333.0,13949.37,41.89,S,1,18134.18
100,MAT00014,P003,,2023,05,297.0,12441.33,41.89,S,1,16173.73
100,MAT00014,P003,,2023,06,238.0,9969.82,41.89,S,1,12960.77
100,MAT00014,P003,,2023,07,217.0,9090.13,41.89,S,1,11817.17
100,MAT00014,P003,,2023,08,326.0,13656.14,41.89,S,1,17752.98
100,MAT00014,P003,,2023,09,454.0,19018.06,41.89,S,1,24723.48
100,MAT00014,P003,,2023,10,433.0,18138.37,41.89,S,1,23579.88
100,MAT00014,P003,,2023,11,489.0,20484.21,41.89,S,1,26629.47
100,MAT00014,P003,,2023,12,493.0,20651.77,41.89,S,1,26847.3
100,MAT00014,P003,,2024,01,552.0,23123.28,41.89,S,1,30060.26
100,MAT00014,P003,,2024,02,475.0,19897.75,41.89,S,1,25867.08
100,MAT00014,P003,,2024,03,421.0,17635.69,41.89,S,1,22926.4
100,MAT00014,P003,,2024,04,381.0,15960.09,41.89,S,1,20748.12
100,MAT00014,P003,,2024,05,361.0,15122.29,41.89,S,1,19658.98
100,MAT00014,P003,,2024,06,478.0,20023.42,41.89,S,1,26030.45
100,MAT00014,P003,,2024,07,627.0,26265.03,41.89,S,1,34144.54
100,MAT00014,P003,,2024,08,567.0,23751.63,41.89,S,1,30877.12
100,MAT00014,P003,,2024,09,475.0,19897.75,41.89,S,1,25867.08
100,MAT00014,P003,,2024,10,553.0,23165.17,41.89,S,1,30114.72
100,MAT00014,P003,,2024,11,524.0,21950.36,41.89,S,1,28535.47
100,MAT00014,P003,,2024,12,636.0,26642.04,41.89,S,1,34634.65
100,MAT00015,P001,,2023,01,311.0,119212.52,383.32,S,1,154976.28
100,MAT00015,P001,,2023,02,296.0,113462.72,383.32,S,1,147501.54
100,MAT00015,P001,,2023,03,397.0,152178.04,383.32,S,1,197831.45
100,MAT00015,P001,,2023,04,313.0,119979.16,383.32,S,1,155972.91
100,MAT00015,P001,,2023,05,439.0,168277.48,383.32,S,1,218760.72
100,MAT00015,P001,,2023,06,532.0,203926.24,383.32,S,1,265104.11
100,MAT00015,P001,,2023,07,670.0,256824.4,383.32,S,1,333871.72
100,MAT00015,P001,,2023,08,748.0,286723.36,383.32,S,1,372740.37
100,MAT00015,P001,,2023,09,689.0,264107.48,383.32,S,1,343339.72
100,MAT00015,P001,,2023,10,691.0,264874.12,383.32,S,1,344336.36
100,MAT00015,P001,,2023,11,721.0,276373.72,383.32,S,1,359285.84
100,MAT00015,P001,,2023,12,653.0,250307.96,383.32,S,1,325400.35
100,MAT00015,P001,,2024,01,649.0,248774.68,383.32,S,1,323407.08
100,MAT00015,P001,,2024,02,593.0,227308.76,383.32,S,1,295501.39
100,MAT00015,P001,,2024,03,624.0,239191.68,383.32,S,1,310949.18
100,MAT00015,P001,,2024,04,684.0,262190.88,383.32,S,1,340848.14
100,MAT00015,P001,,2024,05,607.0,232675.24,383.32,S,1,302477.81
100,MAT00015,P001,,2024,06,711.0,272540.52,383.32,S,1,354302.68
100,MAT00015,P001,,2024,07,698.0,267557.36,383.32,S,1,347824.57
100,MAT00015,P001,,2024,08,779.0,298606.28,383.32,S,1,388188.16
100,MAT00015,P001,,2024,09,745.0,285573.4,383.32,S,1,371245.42
100,MAT00015,P001,,2024,10,812.0,311255.84,383.32,S,1,404632.59
100,MAT00015,P001,,2024,11,819.0,313939.08,383.32,S,1,408120.8
100,MAT00015,P001,,2024,12,949.0,363770.68,383.32,S,1,472901.88
100,MAT00015,P002,,2023,01,624.0,161385.12,258.63,S,1,209800.66
100,MAT00015,P002,,2023,02,630.0,162936.9,258.63,S,1,211817.97
100,MAT00015,P002,,2023,03,666.0,172247.58,258.63,S,1,223921.85
100,MAT00015,P002,,2023,04,697.0,180265.11,258.63,S,1,234344.64
100,MAT00015,P002,,2023,05,690.0,178454.7,258.63,S,1,231991.11
100,MAT00015,P002,,2023,06,709.0,183368.67,258.63,S,1,238379.27
100,MAT00015,P002,,2023,07,737.0,190610.31,258.63,S,1,247793.4
100,MAT00015,P002,,2023,08,719.0,185954.97,258.63,S,1,241741.46
100,MAT00015,P002,,2023,09,674.0,174316.62,258.63,S,1,226611.61
100,MAT00015,P002,,2023,10,769.0,198886.47,258.63,S,1,258552.41
100,MAT00015,P002,,2023,11,781.0,201990.03,258.63,S,1,262587.04
100,MAT00015,P002,,2023,12,850.0,219835.5,258.63,S,1,285786.15
100,MAT00015,P002,,2024,01,956.0,247250.28,258.63,S,1,321425.36
100,MAT00015,P002,,2024,02,879.0,227335.77,258.63,S,1,295536.5
100,MAT00015,P002,,2024,03,976.0,252422.88,258.63,S,1,328149.74
100,MAT00015,P002,,2024,04,879.0,227335.77,258.63,S,1,295536.5
100,MAT00015,P002,,2024,05,881.0,227853.03,258.63,S,1,296208.94
100,MAT00015,P002,,2024,06,797.0,206128.11,258.63,S,1,267966.54
100,MAT00015,P002,,2024,07,757.0,195782.91,258.63,S,1,254517.78
100,MAT00015,P002,,2024,08,871.0,225266.73,258.63,S,1,292846.75
100,MAT00015,P002,,2024,09,853.0,220611.39,258.63,S,1,286794.81
100,MAT00015,P002,,2024,10,843.0,218025.09,258.63,S,1,283432.62
100,MAT00015,P002,,2024,11,929.0,240267.27,258.63,S,1,312347.45
100,MAT00015,P002,,2024,12,1071.0,276992.73,258.63,S,1,360090.55
100,MAT00015,P003,,2023,01,854.0,185616.9,217.35,S,1,241301.97
100,MAT00015,P003,,2023,02,780.0,169533.0,217.35,S,1,220392.9
100,MAT00015,P003,,2023,03,748.0,162577.8,217.35,S,1,211351.14
100,MAT00015,P003,,2023,04,779.0,169315.65,217.35,S,1,220110.35
100,MAT00015,P003,,2023,05,915.0,198875.25,217.35,S,1,258537.83
100,MAT00015,P003,,2023,06,863.0,187573.05,217.35,S,1,243844.96
100,MAT00015,P003,,2023,07,952.0,206917.2,217.35,S,1,268992.36
100,MAT00015,P003,,2023,08,965.0,209742.75,217.35,S,1,272665.58
100,MAT00015,P003,,2023,09,1113.0,241910.55,217.35,S,1,314483.71
100,MAT00015,P003,,2023,10,1087.0,236259.45,217.35,S,1,307137.28
100,MAT00015,P003,,2023,11,1108.0,240823.8,217.35,S,1,313070.94
100,MAT00015,P003,,2023,12,1041.0,226261.35,217.35,S,1,294139.76
100,MAT00015,P003,,2024,01,977.0,212350.95,217.35,S,1,276056.23
100,MAT00015,P003,,2024,02,902.0,196049.7,217.35,S,1,254864.61
100,MAT00015,P003,,2024,03,1036.0,225174.6,217.35,S,1,292726.98
100,MAT00015,P003,,2024,04,966.0,209960.1,217.35,S,1,272948.13
100,MAT00015,P003,,2024,05,912.0,198223.2,217.35,S,1,257690.16
100,MAT00015,P003,,2024,06,1001.0,217567.35,217.35,S,1,282837.55
100,MAT00015,P003,,2024,07,1147.0,249300.45,217.35,S,1,324090.58
100,MAT00015,P003,,2024,08,1084.0,235607.4,217.35,S,1,306289.62
100,MAT00015,P003,,2024,09,1127.0,244953.45,217.35,S,1,318439.48
100,MAT00015,P003,,2024,10,1272.0,276469.2,217.35,S,1,359409.96
100,MAT00015,P003,,2024,11,1397.0,303637.95,217.35,S,1,394729.34
100,MAT00015,P003,,2024,12,1517.0,329719.95,217.35,S,1,428635.94
100,MAT00016,P001,,2023,01,383.0,110575.93,288.71,S,1,143748.71
100,MAT00016,P001,,2023,02,381.0,109998.51,288.71,S,1,142998.06
100,MAT00016,P001,,2023,03,346.0,99893.66,288.71,S,1,129861.76
100,MAT00016,P001,,2023,04,452.0,130496.92,288.71,S,1,169646.0
100,MAT00016,P001,,2023,05,397.0,114617.87,288.71,S,1,149003.23
100,MAT00016,P001,,2023,06,417.0,120392.07,288.71,S,1,156509.69
100,MAT00016,P001,,2023,07,347.0,100182.37,288.71,S,1,130237.08
100,MAT00016,P001,,2023,08,435.0,125588.85,288.71,S,1,163265.51
100,MAT00016,P001,,2023,09,530.0,153016.3,288.71,S,1,198921.19
100,MAT00016,P001,,2023,10,674.0,194590.54,288.71,S,1,252967.7
100,MAT00016,P001,,2023,11,797.0,230101.87,288.71,S,1,299132.43
100,MAT00016,P001,,2023,12,872.0,251755.12,288.71,S,1,327281.66
100,MAT00016,P001,,2024,01,915.0,264169.65,288.71,S,1,343420.54
100,MAT00016,P001,,2024,02,869.0,250888.99,288.71,S,1,326155.69
100,MAT00016,P001,,2024,03,849.0,245114.79,288.71,S,1,318649.23
100,MAT00016,P001,,2024,04,933.0,269366.43,288.71,S,1,350176.36
100,MAT00016,P001,,2024,05,1053.0,304011.63,288.71,S,1,395215.12
100,MAT00016,P001,,2024,06,1004.0,289864.84,288.71,S,1,376824.29
100,MAT00016,P001,,2024,07,1132.0,326819.72,288.71,S,1,424865.64
100,MAT00016,P001,,2024,08,1070.0,308919.7,288.71,S,1,401595.61
100,MAT00016,P001,,2024,09,1196.0,345297.16,288.71,S,1,448886.31
100,MAT00016,P001,,2024,10,1249.0,360598.79,288.71,S,1,468778.43
100,MAT00016,P001,,2024,11,1218.0,351648.78,288.71,S,1,457143.41
100,MAT00016,P001,,2024,12,1135.0,327685.85,288.71,S,1,425991.6
100,MAT00016,P002,,2023,01,105.0,24642.45,234.69,S,1,32035.19
100,MAT00016,P002,,2023,02,170.0,39897.3,234.69,S,1,51866.49
100,MAT00016,P002,,2023,03,302.0,70876.38,234.69,S,1,92139.29
100,MAT00016,P002,,2023,04,230.0,53978.7,234.69,S,1,70172.31
100,MAT00016,P002,,2023,05,297.0,69702.93,234.69,S,1,90613.81
100,MAT00016,P002,,2023,06,253.0,59376.57,234.69,S,1,77189.54
100,MAT00016,P002,,2023,07,284.0,66651.96,234.69,S,1,86647.55
100,MAT00016,P002,,2023,08,251.0,58907.19,234.69,S,1,76579.35
100,MAT00016,P002,,2023,09,277.0,65009.13,234.69,S,1,84511.87
100,MAT00016,P002,,2023,10,261.0,61254.09,234.69,S,1,79630.32
100,MAT00016,P002,,2023,11,360.0,84488.4,234.69,S,1,109834.92
100,MAT00016,P002,,2023,12,346.0,81202.74,234.69,S,1,105563.56
100,MAT00016,P002,,2024,01,476.0,111712.44,234.69,S,1,145226.17
100,MAT00016,P002,,2024,02,496.0,116406.24,234.69,S,1,151328.11
100,MAT00016,P002,,2024,03,625.0,146681.25,234.69,S,1,190685.62
100,MAT00016,P002,,2024,04,710.0,166629.9,234.69,S,1,216618.87
100,MAT00016,P002,,2024,05,795.0,186578.55,234.69,S,1,242552.11
100,MAT00016,P002,,2024,06,755.0,177190.95,234.69,S,1,230348.24
100,MAT00016,P002,,2024,07,773.0,181415.37,234.69,S,1,235839.98
100,MAT00016,P002,,2024,08,878.0,206057.82,234.69,S,1,267875.17
100,MAT00016,P002,,2024,09,910.0,213567.9,234.69,S,1,277638.27
100,MAT00016,P002,,2024,10,939.0,220373.91,234.69,S,1,286486.08
100,MAT00016,P002,,2024,11,939.0,220373.91,234.69,S,1,286486.08
100,MAT00016,P002,,2024,12,1057.0,248067.33,234.69,S,1,322487.53
100,MAT00016,P003,,2023,01,670.0,186869.7,278.91,S,1,242930.61
100,MAT00016,P003,,2023,02,672.0,187427.52,278.91,S,1,243655.78
100,MAT00016,P003,,2023,03,597.0,166509.27,278.91,S,1,216462.05
100,MAT00016,P003,,2023,04,511.0,142523.01,278.91,S,1,185279.91
100,MAT00016,P003,,2023,05,472.0,131645.52,278.91,S,1,171139.18
100,MAT00016,P003,,2023,06,428.0,119373.48,278.91,S,1,155185.52
100,MAT00016,P003,,2023,07,493.0,137502.63,278.91,S,1,178753.42
100,MAT00016,P003,,2023,08,521.0,145312.11,278.91,S,1,188905.74
100,MAT00016,P003,,2023,09,656.0,182964.96,278.91,S,1,237854.45
100,MAT00016,P003,,2023,10,609.0,169856.19,278.91,S,1,220813.05
100,MAT00016,P003,,2023,11,749.0,208903.59,278.91,S,1,271574.67
100,MAT00016,P003,,2023,12,658.0,183522.78,278.91,S,1,238579.61
100,MAT00016,P003,,2024,01,757.0,211134.87,278.91,S,1,274475.33
100,MAT00016,P003,,2024,02,877.0,244604.07,278.91,S,1,317985.29
100,MAT00016,P003,,2024,03,1000.0,278910.0,278.91,S,1,362583.0
100,MAT00016,P003,,2024,04,1040.0,290066.4,278.91,S,1,377086.32
100,MAT00016,P003,,2024,05,961.0,268032.51,278.91,S,1,348442.26
100,MAT00016,P003,,2024,06,969.0,270263.79,278.91,S,1,351342.93
100,MAT00016,P003,,2024,07,1046.0,291739.86,278.91,S,1,379261.82
100,MAT00016,P003,,2024,08,1143.0,318794.13,278.91,S,1,414432.37
100,MAT00016,P003,,2024,09,1283.0,357841.53,278.91,S,1,465193.99
100,MAT00016,P003,,2024,10,1286.0,358678.26,278.91,S,1,466281.74
100,MAT00016,P003,,2024,11,1382.0,385453.62,278.91,S,1,501089.71
100,MAT00016,P003,,2024,12,1325.0,369555.75,278.91,S,1,480422.48
100,MAT00017,P001,,2023,01,1024.0,123105.28,120.22,S,1,160036.86
100,MAT00017,P001,,2023,02,940.0,113006.8,120.22,S,1,146908.84
100,MAT00017,P001,,2023,03,939.0,112886.58,120.22,S,1,146752.55
100,MAT00017,P001,,2023,04,1013.0,121782.86,120.22,S,1,158317.72
100,MAT00017,P001,,2023,05,958.0,115170.76,120.22,S,1,149721.99
100,MAT00017,P001,,2023,06,954.0,114689.88,120.22,S,1,149096.84
100,MAT00017,P001,,2023,07,935.0,112405.7,120.22,S,1,146127.41
100,MAT00017,P001,,2023,08,984.0,118296.48,120.22,S,1,153785.42
100,MAT00017,P001,,2023,09,1076.0,129356.72,120.22,S,1,168163.74
100,MAT00017,P001,,2023,10,1014.0,121903.08,120.22,S,1,158474.0
100,MAT00017,P001,,2023,11,1022.0,122864.84,120.22,S,1,159724.29
100,MAT00017,P001,,2023,12,1095.0,131640.9,120.22,S,1,171133.17
100,MAT00017,P001,,2024,01,1220.0,146668.4,120.22,S,1,190668.92
100,MAT00017,P001,,2024,02,1355.0,162898.1,120.22,S,1,211767.53
100,MAT00017,P001,,2024,03,1471.0,176843.62,120.22,S,1,229896.71
100,MAT00017,P001,,2024,04,1593.0,191510.46,120.22,S,1,248963.6
100,MAT00017,P001,,2024,05,1616.0,194275.52,120.22,S,1,252558.18
100,MAT00017,P001,,2024,06,1695.0,203772.9,120.22,S,1,264904.77
100,MAT00017,P001,,2024,07,1663.0,199925.86,120.22,S,1,259903.62
100,MAT00017,P001,,2024,08,1676.0,201488.72,120.22,S,1,261935.34
100,MAT00017,P001,,2024,09,1629.0,195838.38,120.22,S,1,254589.89
100,MAT00017,P001,,2024,10,1739.0,209062.58,120.22,S,1,271781.35
100,MAT00017,P001,,2024,11,1734.0,208461.48,120.22,S,1,270999.92
100,MAT00017,P001,,2024,12,1821.0,218920.62,120.22,S,1,284596.81
100,MAT00017,P002,,2023,01,499.0,149245.91,299.09,S,1,194019.68
100,MAT00017,P002,,2023,02,555.0,165994.95,299.09,S,1,215793.43
100,MAT00017,P002,,2023,03,690.0,206372.1,299.09,S,1,268283.73
100,MAT00017,P002,,2023,04,773.0,231196.57,299.09,S,1,300555.54
100,MAT00017,P002,,2023,05,890.0,266190.1,299.09,S,1,346047.13
100,MAT00017,P002,,2023,06,835.0,249740.15,299.09,S,1,324662.19
100,MAT00017,P002,,2023,07,885.0,264694.65,299.09,S,1,344103.04
100,MAT00017,P002,,2023,08,977.0,292210.93,299.09,S,1,379874.21
100,MAT00017,P002,,2023,09,971.0,290416.39,299.09,S,1,377541.31
100,MAT00017,P002,,2023,10,880.0,263199.2,299.09,S,1,342158.96
100,MAT00017,P002,,2023,11,827.0,247347.43,299.09,S,1,321551.66
100,MAT00017,P002,,2023,12,774.0,231495.66,299.09,S,1,300944.36
100,MAT00017,P002,,2024,01,706.0,211157.54,299.09,S,1,274504.8
100,MAT00017,P002,,2024,02,661.0,197698.49,299.09,S,1,257008.04
100,MAT00017,P002,,2024,03,689.0,206073.01,299.09,S,1,267894.91
100,MAT00017,P002,,2024,04,756.0,226112.04,299.09,S,1,293945.65
100,MAT00017,P002,,2024,05,722.0,215942.98,299.09,S,1,280725.87
100,MAT00017,P002,,2024,06,670.0,200390.3,299.09,S,1,260507.39
100,MAT00017,P002,,2024,07,647.0,193511.23,299.09,S,1,251564.6
100,MAT00017,P002,,2024,08,634.0,189623.06,299.09,S,1,246509.98
100,MAT00017,P002,,2024,09,602.0,180052.18,299.09,S,1,234067.83
100,MAT00017,P002,,2024,10,732.0,218933.88,299.09,S,1,284614.04
100,MAT00017,P002,,2024,11,724.0,216541.16,299.09,S,1,281503.51
100,MAT00017,P002,,2024,12,859.0,256918.31,299.09,S,1,333993.8
100,MAT00017,P003,,2023,01,622.0,160687.48,258.34,S,1,208893.72
100,MAT00017,P003,,2023,02,541.0,139761.94,258.34,S,1,181690.52
100,MAT00017,P003,,2023,03,458.0,118319.72,258.34,S,1,153815.64
100,MAT00017,P003,,2023,04,567.0,146478.78,258.34,S,1,190422.41
100,MAT00017,P003,,2023,05,620.0,160170.8,258.34,S,1,208222.04
100,MAT00017,P003,,2023,06,566.0,146220.44,258.34,S,1,190086.57
100,MAT00017,P003,,2023,07,631.0,163012.54,258.34,S,1,211916.3
100,MAT00017,P003,,2023,08,542.0,140020.28,258.34,S,1,182026.36
100,MAT00017,P003,,2023,09,512.0,132270.08,258.34,S,1,171951.1
100,MAT00017,P003,,2023,10,561.0,144928.74,258.34,S,1,188407.36
100,MAT00017,P003,,2023,11,648.0,167404.32,258.34,S,1,217625.62
100,MAT00017,P003,,2023,12,673.0,173862.82,258.34,S,1,226021.67
100,MAT00017,P003,,2024,01,769.0,198663.46,258.34,S,1,258262.5
100,MAT00017,P003,,2024,02,879.0,227080.86,258.34,S,1,295205.12
100,MAT00017,P003,,2024,03,845.0,218297.3,258.34,S,1,283786.49
100,MAT00017,P003,,2024,04,834.0,215455.56,258.34,S,1,280092.23
100,MAT00017,P003,,2024,05,846.0,218555.64,258.34,S,1,284122.33
100,MAT00017,P003,,2024,06,817.0,211063.78,258.34,S,1,274382.91
100,MAT00017,P003,,2024,07,794.0,205121.96,258.34,S,1,266658.55
100,MAT00017,P003,,2024,08,837.0,216230.58,258.34,S,1,281099.75
100,MAT00017,P003,,2024,09,755.0,195046.7,258.34,S,1,253560.71
100,MAT00017,P003,,2024,10,732.0,189104.88,258.34,S,1,245836.34
100,MAT00017,P003,,2024,11,831.0,214680.54,258.34,S,1,279084.7
100,MAT00017,P003,,2024,12,740.0,191171.6,258.34,S,1,248523.08
100,MAT00018,P001,,2023,01,1042.0,19641.7,18.85,S,1,25534.21
100,MAT00018,P001,,2023,02,1111.0,20942.35,18.85,S,1,27225.06
100,MAT00018,P001,,2023,03,1135.0,21394.75,18.85,S,1,27813.17
100,MAT00018,P001,,2023,04,1115.0,21017.75,18.85,S,1,27323.08
100,MAT00018,P001,,2023,05,1116.0,21036.6,18.85,S,1,27347.58
100,MAT00018,P001,,2023,06,1200.0,22620.0,18.85,S,1,29406.0
100,MAT00018,P001,,2023,07,1186.0,22356.1,18.85,S,1,29062.93
100,MAT00018,P001,,2023,08,1299.0,24486.15,18.85,S,1,31832.0
100,MAT00018,P001,,2023,09,1399.0,26371.15,18.85,S,1,34282.5
100,MAT00018,P001,,2023,10,1401.0,26408.85,18.85,S,1,34331.51
100,MAT00018,P001,,2023,11,1313.0,24750.05,18.85,S,1,32175.07
100,MAT00018,P001,,2023,12,1272.0,23977.2,18.85,S,1,31170.36
100,MAT00018,P001,,2024,01,1304.0,24580.4,18.85,S,1,31954.52
100,MAT00018,P001,,2024,02,1436.0,27068.6,18.85,S,1,35189.18
100,MAT00018,P001,,2024,03,1391.0,26220.35,18.85,S,1,34086.46
100,MAT00018,P001,,2024,04,1496.0,28199.6,18.85,S,1,36659.48
100,MAT00018,P001,,2024,05,1589.0,29952.65,18.85,S,1,38938.44
100,MAT00018,P001,,2024,06,1568.0,29556.8,18.85,S,1,38423.84
100,MAT00018,P001,,2024,07,1573.0,29651.05,18.85,S,1,38546.37
100,MAT00018,P001,,2024,08,1690.0,31856.5,18.85,S,1,41413.45
100,MAT00018,P001,,2024,09,1733.0,32667.05,18.85,S,1,42467.17
100,MAT00018,P001,,2024,10,1722.0,32459.7,18.85,S,1,42197.61
100,MAT00018,P001,,2024,11,1829.0,34476.65,18.85,S,1,44819.65
100,MAT00018,P001,,2024,12,1943.0,36625.55,18.85,S,1,47613.22
100,MAT00018,P002,,2023,01,51.0,843.03,16.53,S,1,1095.94
100,MAT00018,P002,,2023,02,113.0,1867.89,16.53,S,1,2428.26
100,MAT00018,P002,,2023,03,138.0,2281.14,16.53,S,1,2965.48
100,MAT00018,P002,,2023,04,213.0,3520.89,16.53,S,1,4577.16
100,MAT00018,P002,,2023,05,146.0,2413.38,16.53,S,1,3137.39
100,MAT00018,P002,,2023,06,278.0,4595.34,16.53,S,1,5973.94
100,MAT00018,P002,,2023,07,345.0,5702.85,16.53,S,1,7413.71
100,MAT00018,P002,,2023,08,255.0,4215.15,16.53,S,1,5479.7
100,MAT00018,P002,,2023,09,280.0,4628.4,16.53,S,1,6016.92
100,MAT00018,P002,,2023,10,190.0,3140.7,16.53,S,1,4082.91
100,MAT00018,P002,,2023,11,211.0,3487.83,16.53,S,1,4534.18
100,MAT00018,P002,,2023,12,170.0,2810.1,16.53,S,1,3653.13
100,MAT00018,P002,,2024,01,307.0,5074.71,16.53,S,1,6597.12
100,MAT00018,P002,,2024,02,258.0,4264.74,16.53,S,1,5544.16
100,MAT00018,P002,,2024,03,250.0,4132.5,16.53,S,1,5372.25
100,MAT00018,P002,,2024,04,249.0,4115.97,16.53,S,1,5350.76
100,MAT00018,P002,,2024,05,201.0,3322.53,16.53,S,1,4319.29
100,MAT00018,P002,,2024,06,222.0,3669.66,16.53,S,1,4770.56
100,MAT00018,P002,,2024,07,226.0,3735.78,16.53,S,1,4856.51
100,MAT00018,P002,,2024,08,322.0,5322.66,16.53,S,1,6919.46
100,MAT00018,P002,,2024,09,431.0,7124.43,16.53,S,1,9261.76
100,MAT00018,P002,,2024,10,489.0,8083.17,16.53,S,1,10508.12
100,MAT00018,P002,,2024,11,488.0,8066.64,16.53,S,1,10486.63
100,MAT00018,P002,,2024,12,567.0,9372.51,16.53,S,1,12184.26
100,MAT00018,P003,,2023,01,370.0,104388.1,282.13,S,1,135704.53
100,MAT00018,P003,,2023,02,311.0,87742.43,282.13,S,1,114065.16
100,MAT00018,P003,,2023,03,256.0,72225.28,282.13,S,1,93892.86
100,MAT00018,P003,,2023,04,225.0,63479.25,282.13,S,1,82523.03
100,MAT00018,P003,,2023,05,284.0,80124.92,282.13,S,1,104162.4
100,MAT00018,P003,,2023,06,365.0,102977.45,282.13,S,1,133870.68
100,MAT00018,P003,,2023,07,291.0,82099.83,282.13,S,1,106729.78
100,MAT00018,P003,,2023,08,225.0,63479.25,282.13,S,1,82523.03
100,MAT00018,P003,,2023,09,255.0,71943.15,282.13,S,1,93526.1
100,MAT00018,P003,,2023,10,285.0,80407.05,282.13,S,1,104529.17
100,MAT00018,P003,,2023,11,263.0,74200.19,282.13,S,1,96460.25
100,MAT00018,P003,,2023,12,342.0,96488.46,282.13,S,1,125435.0
100,MAT00018,P003,,2024,01,243.0,68557.59,282.13,S,1,89124.87
100,MAT00018,P003,,2024,02,150.0,42319.5,282.13,S,1,55015.35
100,MAT00018,P003,,2024,03,242.0,68275.46,282.13,S,1,88758.1
100,MAT00018,P003,,2024,04,387.0,109184.31,282.13,S,1,141939.6
100,MAT00018,P003,,2024,05,506.0,142757.78,282.13,S,1,185585.11
100,MAT00018,P003,,2024,06,500.0,141065.0,282.13,S,1,183384.5
100,MAT00018,P003,,2024,07,592.0,167020.96,282.13,S,1,217127.25
100,MAT00018,P003,,2024,08,677.0,191002.01,282.13,S,1,248302.61
100,MAT00018,P003,,2024,09,762.0,214983.06,282.13,S,1,279477.98
100,MAT00018,P003,,2024,10,818.0,230782.34,282.13,S,1,300017.04
100,MAT00018,P003,,2024,11,854.0,240939.02,282.13,S,1,313220.73
100,MAT00018,P003,,2024,12,984.0,277615.92,282.13,S,1,360900.7
100,MAT00019,P001,,2023,01,260.0,89804.0,345.4,S,1,116745.2
100,MAT00019,P001,,2023,02,255.0,88077.0,345.4,S,1,114500.1
100,MAT00019,P001,,2023,03,353.0,121926.2,345.4,S,1,158504.06
100,MAT00019,P001,,2023,04,444.0,153357.6,345.4,S,1,199364.88
100,MAT00019,P001,,2023,05,359.0,123998.6,345.4,S,1,161198.18
100,MAT00019,P001,,2023,06,345.0,119163.0,345.4,S,1,154911.9
100,MAT00019,P001,,2023,07,339.0,117090.6,345.4,S,1,152217.78
100,MAT00019,P001,,2023,08,291.0,100511.4,345.4,S,1,130664.82
100,MAT00019,P001,,2023,09,308.0,106383.2,345.4,S,1,138298.16
100,MAT00019,P001,,2023,10,427.0,147485.8,345.4,S,1,191731.54
100,MAT00019,P001,,2023,11,389.0,134360.6,345.4,S,1,174668.78
100,MAT00019,P001,,2023,12,403.0,139196.2,345.4,S,1,180955.06
100,MAT00019,P001,,2024,01,439.0,151630.6,345.4,S,1,197119.78
100,MAT00019,P001,,2024,02,350.0,120890.0,345.4,S,1,157157.0
100,MAT00019,P001,,2024,03,399.0,137814.6,345.4,S,1,179158.98
100,MAT00019,P001,,2024,04,522.0,180298.8,345.4,S,1,234388.44
100,MAT00019,P001,,2024,05,578.0,199641.2,345.4,S,1,259533.56
100,MAT00019,P001,,2024,06,534.0,184443.6,345.4,S,1,239776.68
100,MAT00019,P001,,2024,07,463.0,159920.2,345.4,S,1,207896.26
100,MAT00019,P001,,2024,08,451.0,155775.4,345.4,S,1,202508.02
100,MAT00019,P001,,2024,09,421.0,145413.4,345.4,S,1,189037.42
100,MAT00019,P001,,2024,10,508.0,175463.2,345.4,S,1,228102.16
100,MAT00019,P001,,2024,11,489.0,168900.6,345.4,S,1,219570.78
100,MAT00019,P001,,2024,12,579.0,199986.6,345.4,S,1,259982.58
100,MAT00019,P002,,2023,01,753.0,109576.56,145.52,S,1,142449.53
100,MAT00019,P002,,2023,02,786.0,114378.72,145.52,S,1,148692.34
100,MAT00019,P002,,2023,03,749.0,108994.48,145.52,S,1,141692.82
100,MAT00019,P002,,2023,04,717.0,104337.84,145.52,S,1,135639.19
100,MAT00019,P002,,2023,05,627.0,91241.04,145.52,S,1,118613.35
100,MAT00019,P002,,2023,06,690.0,100408.8,145.52,S,1,130531.44
100,MAT00019,P002,,2023,07,796.0,115833.92,145.52,S,1,150584.1
100,MAT00019,P002,,2023,08,762.0,110886.24,145.52,S,1,144152.11
100,MAT00019,P002,,2023,09,812.0,118162.24,145.52,S,1,153610.91
100,MAT00019,P002,,2023,10,881.0,128203.12,145.52,S,1,166664.06
100,MAT00019,P002,,2023,11,919.0,133732.88,145.52,S,1,173852.74
100,MAT00019,P002,,2023,12,884.0,128639.68,145.52,S,1,167231.58
100,MAT00019,P002,,2024,01,925.0,134606.0,145.52,S,1,174987.8
100,MAT00019,P002,,2024,02,916.0,133296.32,145.52,S,1,173285.22
100,MAT00019,P002,,2024,03,967.0,140717.84,145.52,S,1,182933.19
100,MAT00019,P002,,2024,04,885.0,128785.2,145.52,S,1,167420.76
100,MAT00019,P002,,2024,05,915.0,133150.8,145.52,S,1,173096.04
100,MAT00019,P002,,2024,06,844.0,122818.88,145.52,S,1,159664.54
100,MAT00019,P002,,2024,07,891.0,129658.32,145.52,S,1,168555.82
100,MAT00019,P002,,2024,08,1026.0,149303.52,145.52,S,1,194094.58
100,MAT00019,P002,,2024,09,980.0,142609.6,145.52,S,1,185392.48
100,MAT00019,P002,,2024,10,988.0,143773.76,145.52,S,1,186905.89
100,MAT00019,P002,,2024,11,943.0,137225.36,145.52,S,1,178392.97
100,MAT00019,P002,,2024,12,878.0,127766.56,145.52,S,1,166096.53
100,MAT00019,P003,,2023,01,347.0,104554.57,301.31,S,1,135920.94
100,MAT00019,P003,,2023,02,339.0,102144.09,301.31,S,1,132787.32
100,MAT00019,P003,,2023,03,290.0,87379.9,301.31,S,1,113593.87
100,MAT00019,P003,,2023,04,298.0,89790.38,301.31,S,1,116727.49
100,MAT00019,P003,,2023,05,289.0,87078.59,301.31,S,1,113202.17
100,MAT00019,P003,,2023,06,344.0,103650.64,301.31,S,1,134745.83
100,MAT00019,P003,,2023,07,446.0,134384.26,301.31,S,1,174699.54
100,MAT00019,P003,,2023,08,530.0,159694.3,301.31,S,1,207602.59
100,MAT00019,P003,,2023,09,458.0,137999.98,301.31,S,1,179399.97
100,MAT00019,P003,,2023,10,444.0,133781.64,301.31,S,1,173916.13
100,MAT00019,P003,,2023,11,471.0,141917.01,301.31,S,1,184492.11
100,MAT00019,P003,,2023,12,486.0,146436.66,301.31,S,1,190367.66
100,MAT00019,P003,,2024,01,594.0,178978.14,301.31,S,1,232671.58
100,MAT00019,P003,,2024,02,507.0,152764.17,301.31,S,1,198593.42
100,MAT00019,P003,,2024,03,410.0,123537.1,301.31,S,1,160598.23
100,MAT00019,P003,,2024,04,551.0,166021.81,301.31,S,1,215828.35
100,MAT00019,P003,,2024,05,483.0,145532.73,301.31,S,1,189192.55
100,MAT00019,P003,,2024,06,493.0,148545.83,301.31,S,1,193109.58
100,MAT00019,P003,,2024,07,534.0,160899.54,301.31,S,1,209169.4
100,MAT00019,P003,,2024,08,493.0,148545.83,301.31,S,1,193109.58
100,MAT00019,P003,,2024,09,609.0,183497.79,301.31,S,1,238547.13
100,MAT00019,P003,,2024,10,674.0,203082.94,301.31,S,1,264007.82
100,MAT00019,P003,,2024,11,585.0,176266.35,301.31,S,1,229146.26
100,MAT00019,P003,,2024,12,679.0,204589.49,301.31,S,1,265966.34
100,MAT00020,P001,,2023,01,949.0,228822.88,241.12,S,1,297469.74
100,MAT00020,P001,,2023,02,1093.0,263544.16,241.12,S,1,342607.41
100,MAT00020,P001,,2023,03,1204.0,290308.48,241.12,S,1,377401.02
100,MAT00020,P001,,2023,04,1205.0,290549.6,241.12,S,1,377714.48
100,MAT00020,P001,,2023,05,1220.0,294166.4,241.12,S,1,382416.32
100,MAT00020,P001,,2023,06,1198.0,288861.76,241.12,S,1,375520.29
100,MAT00020,P001,,2023,07,1295.0,312250.4,241.12,S,1,405925.52
100,MAT00020,P001,,2023,08,1369.0,330093.28,241.12,S,1,429121.26
100,MAT00020,P001,,2023,09,1462.0,352517.44,241.12,S,1,458272.67
100,MAT00020,P001,,2023,10,1458.0,351552.96,241.12,S,1,457018.85
100,MAT00020,P001,,2023,11,1433.0,345524.96,241.12,S,1,449182.45
100,MAT00020,P001,,2023,12,1448.0,349141.76,241.12,S,1,453884.29
100,MAT00020,P001,,2024,01,1398.0,337085.76,241.12,S,1,438211.49
100,MAT00020,P001,,2024,02,1374.0,331298.88,241.12,S,1,430688.54
100,MAT00020,P001,,2024,03,1472.0,354928.64,241.12,S,1,461407.23
100,MAT00020,P001,,2024,04,1577.0,380246.24,241.12,S,1,494320.11
100,MAT00020,P001,,2024,05,1492.0,359751.04,241.12,S,1,467676.35
100,MAT00020,P001,,2024,06,1396.0,336603.52,241.12,S,1,437584.58
100,MAT00020,P001,,2024,07,1397.0,336844.64,241.12,S,1,437898.03
100,MAT00020,P001,,2024,08,1496.0,360715.52,241.12,S,1,468930.18
100,MAT00020,P001,,2024,09,1420.0,342390.4,241.12,S,1,445107.52
100,MAT00020,P001,,2024,10,1347.0,324788.64,241.12,S,1,422225.23
100,MAT00020,P001,,2024,11,1312.0,316349.44,241.12,S,1,411254.27
100,MAT00020,P001,,2024,12,1223.0,294889.76,241.12,S,1,383356.69
100,MAT00020,P002,,2023,01,682.0,253710.82,372.01,S,1,329824.07
100,MAT00020,P002,,2023,02,803.0,298724.03,372.01,S,1,388341.24
100,MAT00020,P002,,2023,03,931.0,346341.31,372.01,S,1,450243.7
100,MAT00020,P002,,2023,04,973.0,361965.73,372.01,S,1,470555.45
100,MAT00020,P002,,2023,05,900.0,334809.0,372.01,S,1,435251.7
100,MAT00020,P002,,2023,06,891.0,331460.91,372.01,S,1,430899.18
100,MAT00020,P002,,2023,07,980.0,364569.8,372.01,S,1,473940.74
100,MAT00020,P002,,2023,08,970.0,360849.7,372.01,S,1,469104.61
100,MAT00020,P002,,2023,09,930.0,345969.3,372.01,S,1,449760.09
100,MAT00020,P002,,2023,10,843.0,313604.43,372.01,S,1,407685.76
100,MAT00020,P002,,2023,11,978.0,363825.78,372.01,S,1,472973.51
100,MAT00020,P002,,2023,12,1086.0,404002.86,372.01,S,1,525203.72
100,MAT00020,P002,,2024,01,1048.0,389866.48,372.01,S,1,506826.42
100,MAT00020,P002,,2024,02,1120.0,416651.2,372.01,S,1,541646.56
100,MAT00020,P002,,2024,03,1103.0,410327.03,372.01,S,1,533425.14
100,MAT00020,P002,,2024,04,1094.0,406978.94,372.01,S,1,529072.62
100,MAT00020,P002,,2024,05,1173.0,436367.73,372.01,S,1,567278.05
100,MAT00020,P002,,2024,06,1175.0,437111.75,372.01,S,1,568245.28
100,MAT00020,P002,,2024,07,1250.0,465012.5,372.01,S,1,604516.25
100,MAT00020,P002,,2024,08,1389.0,516721.89,372.01,S,1,671738.46
100,MAT00020,P002,,2024,09,1420.0,528254.2,372.01,S,1,686730.46
100,MAT00020,P002,,2024,10,1530.0,569175.3,372.01,S,1,739927.89
100,MAT00020,P002,,2024,11,1472.0,547598.72,372.01,S,1,711878.34
100,MAT00020,P002,,2024,12,1543.0,574011.43,372.01,S,1,746214.86
100,MAT00020,P003,,2023,01,841.0,53134.38,63.18,S,1,69074.69
100,MAT00020,P003,,2023,02,769.0,48585.42,63.18,S,1,63161.05
100,MAT00020,P003,,2023,03,913.0,57683.34,63.18,S,1,74988.34
100,MAT00020,P003,,2023,04,848.0,53576.64,63.18,S,1,69649.63
100,MAT00020,P003,,2023,05,808.0,51049.44,63.18,S,1,66364.27
100,MAT00020,P003,,2023,06,853.0,53892.54,63.18,S,1,70060.3
100,MAT00020,P003,,2023,07,852.0,53829.36,63.18,S,1,69978.17
100,MAT00020,P003,,2023,08,900.0,56862.0,63.18,S,1,73920.6
100,MAT00020,P003,,2023,09,916.0,57872.88,63.18,S,1,75234.74
100,MAT00020,P003,,2023,10,890.0,56230.2,63.18,S,1,73099.26
100,MAT00020,P003,,2023,11,794.0,50164.92,63.18,S,1,65214.4
100,MAT00020,P003,,2023,12,791.0,49975.38,63.18,S,1,64967.99
100,MAT00020,P003,,2024,01,871.0,55029.78,63.18,S,1,71538.71
100,MAT00020,P003,,2024,02,952.0,60147.36,63.18,S,1,78191.57
100,MAT00020,P003,,2024,03,1053.0,66528.54,63.18,S,1,86487.1
100,MAT00020,P003,,2024,04,968.0,61158.24,63.18,S,1,79505.71
100,MAT00020,P003,,2024,05,976.0,61663.68,63.18,S,1,80162.78
100,MAT00020,P003,,2024,06,1005.0,63495.9,63.18,S,1,82544.67
100,MAT00020,P003,,2024,07,1032.0,65201.76,63.18,S,1,84762.29
100,MAT00020,P003,,2024,08,940.0,59389.2,63.18,S,1,77205.96
100,MAT00020,P003,,2024,09,876.0,55345.68,63.18,S,1,71949.38
100,MAT00020,P003,,2024,10,957.0,60463.26,63.18,S,1,78602.24
100,MAT00020,P003,,2024,11,934.0,59010.12,63.18,S,1,76713.16
100,MAT00020,P003,,2024,12,869.0,54903.42,63.18,S,1,71374.45
100,MAT00021,P001,,2023,01,448.0,9779.84,21.83,S,1,12713.79
100,MAT00021,P001,,2023,02,552.0,12050.16,21.83,S,1,15665.21
100,MAT00021,P001,,2023,03,483.0,10543.89,21.83,S,1,13707.06
100,MAT00021,P001,,2023,04,398.0,8688.34,21.83,S,1,11294.84
100,MAT00021,P001,,2023,05,414.0,9037.62,21.83,S,1,11748.91
100,MAT00021,P001,,2023,06,444.0,9692.52,21.83,S,1,12600.28
100,MAT00021,P001,,2023,07,377.0,8229.91,21.83,S,1,10698.88
100,MAT00021,P001,,2023,08,506.0,11045.98,21.83,S,1,14359.77
100,MAT00021,P001,,2023,09,554.0,12093.82,21.83,S,1,15721.97
100,MAT00021,P001,,2023,10,471.0,10281.93,21.83,S,1,13366.51
100,MAT00021,P001,,2023,11,617.0,13469.11,21.83,S,1,17509.84
100,MAT00021,P001,,2023,12,577.0,12595.91,21.83,S,1,16374.68
100,MAT00021,P001,,2024,01,538.0,11744.54,21.83,S,1,15267.9
100,MAT00021,P001,,2024,02,472.0,10303.76,21.83,S,1,13394.89
100,MAT00021,P001,,2024,03,400.0,8732.0,21.83,S,1,11351.6
100,MAT00021,P001,,2024,04,363.0,7924.29,21.83,S,1,10301.58
100,MAT00021,P001,,2024,05,401.0,8753.83,21.83,S,1,11379.98
100,MAT00021,P001,,2024,06,384.0,8382.72,21.83,S,1,10897.54
100,MAT00021,P001,,2024,07,520.0,11351.6,21.83,S,1,14757.08
100,MAT00021,P001,,2024,08,611.0,13338.13,21.83,S,1,17339.57
100,MAT00021,P001,,2024,09,712.0,15542.96,21.83,S,1,20205.85
100,MAT00021,P001,,2024,10,726.0,15848.58,21.83,S,1,20603.15
100,MAT00021,P001,,2024,11,757.0,16525.31,21.83,S,1,21482.9
100,MAT00021,P001,,2024,12,661.0,14429.63,21.83,S,1,18758.52
100,MAT00021,P002,,2023,01,215.0,85559.25,397.95,S,1,111227.03
100,MAT00021,P002,,2023,02,357.0,142068.15,397.95,S,1,184688.6
100,MAT00021,P002,,2023,03,337.0,134109.15,397.95,S,1,174341.89
100,MAT00021,P002,,2023,04,252.0,100283.4,397.95,S,1,130368.42
100,MAT00021,P002,,2023,05,313.0,124558.35,397.95,S,1,161925.85
100,MAT00021,P002,,2023,06,423.0,168332.85,397.95,S,1,218832.71
100,MAT00021,P002,,2023,07,351.0,139680.45,397.95,S,1,181584.58
100,MAT00021,P002,,2023,08,357.0,142068.15,397.95,S,1,184688.6
100,MAT00021,P002,,2023,09,274.0,109038.3,397.95,S,1,141749.79
100,MAT00021,P002,,2023,10,186.0,74018.7,397.95,S,1,96224.31
100,MAT00021,P002,,2023,11,249.0,99089.55,397.95,S,1,128816.42
100,MAT00021,P002,,2023,12,363.0,144455.85,397.95,S,1,187792.61
100,MAT00021,P002,,2024,01,264.0,105058.8,397.95,S,1,136576.44
100,MAT00021,P002,,2024,02,322.0,128139.9,397.95,S,1,166581.87
100,MAT00021,P002,,2024,03,406.0,161567.7,397.95,S,1,210038.01
100,MAT00021,P002,,2024,04,405.0,161169.75,397.95,S,1,209520.68
100,MAT00021,P002,,2024,05,343.0,136496.85,397.95,S,1,177445.91
100,MAT00021,P002,,2024,06,376.0,149629.2,397.95,S,1,194517.96
100,MAT00021,P002,,2024,07,476.0,189424.2,397.95,S,1,246251.46
100,MAT00021,P002,,2024,08,385.0,153210.75,397.95,S,1,199173.98
100,MAT00021,P002,,2024,09,383.0,152414.85,397.95,S,1,198139.31
100,MAT00021,P002,,2024,10,333.0,132517.35,397.95,S,1,172272.56
100,MAT00021,P002,,2024,11,470.0,187036.5,397.95,S,1,243147.45
100,MAT00021,P002,,2024,12,436.0,173506.2,397.95,S,1,225558.06
100,MAT00021,P003,,2023,01,97.0,22439.98,231.34,S,1,29171.97
100,MAT00021,P003,,2023,02,49.0,11335.66,231.34,S,1,14736.36
100,MAT00021,P003,,2023,03,14.0,3238.76,231.34,S,1,4210.39
100,MAT00021,P003,,2023,04,45.0,10410.3,231.34,S,1,13533.39
100,MAT00021,P003,,2023,05,0,0.0,231.34,S,1,0.0
100,MAT00021,P003,,2023,06,137.0,31693.58,231.34,S,1,41201.65
100,MAT00021,P003,,2023,07,97.0,22439.98,231.34,S,1,29171.97
100,MAT00021,P003,,2023,08,2.0,462.68,231.34,S,1,601.48
100,MAT00021,P003,,2023,09,25.0,5783.5,231.34,S,1,7518.55
100,MAT00021,P003,,2023,10,0,0.0,231.34,S,1,0.0
100,MAT00021,P003,,2023,11,110.0,25447.4,231.34,S,1,33081.62
100,MAT00021,P003,,2023,12,97.0,22439.98,231.34,S,1,29171.97
100,MAT00021,P003,,2024,01,121.0,27992.14,231.34,S,1,36389.78
100,MAT00021,P003,,2024,02,102.0,23596.68,231.34,S,1,30675.68
100,MAT00021,P003,,2024,03,247.0,57140.98,231.34,S,1,74283.27
100,MAT00021,P003,,2024,04,315.0,72872.1,231.34,S,1,94733.73
100,MAT00021,P003,,2024,05,363.0,83976.42,231.34,S,1,109169.35
100,MAT00021,P003,,2024,06,414.0,95774.76,231.34,S,1,124507.19
100,MAT00021,P003,,2024,07,537.0,124229.58,231.34,S,1,161498.45
100,MAT00021,P003,,2024,08,520.0,120296.8,231.34,S,1,156385.84
100,MAT00021,P003,,2024,09,562.0,130013.08,231.34,S,1,169017.0
100,MAT00021,P003,,2024,10,477.0,110349.18,231.34,S,1,143453.93
100,MAT00021,P003,,2024,11,453.0,104797.02,231.34,S,1,136236.13
100,MAT00021,P003,,2024,12,529.0,122378.86,231.34,S,1,159092.52
100,MAT00022,P001,,2023,01,496.0,99343.84,200.29,S,1,129146.99
100,MAT00022,P001,,2023,02,492.0,98542.68,200.29,S,1,128105.48
100,MAT00022,P001,,2023,03,551.0,110359.79,200.29,S,1,143467.73
100,MAT00022,P001,,2023,04,611.0,122377.19,200.29,S,1,159090.35
100,MAT00022,P001,,2023,05,756.0,151419.24,200.29,S,1,196845.01
100,MAT00022,P001,,2023,06,805.0,161233.45,200.29,S,1,209603.48
100,MAT00022,P001,,2023,07,854.0,171047.66,200.29,S,1,222361.96
100,MAT00022,P001,,2023,08,910.0,182263.9,200.29,S,1,236943.07
100,MAT00022,P001,,2023,09,885.0,177256.65,200.29,S,1,230433.64
100,MAT00022,P001,,2023,10,906.0,181462.74,200.29,S,1,235901.56
100,MAT00022,P001,,2023,11,881.0,176455.49,200.29,S,1,229392.14
100,MAT00022,P001,,2023,12,948.0,189874.92,200.29,S,1,246837.4
100,MAT00022,P001,,2024,01,985.0,197285.65,200.29,S,1,256471.35
100,MAT00022,P001,,2024,02,983.0,196885.07,200.29,S,1,255950.59
100,MAT00022,P001,,2024,03,1131.0,226527.99,200.29,S,1,294486.39
100,MAT00022,P001,,2024,04,1147.0,229732.63,200.29,S,1,298652.42
100,MAT00022,P001,,2024,05,1100.0,220319.0,200.29,S,1,286414.7
100,MAT00022,P001,,2024,06,1009.0,202092.61,200.29,S,1,262720.39
100,MAT00022,P001,,2024,07,1134.0,227128.86,200.29,S,1,295267.52
100,MAT00022,P001,,2024,08,1268.0,253967.72,200.29,S,1,330158.04
100,MAT00022,P001,,2024,09,1390.0,278403.1,200.29,S,1,361924.03
100,MAT00022,P001,,2024,10,1447.0,289819.63,200.29,S,1,376765.52
100,MAT00022,P001,,2024,11,1579.0,316257.91,200.29,S,1,411135.28
100,MAT00022,P001,,2024,12,1532.0,306844.28,200.29,S,1,398897.56
100,MAT00022,P002,,2023,01,211.0,23604.57,111.87,S,1,30685.94
100,MAT00022,P002,,2023,02,183.0,20472.21,111.87,S,1,26613.87
100,MAT00022,P002,,2023,03,195.0,21814.65,111.87,S,1,28359.05
100,MAT00022,P002,,2023,04,340.0,38035.8,111.87,S,1,49446.54
100,MAT00022,P002,,2023,05,241.0,26960.67,111.87,S,1,35048.87
100,MAT00022,P002,,2023,06,320.0,35798.4,111.87,S,1,46537.92
100,MAT00022,P002,,2023,07,322.0,36022.14,111.87,S,1,46828.78
100,MAT00022,P002,,2023,08,257.0,28750.59,111.87,S,1,37375.77
100,MAT00022,P002,,2023,09,178.0,19912.86,111.87,S,1,25886.72
100,MAT00022,P002,,2023,10,165.0,18458.55,111.87,S,1,23996.12
100,MAT00022,P002,,2023,11,188.0,21031.56,111.87,S,1,27341.03
100,MAT00022,P002,,2023,12,210.0,23492.7,111.87,S,1,30540.51
100,MAT00022,P002,,2024,01,171.0,19129.77,111.87,S,1,24868.7
100,MAT00022,P002,,2024,02,172.0,19241.64,111.87,S,1,25014.13
100,MAT00022,P002,,2024,03,99.0,11075.13,111.87,S,1,14397.67
100,MAT00022,P002,,2024,04,31.0,3467.97,111.87,S,1,4508.36
100,MAT00022,P002,,2024,05,180.0,20136.6,111.87,S,1,26177.58
100,MAT00022,P002,,2024,06,223.0,24947.01,111.87,S,1,32431.11
100,MAT00022,P002,,2024,07,233.0,26065.71,111.87,S,1,33885.42
100,MAT00022,P002,,2024,08,238.0,26625.06,111.87,S,1,34612.58
100,MAT00022,P002,,2024,09,172.0,19241.64,111.87,S,1,25014.13
100,MAT00022,P002,,2024,10,78.0,8725.86,111.87,S,1,11343.62
100,MAT00022,P002,,2024,11,53.0,5929.11,111.87,S,1,7707.84
100,MAT00022,P002,,2024,12,27.0,3020.49,111.87,S,1,3926.64
100,MAT00022,P003,,2023,01,855.0,270513.45,316.39,S,1,351667.49
100,MAT00022,P003,,2023,02,942.0,298039.38,316.39,S,1,387451.19
100,MAT00022,P003,,2023,03,1032.0,326514.48,316.39,S,1,424468.82
100,MAT00022,P003,,2023,04,1128.0,356887.92,316.39,S,1,463954.3
100,MAT00022,P003,,2023,05,1103.0,348978.17,316.39,S,1,453671.62
100,MAT00022,P003,,2023,06,1138.0,360051.82,316.39,S,1,468067.37
100,MAT00022,P003,,2023,07,1212.0,383464.68,316.39,S,1,498504.08
100,MAT00022,P003,,2023,08,1272.0,402448.08,316.39,S,1,523182.5
100,MAT00022,P003,,2023,09,1273.0,402764.47,316.39,S,1,523593.81
100,MAT00022,P003,,2023,10,1371.0,433770.69,316.39,S,1,563901.9
100,MAT00022,P003,,2023,11,1469.0,464776.91,316.39,S,1,604209.98
100,MAT00022,P003,,2023,12,1507.0,476799.73,316.39,S,1,619839.65
100,MAT00022,P003,,2024,01,1599.0,505907.61,316.39,S,1,657679.89
100,MAT00022,P003,,2024,02,1590.0,503060.1,316.39,S,1,653978.13
100,MAT00022,P003,,2024,03,1551.0,490720.89,316.39,S,1,637937.16
100,MAT00022,P003,,2024,04,1597.0,505274.83,316.39,S,1,656857.28
100,MAT00022,P003,,2024,05,1609.0,509071.51,316.39,S,1,661792.96
100,MAT00022,P003,,2024,06,1547.0,489455.33,316.39,S,1,636291.93
100,MAT00022,P003,,2024,07,1578.0,499263.42,316.39,S,1,649042.45
100,MAT00022,P003,,2024,08,1512.0,478381.68,316.39,S,1,621896.18
100,MAT00022,P003,,2024,09,1463.0,462878.57,316.39,S,1,601742.14
100,MAT00022,P003,,2024,10,1544.0,488506.16,316.39,S,1,635058.01
100,MAT00022,P003,,2024,11,1571.0,497048.69,316.39,S,1,646163.3
100,MAT00022,P003,,2024,12,1547.0,489455.33,316.39,S,1,636291.93
100,MAT00023,P001,,2023,01,264.0,29124.48,110.32,S,1,37861.82
100,MAT00023,P001,,2023,02,198.0,21843.36,110.32,S,1,28396.37
100,MAT00023,P001,,2023,03,232.0,25594.24,110.32,S,1,33272.51
100,MAT00023,P001,,2023,04,157.0,17320.24,110.32,S,1,22516.31
100,MAT00023,P001,,2023,05,155.0,17099.6,110.32,S,1,22229.48
100,MAT00023,P001,,2023,06,186.0,20519.52,110.32,S,1,26675.38
100,MAT00023,P001,,2023,07,87.0,9597.84,110.32,S,1,12477.19
100,MAT00023,P001,,2023,08,5.0,551.6,110.32,S,1,717.08
100,MAT00023,P001,,2023,09,146.0,16106.72,110.32,S,1,20938.74
100,MAT00023,P001,,2023,10,276.0,30448.32,110.32,S,1,39582.82
100,MAT00023,P001,,2023,11,325.0,35854.0,110.32,S,1,46610.2
100,MAT00023,P001,,2023,12,395.0,43576.4,110.32,S,1,56649.32
100,MAT00023,P001,,2024,01,319.0,35192.08,110.32,S,1,45749.7
100,MAT00023,P001,,2024,02,362.0,39935.84,110.32,S,1,51916.59
100,MAT00023,P001,,2024,03,450.0,49644.0,110.32,S,1,64537.2
100,MAT00023,P001,,2024,04,484.0,53394.88,110.32,S,1,69413.34
100,MAT00023,P001,,2024,05,584.0,64426.88,110.32,S,1,83754.94
100,MAT00023,P001,,2024,06,615.0,67846.8,110.32,S,1,88200.84
100,MAT00023,P001,,2024,07,564.0,62220.48,110.32,S,1,80886.62
100,MAT00023,P001,,2024,08,496.0,54718.72,110.32,S,1,71134.34
100,MAT00023,P001,,2024,09,513.0,56594.16,110.32,S,1,73572.41
100,MAT00023,P001,,2024,10,508.0,56042.56,110.32,S,1,72855.33
100,MAT00023,P001,,2024,11,530.0,58469.6,110.32,S,1,76010.48
100,MAT00023,P001,,2024,12,621.0,68508.72,110.32,S,1,89061.34
100,MAT00023,P002,,2023,01,988.0,104135.2,105.4,S,1,135375.76
100,MAT00023,P002,,2023,02,1063.0,112040.2,105.4,S,1,145652.26
100,MAT00023,P002,,2023,03,1187.0,125109.8,105.4,S,1,162642.74
100,MAT00023,P002,,2023,04,1296.0,136598.4,105.4,S,1,177577.92
100,MAT00023,P002,,2023,05,1202.0,126690.8,105.4,S,1,164698.04
100,MAT00023,P002,,2023,06,1171.0,123423.4,105.4,S,1,160450.42
100,MAT00023,P002,,2023,07,1262.0,133014.8,105.4,S,1,172919.24
100,MAT00023,P002,,2023,08,1324.0,139549.6,105.4,S,1,181414.48
100,MAT00023,P002,,2023,09,1295.0,136493.0,105.4,S,1,177440.9
100,MAT00023,P002,,2023,10,1238.0,130485.2,105.4,S,1,169630.76
100,MAT00023,P002,,2023,11,1231.0,129747.4,105.4,S,1,168671.62
100,MAT00023,P002,,2023,12,1276.0,134490.4,105.4,S,1,174837.52
100,MAT00023,P002,,2024,01,1356.0,142922.4,105.4,S,1,185799.12
100,MAT00023,P002,,2024,02,1444.0,152197.6,105.4,S,1,197856.88
100,MAT00023,P002,,2024,03,1543.0,162632.2,105.4,S,1,211421.86
100,MAT00023,P002,,2024,04,1665.0,175491.0,105.4,S,1,228138.3
100,MAT00023,P002,,2024,05,1759.0,185398.6,105.4,S,1,241018.18
100,MAT00023,P002,,2024,06,1755.0,184977.0,105.4,S,1,240470.1
100,MAT00023,P002,,2024,07,1684.0,177493.6,105.4,S,1,230741.68
100,MAT00023,P002,,2024,08,1650.0,173910.0,105.4,S,1,226083.0
100,MAT00023,P002,,2024,09,1626.0,171380.4,105.4,S,1,222794.52
100,MAT00023,P002,,2024,10,1656.0,174542.4,105.4,S,1,226905.12
100,MAT00023,P002,,2024,11,1616.0,170326.4,105.4,S,1,221424.32
100,MAT00023,P002,,2024,12,1677.0,176755.8,105.4,S,1,229782.54
100,MAT00023,P003,,2023,01,387.0,15352.29,39.67,S,1,19957.98
100,MAT00023,P003,,2023,02,368.0,14598.56,39.67,S,1,18978.13
100,MAT00023,P003,,2023,03,499.0,19795.33,39.67,S,1,25733.93
100,MAT00023,P003,,2023,04,510.0,20231.7,39.67,S,1,26301.21
100,MAT00023,P003,,2023,05,642.0,25468.14,39.67,S,1,33108.58
100,MAT00023,P003,,2023,06,677.0,26856.59,39.67,S,1,34913.57
100,MAT00023,P003,,2023,07,645.0,25587.15,39.67,S,1,33263.3
100,MAT00023,P003,,2023,08,739.0,29316.13,39.67,S,1,38110.97
100,MAT00023,P003,,2023,09,769.0,30506.23,39.67,S,1,39658.1
100,MAT00023,P003,,2023,10,670.0,26578.9,39.67,S,1,34552.57
100,MAT00023,P003,,2023,11,777.0,30823.59,39.67,S,1,40070.67
100,MAT00023,P003,,2023,12,882.0,34988.94,39.67,S,1,45485.62
100,MAT00023,P003,,2024,01,890.0,35306.3,39.67,S,1,45898.19
100,MAT00023,P003,,2024,02,905.0,35901.35,39.67,S,1,46671.75
100,MAT00023,P003,,2024,03,948.0,37607.16,39.67,S,1,48889.31
100,MAT00023,P003,,2024,04,1072.0,42526.24,39.67,S,1,55284.11
100,MAT00023,P003,,2024,05,1147.0,45501.49,39.67,S,1,59151.94
100,MAT00023,P003,,2024,06,1276.0,50618.92,39.67,S,1,65804.6
100,MAT00023,P003,,2024,07,1338.0,53078.46,39.67,S,1,69002.0
100,MAT00023,P003,,2024,08,1284.0,50936.28,39.67,S,1,66217.16
100,MAT00023,P003,,2024,09,1229.0,48754.43,39.67,S,1,63380.76
100,MAT00023,P003,,2024,10,1221.0,48437.07,39.67,S,1,62968.19
100,MAT00023,P003,,2024,11,1238.0,49111.46,39.67,S,1,63844.9
100,MAT00023,P003,,2024,12,1159.0,45977.53,39.67,S,1,59770.79
100,MAT00024,P001,,2023,01,392.0,138246.64,352.67,S,1,179720.63
100,MAT00024,P001,,2023,02,320.0,112854.4,352.67,S,1,146710.72
100,MAT00024,P001,,2023,03,396.0,139657.32,352.67,S,1,181554.52
100,MAT00024,P001,,2023,04,368.0,129782.56,352.67,S,1,168717.33
100,MAT00024,P001,,2023,05,318.0,112149.06,352.67,S,1,145793.78
100,MAT00024,P001,,2023,06,406.0,143184.02,352.67,S,1,186139.23
100,MAT00024,P001,,2023,07,536.0,189031.12,352.67,S,1,245740.46
100,MAT00024,P001,,2023,08,612.0,215834.04,352.67,S,1,280584.25
100,MAT00024,P001,,2023,09,563.0,198553.21,352.67,S,1,258119.17
100,MAT00024,P001,,2023,10,605.0,213365.35,352.67,S,1,277374.96
100,MAT00024,P001,,2023,11,526.0,185504.42,352.67,S,1,241155.75
100,MAT00024,P001,,2023,12,637.0,224650.79,352.67,S,1,292046.03
100,MAT00024,P001,,2024,01,634.0,223592.78,352.67,S,1,290670.61
100,MAT00024,P001,,2024,02,743.0,262033.81,352.67,S,1,340643.95
100,MAT00024,P001,,2024,03,725.0,255685.75,352.67,S,1,332391.48
100,MAT00024,P001,,2024,04,851.0,300122.17,352.67,S,1,390158.82
100,MAT00024,P001,,2024,05,875.0,308586.25,352.67,S,1,401162.12
100,MAT00024,P001,,2024,06,905.0,319166.35,352.67,S,1,414916.26
100,MAT00024,P001,,2024,07,813.0,286720.71,352.67,S,1,372736.92
100,MAT00024,P001,,2024,08,938.0,330804.46,352.67,S,1,430045.8
100,MAT00024,P001,,2024,09,1000.0,352670.0,352.67,S,1,458471.0
100,MAT00024,P001,,2024,10,956.0,337152.52,352.67,S,1,438298.28
100,MAT00024,P001,,2024,11,943.0,332567.81,352.67,S,1,432338.15
100,MAT00024,P001,,2024,12,890.0,313876.3,352.67,S,1,408039.19
100,MAT00024,P002,,2023,01,637.0,192374.0,302.0,S,1,250086.2
100,MAT00024,P002,,2023,02,770.0,232540.0,302.0,S,1,302302.0
100,MAT00024,P002,,2023,03,896.0,270592.0,302.0,S,1,351769.6
100,MAT00024,P002,,2023,04,862.0,260324.0,302.0,S,1,338421.2
100,MAT00024,P002,,2023,05,780.0,235560.0,302.0,S,1,306228.0
100,MAT00024,P002,,2023,06,745.0,224990.0,302.0,S,1,292487.0
100,MAT00024,P002,,2023,07,678.0,204756.0,302.0,S,1,266182.8
100,MAT00024,P002,,2023,08,778.0,234956.0,302.0,S,1,305442.8
100,MAT00024,P002,,2023,09,855.0,258210.0,302.0,S,1,335673.0
100,MAT00024,P002,,2023,10,914.0,276028.0,302.0,S,1,358836.4
100,MAT00024,P002,,2023,11,1029.0,310758.0,302.0,S,1,403985.4
100,MAT00024,P002,,2023,12,962.0,290524.0,302.0,S,1,377681.2
100,MAT00024,P002,,2024,01,908.0,274216.0,302.0,S,1,356480.8
100,MAT00024,P002,,2024,02,947.0,285994.0,302.0,S,1,371792.2
100,MAT00024,P002,,2024,03,988.0,298376.0,302.0,S,1,387888.8
100,MAT00024,P002,,2024,04,960.0,289920.0,302.0,S,1,376896.0
100,MAT00024,P002,,2024,05,1085.0,327670.0,302.0,S,1,425971.0
100,MAT00024,P002,,2024,06,1012.0,305624.0,302.0,S,1,397311.2
100,MAT00024,P002,,2024,07,979.0,295658.0,302.0,S,1,384355.4
100,MAT00024,P002,,2024,08,985.0,297470.0,302.0,S,1,386711.0
100,MAT00024,P002,,2024,09,1034.0,312268.0,302.0,S,1,405948.4
100,MAT00024,P002,,2024,10,1017.0,307134.0,302.0,S,1,399274.2
100,MAT00024,P002,,2024,11,985.0,297470.0,302.0,S,1,386711.0
100,MAT00024,P002,,2024,12,982.0,296564.0,302.0,S,1,385533.2
100,MAT00024,P003,,2023,01,779.0,180969.49,232.31,S,1,235260.34
100,MAT00024,P003,,2023,02,924.0,214654.44,232.31,S,1,279050.77
100,MAT00024,P003,,2023,03,1035.0,240440.85,232.31,S,1,312573.11
100,MAT00024,P003,,2023,04,1023.0,237653.13,232.31,S,1,308949.07
100,MAT00024,P003,,2023,05,1052.0,244390.12,232.31,S,1,317707.16
100,MAT00024,P003,,2023,06,979.0,227431.49,232.31,S,1,295660.94
100,MAT00024,P003,,2023,07,985.0,228825.35,232.31,S,1,297472.96
100,MAT00024,P003,,2023,08,1044.0,242531.64,232.31,S,1,315291.13
100,MAT00024,P003,,2023,09,1080.0,250894.8,232.31,S,1,326163.24
100,MAT00024,P003,,2023,10,1017.0,236259.27,232.31,S,1,307137.05
100,MAT00024,P003,,2023,11,1060.0,246248.6,232.31,S,1,320123.18
100,MAT00024,P003,,2023,12,1168.0,271338.08,232.31,S,1,352739.5
100,MAT00024,P003,,2024,01,1303.0,302699.93,232.31,S,1,393509.91
100,MAT00024,P003,,2024,02,1209.0,280862.79,232.31,S,1,365121.63
100,MAT00024,P003,,2024,03,1219.0,283185.89,232.31,S,1,368141.66
100,MAT00024,P003,,2024,04,1130.0,262510.3,232.31,S,1,341263.39
100,MAT00024,P003,,2024,05,1121.0,260419.51,232.31,S,1,338545.36
100,MAT00024,P003,,2024,06,1241.0,288296.71,232.31,S,1,374785.72
100,MAT00024,P003,,2024,07,1321.0,306881.51,232.31,S,1,398945.96
100,MAT00024,P003,,2024,08,1431.0,332435.61,232.31,S,1,432166.29
100,MAT00024,P003,,2024,09,1547.0,359383.57,232.31,S,1,467198.64
100,MAT00024,P003,,2024,10,1509.0,350555.79,232.31,S,1,455722.53
100,MAT00024,P003,,2024,11,1592.0,369837.52,232.31,S,1,480788.78
100,MAT00024,P003,,2024,12,1614.0,374948.34,232.31,S,1,487432.84
100,MAT00025,P001,,2023,01,918.0,303536.7,330.65,S,1,394597.71
100,MAT00025,P001,,2023,02,995.0,328996.75,330.65,S,1,427695.78
100,MAT00025,P001,,2023,03,1076.0,355779.4,330.65,S,1,462513.22
100,MAT00025,P001,,2023,04,980.0,324037.0,330.65,S,1,421248.1
100,MAT00025,P001,,2023,05,921.0,304528.65,330.65,S,1,395887.24
100,MAT00025,P001,,2023,06,959.0,317093.35,330.65,S,1,412221.35
100,MAT00025,P001,,2023,07,1026.0,339246.9,330.65,S,1,441020.97
100,MAT00025,P001,,2023,08,1167.0,385868.55,330.65,S,1,501629.11
100,MAT00025,P001,,2023,09,1271.0,420256.15,330.65,S,1,546332.99
100,MAT00025,P001,,2023,10,1234.0,408022.1,330.65,S,1,530428.73
100,MAT00025,P001,,2023,11,1195.0,395126.75,330.65,S,1,513664.78
100,MAT00025,P001,,2023,12,1153.0,381239.45,330.65,S,1,495611.28
100,MAT00025,P001,,2024,01,1116.0,369005.4,330.65,S,1,479707.02
100,MAT00025,P001,,2024,02,1171.0,387191.15,330.65,S,1,503348.49
100,MAT00025,P001,,2024,03,1107.0,366029.55,330.65,S,1,475838.41
100,MAT00025,P001,,2024,04,1137.0,375949.05,330.65,S,1,488733.77
100,MAT00025,P001,,2024,05,1144.0,378263.6,330.65,S,1,491742.68
100,MAT00025,P001,,2024,06,1083.0,358093.95,330.65,S,1,465522.13
100,MAT00025,P001,,2024,07,1149.0,379916.85,330.65,S,1,493891.9
100,MAT00025,P001,,2024,08,1236.0,408683.4,330.65,S,1,531288.42
100,MAT00025,P001,,2024,09,1251.0,413643.15,330.65,S,1,537736.09
100,MAT00025,P001,,2024,10,1228.0,406038.2,330.65,S,1,527849.66
100,MAT00025,P001,,2024,11,1344.0,444393.6,330.65,S,1,577711.68
100,MAT00025,P001,,2024,12,1287.0,425546.55,330.65,S,1,553210.52
100,MAT00025,P002,,2023,01,1008.0,49008.96,48.62,S,1,63711.65
100,MAT00025,P002,,2023,02,918.0,44633.16,48.62,S,1,58023.11
100,MAT00025,P002,,2023,03,1004.0,48814.48,48.62,S,1,63458.82
100,MAT00025,P002,,2023,04,1036.0,50370.32,48.62,S,1,65481.42
100,MAT00025,P002,,2023,05,1127.0,54794.74,48.62,S,1,71233.16
100,MAT00025,P002,,2023,06,1248.0,60677.76,48.62,S,1,78881.09
100,MAT00025,P002,,2023,07,1239.0,60240.18,48.62,S,1,78312.23
100,MAT00025,P002,,2023,08,1291.0,62768.42,48.62,S,1,81598.95
100,MAT00025,P002,,2023,09,1260.0,61261.2,48.62,S,1,79639.56
100,MAT00025,P002,,2023,10,1315.0,63935.3,48.62,S,1,83115.89
100,MAT00025,P002,,2023,11,1318.0,64081.16,48.62,S,1,83305.51
100,MAT00025,P002,,2023,12,1307.0,63546.34,48.62,S,1,82610.24
100,MAT00025,P002,,2024,01,1218.0,59219.16,48.62,S,1,76984.91
100,MAT00025,P002,,2024,02,1152.0,56010.24,48.62,S,1,72813.31
100,MAT00025,P002,,2024,03,1092.0,53093.04,48.62,S,1,69020.95
100,MAT00025,P002,,2024,04,1185.0,57614.7,48.62,S,1,74899.11
100,MAT00025,P002,,2024,05,1129.0,54891.98,48.62,S,1,71359.57
100,MAT00025,P002,,2024,06,1232.0,59899.84,48.62,S,1,77869.79
100,MAT00025,P002,,2024,07,1236.0,60094.32,48.62,S,1,78122.62
100,MAT00025,P002,,2024,08,1277.0,62087.74,48.62,S,1,80714.06
100,MAT00025,P002,,2024,09,1215.0,59073.3,48.62,S,1,76795.29
100,MAT00025,P002,,2024,10,1144.0,55621.28,48.62,S,1,72307.66
100,MAT00025,P002,,2024,11,1049.0,51002.38,48.62,S,1,66303.09
100,MAT00025,P002,,2024,12,1025.0,49835.5,48.62,S,1,64786.15
100,MAT00025,P003,,2023,01,992.0,177091.84,178.52,S,1,230219.39
100,MAT00025,P003,,2023,02,1089.0,194408.28,178.52,S,1,252730.76
100,MAT00025,P003,,2023,03,1073.0,191551.96,178.52,S,1,249017.55
100,MAT00025,P003,,2023,04,1157.0,206547.64,178.52,S,1,268511.93
100,MAT00025,P003,,2023,05,1158.0,206726.16,178.52,S,1,268744.01
100,MAT00025,P003,,2023,06,1247.0,222614.44,178.52,S,1,289398.77
100,MAT00025,P003,,2023,07,1306.0,233147.12,178.52,S,1,303091.26
100,MAT00025,P003,,2023,08,1451.0,259032.52,178.52,S,1,336742.28
100,MAT00025,P003,,2023,09,1591.0,284025.32,178.52,S,1,369232.92
100,MAT00025,P003,,2023,10,1661.0,296521.72,178.52,S,1,385478.24
100,MAT00025,P003,,2023,11,1752.0,312767.04,178.52,S,1,406597.15
100,MAT00025,P003,,2023,12,1801.0,321514.52,178.52,S,1,417968.88
100,MAT00025,P003,,2024,01,1770.0,315980.4,178.52,S,1,410774.52
100,MAT00025,P003,,2024,02,1838.0,328119.76,178.52,S,1,426555.69
100,MAT00025,P003,,2024,03,1956.0,349185.12,178.52,S,1,453940.66
100,MAT00025,P003,,2024,04,2100.0,374892.0,178.52,S,1,487359.6
100,MAT00025,P003,,2024,05,2046.0,365251.92,178.52,S,1,474827.5
100,MAT00025,P003,,2024,06,2076.0,370607.52,178.52,S,1,481789.78
100,MAT00025,P003,,2024,07,2119.0,378283.88,178.52,S,1,491769.04
100,MAT00025,P003,,2024,08,2256.0,402741.12,178.52,S,1,523563.46
100,MAT00025,P003,,2024,09,2283.0,407561.16,178.52,S,1,529829.51
100,MAT00025,P003,,2024,10,2195.0,391851.4,178.52,S,1,509406.82
100,MAT00025,P003,,2024,11,2324.0,414880.48,178.52,S,1,539344.62
100,MAT00025,P003,,2024,12,2468.0,440587.36,178.52,S,1,572763.57
100,MAT00026,P001,,2023,01,238.0,57067.64,239.78,S,1,74187.93
100,MAT00026,P001,,2023,02,166.0,39803.48,239.78,S,1,51744.52
100,MAT00026,P001,,2023,03,256.0,61383.68,239.78,S,1,79798.78
100,MAT00026,P001,,2023,04,373.0,89437.94,239.78,S,1,116269.32
100,MAT00026,P001,,2023,05,495.0,118691.1,239.78,S,1,154298.43
100,MAT00026,P001,,2023,06,444.0,106462.32,239.78,S,1,138401.02
100,MAT00026,P001,,2023,07,496.0,118930.88,239.78,S,1,154610.14
100,MAT00026,P001,,2023,08,635.0,152260.3,239.78,S,1,197938.39
100,MAT00026,P001,,2023,09,747.0,179115.66,239.78,S,1,232850.36
100,MAT00026,P001,,2023,10,862.0,206690.36,239.78,S,1,268697.47
100,MAT00026,P001,,2023,11,910.0,218199.8,239.78,S,1,283659.74
100,MAT00026,P001,,2023,12,1006.0,241218.68,239.78,S,1,313584.28
100,MAT00026,P001,,2024,01,1049.0,251529.22,239.78,S,1,326987.99
100,MAT00026,P001,,2024,02,1051.0,252008.78,239.78,S,1,327611.41
100,MAT00026,P001,,2024,03,1014.0,243136.92,239.78,S,1,316078.0
100,MAT00026,P001,,2024,04,942.0,225872.76,239.78,S,1,293634.59
100,MAT00026,P001,,2024,05,880.0,211006.4,239.78,S,1,274308.32
100,MAT00026,P001,,2024,06,964.0,231147.92,239.78,S,1,300492.3
100,MAT00026,P001,,2024,07,969.0,232346.82,239.78,S,1,302050.87
100,MAT00026,P001,,2024,08,918.0,220118.04,239.78,S,1,286153.45
100,MAT00026,P001,,2024,09,829.0,198777.62,239.78,S,1,258410.91
100,MAT00026,P001,,2024,10,905.0,217000.9,239.78,S,1,282101.17
100,MAT00026,P001,,2024,11,996.0,238820.88,239.78,S,1,310467.14
100,MAT00026,P001,,2024,12,1061.0,254406.58,239.78,S,1,330728.55
100,MAT00026,P002,,2023,01,10.0,3768.6,376.86,S,1,4899.18
100,MAT00026,P002,,2023,02,123.0,46353.78,376.86,S,1,60259.91
100,MAT00026,P002,,2023,03,170.0,64066.2,376.86,S,1,83286.06
100,MAT00026,P002,,2023,04,280.0,105520.8,376.86,S,1,137177.04
100,MAT00026,P002,,2023,05,371.0,139815.06,376.86,S,1,181759.58
100,MAT00026,P002,,2023,06,277.0,104390.22,376.86,S,1,135707.29
100,MAT00026,P002,,2023,07,295.0,111173.7,376.86,S,1,144525.81
100,MAT00026,P002,,2023,08,220.0,82909.2,376.86,S,1,107781.96
100,MAT00026,P002,,2023,09,360.0,135669.6,376.86,S,1,176370.48
100,MAT00026,P002,,2023,10,434.0,163557.24,376.86,S,1,212624.41
100,MAT00026,P002,,2023,11,497.0,187299.42,376.86,S,1,243489.25
100,MAT00026,P002,,2023,12,563.0,212172.18,376.86,S,1,275823.83
100,MAT00026,P002,,2024,01,481.0,181269.66,376.86,S,1,235650.56
100,MAT00026,P002,,2024,02,485.0,182777.1,376.86,S,1,237610.23
100,MAT00026,P002,,2024,03,591.0,222724.26,376.86,S,1,289541.54
100,MAT00026,P002,,2024,04,534.0,201243.24,376.86,S,1,261616.21
100,MAT00026,P002,,2024,05,557.0,209911.02,376.86,S,1,272884.33
100,MAT00026,P002,,2024,06,669.0,252119.34,376.86,S,1,327755.14
100,MAT00026,P002,,2024,07,692.0,260787.12,376.86,S,1,339023.26
100,MAT00026,P002,,2024,08,809.0,304879.74,376.86,S,1,396343.66
100,MAT00026,P002,,2024,09,890.0,335405.4,376.86,S,1,436027.02
100,MAT00026,P002,,2024,10,1007.0,379498.02,376.86,S,1,493347.43
100,MAT00026,P002,,2024,11,994.0,374598.84,376.86,S,1,486978.49
100,MAT00026,P002,,2024,12,1082.0,407762.52,376.86,S,1,530091.28
100,MAT00026,P003,,2023,01,829.0,101254.06,122.14,S,1,131630.28
100,MAT00026,P003,,2023,02,913.0,111513.82,122.14,S,1,144967.97
100,MAT00026,P003,,2023,03,988.0,120674.32,122.14,S,1,156876.62
100,MAT00026,P003,,2023,04,1007.0,122994.98,122.14,S,1,159893.47
100,MAT00026,P003,,2023,05,913.0,111513.82,122.14,S,1,144967.97
100,MAT00026,P003,,2023,06,1000.0,122140.0,122.14,S,1,158782.0
100,MAT00026,P003,,2023,07,1121.0,136918.94,122.14,S,1,177994.62
100,MAT00026,P003,,2023,08,1232.0,150476.48,122.14,S,1,195619.42
100,MAT00026,P003,,2023,09,1262.0,154140.68,122.14,S,1,200382.88
100,MAT00026,P003,,2023,10,1407.0,171850.98,122.14,S,1,223406.27
100,MAT00026,P003,,2023,11,1394.0,170263.16,122.14,S,1,221342.11
100,MAT00026,P003,,2023,12,1381.0,168675.34,122.14,S,1,219277.94
100,MAT00026,P003,,2024,01,1336.0,163179.04,122.14,S,1,212132.75
100,MAT00026,P003,,2024,02,1417.0,173072.38,122.14,S,1,224994.09
100,MAT00026,P003,,2024,03,1438.0,175637.32,122.14,S,1,228328.52
100,MAT00026,P003,,2024,04,1486.0,181500.04,122.14,S,1,235950.05
100,MAT00026,P003,,2024,05,1557.0,190171.98,122.14,S,1,247223.57
100,MAT00026,P003,,2024,06,1543.0,188462.02,122.14,S,1,245000.63
100,MAT00026,P003,,2024,07,1625.0,198477.5,122.14,S,1,258020.75
100,MAT00026,P003,,2024,08,1713.0,209225.82,122.14,S,1,271993.57
100,MAT00026,P003,,2024,09,1845.0,225348.3,122.14,S,1,292952.79
100,MAT00026,P003,,2024,10,1753.0,214111.42,122.14,S,1,278344.85
100,MAT00026,P003,,2024,11,1760.0,214966.4,122.14,S,1,279456.32
100,MAT00026,P003,,2024,12,1818.0,222050.52,122.14,S,1,288665.68
100,MAT00027,P001,,2023,01,672.0,20664.0,30.75,S,1,26863.2
100,MAT00027,P001,,2023,02,608.0,18696.0,30.75,S,1,24304.8
100,MAT00027,P001,,2023,03,677.0,20817.75,30.75,S,1,27063.08
100,MAT00027,P001,,2023,04,646.0,19864.5,30.75,S,1,25823.85
100,MAT00027,P001,,2023,05,743.0,22847.25,30.75,S,1,29701.42
100,MAT00027,P001,,2023,06,716.0,22017.0,30.75,S,1,28622.1
100,MAT00027,P001,,2023,07,830.0,25522.5,30.75,S,1,33179.25
100,MAT00027,P001,,2023,08,807.0,24815.25,30.75,S,1,32259.83
100,MAT00027,P001,,2023,09,802.0,24661.5,30.75,S,1,32059.95
100,MAT00027,P001,,2023,10,729.0,22416.75,30.75,S,1,29141.78
100,MAT00027,P001,,2023,11,837.0,25737.75,30.75,S,1,33459.08
100,MAT00027,P001,,2023,12,792.0,24354.0,30.75,S,1,31660.2
100,MAT00027,P001,,2024,01,706.0,21709.5,30.75,S,1,28222.35
100,MAT00027,P001,,2024,02,830.0,25522.5,30.75,S,1,33179.25
100,MAT00027,P001,,2024,03,975.0,29981.25,30.75,S,1,38975.62
100,MAT00027,P001,,2024,04,1095.0,33671.25,30.75,S,1,43772.62
100,MAT00027,P001,,2024,05,1061.0,32625.75,30.75,S,1,42413.47
100,MAT00027,P001,,2024,06,1052.0,32349.0,30.75,S,1,42053.7
100,MAT00027,P001,,2024,07,1113.0,34224.75,30.75,S,1,44492.18
100,MAT00027,P001,,2024,08,1154.0,35485.5,30.75,S,1,46131.15
100,MAT00027,P001,,2024,09,1143.0,35147.25,30.75,S,1,45691.43
100,MAT00027,P001,,2024,10,1211.0,37238.25,30.75,S,1,48409.72
100,MAT00027,P001,,2024,11,1125.0,34593.75,30.75,S,1,44971.88
100,MAT00027,P001,,2024,12,1049.0,32256.75,30.75,S,1,41933.78
100,MAT00027,P002,,2023,01,743.0,186923.94,251.58,S,1,243001.12
100,MAT00027,P002,,2023,02,878.0,220887.24,251.58,S,1,287153.41
100,MAT00027,P002,,2023,03,787.0,197993.46,251.58,S,1,257391.5
100,MAT00027,P002,,2023,04,840.0,211327.2,251.58,S,1,274725.36
100,MAT00027,P002,,2023,05,915.0,230195.7,251.58,S,1,299254.41
100,MAT00027,P002,,2023,06,1019.0,256360.02,251.58,S,1,333268.03
100,MAT00027,P002,,2023,07,982.0,247051.56,251.58,S,1,321167.03
100,MAT00027,P002,,2023,08,999.0,251328.42,251.58,S,1,326726.95
100,MAT00027,P002,,2023,09,1112.0,279756.96,251.58,S,1,363684.05
100,MAT00027,P002,,2023,10,1210.0,304411.8,251.58,S,1,395735.34
100,MAT00027,P002,,2023,11,1196.0,300889.68,251.58,S,1,391156.58
100,MAT00027,P002,,2023,12,1294.0,325544.52,251.58,S,1,423207.88
100,MAT00027,P002,,2024,01,1401.0,352463.58,251.58,S,1,458202.65
100,MAT00027,P002,,2024,02,1527.0,384162.66,251.58,S,1,499411.46
100,MAT00027,P002,,2024,03,1619.0,407308.02,251.58,S,1,529500.43
100,MAT00027,P002,,2024,04,1646.0,414100.68,251.58,S,1,538330.88
100,MAT00027,P002,,2024,05,1690.0,425170.2,251.58,S,1,552721.26
100,MAT00027,P002,,2024,06,1593.0,400766.94,251.58,S,1,520997.02
100,MAT00027,P002,,2024,07,1650.0,415107.0,251.58,S,1,539639.1
100,MAT00027,P002,,2024,08,1607.0,404289.06,251.58,S,1,525575.78
100,MAT00027,P002,,2024,09,1559.0,392213.22,251.58,S,1,509877.19
100,MAT00027,P002,,2024,10,1636.0,411584.88,251.58,S,1,535060.34
100,MAT00027,P002,,2024,11,1600.0,402528.0,251.58,S,1,523286.4
100,MAT00027,P002,,2024,12,1520.0,382401.6,251.58,S,1,497122.08
100,MAT00027,P003,,2023,01,650.0,81503.5,125.39,S,1,105954.55
100,MAT00027,P003,,2023,02,630.0,78995.7,125.39,S,1,102694.41
100,MAT00027,P003,,2023,03,722.0,90531.58,125.39,S,1,117691.05
100,MAT00027,P003,,2023,04,779.0,97678.81,125.39,S,1,126982.45
100,MAT00027,P003,,2023,05,873.0,109465.47,125.39,S,1,142305.11
100,MAT00027,P003,,2023,06,950.0,119120.5,125.39,S,1,154856.65
100,MAT00027,P003,,2023,07,1075.0,134794.25,125.39,S,1,175232.52
100,MAT00027,P003,,2023,08,1191.0,149339.49,125.39,S,1,194141.34
100,MAT00027,P003,,2023,09,1162.0,145703.18,125.39,S,1,189414.13
100,MAT00027,P003,,2023,10,1145.0,143571.55,125.39,S,1,186643.01
100,MAT00027,P003,,2023,11,1237.0,155107.43,125.39,S,1,201639.66
100,MAT00027,P003,,2023,12,1243.0,155859.77,125.39,S,1,202617.7
100,MAT00027,P003,,2024,01,1169.0,146580.91,125.39,S,1,190555.18
100,MAT00027,P003,,2024,02,1248.0,156486.72,125.39,S,1,203432.74
100,MAT00027,P003,,2024,03,1181.0,148085.59,125.39,S,1,192511.27
100,MAT00027,P003,,2024,04,1277.0,160123.03,125.39,S,1,208159.94
100,MAT00027,P003,,2024,05,1251.0,156862.89,125.39,S,1,203921.76
100,MAT00027,P003,,2024,06,1311.0,164386.29,125.39,S,1,213702.18
100,MAT00027,P003,,2024,07,1431.0,179433.09,125.39,S,1,233263.02
100,MAT00027,P003,,2024,08,1518.0,190342.02,125.39,S,1,247444.63
100,MAT00027,P003,,2024,09,1513.0,189715.07,125.39,S,1,246629.59
100,MAT00027,P003,,2024,10,1434.0,179809.26,125.39,S,1,233752.04
100,MAT00027,P003,,2024,11,1576.0,197614.64,125.39,S,1,256899.03
100,MAT00027,P003,,2024,12,1557.0,195232.23,125.39,S,1,253801.9
100,MAT00028,P001,,2023,01,884.0,178249.76,201.64,S,1,231724.69
100,MAT00028,P001,,2023,02,991.0,199825.24,201.64,S,1,259772.81
100,MAT00028,P001,,2023,03,1040.0,209705.6,201.64,S,1,272617.28
100,MAT00028,P001,,2023,04,1136.0,229063.04,201.64,S,1,297781.95
100,MAT00028,P001,,2023,05,1284.0,258905.76,201.64,S,1,336577.49
100,MAT00028,P001,,2023,06,1299.0,261930.36,201.64,S,1,340509.47
100,MAT00028,P001,,2023,07,1446.0,291571.44,201.64,S,1,379042.87
100,MAT00028,P001,,2023,08,1502.0,302863.28,201.64,S,1,393722.26
100,MAT00028,P001,,2023,09,1570.0,316574.8,201.64,S,1,411547.24
100,MAT00028,P001,,2023,10,1491.0,300645.24,201.64,S,1,390838.81
100,MAT00028,P001,,2023,11,1486.0,299637.04,201.64,S,1,389528.15
100,MAT00028,P001,,2023,12,1577.0,317986.28,201.64,S,1,413382.16
100,MAT00028,P001,,2024,01,1667.0,336133.88,201.64,S,1,436974.04
100,MAT00028,P001,,2024,02,1742.0,351256.88,201.64,S,1,456633.94
100,MAT00028,P001,,2024,03,1770.0,356902.8,201.64,S,1,463973.64
100,MAT00028,P001,,2024,04,1821.0,367186.44,201.64,S,1,477342.37
100,MAT00028,P001,,2024,05,1956.0,394407.84,201.64,S,1,512730.19
100,MAT00028,P001,,2024,06,1893.0,381704.52,201.64,S,1,496215.88
100,MAT00028,P001,,2024,07,1909.0,384930.76,201.64,S,1,500409.99
100,MAT00028,P001,,2024,08,1885.0,380091.4,201.64,S,1,494118.82
100,MAT00028,P001,,2024,09,1917.0,386543.88,201.64,S,1,502507.04
100,MAT00028,P001,,2024,10,1987.0,400658.68,201.64,S,1,520856.28
100,MAT00028,P001,,2024,11,1958.0,394811.12,201.64,S,1,513254.46
100,MAT00028,P001,,2024,12,1978.0,398843.92,201.64,S,1,518497.1
100,MAT00028,P002,,2023,01,407.0,155250.15,381.45,S,1,201825.2
100,MAT00028,P002,,2023,02,401.0,152961.45,381.45,S,1,198849.88
100,MAT00028,P002,,2023,03,457.0,174322.65,381.45,S,1,226619.45
100,MAT00028,P002,,2023,04,523.0,199498.35,381.45,S,1,259347.86
100,MAT00028,P002,,2023,05,476.0,181570.2,381.45,S,1,236041.26
100,MAT00028,P002,,2023,06,377.0,143806.65,381.45,S,1,186948.64
100,MAT00028,P002,,2023,07,352.0,134270.4,381.45,S,1,174551.52
100,MAT00028,P002,,2023,08,297.0,113290.65,381.45,S,1,147277.85
100,MAT00028,P002,,2023,09,316.0,120538.2,381.45,S,1,156699.66
100,MAT00028,P002,,2023,10,306.0,116723.7,381.45,S,1,151740.81
100,MAT00028,P002,,2023,11,243.0,92692.35,381.45,S,1,120500.05
100,MAT00028,P002,,2023,12,161.0,61413.45,381.45,S,1,79837.49
100,MAT00028,P002,,2024,01,287.0,109476.15,381.45,S,1,142318.99
100,MAT00028,P002,,2024,02,403.0,153724.35,381.45,S,1,199841.66
100,MAT00028,P002,,2024,03,380.0,144951.0,381.45,S,1,188436.3
100,MAT00028,P002,,2024,04,502.0,191487.9,381.45,S,1,248934.27
100,MAT00028,P002,,2024,05,467.0,178137.15,381.45,S,1,231578.3
100,MAT00028,P002,,2024,06,521.0,198735.45,381.45,S,1,258356.08
100,MAT00028,P002,,2024,07,478.0,182333.1,381.45,S,1,237033.03
100,MAT00028,P002,,2024,08,497.0,189580.65,381.45,S,1,246454.85
100,MAT00028,P002,,2024,09,434.0,165549.3,381.45,S,1,215214.09
100,MAT00028,P002,,2024,10,460.0,175467.0,381.45,S,1,228107.1
100,MAT00028,P002,,2024,11,584.0,222766.8,381.45,S,1,289596.84
100,MAT00028,P002,,2024,12,632.0,241076.4,381.45,S,1,313399.32
100,MAT00028,P003,,2023,01,319.0,6504.41,20.39,S,1,8455.73
100,MAT00028,P003,,2023,02,249.0,5077.11,20.39,S,1,6600.24
100,MAT00028,P003,,2023,03,290.0,5913.1,20.39,S,1,7687.03
100,MAT00028,P003,,2023,04,198.0,4037.22,20.39,S,1,5248.39
100,MAT00028,P003,,2023,05,323.0,6585.97,20.39,S,1,8561.76
100,MAT00028,P003,,2023,06,327.0,6667.53,20.39,S,1,8667.79
100,MAT00028,P003,,2023,07,400.0,8156.0,20.39,S,1,10602.8
100,MAT00028,P003,,2023,08,387.0,7890.93,20.39,S,1,10258.21
100,MAT00028,P003,,2023,09,357.0,7279.23,20.39,S,1,9463.0
100,MAT00028,P003,,2023,10,368.0,7503.52,20.39,S,1,9754.58
100,MAT00028,P003,,2023,11,517.0,10541.63,20.39,S,1,13704.12
100,MAT00028,P003,,2023,12,543.0,11071.77,20.39,S,1,14393.3
100,MAT00028,P003,,2024,01,576.0,11744.64,20.39,S,1,15268.03
100,MAT00028,P003,,2024,02,696.0,14191.44,20.39,S,1,18448.87
100,MAT00028,P003,,2024,03,787.0,16046.93,20.39,S,1,20861.01
100,MAT00028,P003,,2024,04,936.0,19085.04,20.39,S,1,24810.55
100,MAT00028,P003,,2024,05,950.0,19370.5,20.39,S,1,25181.65
100,MAT00028,P003,,2024,06,960.0,19574.4,20.39,S,1,25446.72
100,MAT00028,P003,,2024,07,1075.0,21919.25,20.39,S,1,28495.03
100,MAT00028,P003,,2024,08,1003.0,20451.17,20.39,S,1,26586.52
100,MAT00028,P003,,2024,09,1031.0,21022.09,20.39,S,1,27328.72
100,MAT00028,P003,,2024,10,937.0,19105.43,20.39,S,1,24837.06
100,MAT00028,P003,,2024,11,1027.0,20940.53,20.39,S,1,27222.69
100,MAT00028,P003,,2024,12,976.0,19900.64,20.39,S,1,25870.83
100,MAT00029,P001,,2023,01,392.0,58302.16,148.73,S,1,75792.81
100,MAT00029,P001,,2023,02,483.0,71836.59,148.73,S,1,93387.57
100,MAT00029,P001,,2023,03,416.0,61871.68,148.73,S,1,80433.18
100,MAT00029,P001,,2023,04,403.0,59938.19,148.73,S,1,77919.65
100,MAT00029,P001,,2023,05,394.0,58599.62,148.73,S,1,76179.51
100,MAT00029,P001,,2023,06,320.0,47593.6,148.73,S,1,61871.68
100,MAT00029,P001,,2023,07,413.0,61425.49,148.73,S,1,79853.14
100,MAT00029,P001,,2023,08,327.0,48634.71,148.73,S,1,63225.12
100,MAT00029,P001,,2023,09,412.0,61276.76,148.73,S,1,79659.79
100,MAT00029,P001,,2023,10,484.0,71985.32,148.73,S,1,93580.92
100,MAT00029,P001,,2023,11,613.0,91171.49,148.73,S,1,118522.94
100,MAT00029,P001,,2023,12,528.0,78529.44,148.73,S,1,102088.27
100,MAT00029,P001,,2024,01,559.0,83140.07,148.73,S,1,108082.09
100,MAT00029,P001,,2024,02,643.0,95633.39,148.73,S,1,124323.41
100,MAT00029,P001,,2024,03,654.0,97269.42,148.73,S,1,126450.25
100,MAT00029,P001,,2024,04,747.0,111101.31,148.73,S,1,144431.7
100,MAT00029,P001,,2024,05,732.0,108870.36,148.73,S,1,141531.47
100,MAT00029,P001,,2024,06,823.0,122404.79,148.73,S,1,159126.23
100,MAT00029,P001,,2024,07,849.0,126271.77,148.73,S,1,164153.3
100,MAT00029,P001,,2024,08,810.0,120471.3,148.73,S,1,156612.69
100,MAT00029,P001,,2024,09,801.0,119132.73,148.73,S,1,154872.55
100,MAT00029,P001,,2024,10,715.0,106341.95,148.73,S,1,138244.54
100,MAT00029,P001,,2024,11,648.0,96377.04,148.73,S,1,125290.15
100,MAT00029,P001,,2024,12,646.0,96079.58,148.73,S,1,124903.45
100,MAT00029,P002,,2023,01,324.0,67051.8,206.95,S,1,87167.34
100,MAT00029,P002,,2023,02,434.0,89816.3,206.95,S,1,116761.19
100,MAT00029,P002,,2023,03,457.0,94576.15,206.95,S,1,122948.99
100,MAT00029,P002,,2023,04,482.0,99749.9,206.95,S,1,129674.87
100,MAT00029,P002,,2023,05,471.0,97473.45,206.95,S,1,126715.49
100,MAT00029,P002,,2023,06,557.0,115271.15,206.95,S,1,149852.49
100,MAT00029,P002,,2023,07,640.0,132448.0,206.95,S,1,172182.4
100,MAT00029,P002,,2023,08,608.0,125825.6,206.95,S,1,163573.28
100,MAT00029,P002,,2023,09,547.0,113201.65,206.95,S,1,147162.14
100,MAT00029,P002,,2023,10,501.0,103681.95,206.95,S,1,134786.54
100,MAT00029,P002,,2023,11,438.0,90644.1,206.95,S,1,117837.33
100,MAT00029,P002,,2023,12,410.0,84849.5,206.95,S,1,110304.35
100,MAT00029,P002,,2024,01,367.0,75950.65,206.95,S,1,98735.85
100,MAT00029,P002,,2024,02,303.0,62705.85,206.95,S,1,81517.6
100,MAT00029,P002,,2024,03,390.0,80710.5,206.95,S,1,104923.65
100,MAT00029,P002,,2024,04,455.0,94162.25,206.95,S,1,122410.93
100,MAT00029,P002,,2024,05,517.0,106993.15,206.95,S,1,139091.1
100,MAT00029,P002,,2024,06,444.0,91885.8,206.95,S,1,119451.54
100,MAT00029,P002,,2024,07,562.0,116305.9,206.95,S,1,151197.67
100,MAT00029,P002,,2024,08,651.0,134724.45,206.95,S,1,175141.78
100,MAT00029,P002,,2024,09,738.0,152729.1,206.95,S,1,198547.83
100,MAT00029,P002,,2024,10,881.0,182322.95,206.95,S,1,237019.83
100,MAT00029,P002,,2024,11,962.0,199085.9,206.95,S,1,258811.67
100,MAT00029,P002,,2024,12,933.0,193084.35,206.95,S,1,251009.65
100,MAT00029,P003,,2023,01,870.0,293755.5,337.65,S,1,381882.15
100,MAT00029,P003,,2023,02,779.0,263029.35,337.65,S,1,341938.15
100,MAT00029,P003,,2023,03,727.0,245471.55,337.65,S,1,319113.02
100,MAT00029,P003,,2023,04,632.0,213394.8,337.65,S,1,277413.24
100,MAT00029,P003,,2023,05,582.0,196512.3,337.65,S,1,255465.99
100,MAT00029,P003,,2023,06,705.0,238043.25,337.65,S,1,309456.22
100,MAT00029,P003,,2023,07,620.0,209343.0,337.65,S,1,272145.9
100,MAT00029,P003,,2023,08,753.0,254250.45,337.65,S,1,330525.58
100,MAT00029,P003,,2023,09,683.0,230614.95,337.65,S,1,299799.43
100,MAT00029,P003,,2023,10,637.0,215083.05,337.65,S,1,279607.96
100,MAT00029,P003,,2023,11,743.0,250873.95,337.65,S,1,326136.14
100,MAT00029,P003,,2023,12,794.0,268094.1,337.65,S,1,348522.33
100,MAT00029,P003,,2024,01,928.0,313339.2,337.65,S,1,407340.96
100,MAT00029,P003,,2024,02,1026.0,346428.9,337.65,S,1,450357.57
100,MAT00029,P003,,2024,03,1132.0,382219.8,337.65,S,1,496885.74
100,MAT00029,P003,,2024,04,1054.0,355883.1,337.65,S,1,462648.03
100,MAT00029,P003,,2024,05,960.0,324144.0,337.65,S,1,421387.2
100,MAT00029,P003,,2024,06,964.0,325494.6,337.65,S,1,423142.98
100,MAT00029,P003,,2024,07,1097.0,370402.05,337.65,S,1,481522.66
100,MAT00029,P003,,2024,08,1177.0,397414.05,337.65,S,1,516638.27
100,MAT00029,P003,,2024,09,1261.0,425776.65,337.65,S,1,553509.65
100,MAT00029,P003,,2024,10,1215.0,410244.75,337.65,S,1,533318.18
100,MAT00029,P003,,2024,11,1351.0,456165.15,337.65,S,1,593014.69
100,MAT00029,P003,,2024,12,1437.0,485203.05,337.65,S,1,630763.96
100,MAT00030,P001,,2023,01,725.0,189101.75,260.83,S,1,245832.27
100,MAT00030,P001,,2023,02,797.0,207881.51,260.83,S,1,270245.96
100,MAT00030,P001,,2023,03,884.0,230573.72,260.83,S,1,299745.84
100,MAT00030,P001,,2023,04,805.0,209968.15,260.83,S,1,272958.6
100,MAT00030,P001,,2023,05,906.0,236311.98,260.83,S,1,307205.57
100,MAT00030,P001,,2023,06,896.0,233703.68,260.83,S,1,303814.78
100,MAT00030,P001,,2023,07,1005.0,262134.15,260.83,S,1,340774.4
100,MAT00030,P001,,2023,08,1006.0,262394.98,260.83,S,1,341113.47
100,MAT00030,P001,,2023,09,1075.0,280392.25,260.83,S,1,364509.92
100,MAT00030,P001,,2023,10,977.0,254830.91,260.83,S,1,331280.18
100,MAT00030,P001,,2023,11,965.0,251700.95,260.83,S,1,327211.23
100,MAT00030,P001,,2023,12,1041.0,271524.03,260.83,S,1,352981.24
100,MAT00030,P001,,2024,01,1177.0,306996.91,260.83,S,1,399095.98
100,MAT00030,P001,,2024,02,1158.0,302041.14,260.83,S,1,392653.48
100,MAT00030,P001,,2024,03,1121.0,292390.43,260.83,S,1,380107.56
100,MAT00030,P001,,2024,04,1250.0,326037.5,260.83,S,1,423848.75
100,MAT00030,P001,,2024,05,1179.0,307518.57,260.83,S,1,399774.14
100,MAT00030,P001,,2024,06,1172.0,305692.76,260.83,S,1,397400.59
100,MAT00030,P001,,2024,07,1100.0,286913.0,260.83,S,1,372986.9
100,MAT00030,P001,,2024,08,1037.0,270480.71,260.83,S,1,351624.92
100,MAT00030,P001,,2024,09,993.0,259004.19,260.83,S,1,336705.45
100,MAT00030,P001,,2024,10,1120.0,292129.6,260.83,S,1,379768.48
100,MAT00030,P001,,2024,11,1077.0,280913.91,260.83,S,1,365188.08
100,MAT00030,P001,,2024,12,983.0,256395.89,260.83,S,1,333314.66
100,MAT00030,P002,,2023,01,619.0,218377.01,352.79,S,1,283890.11
100,MAT00030,P002,,2023,02,560.0,197562.4,352.79,S,1,256831.12
100,MAT00030,P002,,2023,03,663.0,233899.77,352.79,S,1,304069.7
100,MAT00030,P002,,2023,04,761.0,268473.19,352.79,S,1,349015.15
100,MAT00030,P002,,2023,05,892.0,314688.68,352.79,S,1,409095.28
100,MAT00030,P002,,2023,06,977.0,344675.83,352.79,S,1,448078.58
100,MAT00030,P002,,2023,07,935.0,329858.65,352.79,S,1,428816.25
100,MAT00030,P002,,2023,08,1072.0,378190.88,352.79,S,1,491648.14
100,MAT00030,P002,,2023,09,1004.0,354201.16,352.79,S,1,460461.51
100,MAT00030,P002,,2023,10,906.0,319627.74,352.79,S,1,415516.06
100,MAT00030,P002,,2023,11,893.0,315041.47,352.79,S,1,409553.91
100,MAT00030,P002,,2023,12,1013.0,357376.27,352.79,S,1,464589.15
100,MAT00030,P002,,2024,01,1071.0,377838.09,352.79,S,1,491189.52
100,MAT00030,P002,,2024,02,1206.0,425464.74,352.79,S,1,553104.16
100,MAT00030,P002,,2024,03,1305.0,460390.95,352.79,S,1,598508.23
100,MAT00030,P002,,2024,04,1282.0,452276.78,352.79,S,1,587959.81
100,MAT00030,P002,,2024,05,1303.0,459685.37,352.79,S,1,597590.98
100,MAT00030,P002,,2024,06,1401.0,494258.79,352.79,S,1,642536.43
100,MAT00030,P002,,2024,07,1492.0,526362.68,352.79,S,1,684271.48
100,MAT00030,P002,,2024,08,1492.0,526362.68,352.79,S,1,684271.48
100,MAT00030,P002,,2024,09,1483.0,523187.57,352.79,S,1,680143.84
100,MAT00030,P002,,2024,10,1418.0,500256.22,352.79,S,1,650333.09
100,MAT00030,P002,,2024,11,1459.0,514720.61,352.79,S,1,669136.79
100,MAT00030,P002,,2024,12,1383.0,487908.57,352.79,S,1,634281.14
100,MAT00030,P003,,2023,01,966.0,16151.52,16.72,S,1,20996.98
100,MAT00030,P003,,2023,02,1022.0,17087.84,16.72,S,1,22214.19
100,MAT00030,P003,,2023,03,1150.0,19228.0,16.72,S,1,24996.4
100,MAT00030,P003,,2023,04,1137.0,19010.64,16.72,S,1,24713.83
100,MAT00030,P003,,2023,05,1062.0,17756.64,16.72,S,1,23083.63
100,MAT00030,P003,,2023,06,1046.0,17489.12,16.72,S,1,22735.86
100,MAT00030,P003,,2023,07,1187.0,19846.64,16.72,S,1,25800.63
100,MAT00030,P003,,2023,08,1095.0,18308.4,16.72,S,1,23800.92
100,MAT00030,P003,,2023,09,1019.0,17037.68,16.72,S,1,22148.98
100,MAT00030,P003,,2023,10,1124.0,18793.28,16.72,S,1,24431.26
100,MAT00030,P003,,2023,11,1163.0,19445.36,16.72,S,1,25278.97
100,MAT00030,P003,,2023,12,1122.0,18759.84,16.72,S,1,24387.79
100,MAT00030,P003,,2024,01,1224.0,20465.28,16.72,S,1,26604.86
100,MAT00030,P003,,2024,02,1268.0,21200.96,16.72,S,1,27561.25
100,MAT00030,P003,,2024,03,1292.0,21602.24,16.72,S,1,28082.91
100,MAT00030,P003,,2024,04,1383.0,23123.76,16.72,S,1,30060.89
100,MAT00030,P003,,2024,05,1435.0,23993.2,16.72,S,1,31191.16
100,MAT00030,P003,,2024,06,1338.0,22371.36,16.72,S,1,29082.77
100,MAT00030,P003,,2024,07,1395.0,23324.4,16.72,S,1,30321.72
100,MAT00030,P003,,2024,08,1398.0,23374.56,16.72,S,1,30386.93
100,MAT00030,P003,,2024,09,1472.0,24611.84,16.72,S,1,31995.39
100,MAT00030,P003,,2024,10,1484.0,24812.48,16.72,S,1,32256.22
100,MAT00030,P003,,2024,11,1580.0,26417.6,16.72,S,1,34342.88
100,MAT00030,P003,,2024,12,1530.0,25581.6,16.72,S,1,33256.08
100,MAT00031,P001,,2023,01,439.0,120707.44,274.96,S,1,156919.67
100,MAT00031,P001,,2023,02,425.0,116858.0,274.96,S,1,151915.4
100,MAT00031,P001,,2023,03,509.0,139954.64,274.96,S,1,181941.03
100,MAT00031,P001,,2023,04,456.0,125381.76,274.96,S,1,162996.29
100,MAT00031,P001,,2023,05,414.0,113833.44,274.96,S,1,147983.47
100,MAT00031,P001,,2023,06,503.0,138304.88,274.96,S,1,179796.34
100,MAT00031,P001,,2023,07,411.0,113008.56,274.96,S,1,146911.13
100,MAT00031,P001,,2023,08,409.0,112458.64,274.96,S,1,146196.23
100,MAT00031,P001,,2023,09,343.0,94311.28,274.96,S,1,122604.66
100,MAT00031,P001,,2023,10,479.0,131705.84,274.96,S,1,171217.59
100,MAT00031,P001,,2023,11,557.0,153152.72,274.96,S,1,199098.54
100,MAT00031,P001,,2023,12,552.0,151777.92,274.96,S,1,197311.3
100,MAT00031,P001,,2024,01,635.0,174599.6,274.96,S,1,226979.48
100,MAT00031,P001,,2024,02,668.0,183673.28,274.96,S,1,238775.26
100,MAT00031,P001,,2024,03,638.0,175424.48,274.96,S,1,228051.82
100,MAT00031,P001,,2024,04,636.0,174874.56,274.96,S,1,227336.93
100,MAT00031,P001,,2024,05,632.0,173774.72,274.96,S,1,225907.14
100,MAT00031,P001,,2024,06,543.0,149303.28,274.96,S,1,194094.26
100,MAT00031,P001,,2024,07,498.0,136930.08,274.96,S,1,178009.1
100,MAT00031,P001,,2024,08,492.0,135280.32,274.96,S,1,175864.42
100,MAT00031,P001,,2024,09,468.0,128681.28,274.96,S,1,167285.66
100,MAT00031,P001,,2024,10,592.0,162776.32,274.96,S,1,211609.22
100,MAT00031,P001,,2024,11,643.0,176799.28,274.96,S,1,229839.06
100,MAT00031,P001,,2024,12,543.0,149303.28,274.96,S,1,194094.26
100,MAT00031,P002,,2023,01,388.0,11682.68,30.11,S,1,15187.48
100,MAT00031,P002,,2023,02,420.0,12646.2,30.11,S,1,16440.06
100,MAT00031,P002,,2023,03,504.0,15175.44,30.11,S,1,19728.07
100,MAT00031,P002,,2023,04,530.0,15958.3,30.11,S,1,20745.79
100,MAT00031,P002,,2023,05,611.0,18397.21,30.11,S,1,23916.37
100,MAT00031,P002,,2023,06,711.0,21408.21,30.11,S,1,27830.67
100,MAT00031,P002,,2023,07,834.0,25111.74,30.11,S,1,32645.26
100,MAT00031,P002,,2023,08,921.0,27731.31,30.11,S,1,36050.7
100,MAT00031,P002,,2023,09,1032.0,31073.52,30.11,S,1,40395.58
100,MAT00031,P002,,2023,10,1079.0,32488.69,30.11,S,1,42235.3
100,MAT00031,P002,,2023,11,1116.0,33602.76,30.11,S,1,43683.59
100,MAT00031,P002,,2023,12,1156.0,34807.16,30.11,S,1,45249.31
100,MAT00031,P002,,2024,01,1220.0,36734.2,30.11,S,1,47754.46
100,MAT00031,P002,,2024,02,1346.0,40528.06,30.11,S,1,52686.48
100,MAT00031,P002,,2024,03,1392.0,41913.12,30.11,S,1,54487.06
100,MAT00031,P002,,2024,04,1537.0,46279.07,30.11,S,1,60162.79
100,MAT00031,P002,,2024,05,1500.0,45165.0,30.11,S,1,58714.5
100,MAT00031,P002,,2024,06,1501.0,45195.11,30.11,S,1,58753.64
100,MAT00031,P002,,2024,07,1433.0,43147.63,30.11,S,1,56091.92
100,MAT00031,P002,,2024,08,1471.0,44291.81,30.11,S,1,57579.35
100,MAT00031,P002,,2024,09,1545.0,46519.95,30.11,S,1,60475.93
100,MAT00031,P002,,2024,10,1622.0,48838.42,30.11,S,1,63489.95
100,MAT00031,P002,,2024,11,1649.0,49651.39,30.11,S,1,64546.81
100,MAT00031,P002,,2024,12,1596.0,48055.56,30.11,S,1,62472.23
100,MAT00031,P003,,2023,01,1011.0,77017.98,76.18,S,1,100123.37
100,MAT00031,P003,,2023,02,946.0,72066.28,76.18,S,1,93686.16
100,MAT00031,P003,,2023,03,918.0,69933.24,76.18,S,1,90913.21
100,MAT00031,P003,,2023,04,899.0,68485.82,76.18,S,1,89031.57
100,MAT00031,P003,,2023,05,1034.0,78770.12,76.18,S,1,102401.16
100,MAT00031,P003,,2023,06,1102.0,83950.36,76.18,S,1,109135.47
100,MAT00031,P003,,2023,07,1021.0,77779.78,76.18,S,1,101113.71
100,MAT00031,P003,,2023,08,1082.0,82426.76,76.18,S,1,107154.79
100,MAT00031,P003,,2023,09,1031.0,78541.58,76.18,S,1,102104.05
100,MAT00031,P003,,2023,10,934.0,71152.12,76.18,S,1,92497.76
100,MAT00031,P003,,2023,11,967.0,73666.06,76.18,S,1,95765.88
100,MAT00031,P003,,2023,12,1098.0,83645.64,76.18,S,1,108739.33
100,MAT00031,P003,,2024,01,1111.0,84635.98,76.18,S,1,110026.77
100,MAT00031,P003,,2024,02,1228.0,93549.04,76.18,S,1,121613.75
100,MAT00031,P003,,2024,03,1248.0,95072.64,76.18,S,1,123594.43
100,MAT00031,P003,,2024,04,1218.0,92787.24,76.18,S,1,120623.41
100,MAT00031,P003,,2024,05,1173.0,89359.14,76.18,S,1,116166.88
100,MAT00031,P003,,2024,06,1228.0,93549.04,76.18,S,1,121613.75
100,MAT00031,P003,,2024,07,1282.0,97662.76,76.18,S,1,126961.59
100,MAT00031,P003,,2024,08,1397.0,106423.46,76.18,S,1,138350.5
100,MAT00031,P003,,2024,09,1374.0,104671.32,76.18,S,1,136072.72
100,MAT00031,P003,,2024,10,1318.0,100405.24,76.18,S,1,130526.81
100,MAT00031,P003,,2024,11,1343.0,102309.74,76.18,S,1,133002.66
100,MAT00031,P003,,2024,12,1301.0,99110.18,76.18,S,1,128843.23
100,MAT00032,P001,,2023,01,464.0,169211.52,364.68,S,1,219974.98
100,MAT00032,P001,,2023,02,556.0,202762.08,364.68,S,1,263590.7
100,MAT00032,P001,,2023,03,527.0,192186.36,364.68,S,1,249842.27
100,MAT00032,P001,,2023,04,651.0,237406.68,364.68,S,1,308628.68
100,MAT00032,P001,,2023,05,782.0,285179.76,364.68,S,1,370733.69
100,MAT00032,P001,,2023,06,701.0,255640.68,364.68,S,1,332332.88
100,MAT00032,P001,,2023,07,646.0,235583.28,364.68,S,1,306258.26
100,MAT00032,P001,,2023,08,578.0,210785.04,364.68,S,1,274020.55
100,MAT00032,P001,,2023,09,480.0,175046.4,364.68,S,1,227560.32
100,MAT00032,P001,,2023,10,613.0,223548.84,364.68,S,1,290613.49
100,MAT00032,P001,,2023,11,557.0,203126.76,364.68,S,1,264064.79
100,MAT00032,P001,,2023,12,652.0,237771.36,364.68,S,1,309102.77
100,MAT00032,P001,,2024,01,746.0,272051.28,364.68,S,1,353666.66
100,MAT00032,P001,,2024,02,663.0,241782.84,364.68,S,1,314317.69
100,MAT00032,P001,,2024,03,784.0,285909.12,364.68,S,1,371681.86
100,MAT00032,P001,,2024,04,837.0,305237.16,364.68,S,1,396808.31
100,MAT00032,P001,,2024,05,938.0,342069.84,364.68,S,1,444690.79
100,MAT00032,P001,,2024,06,1046.0,381455.28,364.68,S,1,495891.86
100,MAT00032,P001,,2024,07,1053.0,384008.04,364.68,S,1,499210.45
100,MAT00032,P001,,2024,08,1144.0,417193.92,364.68,S,1,542352.1
100,MAT00032,P001,,2024,09,1056.0,385102.08,364.68,S,1,500632.7
100,MAT00032,P001,,2024,10,1039.0,378902.52,364.68,S,1,492573.28
100,MAT00032,P001,,2024,11,1022.0,372702.96,364.68,S,1,484513.85
100,MAT00032,P001,,2024,12,1111.0,405159.48,364.68,S,1,526707.32
100,MAT00032,P002,,2023,01,721.0,12797.75,17.75,S,1,16637.08
100,MAT00032,P002,,2023,02,863.0,15318.25,17.75,S,1,19913.73
100,MAT00032,P002,,2023,03,833.0,14785.75,17.75,S,1,19221.48
100,MAT00032,P002,,2023,04,798.0,14164.5,17.75,S,1,18413.85
100,MAT00032,P002,,2023,05,801.0,14217.75,17.75,S,1,18483.08
100,MAT00032,P002,,2023,06,854.0,15158.5,17.75,S,1,19706.05
100,MAT00032,P002,,2023,07,766.0,13596.5,17.75,S,1,17675.45
100,MAT00032,P002,,2023,08,671.0,11910.25,17.75,S,1,15483.33
100,MAT00032,P002,,2023,09,817.0,14501.75,17.75,S,1,18852.28
100,MAT00032,P002,,2023,10,726.0,12886.5,17.75,S,1,16752.45
100,MAT00032,P002,,2023,11,738.0,13099.5,17.75,S,1,17029.35
100,MAT00032,P002,,2023,12,678.0,12034.5,17.75,S,1,15644.85
100,MAT00032,P002,,2024,01,703.0,12478.25,17.75,S,1,16221.73
100,MAT00032,P002,,2024,02,682.0,12105.5,17.75,S,1,15737.15
100,MAT00032,P002,,2024,03,743.0,13188.25,17.75,S,1,17144.73
100,MAT00032,P002,,2024,04,843.0,14963.25,17.75,S,1,19452.23
100,MAT00032,P002,,2024,05,872.0,15478.0,17.75,S,1,20121.4
100,MAT00032,P002,,2024,06,942.0,16720.5,17.75,S,1,21736.65
100,MAT00032,P002,,2024,07,1083.0,19223.25,17.75,S,1,24990.23
100,MAT00032,P002,,2024,08,1022.0,18140.5,17.75,S,1,23582.65
100,MAT00032,P002,,2024,09,982.0,17430.5,17.75,S,1,22659.65
100,MAT00032,P002,,2024,10,911.0,16170.25,17.75,S,1,21021.33
100,MAT00032,P002,,2024,11,935.0,16596.25,17.75,S,1,21575.12
100,MAT00032,P002,,2024,12,949.0,16844.75,17.75,S,1,21898.17
100,MAT00032,P003,,2023,01,87.0,14911.8,171.4,S,1,19385.34
100,MAT00032,P003,,2023,02,215.0,36851.0,171.4,S,1,47906.3
100,MAT00032,P003,,2023,03,208.0,35651.2,171.4,S,1,46346.56
100,MAT00032,P003,,2023,04,219.0,37536.6,171.4,S,1,48797.58
100,MAT00032,P003,,2023,05,146.0,25024.4,171.4,S,1,32531.72
100,MAT00032,P003,,2023,06,238.0,40793.2,171.4,S,1,53031.16
100,MAT00032,P003,,2023,07,289.0,49534.6,171.4,S,1,64394.98
100,MAT00032,P003,,2023,08,239.0,40964.6,171.4,S,1,53253.98
100,MAT00032,P003,,2023,09,262.0,44906.8,171.4,S,1,58378.84
100,MAT00032,P003,,2023,10,265.0,45421.0,171.4,S,1,59047.3
100,MAT00032,P003,,2023,11,275.0,47135.0,171.4,S,1,61275.5
100,MAT00032,P003,,2023,12,395.0,67703.0,171.4,S,1,88013.9
100,MAT00032,P003,,2024,01,541.0,92727.4,171.4,S,1,120545.62
100,MAT00032,P003,,2024,02,483.0,82786.2,171.4,S,1,107622.06
100,MAT00032,P003,,2024,03,431.0,73873.4,171.4,S,1,96035.42
100,MAT00032,P003,,2024,04,561.0,96155.4,171.4,S,1,125002.02
100,MAT00032,P003,,2024,05,463.0,79358.2,171.4,S,1,103165.66
100,MAT00032,P003,,2024,06,392.0,67188.8,171.4,S,1,87345.44
100,MAT00032,P003,,2024,07,314.0,53819.6,171.4,S,1,69965.48
100,MAT00032,P003,,2024,08,366.0,62732.4,171.4,S,1,81552.12
100,MAT00032,P003,,2024,09,431.0,73873.4,171.4,S,1,96035.42
100,MAT00032,P003,,2024,10,542.0,92898.8,171.4,S,1,120768.44
100,MAT00032,P003,,2024,11,548.0,93927.2,171.4,S,1,122105.36
100,MAT00032,P003,,2024,12,511.0,87585.4,171.4,S,1,113861.02
100,MAT00033,P001,,2023,01,963.0,111862.08,116.16,S,1,145420.7
100,MAT00033,P001,,2023,02,1010.0,117321.6,116.16,S,1,152518.08
100,MAT00033,P001,,2023,03,1083.0,125801.28,116.16,S,1,163541.66
100,MAT00033,P001,,2023,04,988.0,114766.08,116.16,S,1,149195.9
100,MAT00033,P001,,2023,05,1002.0,116392.32,116.16,S,1,151310.02
100,MAT00033,P001,,2023,06,1150.0,133584.0,116.16,S,1,173659.2
100,MAT00033,P001,,2023,07,1258.0,146129.28,116.16,S,1,189968.06
100,MAT00033,P001,,2023,08,1379.0,160184.64,116.16,S,1,208240.03
100,MAT00033,P001,,2023,09,1424.0,165411.84,116.16,S,1,215035.39
100,MAT00033,P001,,2023,10,1345.0,156235.2,116.16,S,1,203105.76
100,MAT00033,P001,,2023,11,1431.0,166224.96,116.16,S,1,216092.45
100,MAT00033,P001,,2023,12,1374.0,159603.84,116.16,S,1,207484.99
100,MAT00033,P001,,2024,01,1388.0,161230.08,116.16,S,1,209599.1
100,MAT00033,P001,,2024,02,1365.0,158558.4,116.16,S,1,206125.92
100,MAT00033,P001,,2024,03,1359.0,157861.44,116.16,S,1,205219.87
100,MAT00033,P001,,2024,04,1409.0,163669.44,116.16,S,1,212770.27
100,MAT00033,P001,,2024,05,1334.0,154957.44,116.16,S,1,201444.67
100,MAT00033,P001,,2024,06,1476.0,171452.16,116.16,S,1,222887.81
100,MAT00033,P001,,2024,07,1512.0,175633.92,116.16,S,1,228324.1
100,MAT00033,P001,,2024,08,1442.0,167502.72,116.16,S,1,217753.54
100,MAT00033,P001,,2024,09,1528.0,177492.48,116.16,S,1,230740.22
100,MAT00033,P001,,2024,10,1441.0,167386.56,116.16,S,1,217602.53
100,MAT00033,P001,,2024,11,1402.0,162856.32,116.16,S,1,211713.22
100,MAT00033,P001,,2024,12,1378.0,160068.48,116.16,S,1,208089.02
100,MAT00033,P002,,2023,01,478.0,55476.68,116.06,S,1,72119.68
100,MAT00033,P002,,2023,02,624.0,72421.44,116.06,S,1,94147.87
100,MAT00033,P002,,2023,03,721.0,83679.26,116.06,S,1,108783.04
100,MAT00033,P002,,2023,04,645.0,74858.7,116.06,S,1,97316.31
100,MAT00033,P002,,2023,05,732.0,84955.92,116.06,S,1,110442.7
100,MAT00033,P002,,2023,06,677.0,78572.62,116.06,S,1,102144.41
100,MAT00033,P002,,2023,07,631.0,73233.86,116.06,S,1,95204.02
100,MAT00033,P002,,2023,08,644.0,74742.64,116.06,S,1,97165.43
100,MAT00033,P002,,2023,09,696.0,80777.76,116.06,S,1,105011.09
100,MAT00033,P002,,2023,10,645.0,74858.7,116.06,S,1,97316.31
100,MAT00033,P002,,2023,11,722.0,83795.32,116.06,S,1,108933.92
100,MAT00033,P002,,2023,12,627.0,72769.62,116.06,S,1,94600.51
100,MAT00033,P002,,2024,01,572.0,66386.32,116.06,S,1,86302.22
100,MAT00033,P002,,2024,02,718.0,83331.08,116.06,S,1,108330.4
100,MAT00033,P002,,2024,03,741.0,86000.46,116.06,S,1,111800.6
100,MAT00033,P002,,2024,04,642.0,74510.52,116.06,S,1,96863.68
100,MAT00033,P002,,2024,05,656.0,76135.36,116.06,S,1,98975.97
100,MAT00033,P002,,2024,06,762.0,88437.72,116.06,S,1,114969.04
100,MAT00033,P002,,2024,07,864.0,100275.84,116.06,S,1,130358.59
100,MAT00033,P002,,2024,08,862.0,100043.72,116.06,S,1,130056.84
100,MAT00033,P002,,2024,09,877.0,101784.62,116.06,S,1,132320.01
100,MAT00033,P002,,2024,10,974.0,113042.44,116.06,S,1,146955.17
100,MAT00033,P002,,2024,11,939.0,108980.34,116.06,S,1,141674.44
100,MAT00033,P002,,2024,12,893.0,103641.58,116.06,S,1,134734.05
100,MAT00033,P003,,2023,01,107.0,23030.68,215.24,S,1,29939.88
100,MAT00033,P003,,2023,02,121.0,26044.04,215.24,S,1,33857.25
100,MAT00033,P003,,2023,03,142.0,30564.08,215.24,S,1,39733.3
100,MAT00033,P003,,2023,04,179.0,38527.96,215.24,S,1,50086.35
100,MAT00033,P003,,2023,05,273.0,58760.52,215.24,S,1,76388.68
100,MAT00033,P003,,2023,06,378.0,81360.72,215.24,S,1,105768.94
100,MAT00033,P003,,2023,07,508.0,109341.92,215.24,S,1,142144.5
100,MAT00033,P003,,2023,08,651.0,140121.24,215.24,S,1,182157.61
100,MAT00033,P003,,2023,09,733.0,157770.92,215.24,S,1,205102.2
100,MAT00033,P003,,2023,10,670.0,144210.8,215.24,S,1,187474.04
100,MAT00033,P003,,2023,11,804.0,173052.96,215.24,S,1,224968.85
100,MAT00033,P003,,2023,12,931.0,200388.44,215.24,S,1,260504.97
100,MAT00033,P003,,2024,01,1066.0,229445.84,215.24,S,1,298279.59
100,MAT00033,P003,,2024,02,1171.0,252046.04,215.24,S,1,327659.85
100,MAT00033,P003,,2024,03,1263.0,271848.12,215.24,S,1,353402.56
100,MAT00033,P003,,2024,04,1190.0,256135.6,215.24,S,1,332976.28
100,MAT00033,P003,,2024,05,1223.0,263238.52,215.24,S,1,342210.08
100,MAT00033,P003,,2024,06,1333.0,286914.92,215.24,S,1,372989.4
100,MAT00033,P003,,2024,07,1282.0,275937.68,215.24,S,1,358718.98
100,MAT00033,P003,,2024,08,1370.0,294878.8,215.24,S,1,383342.44
100,MAT00033,P003,,2024,09,1376.0,296170.24,215.24,S,1,385021.31
100,MAT00033,P003,,2024,10,1411.0,303703.64,215.24,S,1,394814.73
100,MAT00033,P003,,2024,11,1440.0,309945.6,215.24,S,1,402929.28
100,MAT00033,P003,,2024,12,1346.0,289713.04,215.24,S,1,376626.95
100,MAT00034,P001,,2023,01,244.0,69754.72,285.88,S,1,90681.14
100,MAT00034,P001,,2023,02,174.0,49743.12,285.88,S,1,64666.06
100,MAT00034,P001,,2023,03,303.0,86621.64,285.88,S,1,112608.13
100,MAT00034,P001,,2023,04,374.0,106919.12,285.88,S,1,138994.86
100,MAT00034,P001,,2023,05,455.0,130075.4,285.88,S,1,169098.02
100,MAT00034,P001,,2023,06,552.0,157805.76,285.88,S,1,205147.49
100,MAT00034,P001,,2023,07,688.0,196685.44,285.88,S,1,255691.07
100,MAT00034,P001,,2023,08,758.0,216697.04,285.88,S,1,281706.15
100,MAT00034,P001,,2023,09,855.0,244427.4,285.88,S,1,317755.62
100,MAT00034,P001,,2023,10,973.0,278161.24,285.88,S,1,361609.61
100,MAT00034,P001,,2023,11,1093.0,312466.84,285.88,S,1,406206.89
100,MAT00034,P001,,2023,12,1107.0,316469.16,285.88,S,1,411409.91
100,MAT00034,P001,,2024,01,1192.0,340768.96,285.88,S,1,442999.65
100,MAT00034,P001,,2024,02,1214.0,347058.32,285.88,S,1,451175.82
100,MAT00034,P001,,2024,03,1288.0,368213.44,285.88,S,1,478677.47
100,MAT00034,P001,,2024,04,1192.0,340768.96,285.88,S,1,442999.65
100,MAT00034,P001,,2024,05,1120.0,320185.6,285.88,S,1,416241.28
100,MAT00034,P001,,2024,06,1063.0,303890.44,285.88,S,1,395057.57
100,MAT00034,P001,,2024,07,1157.0,330763.16,285.88,S,1,429992.11
100,MAT00034,P001,,2024,08,1269.0,362781.72,285.88,S,1,471616.24
100,MAT00034,P001,,2024,09,1180.0,337338.4,285.88,S,1,438539.92
100,MAT00034,P001,,2024,10,1312.0,375074.56,285.88,S,1,487596.93
100,MAT00034,P001,,2024,11,1227.0,350774.76,285.88,S,1,456007.19
100,MAT00034,P001,,2024,12,1316.0,376218.08,285.88,S,1,489083.5
100,MAT00034,P002,,2023,01,173.0,44488.68,257.16,S,1,57835.28
100,MAT00034,P002,,2023,02,188.0,48346.08,257.16,S,1,62849.9
100,MAT00034,P002,,2023,03,204.0,52460.64,257.16,S,1,68198.83
100,MAT00034,P002,,2023,04,338.0,86920.08,257.16,S,1,112996.1
100,MAT00034,P002,,2023,05,477.0,122665.32,257.16,S,1,159464.92
100,MAT00034,P002,,2023,06,419.0,107750.04,257.16,S,1,140075.05
100,MAT00034,P002,,2023,07,331.0,85119.96,257.16,S,1,110655.95
100,MAT00034,P002,,2023,08,247.0,63518.52,257.16,S,1,82574.08
100,MAT00034,P002,,2023,09,373.0,95920.68,257.16,S,1,124696.88
100,MAT00034,P002,,2023,10,284.0,73033.44,257.16,S,1,94943.47
100,MAT00034,P002,,2023,11,390.0,100292.4,257.16,S,1,130380.12
100,MAT00034,P002,,2023,12,341.0,87691.56,257.16,S,1,113999.03
100,MAT00034,P002,,2024,01,336.0,86405.76,257.16,S,1,112327.49
100,MAT00034,P002,,2024,02,476.0,122408.16,257.16,S,1,159130.61
100,MAT00034,P002,,2024,03,544.0,139895.04,257.16,S,1,181863.55
100,MAT00034,P002,,2024,04,620.0,159439.2,257.16,S,1,207270.96
100,MAT00034,P002,,2024,05,578.0,148638.48,257.16,S,1,193230.02
100,MAT00034,P002,,2024,06,629.0,161753.64,257.16,S,1,210279.73
100,MAT00034,P002,,2024,07,663.0,170497.08,257.16,S,1,221646.2
100,MAT00034,P002,,2024,08,723.0,185926.68,257.16,S,1,241704.68
100,MAT00034,P002,,2024,09,737.0,189526.92,257.16,S,1,246385.0
100,MAT00034,P002,,2024,10,786.0,202127.76,257.16,S,1,262766.09
100,MAT00034,P002,,2024,11,730.0,187726.8,257.16,S,1,244044.84
100,MAT00034,P002,,2024,12,677.0,174097.32,257.16,S,1,226326.52
100,MAT00034,P003,,2023,01,773.0,116359.69,150.53,S,1,151267.6
100,MAT00034,P003,,2023,02,701.0,105521.53,150.53,S,1,137177.99
100,MAT00034,P003,,2023,03,657.0,98898.21,150.53,S,1,128567.67
100,MAT00034,P003,,2023,04,616.0,92726.48,150.53,S,1,120544.42
100,MAT00034,P003,,2023,05,532.0,80081.96,150.53,S,1,104106.55
100,MAT00034,P003,,2023,06,576.0,86705.28,150.53,S,1,112716.86
100,MAT00034,P003,,2023,07,517.0,77824.01,150.53,S,1,101171.21
100,MAT00034,P003,,2023,08,465.0,69996.45,150.53,S,1,90995.38
100,MAT00034,P003,,2023,09,472.0,71050.16,150.53,S,1,92365.21
100,MAT00034,P003,,2023,10,402.0,60513.06,150.53,S,1,78666.98
100,MAT00034,P003,,2023,11,522.0,78576.66,150.53,S,1,102149.66
100,MAT00034,P003,,2023,12,464.0,69845.92,150.53,S,1,90799.7
100,MAT00034,P003,,2024,01,495.0,74512.35,150.53,S,1,96866.06
100,MAT00034,P003,,2024,02,410.0,61717.3,150.53,S,1,80232.49
100,MAT00034,P003,,2024,03,546.0,82189.38,150.53,S,1,106846.19
100,MAT00034,P003,,2024,04,614.0,92425.42,150.53,S,1,120153.05
100,MAT00034,P003,,2024,05,756.0,113800.68,150.53,S,1,147940.88
100,MAT00034,P003,,2024,06,659.0,99199.27,150.53,S,1,128959.05
100,MAT00034,P003,,2024,07,559.0,84146.27,150.53,S,1,109390.15
100,MAT00034,P003,,2024,08,505.0,76017.65,150.53,S,1,98822.94
100,MAT00034,P003,,2024,09,425.0,63975.25,150.53,S,1,83167.82
100,MAT00034,P003,,2024,10,529.0,79630.37,150.53,S,1,103519.48
100,MAT00034,P003,,2024,11,649.0,97693.97,150.53,S,1,127002.16
100,MAT00034,P003,,2024,12,628.0,94532.84,150.53,S,1,122892.69
100,MAT00035,P001,,2023,01,898.0,74408.28,82.86,S,1,96730.76
100,MAT00035,P001,,2023,02,1041.0,86257.26,82.86,S,1,112134.44
100,MAT00035,P001,,2023,03,1135.0,94046.1,82.86,S,1,122259.93
100,MAT00035,P001,,2023,04,1111.0,92057.46,82.86,S,1,119674.7
100,MAT00035,P001,,2023,05,1248.0,103409.28,82.86,S,1,134432.06
100,MAT00035,P001,,2023,06,1281.0,106143.66,82.86,S,1,137986.76
100,MAT00035,P001,,2023,07,1374.0,113849.64,82.86,S,1,148004.53
100,MAT00035,P001,,2023,08,1403.0,116252.58,82.86,S,1,151128.35
100,MAT00035,P001,,2023,09,1447.0,119898.42,82.86,S,1,155867.95
100,MAT00035,P001,,2023,10,1566.0,129758.76,82.86,S,1,168686.39
100,MAT00035,P001,,2023,11,1631.0,135144.66,82.86,S,1,175688.06
100,MAT00035,P001,,2023,12,1548.0,128267.28,82.86,S,1,166747.46
100,MAT00035,P001,,2024,01,1473.0,122052.78,82.86,S,1,158668.61
100,MAT00035,P001,,2024,02,1610.0,133404.6,82.86,S,1,173425.98
100,MAT00035,P001,,2024,03,1738.0,144010.68,82.86,S,1,187213.88
100,MAT00035,P001,,2024,04,1818.0,150639.48,82.86,S,1,195831.32
100,MAT00035,P001,,2024,05,1743.0,144424.98,82.86,S,1,187752.47
100,MAT00035,P001,,2024,06,1796.0,148816.56,82.86,S,1,193461.53
100,MAT00035,P001,,2024,07,1840.0,152462.4,82.86,S,1,198201.12
100,MAT00035,P001,,2024,08,1852.0,153456.72,82.86,S,1,199493.74
100,MAT00035,P001,,2024,09,1857.0,153871.02,82.86,S,1,200032.33
100,MAT00035,P001,,2024,10,1896.0,157102.56,82.86,S,1,204233.33
100,MAT00035,P001,,2024,11,2041.0,169117.26,82.86,S,1,219852.44
100,MAT00035,P001,,2024,12,2077.0,172100.22,82.86,S,1,223730.29
100,MAT00035,P002,,2023,01,322.0,65720.2,204.1,S,1,85436.26
100,MAT00035,P002,,2023,02,427.0,87150.7,204.1,S,1,113295.91
100,MAT00035,P002,,2023,03,427.0,87150.7,204.1,S,1,113295.91
100,MAT00035,P002,,2023,04,369.0,75312.9,204.1,S,1,97906.77
100,MAT00035,P002,,2023,05,464.0,94702.4,204.1,S,1,123113.12
100,MAT00035,P002,,2023,06,453.0,92457.3,204.1,S,1,120194.49
100,MAT00035,P002,,2023,07,601.0,122664.1,204.1,S,1,159463.33
100,MAT00035,P002,,2023,08,726.0,148176.6,204.1,S,1,192629.58
100,MAT00035,P002,,2023,09,873.0,178179.3,204.1,S,1,231633.09
100,MAT00035,P002,,2023,10,982.0,200426.2,204.1,S,1,260554.06
100,MAT00035,P002,,2023,11,1003.0,204712.3,204.1,S,1,266125.99
100,MAT00035,P002,,2023,12,1144.0,233490.4,204.1,S,1,303537.52
100,MAT00035,P002,,2024,01,1074.0,219203.4,204.1,S,1,284964.42
100,MAT00035,P002,,2024,02,1179.0,240633.9,204.1,S,1,312824.07
100,MAT00035,P002,,2024,03,1163.0,237368.3,204.1,S,1,308578.79
100,MAT00035,P002,,2024,04,1235.0,252063.5,204.1,S,1,327682.55
100,MAT00035,P002,,2024,05,1257.0,256553.7,204.1,S,1,333519.81
100,MAT00035,P002,,2024,06,1298.0,264921.8,204.1,S,1,344398.34
100,MAT00035,P002,,2024,07,1357.0,276963.7,204.1,S,1,360052.81
100,MAT00035,P002,,2024,08,1385.0,282678.5,204.1,S,1,367482.05
100,MAT00035,P002,,2024,09,1388.0,283290.8,204.1,S,1,368278.04
100,MAT00035,P002,,2024,10,1418.0,289413.8,204.1,S,1,376237.94
100,MAT00035,P002,,2024,11,1513.0,308803.3,204.1,S,1,401444.29
100,MAT00035,P002,,2024,12,1544.0,315130.4,204.1,S,1,409669.52
100,MAT00035,P003,,2023,01,1107.0,239875.83,216.69,S,1,311838.58
100,MAT00035,P003,,2023,02,1244.0,269562.36,216.69,S,1,350431.07
100,MAT00035,P003,,2023,03,1328.0,287764.32,216.69,S,1,374093.62
100,MAT00035,P003,,2023,04,1304.0,282563.76,216.69,S,1,367332.89
100,MAT00035,P003,,2023,05,1262.0,273462.78,216.69,S,1,355501.61
100,MAT00035,P003,,2023,06,1227.0,265878.63,216.69,S,1,345642.22
100,MAT00035,P003,,2023,07,1212.0,262628.28,216.69,S,1,341416.76
100,MAT00035,P003,,2023,08,1298.0,281263.62,216.69,S,1,365642.71
100,MAT00035,P003,,2023,09,1425.0,308783.25,216.69,S,1,401418.23
100,MAT00035,P003,,2023,10,1571.0,340419.99,216.69,S,1,442545.99
100,MAT00035,P003,,2023,11,1581.0,342586.89,216.69,S,1,445362.96
100,MAT00035,P003,,2023,12,1704.0,369239.76,216.69,S,1,480011.69
100,MAT00035,P003,,2024,01,1851.0,401093.19,216.69,S,1,521421.15
100,MAT00035,P003,,2024,02,1833.0,397192.77,216.69,S,1,516350.6
100,MAT00035,P003,,2024,03,1764.0,382241.16,216.69,S,1,496913.51
100,MAT00035,P003,,2024,04,1768.0,383107.92,216.69,S,1,498040.3
100,MAT00035,P003,,2024,05,1676.0,363172.44,216.69,S,1,472124.17
100,MAT00035,P003,,2024,06,1660.0,359705.4,216.69,S,1,467617.02
100,MAT00035,P003,,2024,07,1570.0,340203.3,216.69,S,1,442264.29
100,MAT00035,P003,,2024,08,1633.0,353854.77,216.69,S,1,460011.2
100,MAT00035,P003,,2024,09,1712.0,370973.28,216.69,S,1,482265.26
100,MAT00035,P003,,2024,10,1827.0,395892.63,216.69,S,1,514660.42
100,MAT00035,P003,,2024,11,1939.0,420161.91,216.69,S,1,546210.48
100,MAT00035,P003,,2024,12,1924.0,416911.56,216.69,S,1,541985.03
100,MAT00036,P001,,2023,01,631.0,29051.24,46.04,S,1,37766.61
100,MAT00036,P001,,2023,02,759.0,34944.36,46.04,S,1,45427.67
100,MAT00036,P001,,2023,03,770.0,35450.8,46.04,S,1,46086.04
100,MAT00036,P001,,2023,04,901.0,41482.04,46.04,S,1,53926.65
100,MAT00036,P001,,2023,05,803.0,36970.12,46.04,S,1,48061.16
100,MAT00036,P001,,2023,06,769.0,35404.76,46.04,S,1,46026.19
100,MAT00036,P001,,2023,07,676.0,31123.04,46.04,S,1,40459.95
100,MAT00036,P001,,2023,08,684.0,31491.36,46.04,S,1,40938.77
100,MAT00036,P001,,2023,09,680.0,31307.2,46.04,S,1,40699.36
100,MAT00036,P001,,2023,10,686.0,31583.44,46.04,S,1,41058.47
100,MAT00036,P001,,2023,11,734.0,33793.36,46.04,S,1,43931.37
100,MAT00036,P001,,2023,12,663.0,30524.52,46.04,S,1,39681.88
100,MAT00036,P001,,2024,01,636.0,29281.44,46.04,S,1,38065.87
100,MAT00036,P001,,2024,02,751.0,34576.04,46.04,S,1,44948.85
100,MAT00036,P001,,2024,03,737.0,33931.48,46.04,S,1,44110.92
100,MAT00036,P001,,2024,04,767.0,35312.68,46.04,S,1,45906.48
100,MAT00036,P001,,2024,05,901.0,41482.04,46.04,S,1,53926.65
100,MAT00036,P001,,2024,06,826.0,38029.04,46.04,S,1,49437.75
100,MAT00036,P001,,2024,07,805.0,37062.2,46.04,S,1,48180.86
100,MAT00036,P001,,2024,08,759.0,34944.36,46.04,S,1,45427.67
100,MAT00036,P001,,2024,09,718.0,33056.72,46.04,S,1,42973.74
100,MAT00036,P001,,2024,10,671.0,30892.84,46.04,S,1,40160.69
100,MAT00036,P001,,2024,11,756.0,34806.24,46.04,S,1,45248.11
100,MAT00036,P001,,2024,12,657.0,30248.28,46.04,S,1,39322.76
100,MAT00036,P002,,2023,01,210.0,14469.0,68.9,S,1,18809.7
100,MAT00036,P002,,2023,02,191.0,13159.9,68.9,S,1,17107.87
100,MAT00036,P002,,2023,03,146.0,10059.4,68.9,S,1,13077.22
100,MAT00036,P002,,2023,04,141.0,9714.9,68.9,S,1,12629.37
100,MAT00036,P002,,2023,05,117.0,8061.3,68.9,S,1,10479.69
100,MAT00036,P002,,2023,06,97.0,6683.3,68.9,S,1,8688.29
100,MAT00036,P002,,2023,07,57.0,3927.3,68.9,S,1,5105.49
100,MAT00036,P002,,2023,08,170.0,11713.0,68.9,S,1,15226.9
100,MAT00036,P002,,2023,09,80.0,5512.0,68.9,S,1,7165.6
100,MAT00036,P002,,2023,10,222.0,15295.8,68.9,S,1,19884.54
100,MAT00036,P002,,2023,11,124.0,8543.6,68.9,S,1,11106.68
100,MAT00036,P002,,2023,12,130.0,8957.0,68.9,S,1,11644.1
100,MAT00036,P002,,2024,01,190.0,13091.0,68.9,S,1,17018.3
100,MAT00036,P002,,2024,02,204.0,14055.6,68.9,S,1,18272.28
100,MAT00036,P002,,2024,03,233.0,16053.7,68.9,S,1,20869.81
100,MAT00036,P002,,2024,04,370.0,25493.0,68.9,S,1,33140.9
100,MAT00036,P002,,2024,05,518.0,35690.2,68.9,S,1,46397.26
100,MAT00036,P002,,2024,06,560.0,38584.0,68.9,S,1,50159.2
100,MAT00036,P002,,2024,07,700.0,48230.0,68.9,S,1,62699.0
100,MAT00036,P002,,2024,08,688.0,47403.2,68.9,S,1,61624.16
100,MAT00036,P002,,2024,09,611.0,42097.9,68.9,S,1,54727.27
100,MAT00036,P002,,2024,10,521.0,35896.9,68.9,S,1,46665.97
100,MAT00036,P002,,2024,11,485.0,33416.5,68.9,S,1,43441.45
100,MAT00036,P002,,2024,12,478.0,32934.2,68.9,S,1,42814.46
100,MAT00036,P003,,2023,01,763.0,138469.24,181.48,S,1,180010.01
100,MAT00036,P003,,2023,02,904.0,164057.92,181.48,S,1,213275.3
100,MAT00036,P003,,2023,03,898.0,162969.04,181.48,S,1,211859.75
100,MAT00036,P003,,2023,04,800.0,145184.0,181.48,S,1,188739.2
100,MAT00036,P003,,2023,05,935.0,169683.8,181.48,S,1,220588.94
100,MAT00036,P003,,2023,06,864.0,156798.72,181.48,S,1,203838.34
100,MAT00036,P003,,2023,07,928.0,168413.44,181.48,S,1,218937.47
100,MAT00036,P003,,2023,08,952.0,172768.96,181.48,S,1,224599.65
100,MAT00036,P003,,2023,09,990.0,179665.2,181.48,S,1,233564.76
100,MAT00036,P003,,2023,10,1031.0,187105.88,181.48,S,1,243237.64
100,MAT00036,P003,,2023,11,1158.0,210153.84,181.48,S,1,273199.99
100,MAT00036,P003,,2023,12,1252.0,227212.96,181.48,S,1,295376.85
100,MAT00036,P003,,2024,01,1207.0,219046.36,181.48,S,1,284760.27
100,MAT00036,P003,,2024,02,1210.0,219590.8,181.48,S,1,285468.04
100,MAT00036,P003,,2024,03,1317.0,239009.16,181.48,S,1,310711.91
100,MAT00036,P003,,2024,04,1252.0,227212.96,181.48,S,1,295376.85
100,MAT00036,P003,,2024,05,1310.0,237738.8,181.48,S,1,309060.44
100,MAT00036,P003,,2024,06,1304.0,236649.92,181.48,S,1,307644.9
100,MAT00036,P003,,2024,07,1246.0,226124.08,181.48,S,1,293961.3
100,MAT00036,P003,,2024,08,1204.0,218501.92,181.48,S,1,284052.5
100,MAT00036,P003,,2024,09,1257.0,228120.36,181.48,S,1,296556.47
100,MAT00036,P003,,2024,10,1274.0,231205.52,181.48,S,1,300567.18
100,MAT00036,P003,,2024,11,1322.0,239916.56,181.48,S,1,311891.53
100,MAT00036,P003,,2024,12,1402.0,254434.96,181.48,S,1,330765.45
