MANDT,MBLNR,MJAHR,VGART,BLART,BLAUM,BLDAT,BUDAT,CPUDT,CPUTM,USNAM,TCODE,XBLNR,BKTXT
100,4900000000,2023,WE,WE,,2023-07-16,2023-07-16,2023-07-16,16:45:00,WHOUSE01,MIGO,REF-4900000000,
100,4900000001,2023,UML,WA,,2023-12-03,2023-12-03,2023-12-03,08:58:00,WHOUSE01,MIGO,REF-4900000001,
100,4900000002,2024,UML,WA,,2024-03-31,2024-03-31,2024-03-31,12:59:00,WHOUSE01,MIGO,REF-4900000002,
100,4900000003,2024,UML,WA,,2024-08-19,2024-08-19,2024-08-19,14:25:00,WHOUSE01,MIGO,REF-4900000003,
100,4900000004,2023,UML,WA,,2023-01-14,2023-01-14,2023-01-14,07:47:00,WHOUSE02,MIGO,REF-4900000004,
100,4900000005,2023,WE,WE,,2023-05-01,2023-05-01,2023-05-01,17:30:00,WHOUSE01,MIGO,REF-4900000005,
100,4900000006,2024,WE,WE,,2024-06-27,2024-06-27,2024-06-27,13:36:00,WHOUSE01,MIGO,REF-4900000006,
100,4900000007,2023,WA,WA,,2023-05-30,2023-05-30,2023-05-30,07:15:00,WHOUSE01,MIGO,REF-4900000007,
100,4900000008,2023,UML,WA,,2023-04-27,2023-04-27,2023-04-27,09:15:00,WHOUSE02,MIGO,REF-4900000008,
100,4900000009,2023,WE,WE,,2023-03-30,2023-03-30,2023-03-30,17:32:00,WHOUSE02,MIGO,REF-4900000009,
100,4900000010,2024,WE,WE,,2024-05-16,2024-05-16,2024-05-16,13:18:00,WHOUSE02,MIGO,REF-4900000010,
100,4900000011,2023,WE,WE,,2023-07-13,2023-07-13,2023-07-13,07:05:00,WHOUSE01,MIGO,REF-4900000011,
100,4900000012,2024,WE,WE,,2024-11-26,2024-11-26,2024-11-26,11:29:00,WHOUSE02,MIGO,REF-4900000012,
100,4900000013,2023,WE,WE,,2023-07-18,2023-07-18,2023-07-18,11:55:00,WHOUSE01,MIGO,REF-4900000013,
100,4900000014,2023,WA,WA,,2023-11-19,2023-11-19,2023-11-19,17:30:00,WHOUSE02,MIGO,REF-4900000014,
100,4900000015,2023,WE,WE,,2023-09-19,2023-09-19,2023-09-19,11:59:00,WHOUSE01,MIGO,REF-4900000015,
100,4900000016,2023,WE,WE,,2023-05-29,2023-05-29,2023-05-29,16:39:00,WHOUSE01,MIGO,REF-4900000016,
100,4900000017,2024,WE,WE,,2024-08-23,2024-08-23,2024-08-23,17:21:00,WHOUSE01,MIGO,REF-4900000017,
100,4900000018,2023,WE,WE,,2023-03-30,2023-03-30,2023-03-30,17:39:00,WHOUSE01,MIGO,REF-4900000018,
100,4900000019,2023,WE,WE,,2023-06-02,2023-06-02,2023-06-02,13:00:00,WHOUSE01,MIGO,REF-4900000019,
100,4900000020,2023,WE,WE,,2023-05-10,2023-05-10,2023-05-10,11:40:00,WHOUSE01,MIGO,REF-4900000020,
100,4900000021,2023,WE,WE,,2023-03-13,2023-03-13,2023-03-13,08:11:00,WHOUSE02,MIGO,REF-4900000021,
100,4900000022,2023,WE,WE,,2023-11-29,2023-11-29,2023-11-29,13:47:00,WHOUSE01,MIGO,REF-4900000022,
100,4900000023,2023,WA,WA,,2023-08-05,2023-08-05,2023-08-05,17:42:00,WHOUSE02,MIGO,REF-4900000023,
100,4900000024,2024,WE,WE,,2024-10-21,2024-10-21,2024-10-21,11:22:00,WHOUSE01,MIGO,REF-4900000024,
100,4900000025,2024,WE,WE,,2024-11-17,2024-11-17,2024-11-17,14:15:00,WHOUSE01,MIGO,REF-4900000025,
100,4900000026,2023,WE,WE,,2023-10-13,2023-10-13,2023-10-13,13:33:00,WHOUSE02,MIGO,REF-4900000026,
100,4900000027,2023,UML,WA,,2023-04-15,2023-04-15,2023-04-15,14:31:00,WHOUSE02,MIGO,REF-4900000027,
100,4900000028,2024,WE,WE,,2024-01-31,2024-01-31,2024-01-31,16:19:00,WHOUSE02,MIGO,REF-4900000028,
100,4900000029,2024,WE,WE,,2024-11-27,2024-11-27,2024-11-27,12:42:00,WHOUSE02,MIGO,REF-4900000029,
100,4900000030,2023,WA,WA,,2023-07-30,2023-07-30,2023-07-30,16:31:00,WHOUSE01,MIGO,REF-4900000030,
100,4900000031,2023,WE,WE,,2023-12-05,2023-12-05,2023-12-05,12:31:00,WHOUSE02,MIGO,REF-4900000031,
100,4900000032,2024,UML,WA,,2024-05-10,2024-05-10,2024-05-10,07:03:00,WHOUSE01,MIGO,REF-4900000032,
100,4900000033,2024,UML,WA,,2024-01-10,2024-01-10,2024-01-10,15:05:00,WHOUSE02,MIGO,REF-4900000033,
100,4900000034,2024,WE,WE,,2024-07-12,2024-07-12,2024-07-12,09:59:00,WHOUSE02,MIGO,REF-4900000034,
100,4900000035,2023,WA,WA,,2023-04-18,2023-04-18,2023-04-18,11:59:00,WHOUSE01,MIGO,REF-4900000035,
100,4900000036,2024,WE,WE,,2024-06-18,2024-06-18,2024-06-18,10:26:00,WHOUSE02,MIGO,REF-4900000036,
100,4900000037,2023,UML,WA,,2023-06-27,2023-06-27,2023-06-27,14:54:00,WHOUSE01,MIGO,REF-4900000037,
100,4900000038,2024,WE,WE,,2024-12-24,2024-12-24,2024-12-24,13:13:00,WHOUSE02,MIGO,REF-4900000038,
100,4900000039,2023,WA,WA,,2023-11-13,2023-11-13,2023-11-13,10:40:00,WHOUSE02,MIGO,REF-4900000039,
100,4900000040,2024,WE,WE,,2024-07-10,2024-07-10,2024-07-10,07:07:00,WHOUSE01,MIGO,REF-4900000040,
100,4900000041,2024,WE,WE,,2024-03-06,2024-03-06,2024-03-06,17:52:00,WHOUSE01,MIGO,REF-4900000041,
100,4900000042,2023,WA,WA,,2023-03-18,2023-03-18,2023-03-18,17:18:00,WHOUSE02,MIGO,REF-4900000042,
100,4900000043,2023,WA,WA,,2023-11-09,2023-11-09,2023-11-09,10:59:00,WHOUSE01,MIGO,REF-4900000043,
100,4900000044,2024,WE,WE,,2024-05-28,2024-05-28,2024-05-28,13:59:00,WHOUSE01,MIGO,REF-4900000044,
100,4900000045,2023,WE,WE,,2023-11-14,2023-11-14,2023-11-14,09:37:00,WHOUSE01,MIGO,REF-4900000045,
100,4900000046,2024,WE,WE,,2024-05-12,2024-05-12,2024-05-12,13:23:00,WHOUSE02,MIGO,REF-4900000046,
100,4900000047,2023,WE,WE,,2023-01-21,2023-01-21,2023-01-21,11:58:00,WHOUSE01,MIGO,REF-4900000047,
100,4900000048,2024,WE,WE,,2024-01-14,2024-01-14,2024-01-14,13:48:00,WHOUSE01,MIGO,REF-4900000048,
100,4900000049,2024,WE,WE,,2024-03-23,2024-03-23,2024-03-23,08:05:00,WHOUSE02,MIGO,REF-4900000049,
100,4900000050,2023,WE,WE,,2023-12-13,2023-12-13,2023-12-13,09:21:00,WHOUSE01,MIGO,REF-4900000050,
100,4900000051,2023,WE,WE,,2023-12-28,2023-12-28,2023-12-28,09:27:00,WHOUSE02,MIGO,REF-4900000051,
100,4900000052,2023,WE,WE,,2023-07-11,2023-07-11,2023-07-11,15:37:00,WHOUSE02,MIGO,REF-4900000052,
100,4900000053,2024,WE,WE,,2024-08-28,2024-08-28,2024-08-28,13:07:00,WHOUSE01,MIGO,REF-4900000053,
100,4900000054,2024,WE,WE,,2024-12-07,2024-12-07,2024-12-07,07:41:00,WHOUSE01,MIGO,REF-4900000054,
100,4900000055,2024,WE,WE,,2024-04-28,2024-04-28,2024-04-28,16:19:00,WHOUSE01,MIGO,REF-4900000055,
100,4900000056,2023,WE,WE,,2023-01-17,2023-01-17,2023-01-17,14:07:00,WHOUSE02,MIGO,REF-4900000056,
100,4900000057,2024,WA,WA,,2024-01-27,2024-01-27,2024-01-27,08:07:00,WHOUSE02,MIGO,REF-4900000057,
100,4900000058,2024,WE,WE,,2024-08-29,2024-08-29,2024-08-29,12:19:00,WHOUSE01,MIGO,REF-4900000058,
100,4900000059,2024,UML,WA,,2024-03-27,2024-03-27,2024-03-27,11:06:00,WHOUSE01,MIGO,REF-4900000059,
100,4900000060,2023,WE,WE,,2023-11-23,2023-11-23,2023-11-23,16:15:00,WHOUSE02,MIGO,REF-4900000060,
100,4900000061,2024,WE,WE,,2024-01-25,2024-01-25,2024-01-25,14:11:00,WHOUSE02,MIGO,REF-4900000061,
100,4900000062,2024,WE,WE,,2024-07-07,2024-07-07,2024-07-07,15:28:00,WHOUSE01,MIGO,REF-4900000062,
100,4900000063,2024,WE,WE,,2024-09-20,2024-09-20,2024-09-20,10:17:00,WHOUSE02,MIGO,REF-4900000063,
100,4900000064,2024,WE,WE,,2024-08-11,2024-08-11,2024-08-11,17:18:00,WHOUSE02,MIGO,REF-4900000064,
100,4900000065,2024,WE,WE,,2024-03-14,2024-03-14,2024-03-14,09:45:00,WHOUSE01,MIGO,REF-4900000065,
100,4900000066,2023,WA,WA,,2023-08-24,2023-08-24,2023-08-24,13:21:00,WHOUSE01,MIGO,REF-4900000066,
100,4900000067,2024,WA,WA,,2024-08-31,2024-08-31,2024-08-31,13:00:00,WHOUSE02,MIGO,REF-4900000067,
100,4900000068,2024,UML,WA,,2024-08-16,2024-08-16,2024-08-16,15:47:00,WHOUSE02,MIGO,REF-4900000068,
100,4900000069,2024,WE,WE,,2024-06-05,2024-06-05,2024-06-05,10:51:00,WHOUSE02,MIGO,REF-4900000069,
100,4900000070,2024,WE,WE,,2024-12-07,2024-12-07,2024-12-07,10:09:00,WHOUSE01,MIGO,REF-4900000070,
100,4900000071,2023,WE,WE,,2023-06-14,2023-06-14,2023-06-14,16:17:00,WHOUSE02,MIGO,REF-4900000071,
100,4900000072,2023,UML,WA,,2023-12-29,2023-12-29,2023-12-29,15:09:00,WHOUSE02,MIGO,REF-4900000072,
100,4900000073,2023,WE,WE,,2023-01-24,2023-01-24,2023-01-24,13:05:00,WHOUSE02,MIGO,REF-4900000073,
100,4900000074,2024,WE,WE,,2024-07-19,2024-07-19,2024-07-19,10:00:00,WHOUSE01,MIGO,REF-4900000074,
100,4900000075,2024,WA,WA,,2024-11-23,2024-11-23,2024-11-23,17:34:00,WHOUSE02,MIGO,REF-4900000075,
100,4900000076,2024,WE,WE,,2024-04-15,2024-04-15,2024-04-15,10:18:00,WHOUSE01,MIGO,REF-4900000076,
100,4900000077,2023,WA,WA,,2023-02-02,2023-02-02,2023-02-02,17:56:00,WHOUSE01,MIGO,REF-4900000077,
100,4900000078,2023,WE,WE,,2023-08-02,2023-08-02,2023-08-02,11:24:00,WHOUSE02,MIGO,REF-4900000078,
100,4900000079,2023,WE,WE,,2023-05-08,2023-05-08,2023-05-08,12:40:00,WHOUSE02,MIGO,REF-4900000079,
100,4900000080,2024,WE,WE,,2024-06-03,2024-06-03,2024-06-03,08:13:00,WHOUSE01,MIGO,REF-4900000080,
100,4900000081,2024,UML,WA,,2024-06-25,2024-06-25,2024-06-25,07:53:00,WHOUSE01,MIGO,REF-4900000081,
100,4900000082,2023,WE,WE,,2023-03-26,2023-03-26,2023-03-26,10:25:00,WHOUSE02,MIGO,REF-4900000082,
100,4900000083,2023,UML,WA,,2023-12-08,2023-12-08,2023-12-08,16:25:00,WHOUSE01,MIGO,REF-4900000083,
100,4900000084,2024,WE,WE,,2024-04-11,2024-04-11,2024-04-11,11:23:00,WHOUSE01,MIGO,REF-4900000084,
100,4900000085,2024,WA,WA,,2024-08-20,2024-08-20,2024-08-20,09:52:00,WHOUSE02,MIGO,REF-4900000085,
100,4900000086,2023,WE,WE,,2023-12-27,2023-12-27,2023-12-27,12:51:00,WHOUSE01,MIGO,REF-4900000086,
100,4900000087,2023,WE,WE,,2023-02-02,2023-02-02,2023-02-02,07:00:00,WHOUSE02,MIGO,REF-4900000087,
100,4900000088,2023,WE,WE,,2023-10-17,2023-10-17,2023-10-17,11:23:00,WHOUSE01,MIGO,REF-4900000088,
100,4900000089,2024,WE,WE,,2024-07-09,2024-07-09,2024-07-09,09:01:00,WHOUSE02,MIGO,REF-4900000089,
100,4900000090,2023,WE,WE,,2023-03-13,2023-03-13,2023-03-13,09:06:00,WHOUSE02,MIGO,REF-4900000090,
100,4900000091,2024,UML,WA,,2024-12-21,2024-12-21,2024-12-21,12:18:00,WHOUSE02,MIGO,REF-4900000091,
100,4900000092,2023,WE,WE,,2023-10-14,2023-10-14,2023-10-14,17:15:00,WHOUSE01,MIGO,REF-4900000092,
100,4900000093,2023,UML,WA,,2023-09-25,2023-09-25,2023-09-25,09:57:00,WHOUSE01,MIGO,REF-4900000093,
100,4900000094,2024,WE,WE,,2024-05-19,2024-05-19,2024-05-19,09:25:00,WHOUSE01,MIGO,REF-4900000094,
100,4900000095,2023,WE,WE,,2023-09-26,2023-09-26,2023-09-26,14:15:00,WHOUSE01,MIGO,REF-4900000095,
100,4900000096,2024,UML,WA,,2024-03-07,2024-03-07,2024-03-07,15:16:00,WHOUSE01,MIGO,REF-4900000096,
100,4900000097,2024,WA,WA,,2024-03-03,2024-03-03,2024-03-03,09:52:00,WHOUSE01,MIGO,REF-4900000097,
100,4900000098,2023,WE,WE,,2023-10-19,2023-10-19,2023-10-19,11:02:00,WHOUSE01,MIGO,REF-4900000098,
100,4900000099,2024,WE,WE,,2024-04-17,2024-04-17,2024-04-17,15:29:00,WHOUSE01,MIGO,REF-4900000099,
100,4900000100,2023,WE,WE,,2023-05-02,2023-05-02,2023-05-02,16:49:00,WHOUSE02,MIGO,REF-4900000100,
100,4900000101,2024,WE,WE,,2024-07-30,2024-07-30,2024-07-30,08:21:00,WHOUSE02,MIGO,REF-4900000101,
100,4900000102,2023,WE,WE,,2023-02-07,2023-02-07,2023-02-07,08:01:00,WHOUSE02,MIGO,REF-4900000102,
100,4900000103,2024,WE,WE,,2024-07-16,2024-07-16,2024-07-16,11:39:00,WHOUSE01,MIGO,REF-4900000103,
100,4900000104,2024,WE,WE,,2024-06-11,2024-06-11,2024-06-11,07:06:00,WHOUSE02,MIGO,REF-4900000104,
100,4900000105,2023,WE,WE,,2023-01-17,2023-01-17,2023-01-17,09:44:00,WHOUSE01,MIGO,REF-4900000105,
100,4900000106,2024,WE,WE,,2024-02-02,2024-02-02,2024-02-02,13:10:00,WHOUSE01,MIGO,REF-4900000106,
100,4900000107,2023,UML,WA,,2023-01-30,2023-01-30,2023-01-30,16:36:00,WHOUSE02,MIGO,REF-4900000107,
100,4900000108,2023,WE,WE,,2023-05-30,2023-05-30,2023-05-30,17:12:00,WHOUSE01,MIGO,REF-4900000108,
100,4900000109,2024,WE,WE,,2024-11-02,2024-11-02,2024-11-02,11:13:00,WHOUSE01,MIGO,REF-4900000109,
100,4900000110,2024,WE,WE,,2024-08-23,2024-08-23,2024-08-23,15:51:00,WHOUSE01,MIGO,REF-4900000110,
100,4900000111,2024,WE,WE,,2024-03-13,2024-03-13,2024-03-13,17:09:00,WHOUSE01,MIGO,REF-4900000111,
100,4900000112,2023,WE,WE,,2023-02-23,2023-02-23,2023-02-23,12:52:00,WHOUSE02,MIGO,REF-4900000112,
100,4900000113,2023,WA,WA,,2023-07-21,2023-07-21,2023-07-21,12:18:00,WHOUSE02,MIGO,REF-4900000113,
100,4900000114,2024,WA,WA,,2024-10-04,2024-10-04,2024-10-04,10:10:00,WHOUSE01,MIGO,REF-4900000114,
100,4900000115,2024,WA,WA,,2024-08-19,2024-08-19,2024-08-19,12:10:00,WHOUSE02,MIGO,REF-4900000115,
100,4900000116,2023,WE,WE,,2023-09-25,2023-09-25,2023-09-25,09:58:00,WHOUSE01,MIGO,REF-4900000116,
100,4900000117,2023,UML,WA,,2023-10-11,2023-10-11,2023-10-11,15:43:00,WHOUSE02,MIGO,REF-4900000117,
100,4900000118,2023,WE,WE,,2023-12-19,2023-12-19,2023-12-19,14:30:00,WHOUSE02,MIGO,REF-4900000118,
100,4900000119,2023,WE,WE,,2023-07-26,2023-07-26,2023-07-26,15:41:00,WHOUSE02,MIGO,REF-4900000119,
100,4900000120,2024,UML,WA,,2024-01-14,2024-01-14,2024-01-14,14:15:00,WHOUSE02,MIGO,REF-4900000120,
100,4900000121,2024,WE,WE,,2024-04-23,2024-04-23,2024-04-23,13:09:00,WHOUSE01,MIGO,REF-4900000121,
100,4900000122,2024,WE,WE,,2024-06-25,2024-06-25,2024-06-25,07:57:00,WHOUSE02,MIGO,REF-4900000122,
100,4900000123,2023,WE,WE,,2023-11-23,2023-11-23,2023-11-23,12:37:00,WHOUSE02,MIGO,REF-4900000123,
100,4900000124,2023,WA,WA,,2023-04-02,2023-04-02,2023-04-02,08:29:00,WHOUSE02,MIGO,REF-4900000124,
100,4900000125,2023,WE,WE,,2023-01-29,2023-01-29,2023-01-29,07:29:00,WHOUSE01,MIGO,REF-4900000125,
100,4900000126,2023,WE,WE,,2023-04-02,2023-04-02,2023-04-02,15:45:00,WHOUSE02,MIGO,REF-4900000126,
100,4900000127,2024,WE,WE,,2024-07-21,2024-07-21,2024-07-21,11:29:00,WHOUSE02,MIGO,REF-4900000127,
100,4900000128,2024,UML,WA,,2024-03-01,2024-03-01,2024-03-01,11:20:00,WHOUSE02,MIGO,REF-4900000128,
100,4900000129,2023,WA,WA,,2023-07-12,2023-07-12,2023-07-12,08:43:00,WHOUSE02,MIGO,REF-4900000129,
100,4900000130,2023,WE,WE,,2023-10-15,2023-10-15,2023-10-15,15:12:00,WHOUSE02,MIGO,REF-4900000130,
100,4900000131,2024,WE,WE,,2024-05-16,2024-05-16,2024-05-16,07:54:00,WHOUSE02,MIGO,REF-4900000131,
100,4900000132,2023,WE,WE,,2023-05-26,2023-05-26,2023-05-26,09:24:00,WHOUSE01,MIGO,REF-4900000132,
100,4900000133,2024,WE,WE,,2024-02-26,2024-02-26,2024-02-26,11:30:00,WHOUSE01,MIGO,REF-4900000133,
100,4900000134,2023,WE,WE,,2023-09-23,2023-09-23,2023-09-23,13:51:00,WHOUSE02,MIGO,REF-4900000134,
100,4900000135,2023,WE,WE,,2023-01-10,2023-01-10,2023-01-10,11:21:00,WHOUSE01,MIGO,REF-4900000135,
100,4900000136,2024,WA,WA,,2024-07-23,2024-07-23,2024-07-23,13:19:00,WHOUSE01,MIGO,REF-4900000136,
100,4900000137,2023,WE,WE,,2023-01-28,2023-01-28,2023-01-28,13:02:00,WHOUSE01,MIGO,REF-4900000137,
100,4900000138,2023,WA,WA,,2023-12-12,2023-12-12,2023-12-12,11:46:00,WHOUSE01,MIGO,REF-4900000138,
100,4900000139,2023,WE,WE,,2023-09-27,2023-09-27,2023-09-27,09:44:00,WHOUSE01,MIGO,REF-4900000139,
100,4900000140,2024,WA,WA,,2024-09-12,2024-09-12,2024-09-12,14:10:00,WHOUSE01,MIGO,REF-4900000140,
100,4900000141,2023,WE,WE,,2023-10-02,2023-10-02,2023-10-02,15:20:00,WHOUSE02,MIGO,REF-4900000141,
100,4900000142,2024,WE,WE,,2024-09-29,2024-09-29,2024-09-29,08:31:00,WHOUSE02,MIGO,REF-4900000142,
100,4900000143,2024,WE,WE,,2024-04-15,2024-04-15,2024-04-15,08:25:00,WHOUSE02,MIGO,REF-4900000143,
100,4900000144,2023,WE,WE,,2023-07-09,2023-07-09,2023-07-09,16:49:00,WHOUSE01,MIGO,REF-4900000144,
100,4900000145,2024,WA,WA,,2024-07-25,2024-07-25,2024-07-25,10:25:00,WHOUSE01,MIGO,REF-4900000145,
100,4900000146,2024,WE,WE,,2024-02-03,2024-02-03,2024-02-03,10:31:00,WHOUSE01,MIGO,REF-4900000146,
100,4900000147,2023,WE,WE,,2023-06-30,2023-06-30,2023-06-30,10:47:00,WHOUSE01,MIGO,REF-4900000147,
100,4900000148,2023,WE,WE,,2023-11-25,2023-11-25,2023-11-25,07:11:00,WHOUSE02,MIGO,REF-4900000148,
100,4900000149,2023,WE,WE,,2023-12-23,2023-12-23,2023-12-23,15:52:00,WHOUSE02,MIGO,REF-4900000149,
100,4900000150,2023,WE,WE,,2023-01-30,2023-01-30,2023-01-30,15:52:00,WHOUSE01,MIGO,REF-4900000150,
100,4900000151,2024,WE,WE,,2024-08-26,2024-08-26,2024-08-26,09:04:00,WHOUSE01,MIGO,REF-4900000151,
100,4900000152,2024,WE,WE,,2024-01-10,2024-01-10,2024-01-10,17:49:00,WHOUSE01,MIGO,REF-4900000152,
100,4900000153,2024,WE,WE,,2024-01-21,2024-01-21,2024-01-21,11:50:00,WHOUSE01,MIGO,REF-4900000153,
100,4900000154,2024,WE,WE,,2024-12-15,2024-12-15,2024-12-15,13:56:00,WHOUSE01,MIGO,REF-4900000154,
100,4900000155,2024,WE,WE,,2024-01-19,2024-01-19,2024-01-19,10:34:00,WHOUSE02,MIGO,REF-4900000155,
100,4900000156,2023,WE,WE,,2023-03-21,2023-03-21,2023-03-21,07:04:00,WHOUSE02,MIGO,REF-4900000156,
100,4900000157,2023,WE,WE,,2023-12-29,2023-12-29,2023-12-29,09:40:00,WHOUSE02,MIGO,REF-4900000157,
100,4900000158,2024,WE,WE,,2024-03-17,2024-03-17,2024-03-17,11:19:00,WHOUSE01,MIGO,REF-4900000158,
100,4900000159,2023,WE,WE,,2023-03-12,2023-03-12,2023-03-12,13:46:00,WHOUSE02,MIGO,REF-4900000159,
100,4900000160,2024,WA,WA,,2024-10-08,2024-10-08,2024-10-08,16:40:00,WHOUSE01,MIGO,REF-4900000160,
100,4900000161,2024,WE,WE,,2024-01-03,2024-01-03,2024-01-03,16:19:00,WHOUSE01,MIGO,REF-4900000161,
100,4900000162,2023,UML,WA,,2023-06-18,2023-06-18,2023-06-18,16:12:00,WHOUSE01,MIGO,REF-4900000162,
100,4900000163,2024,WE,WE,,2024-04-08,2024-04-08,2024-04-08,14:28:00,WHOUSE02,MIGO,REF-4900000163,
100,4900000164,2024,WE,WE,,2024-10-30,2024-10-30,2024-10-30,17:58:00,WHOUSE01,MIGO,REF-4900000164,
100,4900000165,2023,WA,WA,,2023-10-04,2023-10-04,2023-10-04,09:32:00,WHOUSE01,MIGO,REF-4900000165,
100,4900000166,2023,WE,WE,,2023-04-15,2023-04-15,2023-04-15,14:06:00,WHOUSE02,MIGO,REF-4900000166,
100,4900000167,2024,UML,WA,,2024-08-02,2024-08-02,2024-08-02,08:08:00,WHOUSE02,MIGO,REF-4900000167,
100,4900000168,2024,WE,WE,,2024-03-17,2024-03-17,2024-03-17,09:30:00,WHOUSE02,MIGO,REF-4900000168,
100,4900000169,2023,WA,WA,,2023-09-30,2023-09-30,2023-09-30,13:27:00,WHOUSE02,MIGO,REF-4900000169,
100,4900000170,2023,UML,WA,,2023-09-20,2023-09-20,2023-09-20,16:09:00,WHOUSE01,MIGO,REF-4900000170,
100,4900000171,2023,WA,WA,,2023-09-24,2023-09-24,2023-09-24,09:46:00,WHOUSE01,MIGO,REF-4900000171,
100,4900000172,2023,WE,WE,,2023-11-09,2023-11-09,2023-11-09,07:03:00,WHOUSE01,MIGO,REF-4900000172,
100,4900000173,2024,WE,WE,,2024-10-06,2024-10-06,2024-10-06,09:25:00,WHOUSE02,MIGO,REF-4900000173,
100,4900000174,2024,WE,WE,,2024-10-13,2024-10-13,2024-10-13,10:49:00,WHOUSE01,MIGO,REF-4900000174,
100,4900000175,2024,UML,WA,,2024-03-04,2024-03-04,2024-03-04,16:41:00,WHOUSE02,MIGO,REF-4900000175,
100,4900000176,2024,WA,WA,,2024-01-08,2024-01-08,2024-01-08,10:07:00,WHOUSE02,MIGO,REF-4900000176,
100,4900000177,2023,WE,WE,,2023-09-17,2023-09-17,2023-09-17,13:11:00,WHOUSE01,MIGO,REF-4900000177,
100,4900000178,2023,WE,WE,,2023-09-04,2023-09-04,2023-09-04,11:30:00,WHOUSE02,MIGO,REF-4900000178,
100,4900000179,2023,UML,WA,,2023-12-27,2023-12-27,2023-12-27,07:09:00,WHOUSE02,MIGO,REF-4900000179,
100,4900000180,2023,WE,WE,,2023-04-09,2023-04-09,2023-04-09,14:42:00,WHOUSE01,MIGO,REF-4900000180,
100,4900000181,2023,WE,WE,,2023-07-01,2023-07-01,2023-07-01,13:35:00,WHOUSE02,MIGO,REF-4900000181,
100,4900000182,2023,WE,WE,,2023-12-16,2023-12-16,2023-12-16,11:51:00,WHOUSE01,MIGO,REF-4900000182,
100,4900000183,2024,WE,WE,,2024-12-01,2024-12-01,2024-12-01,16:29:00,WHOUSE02,MIGO,REF-4900000183,
100,4900000184,2024,WE,WE,,2024-12-25,2024-12-25,2024-12-25,11:48:00,WHOUSE01,MIGO,REF-4900000184,
100,4900000185,2023,WE,WE,,2023-01-26,2023-01-26,2023-01-26,14:13:00,WHOUSE01,MIGO,REF-4900000185,
100,4900000186,2024,WE,WE,,2024-10-08,2024-10-08,2024-10-08,11:22:00,WHOUSE01,MIGO,REF-4900000186,
100,4900000187,2023,WE,WE,,2023-02-28,2023-02-28,2023-02-28,16:13:00,WHOUSE02,MIGO,REF-4900000187,
100,4900000188,2023,UML,WA,,2023-12-19,2023-12-19,2023-12-19,11:56:00,WHOUSE02,MIGO,REF-4900000188,
100,4900000189,2024,WE,WE,,2024-03-07,2024-03-07,2024-03-07,10:10:00,WHOUSE01,MIGO,REF-4900000189,
100,4900000190,2024,UML,WA,,2024-03-14,2024-03-14,2024-03-14,16:19:00,WHOUSE01,MIGO,REF-4900000190,
100,4900000191,2023,WE,WE,,2023-09-04,2023-09-04,2023-09-04,09:36:00,WHOUSE01,MIGO,REF-4900000191,
100,4900000192,2023,UML,WA,,2023-09-11,2023-09-11,2023-09-11,14:48:00,WHOUSE01,MIGO,REF-4900000192,
100,4900000193,2024,WE,WE,,2024-01-25,2024-01-25,2024-01-25,17:27:00,WHOUSE01,MIGO,REF-4900000193,
100,4900000194,2023,WE,WE,,2023-12-30,2023-12-30,2023-12-30,17:04:00,WHOUSE01,MIGO,REF-4900000194,
100,4900000195,2023,WE,WE,,2023-02-27,2023-02-27,2023-02-27,17:14:00,WHOUSE02,MIGO,REF-4900000195,
100,4900000196,2023,WE,WE,,2023-02-05,2023-02-05,2023-02-05,13:51:00,WHOUSE02,MIGO,REF-4900000196,
100,4900000197,2023,WE,WE,,2023-06-14,2023-06-14,2023-06-14,17:54:00,WHOUSE01,MIGO,REF-4900000197,
100,4900000198,2023,WE,WE,,2023-05-22,2023-05-22,2023-05-22,07:57:00,WHOUSE02,MIGO,REF-4900000198,
100,4900000199,2023,WA,WA,,2023-06-03,2023-06-03,2023-06-03,11:25:00,WHOUSE01,MIGO,REF-4900000199,
100,4900000200,2024,WE,WE,,2024-07-18,2024-07-18,2024-07-18,07:14:00,WHOUSE02,MIGO,REF-4900000200,
100,4900000201,2023,WE,WE,,2023-05-16,2023-05-16,2023-05-16,15:23:00,WHOUSE02,MIGO,REF-4900000201,
100,4900000202,2024,WE,WE,,2024-06-07,2024-06-07,2024-06-07,17:03:00,WHOUSE01,MIGO,REF-4900000202,
100,4900000203,2023,WE,WE,,2023-08-22,2023-08-22,2023-08-22,14:17:00,WHOUSE01,MIGO,REF-4900000203,
100,4900000204,2023,WA,WA,,2023-10-04,2023-10-04,2023-10-04,08:22:00,WHOUSE02,MIGO,REF-4900000204,
100,4900000205,2024,WE,WE,,2024-08-30,2024-08-30,2024-08-30,10:05:00,WHOUSE01,MIGO,REF-4900000205,
100,4900000206,2023,WA,WA,,2023-04-28,2023-04-28,2023-04-28,17:24:00,WHOUSE01,MIGO,REF-4900000206,
100,4900000207,2023,WE,WE,,2023-05-04,2023-05-04,2023-05-04,15:56:00,WHOUSE02,MIGO,REF-4900000207,
100,4900000208,2023,WE,WE,,2023-11-06,2023-11-06,2023-11-06,17:52:00,WHOUSE01,MIGO,REF-4900000208,
100,4900000209,2023,WE,WE,,2023-09-16,2023-09-16,2023-09-16,12:49:00,WHOUSE01,MIGO,REF-4900000209,
100,4900000210,2024,WE,WE,,2024-03-23,2024-03-23,2024-03-23,07:53:00,WHOUSE02,MIGO,REF-4900000210,
100,4900000211,2023,WE,WE,,2023-08-07,2023-08-07,2023-08-07,15:43:00,WHOUSE01,MIGO,REF-4900000211,
100,4900000212,2024,WA,WA,,2024-08-01,2024-08-01,2024-08-01,11:00:00,WHOUSE01,MIGO,REF-4900000212,
100,4900000213,2024,WE,WE,,2024-12-23,2024-12-23,2024-12-23,17:21:00,WHOUSE02,MIGO,REF-4900000213,
100,4900000214,2023,UML,WA,,2023-11-01,2023-11-01,2023-11-01,11:56:00,WHOUSE02,MIGO,REF-4900000214,
100,4900000215,2023,WE,WE,,2023-01-20,2023-01-20,2023-01-20,15:20:00,WHOUSE02,MIGO,REF-4900000215,
100,4900000216,2024,WA,WA,,2024-02-02,2024-02-02,2024-02-02,14:47:00,WHOUSE02,MIGO,REF-4900000216,
100,4900000217,2023,UML,WA,,2023-09-06,2023-09-06,2023-09-06,17:09:00,WHOUSE02,MIGO,REF-4900000217,
100,4900000218,2024,UML,WA,,2024-12-08,2024-12-08,2024-12-08,12:31:00,WHOUSE02,MIGO,REF-4900000218,
100,4900000219,2023,WE,WE,,2023-12-26,2023-12-26,2023-12-26,09:34:00,WHOUSE02,MIGO,REF-4900000219,
100,4900000220,2023,WE,WE,,2023-02-03,2023-02-03,2023-02-03,10:31:00,WHOUSE02,MIGO,REF-4900000220,
100,4900000221,2024,WA,WA,,2024-01-10,2024-01-10,2024-01-10,08:36:00,WHOUSE01,MIGO,REF-4900000221,
100,4900000222,2024,WE,WE,,2024-06-11,2024-06-11,2024-06-11,17:32:00,WHOUSE01,MIGO,REF-4900000222,
100,4900000223,2023,WE,WE,,2023-03-11,2023-03-11,2023-03-11,10:23:00,WHOUSE01,MIGO,REF-4900000223,
100,4900000224,2023,UML,WA,,2023-10-23,2023-10-23,2023-10-23,07:38:00,WHOUSE02,MIGO,REF-4900000224,
100,4900000225,2024,WE,WE,,2024-02-23,2024-02-23,2024-02-23,10:34:00,WHOUSE01,MIGO,REF-4900000225,
100,4900000226,2024,WE,WE,,2024-11-23,2024-11-23,2024-11-23,16:12:00,WHOUSE02,MIGO,REF-4900000226,
100,4900000227,2023,WE,WE,,2023-03-10,2023-03-10,2023-03-10,17:10:00,WHOUSE02,MIGO,REF-4900000227,
100,4900000228,2023,WA,WA,,2023-08-09,2023-08-09,2023-08-09,13:14:00,WHOUSE01,MIGO,REF-4900000228,
100,4900000229,2024,WE,WE,,2024-01-16,2024-01-16,2024-01-16,07:34:00,WHOUSE02,MIGO,REF-4900000229,
100,4900000230,2024,WE,WE,,2024-01-22,2024-01-22,2024-01-22,10:15:00,WHOUSE02,MIGO,REF-4900000230,
100,4900000231,2023,WE,WE,,2023-01-23,2023-01-23,2023-01-23,14:37:00,WHOUSE01,MIGO,REF-4900000231,
100,4900000232,2023,UML,WA,,2023-08-14,2023-08-14,2023-08-14,09:45:00,WHOUSE01,MIGO,REF-4900000232,
100,4900000233,2023,UML,WA,,2023-07-05,2023-07-05,2023-07-05,16:21:00,WHOUSE02,MIGO,REF-4900000233,
100,4900000234,2023,WE,WE,,2023-10-18,2023-10-18,2023-10-18,07:06:00,WHOUSE02,MIGO,REF-4900000234,
100,4900000235,2023,WE,WE,,2023-09-11,2023-09-11,2023-09-11,08:34:00,WHOUSE02,MIGO,REF-4900000235,
100,4900000236,2023,WE,WE,,2023-06-02,2023-06-02,2023-06-02,17:41:00,WHOUSE02,MIGO,REF-4900000236,
100,4900000237,2024,WE,WE,,2024-09-15,2024-09-15,2024-09-15,13:13:00,WHOUSE01,MIGO,REF-4900000237,
100,4900000238,2023,WE,WE,,2023-07-18,2023-07-18,2023-07-18,15:51:00,WHOUSE02,MIGO,REF-4900000238,
100,4900000239,2023,WE,WE,,2023-09-23,2023-09-23,2023-09-23,09:48:00,WHOUSE01,MIGO,REF-4900000239,
100,4900000240,2023,UML,WA,,2023-04-23,2023-04-23,2023-04-23,13:11:00,WHOUSE02,MIGO,REF-4900000240,
100,4900000241,2024,WE,WE,,2024-10-25,2024-10-25,2024-10-25,09:47:00,WHOUSE02,MIGO,REF-4900000241,
100,4900000242,2023,WA,WA,,2023-01-10,2023-01-10,2023-01-10,12:04:00,WHOUSE01,MIGO,REF-4900000242,
100,4900000243,2024,WE,WE,,2024-12-14,2024-12-14,2024-12-14,09:56:00,WHOUSE02,MIGO,REF-4900000243,
100,4900000244,2023,WA,WA,,2023-02-15,2023-02-15,2023-02-15,11:07:00,WHOUSE02,MIGO,REF-4900000244,
100,4900000245,2024,WE,WE,,2024-11-18,2024-11-18,2024-11-18,12:57:00,WHOUSE01,MIGO,REF-4900000245,
100,4900000246,2024,WE,WE,,2024-06-18,2024-06-18,2024-06-18,13:54:00,WHOUSE01,MIGO,REF-4900000246,
100,4900000247,2023,WE,WE,,2023-01-17,2023-01-17,2023-01-17,16:03:00,WHOUSE02,MIGO,REF-4900000247,
100,4900000248,2023,WE,WE,,2023-10-01,2023-10-01,2023-10-01,13:43:00,WHOUSE02,MIGO,REF-4900000248,
100,4900000249,2024,WE,WE,,2024-01-22,2024-01-22,2024-01-22,12:08:00,WHOUSE01,MIGO,REF-4900000249,
100,4900000250,2023,UML,WA,,2023-10-19,2023-10-19,2023-10-19,10:46:00,WHOUSE01,MIGO,REF-4900000250,
100,4900000251,2024,WE,WE,,2024-01-31,2024-01-31,2024-01-31,16:31:00,WHOUSE01,MIGO,REF-4900000251,
100,4900000252,2024,WA,WA,,2024-07-13,2024-07-13,2024-07-13,11:40:00,WHOUSE02,MIGO,REF-4900000252,
100,4900000253,2024,WE,WE,,2024-09-11,2024-09-11,2024-09-11,16:02:00,WHOUSE02,MIGO,REF-4900000253,
100,4900000254,2024,WE,WE,,2024-06-17,2024-06-17,2024-06-17,07:09:00,WHOUSE01,MIGO,REF-4900000254,
100,4900000255,2024,WE,WE,,2024-10-10,2024-10-10,2024-10-10,09:58:00,WHOUSE01,MIGO,REF-4900000255,
100,4900000256,2023,WE,WE,,2023-01-09,2023-01-09,2023-01-09,10:06:00,WHOUSE02,MIGO,REF-4900000256,
100,4900000257,2024,WE,WE,,2024-05-27,2024-05-27,2024-05-27,14:34:00,WHOUSE01,MIGO,REF-4900000257,
100,4900000258,2024,WE,WE,,2024-07-25,2024-07-25,2024-07-25,10:57:00,WHOUSE01,MIGO,REF-4900000258,
100,4900000259,2023,WE,WE,,2023-07-09,2023-07-09,2023-07-09,15:45:00,WHOUSE01,MIGO,REF-4900000259,
100,4900000260,2023,WE,WE,,2023-05-19,2023-05-19,2023-05-19,16:14:00,WHOUSE02,MIGO,REF-4900000260,
100,4900000261,2024,WE,WE,,2024-06-04,2024-06-04,2024-06-04,11:34:00,WHOUSE02,MIGO,REF-4900000261,
100,4900000262,2023,UML,WA,,2023-11-23,2023-11-23,2023-11-23,08:01:00,WHOUSE02,MIGO,REF-4900000262,
100,4900000263,2023,UML,WA,,2023-05-26,2023-05-26,2023-05-26,13:39:00,WHOUSE02,MIGO,REF-4900000263,
100,4900000264,2024,WA,WA,,2024-10-12,2024-10-12,2024-10-12,16:08:00,WHOUSE01,MIGO,REF-4900000264,
100,4900000265,2023,WE,WE,,2023-02-09,2023-02-09,2023-02-09,16:13:00,WHOUSE02,MIGO,REF-4900000265,
100,4900000266,2023,UML,WA,,2023-09-28,2023-09-28,2023-09-28,10:32:00,WHOUSE02,MIGO,REF-4900000266,
100,4900000267,2024,WE,WE,,2024-11-05,2024-11-05,2024-11-05,16:35:00,WHOUSE02,MIGO,REF-4900000267,
100,4900000268,2023,WE,WE,,2023-11-15,2023-11-15,2023-11-15,11:16:00,WHOUSE01,MIGO,REF-4900000268,
100,4900000269,2023,WE,WE,,2023-07-07,2023-07-07,2023-07-07,15:29:00,WHOUSE01,MIGO,REF-4900000269,
100,4900000270,2024,WE,WE,,2024-12-26,2024-12-26,2024-12-26,14:13:00,WHOUSE02,MIGO,REF-4900000270,
100,4900000271,2023,UML,WA,,2023-04-28,2023-04-28,2023-04-28,14:42:00,WHOUSE01,MIGO,REF-4900000271,
100,4900000272,2024,WE,WE,,2024-03-03,2024-03-03,2024-03-03,10:09:00,WHOUSE01,MIGO,REF-4900000272,
100,4900000273,2024,UML,WA,,2024-04-10,2024-04-10,2024-04-10,10:33:00,WHOUSE01,MIGO,REF-4900000273,
100,4900000274,2024,WE,WE,,2024-08-29,2024-08-29,2024-08-29,14:59:00,WHOUSE01,MIGO,REF-4900000274,
100,4900000275,2024,WA,WA,,2024-12-28,2024-12-28,2024-12-28,15:09:00,WHOUSE02,MIGO,REF-4900000275,
100,4900000276,2023,UML,WA,,2023-09-09,2023-09-09,2023-09-09,11:09:00,WHOUSE02,MIGO,REF-4900000276,
100,4900000277,2024,WE,WE,,2024-03-01,2024-03-01,2024-03-01,12:06:00,WHOUSE02,MIGO,REF-4900000277,
100,4900000278,2023,WE,WE,,2023-09-04,2023-09-04,2023-09-04,12:27:00,WHOUSE02,MIGO,REF-4900000278,
100,4900000279,2024,WE,WE,,2024-02-21,2024-02-21,2024-02-21,17:51:00,WHOUSE02,MIGO,REF-4900000279,
100,4900000280,2024,WA,WA,,2024-06-23,2024-06-23,2024-06-23,07:09:00,WHOUSE01,MIGO,REF-4900000280,
100,4900000281,2023,WE,WE,,2023-09-24,2023-09-24,2023-09-24,16:43:00,WHOUSE02,MIGO,REF-4900000281,
100,4900000282,2023,WA,WA,,2023-06-15,2023-06-15,2023-06-15,07:22:00,WHOUSE01,MIGO,REF-4900000282,
100,4900000283,2023,WE,WE,,2023-12-05,2023-12-05,2023-12-05,15:32:00,WHOUSE01,MIGO,REF-4900000283,
100,4900000284,2023,UML,WA,,2023-08-01,2023-08-01,2023-08-01,12:53:00,WHOUSE02,MIGO,REF-4900000284,
100,4900000285,2024,WA,WA,,2024-08-01,2024-08-01,2024-08-01,14:17:00,WHOUSE02,MIGO,REF-4900000285,
100,4900000286,2024,WE,WE,,2024-09-19,2024-09-19,2024-09-19,10:23:00,WHOUSE02,MIGO,REF-4900000286,
100,4900000287,2024,WE,WE,,2024-02-07,2024-02-07,2024-02-07,16:22:00,WHOUSE01,MIGO,REF-4900000287,
100,4900000288,2024,WE,WE,,2024-11-26,2024-11-26,2024-11-26,07:36:00,WHOUSE02,MIGO,REF-4900000288,
100,4900000289,2023,WE,WE,,2023-09-08,2023-09-08,2023-09-08,17:28:00,WHOUSE01,MIGO,REF-4900000289,
100,4900000290,2024,WA,WA,,2024-12-15,2024-12-15,2024-12-15,08:19:00,WHOUSE01,MIGO,REF-4900000290,
100,4900000291,2023,UML,WA,,2023-09-20,2023-09-20,2023-09-20,15:41:00,WHOUSE02,MIGO,REF-4900000291,
100,4900000292,2024,WA,WA,,2024-07-20,2024-07-20,2024-07-20,14:37:00,WHOUSE01,MIGO,REF-4900000292,
100,4900000293,2023,WE,WE,,2023-12-21,2023-12-21,2023-12-21,11:11:00,WHOUSE01,MIGO,REF-4900000293,
100,4900000294,2024,WA,WA,,2024-04-06,2024-04-06,2024-04-06,16:24:00,WHOUSE01,MIGO,REF-4900000294,
100,4900000295,2024,UML,WA,,2024-06-24,2024-06-24,2024-06-24,07:25:00,WHOUSE02,MIGO,REF-4900000295,
100,4900000296,2023,WE,WE,,2023-08-21,2023-08-21,2023-08-21,12:49:00,WHOUSE01,MIGO,REF-4900000296,
100,4900000297,2023,WE,WE,,2023-06-16,2023-06-16,2023-06-16,17:03:00,WHOUSE02,MIGO,REF-4900000297,
100,4900000298,2023,UML,WA,,2023-09-14,2023-09-14,2023-09-14,16:22:00,WHOUSE02,MIGO,REF-4900000298,
100,4900000299,2023,WE,WE,,2023-05-06,2023-05-06,2023-05-06,08:45:00,WHOUSE02,MIGO,REF-4900000299,
100,4900000300,2024,WE,WE,,2024-11-03,2024-11-03,2024-11-03,15:02:00,WHOUSE01,MIGO,REF-4900000300,
100,4900000301,2023,WE,WE,,2023-09-06,2023-09-06,2023-09-06,11:24:00,WHOUSE01,MIGO,REF-4900000301,
100,4900000302,2024,WE,WE,,2024-07-30,2024-07-30,2024-07-30,09:52:00,WHOUSE01,MIGO,REF-4900000302,
100,4900000303,2024,UML,WA,,2024-12-08,2024-12-08,2024-12-08,09:02:00,WHOUSE02,MIGO,REF-4900000303,
100,4900000304,2023,WA,WA,,2023-04-15,2023-04-15,2023-04-15,07:29:00,WHOUSE02,MIGO,REF-4900000304,
100,4900000305,2024,WE,WE,,2024-06-01,2024-06-01,2024-06-01,08:29:00,WHOUSE02,MIGO,REF-4900000305,
100,4900000306,2023,WE,WE,,2023-01-22,2023-01-22,2023-01-22,14:47:00,WHOUSE01,MIGO,REF-4900000306,
100,4900000307,2023,WE,WE,,2023-06-13,2023-06-13,2023-06-13,11:10:00,WHOUSE01,MIGO,REF-4900000307,
100,4900000308,2024,UML,WA,,2024-06-24,2024-06-24,2024-06-24,07:07:00,WHOUSE01,MIGO,REF-4900000308,
100,4900000309,2024,WE,WE,,2024-12-14,2024-12-14,2024-12-14,12:52:00,WHOUSE02,MIGO,REF-4900000309,
100,4900000310,2023,WA,WA,,2023-03-17,2023-03-17,2023-03-17,14:59:00,WHOUSE01,MIGO,REF-4900000310,
100,4900000311,2023,UML,WA,,2023-08-18,2023-08-18,2023-08-18,10:34:00,WHOUSE01,MIGO,REF-4900000311,
100,4900000312,2023,WE,WE,,2023-12-22,2023-12-22,2023-12-22,17:23:00,WHOUSE01,MIGO,REF-4900000312,
100,4900000313,2024,WE,WE,,2024-07-02,2024-07-02,2024-07-02,14:09:00,WHOUSE01,MIGO,REF-4900000313,
100,4900000314,2024,WE,WE,,2024-11-08,2024-11-08,2024-11-08,14:02:00,WHOUSE02,MIGO,REF-4900000314,
100,4900000315,2023,WE,WE,,2023-06-01,2023-06-01,2023-06-01,07:59:00,WHOUSE02,MIGO,REF-4900000315,
100,4900000316,2023,WE,WE,,2023-02-26,2023-02-26,2023-02-26,15:48:00,WHOUSE02,MIGO,REF-4900000316,
100,4900000317,2023,WA,WA,,2023-06-28,2023-06-28,2023-06-28,07:47:00,WHOUSE01,MIGO,REF-4900000317,
100,4900000318,2023,WA,WA,,2023-12-23,2023-12-23,2023-12-23,08:29:00,WHOUSE01,MIGO,REF-4900000318,
100,4900000319,2024,WE,WE,,2024-08-10,2024-08-10,2024-08-10,17:12:00,WHOUSE02,MIGO,REF-4900000319,
100,4900000320,2023,WE,WE,,2023-05-12,2023-05-12,2023-05-12,14:08:00,WHOUSE01,MIGO,REF-4900000320,
100,4900000321,2023,UML,WA,,2023-12-25,2023-12-25,2023-12-25,14:00:00,WHOUSE02,MIGO,REF-4900000321,
100,4900000322,2024,UML,WA,,2024-08-27,2024-08-27,2024-08-27,10:37:00,WHOUSE02,MIGO,REF-4900000322,
100,4900000323,2024,WE,WE,,2024-08-07,2024-08-07,2024-08-07,17:04:00,WHOUSE01,MIGO,REF-4900000323,
100,4900000324,2023,WE,WE,,2023-02-20,2023-02-20,2023-02-20,13:45:00,WHOUSE02,MIGO,REF-4900000324,
100,4900000325,2023,WE,WE,,2023-05-23,2023-05-23,2023-05-23,09:11:00,WHOUSE02,MIGO,REF-4900000325,
100,4900000326,2024,WE,WE,,2024-08-24,2024-08-24,2024-08-24,16:04:00,WHOUSE02,MIGO,REF-4900000326,
100,4900000327,2023,WE,WE,,2023-07-23,2023-07-23,2023-07-23,12:33:00,WHOUSE02,MIGO,REF-4900000327,
100,4900000328,2023,WE,WE,,2023-08-24,2023-08-24,2023-08-24,09:39:00,WHOUSE02,MIGO,REF-4900000328,
100,4900000329,2023,WE,WE,,2023-04-04,2023-04-04,2023-04-04,17:45:00,WHOUSE02,MIGO,REF-4900000329,
100,4900000330,2024,WE,WE,,2024-03-11,2024-03-11,2024-03-11,12:05:00,WHOUSE01,MIGO,REF-4900000330,
100,4900000331,2024,WE,WE,,2024-06-29,2024-06-29,2024-06-29,12:05:00,WHOUSE01,MIGO,REF-4900000331,
100,4900000332,2024,WE,WE,,2024-10-16,2024-10-16,2024-10-16,17:55:00,WHOUSE02,MIGO,REF-4900000332,
100,4900000333,2024,WA,WA,,2024-11-15,2024-11-15,2024-11-15,16:56:00,WHOUSE02,MIGO,REF-4900000333,
100,4900000334,2023,WE,WE,,2023-10-11,2023-10-11,2023-10-11,08:58:00,WHOUSE02,MIGO,REF-4900000334,
100,4900000335,2023,WE,WE,,2023-04-26,2023-04-26,2023-04-26,08:12:00,WHOUSE01,MIGO,REF-4900000335,
100,4900000336,2024,UML,WA,,2024-02-09,2024-02-09,2024-02-09,08:04:00,WHOUSE01,MIGO,REF-4900000336,
100,4900000337,2024,WE,WE,,2024-10-01,2024-10-01,2024-10-01,12:24:00,WHOUSE01,MIGO,REF-4900000337,
100,4900000338,2023,WE,WE,,2023-03-15,2023-03-15,2023-03-15,15:18:00,WHOUSE02,MIGO,REF-4900000338,
100,4900000339,2023,WE,WE,,2023-07-10,2023-07-10,2023-07-10,12:48:00,WHOUSE01,MIGO,REF-4900000339,
100,4900000340,2023,WE,WE,,2023-10-01,2023-10-01,2023-10-01,13:30:00,WHOUSE02,MIGO,REF-4900000340,
100,4900000341,2024,WE,WE,,2024-09-19,2024-09-19,2024-09-19,08:51:00,WHOUSE01,MIGO,REF-4900000341,
100,4900000342,2023,WA,WA,,2023-04-17,2023-04-17,2023-04-17,11:58:00,WHOUSE01,MIGO,REF-4900000342,
100,4900000343,2023,WE,WE,,2023-06-24,2023-06-24,2023-06-24,12:46:00,WHOUSE02,MIGO,REF-4900000343,
100,4900000344,2024,WE,WE,,2024-06-17,2024-06-17,2024-06-17,17:18:00,WHOUSE02,MIGO,REF-4900000344,
100,4900000345,2024,UML,WA,,2024-04-23,2024-04-23,2024-04-23,16:19:00,WHOUSE01,MIGO,REF-4900000345,
100,4900000346,2023,WE,WE,,2023-06-30,2023-06-30,2023-06-30,17:51:00,WHOUSE02,MIGO,REF-4900000346,
100,4900000347,2023,WE,WE,,2023-11-11,2023-11-11,2023-11-11,10:29:00,WHOUSE02,MIGO,REF-4900000347,
100,4900000348,2024,WE,WE,,2024-05-16,2024-05-16,2024-05-16,17:07:00,WHOUSE01,MIGO,REF-4900000348,
100,4900000349,2023,WE,WE,,2023-07-04,2023-07-04,2023-07-04,09:06:00,WHOUSE02,MIGO,REF-4900000349,
100,4900000350,2024,UML,WA,,2024-09-16,2024-09-16,2024-09-16,12:52:00,WHOUSE02,MIGO,REF-4900000350,
100,4900000351,2023,WA,WA,,2023-09-28,2023-09-28,2023-09-28,12:51:00,WHOUSE02,MIGO,REF-4900000351,
100,4900000352,2024,UML,WA,,2024-04-05,2024-04-05,2024-04-05,07:59:00,WHOUSE01,MIGO,REF-4900000352,
100,4900000353,2024,WE,WE,,2024-03-31,2024-03-31,2024-03-31,07:25:00,WHOUSE02,MIGO,REF-4900000353,
100,4900000354,2024,WE,WE,,2024-09-14,2024-09-14,2024-09-14,11:49:00,WHOUSE02,MIGO,REF-4900000354,
100,4900000355,2023,WE,WE,,2023-05-06,2023-05-06,2023-05-06,07:33:00,WHOUSE02,MIGO,REF-4900000355,
100,4900000356,2023,WE,WE,,2023-03-09,2023-03-09,2023-03-09,16:20:00,WHOUSE02,MIGO,REF-4900000356,
100,4900000357,2024,WE,WE,,2024-10-13,2024-10-13,2024-10-13,11:11:00,WHOUSE02,MIGO,REF-4900000357,
100,4900000358,2024,WE,WE,,2024-03-28,2024-03-28,2024-03-28,09:53:00,WHOUSE01,MIGO,REF-4900000358,
100,4900000359,2023,UML,WA,,2023-09-16,2023-09-16,2023-09-16,10:17:00,WHOUSE01,MIGO,REF-4900000359,
100,4900000360,2023,UML,WA,,2023-09-25,2023-09-25,2023-09-25,08:13:00,WHOUSE01,MIGO,REF-4900000360,
100,4900000361,2023,WE,WE,,2023-03-02,2023-03-02,2023-03-02,07:47:00,WHOUSE01,MIGO,REF-4900000361,
100,4900000362,2023,WE,WE,,2023-11-18,2023-11-18,2023-11-18,16:59:00,WHOUSE01,MIGO,REF-4900000362,
100,4900000363,2024,WA,WA,,2024-04-04,2024-04-04,2024-04-04,14:34:00,WHOUSE02,MIGO,REF-4900000363,
100,4900000364,2023,WA,WA,,2023-02-20,2023-02-20,2023-02-20,11:53:00,WHOUSE01,MIGO,REF-4900000364,
100,4900000365,2023,WE,WE,,2023-09-19,2023-09-19,2023-09-19,17:38:00,WHOUSE01,MIGO,REF-4900000365,
100,4900000366,2024,UML,WA,,2024-08-27,2024-08-27,2024-08-27,08:34:00,WHOUSE01,MIGO,REF-4900000366,
100,4900000367,2023,WA,WA,,2023-01-07,2023-01-07,2023-01-07,14:41:00,WHOUSE02,MIGO,REF-4900000367,
100,4900000368,2024,WE,WE,,2024-05-03,2024-05-03,2024-05-03,15:31:00,WHOUSE01,MIGO,REF-4900000368,
100,4900000369,2024,WA,WA,,2024-09-10,2024-09-10,2024-09-10,13:42:00,WHOUSE01,MIGO,REF-4900000369,
100,4900000370,2024,WA,WA,,2024-03-04,2024-03-04,2024-03-04,15:34:00,WHOUSE02,MIGO,REF-4900000370,
100,4900000371,2024,WE,WE,,2024-07-14,2024-07-14,2024-07-14,11:28:00,WHOUSE01,MIGO,REF-4900000371,
100,4900000372,2024,WE,WE,,2024-07-05,2024-07-05,2024-07-05,09:26:00,WHOUSE02,MIGO,REF-4900000372,
100,4900000373,2023,WE,WE,,2023-01-17,2023-01-17,2023-01-17,09:38:00,WHOUSE01,MIGO,REF-4900000373,
100,4900000374,2024,WE,WE,,2024-07-22,2024-07-22,2024-07-22,10:46:00,WHOUSE02,MIGO,REF-4900000374,
100,4900000375,2024,WE,WE,,2024-10-22,2024-10-22,2024-10-22,12:43:00,WHOUSE01,MIGO,REF-4900000375,
100,4900000376,2023,WE,WE,,2023-02-09,2023-02-09,2023-02-09,09:40:00,WHOUSE02,MIGO,REF-4900000376,
100,4900000377,2024,WE,WE,,2024-07-02,2024-07-02,2024-07-02,12:50:00,WHOUSE01,MIGO,REF-4900000377,
100,4900000378,2024,WE,WE,,2024-10-03,2024-10-03,2024-10-03,12:40:00,WHOUSE02,MIGO,REF-4900000378,
100,4900000379,2023,WE,WE,,2023-06-12,2023-06-12,2023-06-12,12:15:00,WHOUSE01,MIGO,REF-4900000379,
100,4900000380,2023,WE,WE,,2023-03-26,2023-03-26,2023-03-26,12:15:00,WHOUSE02,MIGO,REF-4900000380,
100,4900000381,2023,WE,WE,,2023-04-03,2023-04-03,2023-04-03,10:34:00,WHOUSE01,MIGO,REF-4900000381,
100,4900000382,2024,UML,WA,,2024-11-22,2024-11-22,2024-11-22,17:07:00,WHOUSE01,MIGO,REF-4900000382,
100,4900000383,2023,WE,WE,,2023-01-03,2023-01-03,2023-01-03,12:29:00,WHOUSE01,MIGO,REF-4900000383,
100,4900000384,2024,WE,WE,,2024-04-21,2024-04-21,2024-04-21,14:44:00,WHOUSE02,MIGO,REF-4900000384,
100,4900000385,2024,WE,WE,,2024-10-18,2024-10-18,2024-10-18,16:16:00,WHOUSE02,MIGO,REF-4900000385,
100,4900000386,2023,WE,WE,,2023-08-19,2023-08-19,2023-08-19,14:40:00,WHOUSE01,MIGO,REF-4900000386,
100,4900000387,2024,WE,WE,,2024-10-27,2024-10-27,2024-10-27,16:12:00,WHOUSE02,MIGO,REF-4900000387,
100,4900000388,2023,WE,WE,,2023-08-12,2023-08-12,2023-08-12,07:50:00,WHOUSE01,MIGO,REF-4900000388,
100,4900000389,2023,WE,WE,,2023-01-22,2023-01-22,2023-01-22,14:23:00,WHOUSE01,MIGO,REF-4900000389,
100,4900000390,2024,WE,WE,,2024-08-15,2024-08-15,2024-08-15,13:51:00,WHOUSE02,MIGO,REF-4900000390,
100,4900000391,2023,WE,WE,,2023-03-22,2023-03-22,2023-03-22,17:03:00,WHOUSE01,MIGO,REF-4900000391,
100,4900000392,2023,UML,WA,,2023-10-06,2023-10-06,2023-10-06,16:15:00,WHOUSE01,MIGO,REF-4900000392,
100,4900000393,2024,UML,WA,,2024-04-11,2024-04-11,2024-04-11,07:23:00,WHOUSE01,MIGO,REF-4900000393,
100,4900000394,2024,WE,WE,,2024-11-06,2024-11-06,2024-11-06,07:05:00,WHOUSE01,MIGO,REF-4900000394,
100,4900000395,2024,UML,WA,,2024-11-05,2024-11-05,2024-11-05,16:19:00,WHOUSE01,MIGO,REF-4900000395,
100,4900000396,2024,UML,WA,,2024-10-18,2024-10-18,2024-10-18,08:16:00,WHOUSE02,MIGO,REF-4900000396,
100,4900000397,2024,WE,WE,,2024-05-24,2024-05-24,2024-05-24,14:56:00,WHOUSE01,MIGO,REF-4900000397,
100,4900000398,2023,WE,WE,,2023-07-15,2023-07-15,2023-07-15,08:35:00,WHOUSE01,MIGO,REF-4900000398,
100,4900000399,2023,UML,WA,,2023-07-30,2023-07-30,2023-07-30,07:50:00,WHOUSE02,MIGO,REF-4900000399,
100,4900000400,2023,WE,WE,,2023-08-26,2023-08-26,2023-08-26,07:02:00,WHOUSE02,MIGO,REF-4900000400,
100,4900000401,2023,WE,WE,,2023-01-04,2023-01-04,2023-01-04,11:30:00,WHOUSE02,MIGO,REF-4900000401,
100,4900000402,2024,WE,WE,,2024-07-02,2024-07-02,2024-07-02,08:15:00,WHOUSE01,MIGO,REF-4900000402,
100,4900000403,2024,WE,WE,,2024-01-16,2024-01-16,2024-01-16,09:30:00,WHOUSE02,MIGO,REF-4900000403,
100,4900000404,2023,WE,WE,,2023-10-15,2023-10-15,2023-10-15,17:23:00,WHOUSE01,MIGO,REF-4900000404,
100,4900000405,2024,WE,WE,,2024-03-27,2024-03-27,2024-03-27,16:44:00,WHOUSE01,MIGO,REF-4900000405,
100,4900000406,2023,WA,WA,,2023-04-16,2023-04-16,2023-04-16,08:20:00,WHOUSE02,MIGO,REF-4900000406,
100,4900000407,2023,WE,WE,,2023-11-06,2023-11-06,2023-11-06,13:19:00,WHOUSE02,MIGO,REF-4900000407,
100,4900000408,2024,WE,WE,,2024-03-05,2024-03-05,2024-03-05,12:11:00,WHOUSE01,MIGO,REF-4900000408,
100,4900000409,2024,WE,WE,,2024-10-04,2024-10-04,2024-10-04,16:26:00,WHOUSE02,MIGO,REF-4900000409,
100,4900000410,2023,UML,WA,,2023-03-12,2023-03-12,2023-03-12,14:28:00,WHOUSE02,MIGO,REF-4900000410,
100,4900000411,2024,WE,WE,,2024-07-01,2024-07-01,2024-07-01,16:51:00,WHOUSE02,MIGO,REF-4900000411,
100,4900000412,2023,WE,WE,,2023-05-01,2023-05-01,2023-05-01,13:15:00,WHOUSE02,MIGO,REF-4900000412,
100,4900000413,2023,UML,WA,,2023-03-07,2023-03-07,2023-03-07,15:43:00,WHOUSE02,MIGO,REF-4900000413,
100,4900000414,2024,WE,WE,,2024-07-25,2024-07-25,2024-07-25,09:12:00,WHOUSE01,MIGO,REF-4900000414,
100,4900000415,2024,WE,WE,,2024-09-17,2024-09-17,2024-09-17,16:28:00,WHOUSE01,MIGO,REF-4900000415,
100,4900000416,2024,WE,WE,,2024-01-16,2024-01-16,2024-01-16,10:47:00,WHOUSE01,MIGO,REF-4900000416,
100,4900000417,2023,WE,WE,,2023-04-14,2023-04-14,2023-04-14,09:11:00,WHOUSE01,MIGO,REF-4900000417,
100,4900000418,2024,WA,WA,,2024-12-23,2024-12-23,2024-12-23,12:09:00,WHOUSE02,MIGO,REF-4900000418,
100,4900000419,2023,WE,WE,,2023-08-20,2023-08-20,2023-08-20,09:32:00,WHOUSE02,MIGO,REF-4900000419,
100,4900000420,2023,WA,WA,,2023-01-04,2023-01-04,2023-01-04,16:34:00,WHOUSE02,MIGO,REF-4900000420,
100,4900000421,2024,WE,WE,,2024-11-26,2024-11-26,2024-11-26,08:52:00,WHOUSE01,MIGO,REF-4900000421,
100,4900000422,2024,WE,WE,,2024-11-08,2024-11-08,2024-11-08,09:36:00,WHOUSE02,MIGO,REF-4900000422,
100,4900000423,2024,WA,WA,,2024-04-12,2024-04-12,2024-04-12,12:10:00,WHOUSE02,MIGO,REF-4900000423,
100,4900000424,2023,WE,WE,,2023-01-30,2023-01-30,2023-01-30,10:02:00,WHOUSE01,MIGO,REF-4900000424,
100,4900000425,2023,WE,WE,,2023-02-08,2023-02-08,2023-02-08,07:29:00,WHOUSE02,MIGO,REF-4900000425,
100,4900000426,2024,WE,WE,,2024-06-14,2024-06-14,2024-06-14,07:22:00,WHOUSE01,MIGO,REF-4900000426,
100,4900000427,2023,WA,WA,,2023-06-29,2023-06-29,2023-06-29,07:10:00,WHOUSE02,MIGO,REF-4900000427,
100,4900000428,2024,WE,WE,,2024-07-26,2024-07-26,2024-07-26,09:25:00,WHOUSE02,MIGO,REF-4900000428,
100,4900000429,2024,WE,WE,,2024-05-14,2024-05-14,2024-05-14,12:40:00,WHOUSE02,MIGO,REF-4900000429,
100,4900000430,2024,WE,WE,,2024-04-13,2024-04-13,2024-04-13,15:47:00,WHOUSE01,MIGO,REF-4900000430,
100,4900000431,2024,WA,WA,,2024-02-16,2024-02-16,2024-02-16,12:49:00,WHOUSE01,MIGO,REF-4900000431,
100,4900000432,2023,WA,WA,,2023-07-25,2023-07-25,2023-07-25,09:33:00,WHOUSE02,MIGO,REF-4900000432,
100,4900000433,2023,WE,WE,,2023-11-03,2023-11-03,2023-11-03,15:36:00,WHOUSE01,MIGO,REF-4900000433,
100,4900000434,2023,WE,WE,,2023-08-18,2023-08-18,2023-08-18,11:12:00,WHOUSE02,MIGO,REF-4900000434,
100,4900000435,2024,WE,WE,,2024-08-20,2024-08-20,2024-08-20,09:05:00,WHOUSE02,MIGO,REF-4900000435,
100,4900000436,2024,WA,WA,,2024-08-19,2024-08-19,2024-08-19,10:18:00,WHOUSE01,MIGO,REF-4900000436,
100,4900000437,2023,WE,WE,,2023-10-18,2023-10-18,2023-10-18,12:16:00,WHOUSE02,MIGO,REF-4900000437,
100,4900000438,2023,WE,WE,,2023-11-23,2023-11-23,2023-11-23,17:51:00,WHOUSE01,MIGO,REF-4900000438,
100,4900000439,2024,WE,WE,,2024-02-10,2024-02-10,2024-02-10,15:37:00,WHOUSE01,MIGO,REF-4900000439,
100,4900000440,2023,WE,WE,,2023-08-28,2023-08-28,2023-08-28,10:07:00,WHOUSE02,MIGO,REF-4900000440,
100,4900000441,2023,UML,WA,,2023-06-21,2023-06-21,2023-06-21,07:07:00,WHOUSE01,MIGO,REF-4900000441,
100,4900000442,2023,WE,WE,,2023-08-03,2023-08-03,2023-08-03,13:21:00,WHOUSE01,MIGO,REF-4900000442,
100,4900000443,2024,WA,WA,,2024-02-02,2024-02-02,2024-02-02,13:00:00,WHOUSE02,MIGO,REF-4900000443,
100,4900000444,2024,WE,WE,,2024-12-31,2024-12-31,2024-12-31,14:44:00,WHOUSE02,MIGO,REF-4900000444,
100,4900000445,2023,UML,WA,,2023-08-26,2023-08-26,2023-08-26,07:35:00,WHOUSE02,MIGO,REF-4900000445,
100,4900000446,2023,WE,WE,,2023-03-04,2023-03-04,2023-03-04,07:41:00,WHOUSE01,MIGO,REF-4900000446,
100,4900000447,2023,WA,WA,,2023-05-21,2023-05-21,2023-05-21,17:06:00,WHOUSE01,MIGO,REF-4900000447,
100,4900000448,2023,WE,WE,,2023-05-01,2023-05-01,2023-05-01,11:28:00,WHOUSE02,MIGO,REF-4900000448,
100,4900000449,2023,WA,WA,,2023-02-26,2023-02-26,2023-02-26,07:32:00,WHOUSE01,MIGO,REF-4900000449,
100,4900000450,2024,UML,WA,,2024-01-09,2024-01-09,2024-01-09,11:00:00,WHOUSE02,MIGO,REF-4900000450,
100,4900000451,2024,UML,WA,,2024-09-22,2024-09-22,2024-09-22,13:28:00,WHOUSE01,MIGO,REF-4900000451,
100,4900000452,2024,WE,WE,,2024-01-27,2024-01-27,2024-01-27,12:41:00,WHOUSE02,MIGO,REF-4900000452,
100,4900000453,2023,UML,WA,,2023-05-16,2023-05-16,2023-05-16,10:20:00,WHOUSE01,MIGO,REF-4900000453,
100,4900000454,2023,WA,WA,,2023-01-14,2023-01-14,2023-01-14,07:43:00,WHOUSE01,MIGO,REF-4900000454,
100,4900000455,2024,WE,WE,,2024-01-22,2024-01-22,2024-01-22,08:18:00,WHOUSE02,MIGO,REF-4900000455,
100,4900000456,2023,WA,WA,,2023-07-13,2023-07-13,2023-07-13,10:04:00,WHOUSE01,MIGO,REF-4900000456,
100,4900000457,2024,WE,WE,,2024-07-24,2024-07-24,2024-07-24,08:49:00,WHOUSE02,MIGO,REF-4900000457,
100,4900000458,2024,WE,WE,,2024-11-09,2024-11-09,2024-11-09,07:41:00,WHOUSE01,MIGO,REF-4900000458,
100,4900000459,2023,UML,WA,,2023-02-13,2023-02-13,2023-02-13,09:01:00,WHOUSE01,MIGO,REF-4900000459,
100,4900000460,2023,WE,WE,,2023-03-11,2023-03-11,2023-03-11,11:40:00,WHOUSE01,MIGO,REF-4900000460,
100,4900000461,2023,WE,WE,,2023-11-12,2023-11-12,2023-11-12,16:37:00,WHOUSE01,MIGO,REF-4900000461,
100,4900000462,2024,UML,WA,,2024-05-20,2024-05-20,2024-05-20,13:37:00,WHOUSE01,MIGO,REF-4900000462,
100,4900000463,2024,WA,WA,,2024-01-10,2024-01-10,2024-01-10,07:54:00,WHOUSE02,MIGO,REF-4900000463,
100,4900000464,2023,WE,WE,,2023-12-14,2023-12-14,2023-12-14,13:32:00,WHOUSE02,MIGO,REF-4900000464,
100,4900000465,2023,WE,WE,,2023-06-05,2023-06-05,2023-06-05,10:04:00,WHOUSE01,MIGO,REF-4900000465,
100,4900000466,2024,WE,WE,,2024-01-28,2024-01-28,2024-01-28,13:05:00,WHOUSE01,MIGO,REF-4900000466,
100,4900000467,2024,WE,WE,,2024-08-09,2024-08-09,2024-08-09,13:34:00,WHOUSE01,MIGO,REF-4900000467,
100,4900000468,2023,WE,WE,,2023-06-27,2023-06-27,2023-06-27,09:21:00,WHOUSE02,MIGO,REF-4900000468,
100,4900000469,2023,WE,WE,,2023-08-15,2023-08-15,2023-08-15,14:54:00,WHOUSE02,MIGO,REF-4900000469,
100,4900000470,2024,UML,WA,,2024-10-20,2024-10-20,2024-10-20,08:37:00,WHOUSE01,MIGO,REF-4900000470,
100,4900000471,2023,WE,WE,,2023-08-15,2023-08-15,2023-08-15,12:15:00,WHOUSE02,MIGO,REF-4900000471,
100,4900000472,2024,UML,WA,,2024-01-13,2024-01-13,2024-01-13,15:06:00,WHOUSE01,MIGO,REF-4900000472,
100,4900000473,2024,WE,WE,,2024-06-16,2024-06-16,2024-06-16,16:11:00,WHOUSE01,MIGO,REF-4900000473,
100,4900000474,2023,WA,WA,,2023-01-12,2023-01-12,2023-01-12,08:42:00,WHOUSE01,MIGO,REF-4900000474,
100,4900000475,2024,WE,WE,,2024-04-24,2024-04-24,2024-04-24,11:52:00,WHOUSE02,MIGO,REF-4900000475,
100,4900000476,2023,UML,WA,,2023-01-05,2023-01-05,2023-01-05,08:00:00,WHOUSE02,MIGO,REF-4900000476,
100,4900000477,2023,WA,WA,,2023-02-13,2023-02-13,2023-02-13,09:13:00,WHOUSE01,MIGO,REF-4900000477,
100,4900000478,2023,WE,WE,,2023-05-14,2023-05-14,2023-05-14,12:09:00,WHOUSE02,MIGO,REF-4900000478,
100,4900000479,2023,UML,WA,,2023-08-02,2023-08-02,2023-08-02,08:45:00,WHOUSE01,MIGO,REF-4900000479,
100,4900000480,2024,WA,WA,,2024-02-29,2024-02-29,2024-02-29,10:38:00,WHOUSE01,MIGO,REF-4900000480,
100,4900000481,2023,WA,WA,,2023-03-11,2023-03-11,2023-03-11,14:10:00,WHOUSE01,MIGO,REF-4900000481,
100,4900000482,2024,UML,WA,,2024-10-28,2024-10-28,2024-10-28,07:05:00,WHOUSE01,MIGO,REF-4900000482,
100,4900000483,2024,WE,WE,,2024-03-07,2024-03-07,2024-03-07,14:48:00,WHOUSE01,MIGO,REF-4900000483,
100,4900000484,2024,WE,WE,,2024-05-31,2024-05-31,2024-05-31,11:22:00,WHOUSE02,MIGO,REF-4900000484,
100,4900000485,2024,WE,WE,,2024-06-20,2024-06-20,2024-06-20,08:01:00,WHOUSE01,MIGO,REF-4900000485,
100,4900000486,2023,WE,WE,,2023-08-17,2023-08-17,2023-08-17,12:40:00,WHOUSE01,MIGO,REF-4900000486,
100,4900000487,2023,WA,WA,,2023-01-25,2023-01-25,2023-01-25,12:25:00,WHOUSE02,MIGO,REF-4900000487,
100,4900000488,2024,WA,WA,,2024-07-12,2024-07-12,2024-07-12,16:47:00,WHOUSE02,MIGO,REF-4900000488,
100,4900000489,2023,UML,WA,,2023-07-31,2023-07-31,2023-07-31,17:21:00,WHOUSE02,MIGO,REF-4900000489,
100,4900000490,2023,WA,WA,,2023-07-28,2023-07-28,2023-07-28,08:46:00,WHOUSE02,MIGO,REF-4900000490,
100,4900000491,2024,UML,WA,,2024-05-14,2024-05-14,2024-05-14,15:21:00,WHOUSE01,MIGO,REF-4900000491,
100,4900000492,2024,WE,WE,,2024-08-25,2024-08-25,2024-08-25,07:28:00,WHOUSE01,MIGO,REF-4900000492,
100,4900000493,2024,WE,WE,,2024-01-15,2024-01-15,2024-01-15,15:53:00,WHOUSE02,MIGO,REF-4900000493,
100,4900000494,2023,UML,WA,,2023-04-21,2023-04-21,2023-04-21,08:14:00,WHOUSE02,MIGO,REF-4900000494,
100,4900000495,2024,WE,WE,,2024-12-12,2024-12-12,2024-12-12,14:34:00,WHOUSE01,MIGO,REF-4900000495,
100,4900000496,2024,WE,WE,,2024-07-03,2024-07-03,2024-07-03,10:11:00,WHOUSE01,MIGO,REF-4900000496,
100,4900000497,2023,WE,WE,,2023-01-02,2023-01-02,2023-01-02,09:13:00,WHOUSE01,MIGO,REF-4900000497,
100,4900000498,2024,UML,WA,,2024-01-27,2024-01-27,2024-01-27,14:13:00,WHOUSE02,MIGO,REF-4900000498,
100,4900000499,2023,WE,WE,,2023-11-12,2023-11-12,2023-11-12,15:54:00,WHOUSE02,MIGO,REF-4900000499,
100,4900000500,2024,WE,WE,,2024-09-11,2024-09-11,2024-09-11,16:56:00,WHOUSE02,MIGO,REF-4900000500,
100,4900000501,2024,WE,WE,,2024-07-26,2024-07-26,2024-07-26,14:47:00,WHOUSE01,MIGO,REF-4900000501,
100,4900000502,2023,UML,WA,,2023-10-09,2023-10-09,2023-10-09,13:19:00,WHOUSE02,MIGO,REF-4900000502,
100,4900000503,2024,WE,WE,,2024-05-11,2024-05-11,2024-05-11,11:14:00,WHOUSE02,MIGO,REF-4900000503,
100,4900000504,2023,WA,WA,,2023-09-15,2023-09-15,2023-09-15,07:00:00,WHOUSE02,MIGO,REF-4900000504,
100,4900000505,2024,WE,WE,,2024-08-28,2024-08-28,2024-08-28,12:52:00,WHOUSE01,MIGO,REF-4900000505,
100,4900000506,2023,WE,WE,,2023-12-26,2023-12-26,2023-12-26,15:19:00,WHOUSE01,MIGO,REF-4900000506,
100,4900000507,2024,UML,WA,,2024-06-18,2024-06-18,2024-06-18,08:46:00,WHOUSE01,MIGO,REF-4900000507,
100,4900000508,2023,WE,WE,,2023-10-12,2023-10-12,2023-10-12,11:25:00,WHOUSE01,MIGO,REF-4900000508,
100,4900000509,2024,WE,WE,,2024-12-28,2024-12-28,2024-12-28,09:17:00,WHOUSE01,MIGO,REF-4900000509,
100,4900000510,2023,UML,WA,,2023-07-19,2023-07-19,2023-07-19,16:06:00,WHOUSE01,MIGO,REF-4900000510,
100,4900000511,2024,UML,WA,,2024-09-20,2024-09-20,2024-09-20,11:39:00,WHOUSE02,MIGO,REF-4900000511,
100,4900000512,2024,UML,WA,,2024-10-23,2024-10-23,2024-10-23,08:17:00,WHOUSE01,MIGO,REF-4900000512,
100,4900000513,2023,WE,WE,,2023-07-20,2023-07-20,2023-07-20,15:31:00,WHOUSE01,MIGO,REF-4900000513,
100,4900000514,2024,WE,WE,,2024-08-31,2024-08-31,2024-08-31,07:07:00,WHOUSE02,MIGO,REF-4900000514,
100,4900000515,2024,UML,WA,,2024-11-14,2024-11-14,2024-11-14,16:58:00,WHOUSE02,MIGO,REF-4900000515,
100,4900000516,2024,UML,WA,,2024-03-13,2024-03-13,2024-03-13,14:43:00,WHOUSE02,MIGO,REF-4900000516,
100,4900000517,2023,WE,WE,,2023-09-02,2023-09-02,2023-09-02,15:50:00,WHOUSE02,MIGO,REF-4900000517,
100,4900000518,2024,WE,WE,,2024-03-06,2024-03-06,2024-03-06,11:58:00,WHOUSE02,MIGO,REF-4900000518,
100,4900000519,2024,WE,WE,,2024-01-01,2024-01-01,2024-01-01,09:10:00,WHOUSE01,MIGO,REF-4900000519,
100,4900000520,2023,WE,WE,,2023-12-08,2023-12-08,2023-12-08,11:31:00,WHOUSE01,MIGO,REF-4900000520,
100,4900000521,2024,WA,WA,,2024-03-06,2024-03-06,2024-03-06,12:26:00,WHOUSE02,MIGO,REF-4900000521,
100,4900000522,2024,WE,WE,,2024-10-30,2024-10-30,2024-10-30,17:36:00,WHOUSE01,MIGO,REF-4900000522,
100,4900000523,2024,WA,WA,,2024-03-28,2024-03-28,2024-03-28,15:37:00,WHOUSE01,MIGO,REF-4900000523,
100,4900000524,2023,UML,WA,,2023-10-18,2023-10-18,2023-10-18,11:30:00,WHOUSE01,MIGO,REF-4900000524,
100,4900000525,2024,WE,WE,,2024-03-19,2024-03-19,2024-03-19,09:44:00,WHOUSE01,MIGO,REF-4900000525,
100,4900000526,2023,WA,WA,,2023-06-28,2023-06-28,2023-06-28,09:41:00,WHOUSE02,MIGO,REF-4900000526,
100,4900000527,2023,WA,WA,,2023-12-01,2023-12-01,2023-12-01,14:06:00,WHOUSE01,MIGO,REF-4900000527,
100,4900000528,2024,WA,WA,,2024-10-17,2024-10-17,2024-10-17,12:18:00,WHOUSE01,MIGO,REF-4900000528,
100,4900000529,2023,UML,WA,,2023-04-11,2023-04-11,2023-04-11,16:56:00,WHOUSE01,MIGO,REF-4900000529,
100,4900000530,2023,UML,WA,,2023-11-02,2023-11-02,2023-11-02,07:02:00,WHOUSE01,MIGO,REF-4900000530,
100,4900000531,2024,UML,WA,,2024-07-18,2024-07-18,2024-07-18,10:43:00,WHOUSE01,MIGO,REF-4900000531,
100,4900000532,2023,WE,WE,,2023-12-10,2023-12-10,2023-12-10,12:53:00,WHOUSE01,MIGO,REF-4900000532,
100,4900000533,2024,UML,WA,,2024-03-15,2024-03-15,2024-03-15,14:58:00,WHOUSE01,MIGO,REF-4900000533,
100,4900000534,2024,WE,WE,,2024-10-16,2024-10-16,2024-10-16,13:18:00,WHOUSE01,MIGO,REF-4900000534,
100,4900000535,2023,WA,WA,,2023-07-03,2023-07-03,2023-07-03,17:11:00,WHOUSE02,MIGO,REF-4900000535,
100,4900000536,2023,WA,WA,,2023-09-06,2023-09-06,2023-09-06,07:15:00,WHOUSE02,MIGO,REF-4900000536,
100,4900000537,2024,UML,WA,,2024-10-15,2024-10-15,2024-10-15,08:53:00,WHOUSE02,MIGO,REF-4900000537,
100,4900000538,2024,WE,WE,,2024-12-30,2024-12-30,2024-12-30,17:52:00,WHOUSE01,MIGO,REF-4900000538,
100,4900000539,2024,WA,WA,,2024-03-01,2024-03-01,2024-03-01,16:06:00,WHOUSE01,MIGO,REF-4900000539,
100,4900000540,2024,WA,WA,,2024-08-13,2024-08-13,2024-08-13,07:55:00,WHOUSE02,MIGO,REF-4900000540,
100,4900000541,2023,WE,WE,,2023-11-24,2023-11-24,2023-11-24,09:15:00,WHOUSE02,MIGO,REF-4900000541,
100,4900000542,2023,WA,WA,,2023-10-20,2023-10-20,2023-10-20,13:14:00,WHOUSE02,MIGO,REF-4900000542,
100,4900000543,2023,WE,WE,,2023-08-24,2023-08-24,2023-08-24,15:19:00,WHOUSE01,MIGO,REF-4900000543,
100,4900000544,2023,WA,WA,,2023-06-14,2023-06-14,2023-06-14,12:16:00,WHOUSE01,MIGO,REF-4900000544,
100,4900000545,2023,WA,WA,,2023-12-18,2023-12-18,2023-12-18,10:15:00,WHOUSE01,MIGO,REF-4900000545,
100,4900000546,2024,WA,WA,,2024-08-07,2024-08-07,2024-08-07,09:52:00,WHOUSE02,MIGO,REF-4900000546,
100,4900000547,2023,UML,WA,,2023-10-09,2023-10-09,2023-10-09,07:30:00,WHOUSE01,MIGO,REF-4900000547,
100,4900000548,2024,WE,WE,,2024-04-03,2024-04-03,2024-04-03,12:25:00,WHOUSE01,MIGO,REF-4900000548,
100,4900000549,2024,WA,WA,,2024-05-31,2024-05-31,2024-05-31,15:39:00,WHOUSE02,MIGO,REF-4900000549,
100,4900000550,2024,WE,WE,,2024-01-29,2024-01-29,2024-01-29,13:39:00,WHOUSE01,MIGO,REF-4900000550,
100,4900000551,2024,WE,WE,,2024-02-18,2024-02-18,2024-02-18,12:00:00,WHOUSE02,MIGO,REF-4900000551,
100,4900000552,2023,WA,WA,,2023-01-28,2023-01-28,2023-01-28,17:25:00,WHOUSE02,MIGO,REF-4900000552,
100,4900000553,2023,UML,WA,,2023-04-29,2023-04-29,2023-04-29,11:23:00,WHOUSE01,MIGO,REF-4900000553,
100,4900000554,2023,WA,WA,,2023-09-14,2023-09-14,2023-09-14,13:02:00,WHOUSE01,MIGO,REF-4900000554,
100,4900000555,2023,WE,WE,,2023-08-17,2023-08-17,2023-08-17,08:27:00,WHOUSE02,MIGO,REF-4900000555,
100,4900000556,2023,WA,WA,,2023-07-23,2023-07-23,2023-07-23,11:56:00,WHOUSE01,MIGO,REF-4900000556,
100,4900000557,2023,WA,WA,,2023-11-20,2023-11-20,2023-11-20,12:42:00,WHOUSE02,MIGO,REF-4900000557,
100,4900000558,2024,WA,WA,,2024-05-15,2024-05-15,2024-05-15,10:31:00,WHOUSE01,MIGO,REF-4900000558,
100,4900000559,2023,UML,WA,,2023-12-29,2023-12-29,2023-12-29,09:44:00,WHOUSE01,MIGO,REF-4900000559,
100,4900000560,2023,WA,WA,,2023-11-12,2023-11-12,2023-11-12,12:10:00,WHOUSE02,MIGO,REF-4900000560,
100,4900000561,2024,UML,WA,,2024-04-18,2024-04-18,2024-04-18,08:51:00,WHOUSE02,MIGO,REF-4900000561,
100,4900000562,2023,WA,WA,,2023-04-21,2023-04-21,2023-04-21,14:09:00,WHOUSE02,MIGO,REF-4900000562,
100,4900000563,2024,WA,WA,,2024-01-04,2024-01-04,2024-01-04,08:51:00,WHOUSE01,MIGO,REF-4900000563,
100,4900000564,2023,UML,WA,,2023-08-08,2023-08-08,2023-08-08,07:03:00,WHOUSE01,MIGO,REF-4900000564,
100,4900000565,2024,WA,WA,,2024-04-13,2024-04-13,2024-04-13,08:43:00,WHOUSE02,MIGO,REF-4900000565,
100,4900000566,2024,WE,WE,,2024-07-20,2024-07-20,2024-07-20,14:31:00,WHOUSE01,MIGO,REF-4900000566,
100,4900000567,2023,WE,WE,,2023-10-24,2023-10-24,2023-10-24,15:41:00,WHOUSE01,MIGO,REF-4900000567,
100,4900000568,2023,WA,WA,,2023-04-07,2023-04-07,2023-04-07,11:42:00,WHOUSE02,MIGO,REF-4900000568,
100,4900000569,2024,UML,WA,,2024-06-06,2024-06-06,2024-06-06,09:06:00,WHOUSE02,MIGO,REF-4900000569,
100,4900000570,2024,UML,WA,,2024-03-29,2024-03-29,2024-03-29,09:37:00,WHOUSE02,MIGO,REF-4900000570,
100,4900000571,2024,UML,WA,,2024-01-09,2024-01-09,2024-01-09,08:59:00,WHOUSE02,MIGO,REF-4900000571,
100,4900000572,2023,UML,WA,,2023-05-25,2023-05-25,2023-05-25,12:52:00,WHOUSE01,MIGO,REF-4900000572,
100,4900000573,2023,WA,WA,,2023-09-29,2023-09-29,2023-09-29,07:00:00,WHOUSE02,MIGO,REF-4900000573,
100,4900000574,2023,WE,WE,,2023-11-23,2023-11-23,2023-11-23,16:29:00,WHOUSE01,MIGO,REF-4900000574,
100,4900000575,2024,WA,WA,,2024-09-30,2024-09-30,2024-09-30,13:25:00,WHOUSE01,MIGO,REF-4900000575,
100,4900000576,2023,WA,WA,,2023-12-08,2023-12-08,2023-12-08,13:27:00,WHOUSE01,MIGO,REF-4900000576,
100,4900000577,2024,WA,WA,,2024-07-29,2024-07-29,2024-07-29,07:01:00,WHOUSE01,MIGO,REF-4900000577,
100,4900000578,2023,WA,WA,,2023-07-17,2023-07-17,2023-07-17,12:24:00,WHOUSE01,MIGO,REF-4900000578,
100,4900000579,2024,WE,WE,,2024-02-26,2024-02-26,2024-02-26,10:33:00,WHOUSE01,MIGO,REF-4900000579,
100,4900000580,2023,WE,WE,,2023-02-11,2023-02-11,2023-02-11,14:14:00,WHOUSE01,MIGO,REF-4900000580,
100,4900000581,2024,WE,WE,,2024-12-08,2024-12-08,2024-12-08,14:29:00,WHOUSE02,MIGO,REF-4900000581,
100,4900000582,2024,WE,WE,,2024-02-05,2024-02-05,2024-02-05,14:02:00,WHOUSE02,MIGO,REF-4900000582,
100,4900000583,2024,WA,WA,,2024-03-31,2024-03-31,2024-03-31,09:18:00,WHOUSE02,MIGO,REF-4900000583,
100,4900000584,2024,WA,WA,,2024-07-22,2024-07-22,2024-07-22,13:43:00,WHOUSE02,MIGO,REF-4900000584,
100,4900000585,2023,WA,WA,,2023-09-06,2023-09-06,2023-09-06,08:50:00,WHOUSE01,MIGO,REF-4900000585,
100,4900000586,2023,WA,WA,,2023-02-25,2023-02-25,2023-02-25,07:22:00,WHOUSE02,MIGO,REF-4900000586,
100,4900000587,2024,WA,WA,,2024-12-27,2024-12-27,2024-12-27,07:19:00,WHOUSE02,MIGO,REF-4900000587,
100,4900000588,2024,WA,WA,,2024-07-06,2024-07-06,2024-07-06,13:55:00,WHOUSE01,MIGO,REF-4900000588,
100,4900000589,2024,WE,WE,,2024-09-24,2024-09-24,2024-09-24,15:54:00,WHOUSE02,MIGO,REF-4900000589,
100,4900000590,2024,WE,WE,,2024-04-26,2024-04-26,2024-04-26,11:46:00,WHOUSE01,MIGO,REF-4900000590,
100,4900000591,2024,WE,WE,,2024-03-30,2024-03-30,2024-03-30,08:50:00,WHOUSE01,MIGO,REF-4900000591,
100,4900000592,2024,WA,WA,,2024-07-30,2024-07-30,2024-07-30,12:20:00,WHOUSE02,MIGO,REF-4900000592,
100,4900000593,2024,WA,WA,,2024-02-28,2024-02-28,2024-02-28,12:10:00,WHOUSE02,MIGO,REF-4900000593,
100,4900000594,2023,WA,WA,,2023-01-29,2023-01-29,2023-01-29,13:08:00,WHOUSE02,MIGO,REF-4900000594,
100,4900000595,2024,WA,WA,,2024-12-26,2024-12-26,2024-12-26,17:47:00,WHOUSE01,MIGO,REF-4900000595,
100,4900000596,2023,WE,WE,,2023-02-02,2023-02-02,2023-02-02,16:09:00,WHOUSE01,MIGO,REF-4900000596,
100,4900000597,2023,WA,WA,,2023-12-22,2023-12-22,2023-12-22,12:57:00,WHOUSE01,MIGO,REF-4900000597,
100,4900000598,2024,WA,WA,,2024-05-19,2024-05-19,2024-05-19,16:24:00,WHOUSE02,MIGO,REF-4900000598,
100,4900000599,2023,WA,WA,,2023-01-10,2023-01-10,2023-01-10,16:23:00,WHOUSE02,MIGO,REF-4900000599,
100,4900000600,2023,WE,WE,,2023-09-16,2023-09-16,2023-09-16,14:09:00,WHOUSE01,MIGO,REF-4900000600,
100,4900000601,2024,WA,WA,,2024-05-05,2024-05-05,2024-05-05,13:50:00,WHOUSE02,MIGO,REF-4900000601,
100,4900000602,2023,WE,WE,,2023-05-12,2023-05-12,2023-05-12,07:07:00,WHOUSE01,MIGO,REF-4900000602,
100,4900000603,2023,WA,WA,,2023-01-08,2023-01-08,2023-01-08,16:38:00,WHOUSE01,MIGO,REF-4900000603,
100,4900000604,2023,WE,WE,,2023-05-14,2023-05-14,2023-05-14,13:00:00,WHOUSE02,MIGO,REF-4900000604,
100,4900000605,2024,WA,WA,,2024-06-22,2024-06-22,2024-06-22,17:06:00,WHOUSE01,MIGO,REF-4900000605,
100,4900000606,2023,UML,WA,,2023-09-19,2023-09-19,2023-09-19,15:14:00,WHOUSE02,MIGO,REF-4900000606,
100,4900000607,2024,WA,WA,,2024-03-05,2024-03-05,2024-03-05,10:01:00,WHOUSE01,MIGO,REF-4900000607,
100,4900000608,2024,WA,WA,,2024-02-12,2024-02-12,2024-02-12,09:35:00,WHOUSE02,MIGO,REF-4900000608,
100,4900000609,2024,WA,WA,,2024-02-02,2024-02-02,2024-02-02,12:19:00,WHOUSE01,MIGO,REF-4900000609,
100,4900000610,2024,WA,WA,,2024-03-10,2024-03-10,2024-03-10,08:29:00,WHOUSE01,MIGO,REF-4900000610,
100,4900000611,2024,WE,WE,,2024-09-27,2024-09-27,2024-09-27,12:16:00,WHOUSE01,MIGO,REF-4900000611,
100,4900000612,2023,WA,WA,,2023-06-25,2023-06-25,2023-06-25,16:24:00,WHOUSE02,MIGO,REF-4900000612,
100,4900000613,2023,WA,WA,,2023-10-08,2023-10-08,2023-10-08,17:36:00,WHOUSE01,MIGO,REF-4900000613,
100,4900000614,2023,WE,WE,,2023-05-02,2023-05-02,2023-05-02,07:12:00,WHOUSE01,MIGO,REF-4900000614,
100,4900000615,2023,WA,WA,,2023-06-15,2023-06-15,2023-06-15,14:30:00,WHOUSE02,MIGO,REF-4900000615,
100,4900000616,2023,WA,WA,,2023-09-16,2023-09-16,2023-09-16,13:48:00,WHOUSE02,MIGO,REF-4900000616,
100,4900000617,2024,WA,WA,,2024-06-19,2024-06-19,2024-06-19,16:36:00,WHOUSE01,MIGO,REF-4900000617,
100,4900000618,2024,UML,WA,,2024-04-19,2024-04-19,2024-04-19,15:06:00,WHOUSE01,MIGO,REF-4900000618,
100,4900000619,2024,WA,WA,,2024-10-15,2024-10-15,2024-10-15,12:05:00,WHOUSE02,MIGO,REF-4900000619,
100,4900000620,2024,WA,WA,,2024-06-21,2024-06-21,2024-06-21,11:51:00,WHOUSE02,MIGO,REF-4900000620,
100,4900000621,2023,WE,WE,,2023-04-30,2023-04-30,2023-04-30,16:41:00,WHOUSE02,MIGO,REF-4900000621,
100,4900000622,2024,WA,WA,,2024-12-29,2024-12-29,2024-12-29,17:12:00,WHOUSE01,MIGO,REF-4900000622,
100,4900000623,2023,WA,WA,,2023-06-21,2023-06-21,2023-06-21,13:06:00,WHOUSE02,MIGO,REF-4900000623,
100,4900000624,2024,UML,WA,,2024-02-14,2024-02-14,2024-02-14,16:26:00,WHOUSE01,MIGO,REF-4900000624,
100,4900000625,2024,WA,WA,,2024-10-26,2024-10-26,2024-10-26,15:57:00,WHOUSE02,MIGO,REF-4900000625,
100,4900000626,2023,WA,WA,,2023-01-09,2023-01-09,2023-01-09,13:49:00,WHOUSE02,MIGO,REF-4900000626,
100,4900000627,2023,WE,WE,,2023-09-20,2023-09-20,2023-09-20,09:07:00,WHOUSE02,MIGO,REF-4900000627,
100,4900000628,2023,WA,WA,,2023-03-09,2023-03-09,2023-03-09,11:14:00,WHOUSE02,MIGO,REF-4900000628,
100,4900000629,2023,WA,WA,,2023-09-01,2023-09-01,2023-09-01,08:26:00,WHOUSE02,MIGO,REF-4900000629,
100,4900000630,2023,WE,WE,,2023-04-27,2023-04-27,2023-04-27,11:08:00,WHOUSE01,MIGO,REF-4900000630,
100,4900000631,2023,WA,WA,,2023-01-18,2023-01-18,2023-01-18,10:36:00,WHOUSE01,MIGO,REF-4900000631,
100,4900000632,2024,WA,WA,,2024-11-26,2024-11-26,2024-11-26,10:52:00,WHOUSE02,MIGO,REF-4900000632,
100,4900000633,2023,WA,WA,,2023-08-24,2023-08-24,2023-08-24,13:58:00,WHOUSE01,MIGO,REF-4900000633,
100,4900000634,2024,WE,WE,,2024-09-06,2024-09-06,2024-09-06,07:17:00,WHOUSE01,MIGO,REF-4900000634,
100,4900000635,2023,WA,WA,,2023-05-17,2023-05-17,2023-05-17,08:04:00,WHOUSE01,MIGO,REF-4900000635,
100,4900000636,2024,WA,WA,,2024-10-14,2024-10-14,2024-10-14,10:11:00,WHOUSE02,MIGO,REF-4900000636,
100,4900000637,2024,WE,WE,,2024-02-15,2024-02-15,2024-02-15,11:02:00,WHOUSE01,MIGO,REF-4900000637,
100,4900000638,2024,WA,WA,,2024-03-27,2024-03-27,2024-03-27,08:13:00,WHOUSE02,MIGO,REF-4900000638,
100,4900000639,2023,WA,WA,,2023-01-21,2023-01-21,2023-01-21,10:21:00,WHOUSE02,MIGO,REF-4900000639,
100,4900000640,2024,WA,WA,,2024-03-03,2024-03-03,2024-03-03,09:03:00,WHOUSE01,MIGO,REF-4900000640,
100,4900000641,2024,WA,WA,,2024-03-25,2024-03-25,2024-03-25,11:20:00,WHOUSE02,MIGO,REF-4900000641,
100,4900000642,2024,WE,WE,,2024-03-02,2024-03-02,2024-03-02,13:10:00,WHOUSE01,MIGO,REF-4900000642,
100,4900000643,2023,WA,WA,,2023-01-13,2023-01-13,2023-01-13,12:12:00,WHOUSE02,MIGO,REF-4900000643,
100,4900000644,2023,WE,WE,,2023-09-08,2023-09-08,2023-09-08,09:21:00,WHOUSE01,MIGO,REF-4900000644,
100,4900000645,2023,WE,WE,,2023-08-25,2023-08-25,2023-08-25,16:27:00,WHOUSE01,MIGO,REF-4900000645,
100,4900000646,2024,WE,WE,,2024-01-02,2024-01-02,2024-01-02,14:44:00,WHOUSE02,MIGO,REF-4900000646,
100,4900000647,2024,WE,WE,,2024-05-16,2024-05-16,2024-05-16,09:19:00,WHOUSE02,MIGO,REF-4900000647,
100,4900000648,2024,WA,WA,,2024-02-23,2024-02-23,2024-02-23,12:33:00,WHOUSE02,MIGO,REF-4900000648,
100,4900000649,2024,WE,WE,,2024-12-29,2024-12-29,2024-12-29,15:25:00,WHOUSE01,MIGO,REF-4900000649,
100,4900000650,2023,WE,WE,,2023-01-14,2023-01-14,2023-01-14,08:25:00,WHOUSE02,MIGO,REF-4900000650,
100,4900000651,2024,WA,WA,,2024-06-27,2024-06-27,2024-06-27,16:16:00,WHOUSE02,MIGO,REF-4900000651,
100,4900000652,2023,UML,WA,,2023-08-31,2023-08-31,2023-08-31,13:47:00,WHOUSE02,MIGO,REF-4900000652,
100,4900000653,2023,WA,WA,,2023-08-28,2023-08-28,2023-08-28,12:46:00,WHOUSE01,MIGO,REF-4900000653,
100,4900000654,2024,WA,WA,,2024-02-24,2024-02-24,2024-02-24,09:17:00,WHOUSE02,MIGO,REF-4900000654,
100,4900000655,2023,UML,WA,,2023-02-27,2023-02-27,2023-02-27,13:59:00,WHOUSE01,MIGO,REF-4900000655,
100,4900000656,2023,WE,WE,,2023-09-30,2023-09-30,2023-09-30,16:42:00,WHOUSE01,MIGO,REF-4900000656,
100,4900000657,2024,UML,WA,,2024-08-18,2024-08-18,2024-08-18,08:57:00,WHOUSE02,MIGO,REF-4900000657,
100,4900000658,2024,WA,WA,,2024-03-24,2024-03-24,2024-03-24,07:12:00,WHOUSE01,MIGO,REF-4900000658,
100,4900000659,2024,WA,WA,,2024-02-12,2024-02-12,2024-02-12,09:18:00,WHOUSE01,MIGO,REF-4900000659,
100,4900000660,2023,WE,WE,,2023-01-22,2023-01-22,2023-01-22,12:12:00,WHOUSE02,MIGO,REF-4900000660,
100,4900000661,2023,WA,WA,,2023-01-28,2023-01-28,2023-01-28,13:31:00,WHOUSE01,MIGO,REF-4900000661,
100,4900000662,2024,WA,WA,,2024-07-23,2024-07-23,2024-07-23,09:19:00,WHOUSE01,MIGO,REF-4900000662,
100,4900000663,2023,WA,WA,,2023-02-22,2023-02-22,2023-02-22,15:08:00,WHOUSE02,MIGO,REF-4900000663,
100,4900000664,2023,WE,WE,,2023-08-14,2023-08-14,2023-08-14,10:40:00,WHOUSE01,MIGO,REF-4900000664,
100,4900000665,2023,WE,WE,,2023-08-30,2023-08-30,2023-08-30,10:56:00,WHOUSE02,MIGO,REF-4900000665,
100,4900000666,2023,WA,WA,,2023-07-14,2023-07-14,2023-07-14,13:05:00,WHOUSE01,MIGO,REF-4900000666,
100,4900000667,2024,WA,WA,,2024-07-09,2024-07-09,2024-07-09,08:14:00,WHOUSE02,MIGO,REF-4900000667,
100,4900000668,2024,UML,WA,,2024-09-05,2024-09-05,2024-09-05,07:54:00,WHOUSE02,MIGO,REF-4900000668,
100,4900000669,2024,WE,WE,,2024-10-13,2024-10-13,2024-10-13,15:36:00,WHOUSE02,MIGO,REF-4900000669,
100,4900000670,2023,WA,WA,,2023-01-10,2023-01-10,2023-01-10,10:58:00,WHOUSE02,MIGO,REF-4900000670,
100,4900000671,2023,WE,WE,,2023-05-24,2023-05-24,2023-05-24,14:26:00,WHOUSE02,MIGO,REF-4900000671,
100,4900000672,2023,WE,WE,,2023-01-31,2023-01-31,2023-01-31,07:30:00,WHOUSE01,MIGO,REF-4900000672,
100,4900000673,2024,WA,WA,,2024-09-27,2024-09-27,2024-09-27,13:58:00,WHOUSE02,MIGO,REF-4900000673,
100,4900000674,2024,UML,WA,,2024-07-04,2024-07-04,2024-07-04,16:06:00,WHOUSE02,MIGO,REF-4900000674,
100,4900000675,2023,WE,WE,,2023-09-15,2023-09-15,2023-09-15,10:04:00,WHOUSE01,MIGO,REF-4900000675,
100,4900000676,2023,WE,WE,,2023-12-08,2023-12-08,2023-12-08,15:07:00,WHOUSE01,MIGO,REF-4900000676,
100,4900000677,2024,WA,WA,,2024-02-08,2024-02-08,2024-02-08,12:57:00,WHOUSE02,MIGO,REF-4900000677,
100,4900000678,2024,WA,WA,,2024-06-16,2024-06-16,2024-06-16,17:11:00,WHOUSE02,MIGO,REF-4900000678,
100,4900000679,2024,WE,WE,,2024-11-29,2024-11-29,2024-11-29,10:21:00,WHOUSE02,MIGO,REF-4900000679,
100,4900000680,2024,WA,WA,,2024-07-30,2024-07-30,2024-07-30,08:20:00,WHOUSE01,MIGO,REF-4900000680,
100,4900000681,2024,WA,WA,,2024-07-22,2024-07-22,2024-07-22,15:13:00,WHOUSE01,MIGO,REF-4900000681,
100,4900000682,2024,UML,WA,,2024-08-09,2024-08-09,2024-08-09,17:26:00,WHOUSE01,MIGO,REF-4900000682,
100,4900000683,2023,WA,WA,,2023-01-28,2023-01-28,2023-01-28,15:32:00,WHOUSE02,MIGO,REF-4900000683,
100,4900000684,2024,WA,WA,,2024-07-17,2024-07-17,2024-07-17,09:23:00,WHOUSE01,MIGO,REF-4900000684,
100,4900000685,2024,WA,WA,,2024-12-14,2024-12-14,2024-12-14,10:37:00,WHOUSE01,MIGO,REF-4900000685,
100,4900000686,2023,WA,WA,,2023-12-16,2023-12-16,2023-12-16,09:59:00,WHOUSE01,MIGO,REF-4900000686,
100,4900000687,2024,WA,WA,,2024-05-13,2024-05-13,2024-05-13,08:24:00,WHOUSE01,MIGO,REF-4900000687,
100,4900000688,2023,WE,WE,,2023-11-03,2023-11-03,2023-11-03,09:50:00,WHOUSE01,MIGO,REF-4900000688,
100,4900000689,2024,WE,WE,,2024-02-16,2024-02-16,2024-02-16,15:34:00,WHOUSE01,MIGO,REF-4900000689,
100,4900000690,2024,WA,WA,,2024-02-28,2024-02-28,2024-02-28,11:52:00,WHOUSE02,MIGO,REF-4900000690,
100,4900000691,2023,WA,WA,,2023-12-11,2023-12-11,2023-12-11,07:37:00,WHOUSE02,MIGO,REF-4900000691,
100,4900000692,2024,UML,WA,,2024-03-01,2024-03-01,2024-03-01,07:53:00,WHOUSE01,MIGO,REF-4900000692,
100,4900000693,2024,WE,WE,,2024-12-08,2024-12-08,2024-12-08,09:39:00,WHOUSE01,MIGO,REF-4900000693,
100,4900000694,2024,WE,WE,,2024-11-14,2024-11-14,2024-11-14,07:30:00,WHOUSE02,MIGO,REF-4900000694,
100,4900000695,2024,WA,WA,,2024-01-25,2024-01-25,2024-01-25,08:23:00,WHOUSE01,MIGO,REF-4900000695,
100,4900000696,2023,WA,WA,,2023-07-10,2023-07-10,2023-07-10,12:04:00,WHOUSE02,MIGO,REF-4900000696,
100,4900000697,2024,WA,WA,,2024-03-01,2024-03-01,2024-03-01,11:36:00,WHOUSE02,MIGO,REF-4900000697,
100,4900000698,2024,UML,WA,,2024-08-14,2024-08-14,2024-08-14,16:33:00,WHOUSE01,MIGO,REF-4900000698,
100,4900000699,2023,WE,WE,,2023-11-05,2023-11-05,2023-11-05,14:36:00,WHOUSE02,MIGO,REF-4900000699,
100,4900000700,2023,WA,WA,,2023-05-04,2023-05-04,2023-05-04,07:51:00,WHOUSE02,MIGO,REF-4900000700,
100,4900000701,2024,WE,WE,,2024-11-01,2024-11-01,2024-11-01,15:35:00,WHOUSE01,MIGO,REF-4900000701,
100,4900000702,2023,WA,WA,,2023-06-04,2023-06-04,2023-06-04,16:38:00,WHOUSE01,MIGO,REF-4900000702,
100,4900000703,2023,WA,WA,,2023-01-04,2023-01-04,2023-01-04,10:58:00,WHOUSE01,MIGO,REF-4900000703,
100,4900000704,2024,WE,WE,,2024-03-28,2024-03-28,2024-03-28,13:33:00,WHOUSE01,MIGO,REF-4900000704,
100,4900000705,2023,WA,WA,,2023-04-26,2023-04-26,2023-04-26,16:32:00,WHOUSE01,MIGO,REF-4900000705,
100,4900000706,2023,WE,WE,,2023-02-05,2023-02-05,2023-02-05,16:45:00,WHOUSE02,MIGO,REF-4900000706,
100,4900000707,2024,WA,WA,,2024-11-14,2024-11-14,2024-11-14,10:21:00,WHOUSE01,MIGO,REF-4900000707,
100,4900000708,2023,WE,WE,,2023-10-19,2023-10-19,2023-10-19,12:34:00,WHOUSE01,MIGO,REF-4900000708,
100,4900000709,2023,WA,WA,,2023-02-04,2023-02-04,2023-02-04,09:24:00,WHOUSE01,MIGO,REF-4900000709,
100,4900000710,2024,WA,WA,,2024-12-19,2024-12-19,2024-12-19,13:49:00,WHOUSE01,MIGO,REF-4900000710,
100,4900000711,2023,WA,WA,,2023-07-28,2023-07-28,2023-07-28,11:25:00,WHOUSE01,MIGO,REF-4900000711,
100,4900000712,2024,WA,WA,,2024-11-14,2024-11-14,2024-11-14,10:38:00,WHOUSE02,MIGO,REF-4900000712,
100,4900000713,2024,UML,WA,,2024-08-06,2024-08-06,2024-08-06,08:37:00,WHOUSE01,MIGO,REF-4900000713,
100,4900000714,2024,UML,WA,,2024-01-27,2024-01-27,2024-01-27,15:08:00,WHOUSE01,MIGO,REF-4900000714,
100,4900000715,2024,WA,WA,,2024-09-15,2024-09-15,2024-09-15,12:37:00,WHOUSE02,MIGO,REF-4900000715,
100,4900000716,2023,WE,WE,,2023-09-16,2023-09-16,2023-09-16,11:29:00,WHOUSE01,MIGO,REF-4900000716,
100,4900000717,2024,WE,WE,,2024-03-25,2024-03-25,2024-03-25,16:14:00,WHOUSE02,MIGO,REF-4900000717,
100,4900000718,2023,WA,WA,,2023-04-27,2023-04-27,2023-04-27,17:43:00,WHOUSE02,MIGO,REF-4900000718,
100,4900000719,2023,WA,WA,,2023-03-01,2023-03-01,2023-03-01,16:22:00,WHOUSE01,MIGO,REF-4900000719,
100,4900000720,2023,WE,WE,,2023-08-26,2023-08-26,2023-08-26,13:34:00,WHOUSE01,MIGO,REF-4900000720,
100,4900000721,2024,WA,WA,,2024-11-29,2024-11-29,2024-11-29,12:24:00,WHOUSE02,MIGO,REF-4900000721,
100,4900000722,2024,WA,WA,,2024-04-04,2024-04-04,2024-04-04,08:22:00,WHOUSE02,MIGO,REF-4900000722,
100,4900000723,2023,WA,WA,,2023-06-10,2023-06-10,2023-06-10,17:28:00,WHOUSE02,MIGO,REF-4900000723,
100,4900000724,2023,WE,WE,,2023-11-27,2023-11-27,2023-11-27,07:37:00,WHOUSE02,MIGO,REF-4900000724,
100,4900000725,2024,WA,WA,,2024-12-23,2024-12-23,2024-12-23,15:36:00,WHOUSE01,MIGO,REF-4900000725,
100,4900000726,2024,WA,WA,,2024-05-21,2024-05-21,2024-05-21,16:56:00,WHOUSE01,MIGO,REF-4900000726,
100,4900000727,2024,WE,WE,,2024-06-21,2024-06-21,2024-06-21,17:30:00,WHOUSE01,MIGO,REF-4900000727,
100,4900000728,2023,UML,WA,,2023-06-29,2023-06-29,2023-06-29,07:14:00,WHOUSE01,MIGO,REF-4900000728,
100,4900000729,2023,WA,WA,,2023-05-05,2023-05-05,2023-05-05,16:41:00,WHOUSE01,MIGO,REF-4900000729,
100,4900000730,2023,WA,WA,,2023-06-25,2023-06-25,2023-06-25,17:18:00,WHOUSE02,MIGO,REF-4900000730,
100,4900000731,2023,WA,WA,,2023-03-13,2023-03-13,2023-03-13,07:51:00,WHOUSE01,MIGO,REF-4900000731,
100,4900000732,2023,WA,WA,,2023-06-09,2023-06-09,2023-06-09,07:12:00,WHOUSE02,MIGO,REF-4900000732,
100,4900000733,2023,WE,WE,,2023-02-02,2023-02-02,2023-02-02,07:52:00,WHOUSE01,MIGO,REF-4900000733,
100,4900000734,2024,WA,WA,,2024-01-13,2024-01-13,2024-01-13,09:31:00,WHOUSE02,MIGO,REF-4900000734,
100,4900000735,2024,WA,WA,,2024-02-29,2024-02-29,2024-02-29,12:13:00,WHOUSE02,MIGO,REF-4900000735,
100,4900000736,2024,WA,WA,,2024-10-30,2024-10-30,2024-10-30,07:29:00,WHOUSE01,MIGO,REF-4900000736,
100,4900000737,2023,WA,WA,,2023-04-24,2023-04-24,2023-04-24,14:58:00,WHOUSE02,MIGO,REF-4900000737,
100,4900000738,2024,WA,WA,,2024-05-10,2024-05-10,2024-05-10,08:52:00,WHOUSE01,MIGO,REF-4900000738,
100,4900000739,2023,WA,WA,,2023-05-27,2023-05-27,2023-05-27,12:50:00,WHOUSE02,MIGO,REF-4900000739,
100,4900000740,2024,WA,WA,,2024-03-31,2024-03-31,2024-03-31,13:52:00,WHOUSE01,MIGO,REF-4900000740,
100,4900000741,2024,WA,WA,,2024-08-27,2024-08-27,2024-08-27,11:52:00,WHOUSE02,MIGO,REF-4900000741,
100,4900000742,2024,WA,WA,,2024-10-21,2024-10-21,2024-10-21,10:27:00,WHOUSE01,MIGO,REF-4900000742,
100,4900000743,2023,WA,WA,,2023-06-16,2023-06-16,2023-06-16,11:40:00,WHOUSE02,MIGO,REF-4900000743,
100,4900000744,2024,WA,WA,,2024-05-20,2024-05-20,2024-05-20,10:30:00,WHOUSE01,MIGO,REF-4900000744,
100,4900000745,2023,UML,WA,,2023-11-19,2023-11-19,2023-11-19,08:12:00,WHOUSE02,MIGO,REF-4900000745,
100,4900000746,2024,WE,WE,,2024-05-11,2024-05-11,2024-05-11,08:54:00,WHOUSE02,MIGO,REF-4900000746,
100,4900000747,2023,WA,WA,,2023-04-15,2023-04-15,2023-04-15,15:20:00,WHOUSE01,MIGO,REF-4900000747,
100,4900000748,2024,WE,WE,,2024-09-20,2024-09-20,2024-09-20,11:13:00,WHOUSE01,MIGO,REF-4900000748,
100,4900000749,2024,WE,WE,,2024-12-22,2024-12-22,2024-12-22,14:00:00,WHOUSE01,MIGO,REF-4900000749,
100,4900000750,2023,WA,WA,,2023-10-18,2023-10-18,2023-10-18,07:28:00,WHOUSE01,MIGO,REF-4900000750,
100,4900000751,2024,WE,WE,,2024-07-08,2024-07-08,2024-07-08,16:27:00,WHOUSE02,MIGO,REF-4900000751,
100,4900000752,2023,WA,WA,,2023-03-23,2023-03-23,2023-03-23,10:12:00,WHOUSE01,MIGO,REF-4900000752,
100,4900000753,2023,WE,WE,,2023-12-17,2023-12-17,2023-12-17,07:15:00,WHOUSE01,MIGO,REF-4900000753,
100,4900000754,2023,UML,WA,,2023-02-06,2023-02-06,2023-02-06,07:22:00,WHOUSE02,MIGO,REF-4900000754,
100,4900000755,2024,WA,WA,,2024-01-06,2024-01-06,2024-01-06,07:59:00,WHOUSE01,MIGO,REF-4900000755,
100,4900000756,2024,WA,WA,,2024-11-01,2024-11-01,2024-11-01,17:57:00,WHOUSE02,MIGO,REF-4900000756,
100,4900000757,2024,WE,WE,,2024-04-07,2024-04-07,2024-04-07,12:25:00,WHOUSE02,MIGO,REF-4900000757,
100,4900000758,2023,WE,WE,,2023-07-02,2023-07-02,2023-07-02,07:52:00,WHOUSE02,MIGO,REF-4900000758,
100,4900000759,2023,WA,WA,,2023-07-01,2023-07-01,2023-07-01,13:10:00,WHOUSE02,MIGO,REF-4900000759,
100,4900000760,2024,WA,WA,,2024-09-14,2024-09-14,2024-09-14,16:13:00,WHOUSE01,MIGO,REF-4900000760,
100,4900000761,2024,WE,WE,,2024-03-04,2024-03-04,2024-03-04,10:54:00,WHOUSE01,MIGO,REF-4900000761,
100,4900000762,2023,WA,WA,,2023-03-26,2023-03-26,2023-03-26,17:47:00,WHOUSE01,MIGO,REF-4900000762,
100,4900000763,2023,WA,WA,,2023-11-25,2023-11-25,2023-11-25,13:07:00,WHOUSE02,MIGO,REF-4900000763,
100,4900000764,2023,WA,WA,,2023-03-25,2023-03-25,2023-03-25,08:04:00,WHOUSE01,MIGO,REF-4900000764,
100,4900000765,2024,WA,WA,,2024-07-04,2024-07-04,2024-07-04,15:44:00,WHOUSE01,MIGO,REF-4900000765,
100,4900000766,2023,WA,WA,,2023-06-08,2023-06-08,2023-06-08,13:17:00,WHOUSE01,MIGO,REF-4900000766,
100,4900000767,2023,WA,WA,,2023-10-23,2023-10-23,2023-10-23,16:33:00,WHOUSE02,MIGO,REF-4900000767,
100,4900000768,2024,WA,WA,,2024-04-20,2024-04-20,2024-04-20,10:52:00,WHOUSE01,MIGO,REF-4900000768,
100,4900000769,2024,WA,WA,,2024-02-28,2024-02-28,2024-02-28,15:04:00,WHOUSE01,MIGO,REF-4900000769,
100,4900000770,2024,WE,WE,,2024-11-19,2024-11-19,2024-11-19,16:00:00,WHOUSE01,MIGO,REF-4900000770,
100,4900000771,2024,WA,WA,,2024-07-17,2024-07-17,2024-07-17,09:48:00,WHOUSE01,MIGO,REF-4900000771,
100,4900000772,2024,WA,WA,,2024-08-01,2024-08-01,2024-08-01,15:42:00,WHOUSE02,MIGO,REF-4900000772,
100,4900000773,2023,UML,WA,,2023-12-18,2023-12-18,2023-12-18,10:09:00,WHOUSE02,MIGO,REF-4900000773,
100,4900000774,2023,WA,WA,,2023-06-23,2023-06-23,2023-06-23,12:02:00,WHOUSE02,MIGO,REF-4900000774,
100,4900000775,2024,WA,WA,,2024-10-10,2024-10-10,2024-10-10,16:50:00,WHOUSE02,MIGO,REF-4900000775,
100,4900000776,2023,WE,WE,,2023-10-22,2023-10-22,2023-10-22,09:16:00,WHOUSE01,MIGO,REF-4900000776,
100,4900000777,2024,WA,WA,,2024-01-22,2024-01-22,2024-01-22,10:05:00,WHOUSE01,MIGO,REF-4900000777,
100,4900000778,2024,WA,WA,,2024-02-22,2024-02-22,2024-02-22,15:44:00,WHOUSE01,MIGO,REF-4900000778,
100,4900000779,2024,WA,WA,,2024-10-06,2024-10-06,2024-10-06,10:58:00,WHOUSE01,MIGO,REF-4900000779,
100,4900000780,2023,WA,WA,,2023-12-11,2023-12-11,2023-12-11,11:12:00,WHOUSE02,MIGO,REF-4900000780,
100,4900000781,2024,WA,WA,,2024-09-29,2024-09-29,2024-09-29,11:10:00,WHOUSE01,MIGO,REF-4900000781,
100,4900000782,2024,WA,WA,,2024-01-23,2024-01-23,2024-01-23,10:52:00,WHOUSE01,MIGO,REF-4900000782,
100,4900000783,2023,UML,WA,,2023-04-04,2023-04-04,2023-04-04,13:23:00,WHOUSE01,MIGO,REF-4900000783,
100,4900000784,2024,UML,WA,,2024-07-15,2024-07-15,2024-07-15,12:35:00,WHOUSE02,MIGO,REF-4900000784,
100,4900000785,2024,WA,WA,,2024-10-19,2024-10-19,2024-10-19,12:22:00,WHOUSE01,MIGO,REF-4900000785,
100,4900000786,2023,WA,WA,,2023-08-31,2023-08-31,2023-08-31,13:33:00,WHOUSE02,MIGO,REF-4900000786,
100,4900000787,2024,WA,WA,,2024-10-14,2024-10-14,2024-10-14,11:55:00,WHOUSE01,MIGO,REF-4900000787,
100,4900000788,2023,WA,WA,,2023-09-08,2023-09-08,2023-09-08,08:08:00,WHOUSE01,MIGO,REF-4900000788,
100,4900000789,2024,WA,WA,,2024-12-19,2024-12-19,2024-12-19,14:00:00,WHOUSE02,MIGO,REF-4900000789,
100,4900000790,2024,WA,WA,,2024-09-16,2024-09-16,2024-09-16,07:20:00,WHOUSE02,MIGO,REF-4900000790,
100,4900000791,2024,WA,WA,,2024-08-19,2024-08-19,2024-08-19,09:24:00,WHOUSE02,MIGO,REF-4900000791,
100,4900000792,2023,WA,WA,,2023-08-02,2023-08-02,2023-08-02,16:02:00,WHOUSE02,MIGO,REF-4900000792,
100,4900000793,2024,WA,WA,,2024-03-18,2024-03-18,2024-03-18,08:04:00,WHOUSE02,MIGO,REF-4900000793,
100,4900000794,2024,WA,WA,,2024-08-07,2024-08-07,2024-08-07,17:02:00,WHOUSE02,MIGO,REF-4900000794,
100,4900000795,2024,WA,WA,,2024-09-16,2024-09-16,2024-09-16,10:15:00,WHOUSE01,MIGO,REF-4900000795,
100,4900000796,2024,UML,WA,,2024-11-05,2024-11-05,2024-11-05,09:32:00,WHOUSE02,MIGO,REF-4900000796,
100,4900000797,2024,UML,WA,,2024-07-16,2024-07-16,2024-07-16,16:05:00,WHOUSE02,MIGO,REF-4900000797,
100,4900000798,2023,UML,WA,,2023-08-15,2023-08-15,2023-08-15,10:27:00,WHOUSE02,MIGO,REF-4900000798,
100,4900000799,2024,UML,WA,,2024-11-12,2024-11-12,2024-11-12,14:31:00,WHOUSE02,MIGO,REF-4900000799,
100,4900000800,2023,UML,WA,,2023-06-10,2023-06-10,2023-06-10,10:49:00,WHOUSE01,MIGO,REF-4900000800,
100,4900000801,2024,WA,WA,,2024-11-16,2024-11-16,2024-11-16,11:05:00,WHOUSE02,MIGO,REF-4900000801,
100,4900000802,2023,WA,WA,,2023-12-11,2023-12-11,2023-12-11,10:26:00,WHOUSE02,MIGO,REF-4900000802,
100,4900000803,2023,WA,WA,,2023-12-26,2023-12-26,2023-12-26,09:26:00,WHOUSE02,MIGO,REF-4900000803,
100,4900000804,2024,WA,WA,,2024-03-14,2024-03-14,2024-03-14,08:03:00,WHOUSE02,MIGO,REF-4900000804,
100,4900000805,2024,WA,WA,,2024-01-28,2024-01-28,2024-01-28,13:46:00,WHOUSE02,MIGO,REF-4900000805,
100,4900000806,2024,WE,WE,,2024-05-09,2024-05-09,2024-05-09,16:33:00,WHOUSE02,MIGO,REF-4900000806,
100,4900000807,2023,WA,WA,,2023-04-30,2023-04-30,2023-04-30,08:37:00,WHOUSE01,MIGO,REF-4900000807,
100,4900000808,2024,WE,WE,,2024-04-08,2024-04-08,2024-04-08,08:08:00,WHOUSE02,MIGO,REF-4900000808,
100,4900000809,2023,WA,WA,,2023-12-29,2023-12-29,2023-12-29,14:54:00,WHOUSE01,MIGO,REF-4900000809,
100,4900000810,2023,WA,WA,,2023-04-29,2023-04-29,2023-04-29,16:11:00,WHOUSE02,MIGO,REF-4900000810,
100,4900000811,2024,UML,WA,,2024-08-20,2024-08-20,2024-08-20,17:32:00,WHOUSE01,MIGO,REF-4900000811,
100,4900000812,2024,WE,WE,,2024-11-13,2024-11-13,2024-11-13,09:05:00,WHOUSE02,MIGO,REF-4900000812,
100,4900000813,2024,WA,WA,,2024-10-11,2024-10-11,2024-10-11,12:23:00,WHOUSE01,MIGO,REF-4900000813,
100,4900000814,2024,WA,WA,,2024-10-02,2024-10-02,2024-10-02,12:25:00,WHOUSE01,MIGO,REF-4900000814,
100,4900000815,2024,WA,WA,,2024-09-04,2024-09-04,2024-09-04,14:21:00,WHOUSE01,MIGO,REF-4900000815,
100,4900000816,2023,WA,WA,,2023-05-21,2023-05-21,2023-05-21,09:32:00,WHOUSE02,MIGO,REF-4900000816,
100,4900000817,2024,WA,WA,,2024-05-26,2024-05-26,2024-05-26,15:31:00,WHOUSE02,MIGO,REF-4900000817,
100,4900000818,2024,WA,WA,,2024-08-04,2024-08-04,2024-08-04,16:52:00,WHOUSE01,MIGO,REF-4900000818,
100,4900000819,2024,WA,WA,,2024-10-05,2024-10-05,2024-10-05,07:27:00,WHOUSE01,MIGO,REF-4900000819,
100,4900000820,2023,WA,WA,,2023-03-30,2023-03-30,2023-03-30,07:45:00,WHOUSE01,MIGO,REF-4900000820,
100,4900000821,2024,UML,WA,,2024-03-20,2024-03-20,2024-03-20,13:39:00,WHOUSE01,MIGO,REF-4900000821,
100,4900000822,2023,WA,WA,,2023-09-02,2023-09-02,2023-09-02,15:26:00,WHOUSE02,MIGO,REF-4900000822,
100,4900000823,2024,WA,WA,,2024-02-06,2024-02-06,2024-02-06,13:40:00,WHOUSE01,MIGO,REF-4900000823,
100,4900000824,2024,WA,WA,,2024-07-24,2024-07-24,2024-07-24,17:48:00,WHOUSE02,MIGO,REF-4900000824,
100,4900000825,2024,WA,WA,,2024-04-30,2024-04-30,2024-04-30,13:49:00,WHOUSE02,MIGO,REF-4900000825,
100,4900000826,2024,WE,WE,,2024-04-10,2024-04-10,2024-04-10,17:40:00,WHOUSE02,MIGO,REF-4900000826,
100,4900000827,2024,WA,WA,,2024-07-04,2024-07-04,2024-07-04,09:42:00,WHOUSE01,MIGO,REF-4900000827,
100,4900000828,2023,WA,WA,,2023-12-19,2023-12-19,2023-12-19,16:47:00,WHOUSE01,MIGO,REF-4900000828,
100,4900000829,2023,WA,WA,,2023-08-21,2023-08-21,2023-08-21,08:33:00,WHOUSE02,MIGO,REF-4900000829,
100,4900000830,2023,WA,WA,,2023-07-07,2023-07-07,2023-07-07,14:04:00,WHOUSE01,MIGO,REF-4900000830,
100,4900000831,2024,WA,WA,,2024-02-29,2024-02-29,2024-02-29,12:46:00,WHOUSE02,MIGO,REF-4900000831,
100,4900000832,2023,WA,WA,,2023-02-03,2023-02-03,2023-02-03,12:03:00,WHOUSE01,MIGO,REF-4900000832,
100,4900000833,2024,UML,WA,,2024-12-22,2024-12-22,2024-12-22,14:13:00,WHOUSE02,MIGO,REF-4900000833,
100,4900000834,2024,WA,WA,,2024-04-21,2024-04-21,2024-04-21,14:51:00,WHOUSE02,MIGO,REF-4900000834,
100,4900000835,2024,WA,WA,,2024-03-28,2024-03-28,2024-03-28,07:31:00,WHOUSE02,MIGO,REF-4900000835,
100,4900000836,2023,WA,WA,,2023-12-19,2023-12-19,2023-12-19,16:43:00,WHOUSE02,MIGO,REF-4900000836,
100,4900000837,2023,WA,WA,,2023-03-11,2023-03-11,2023-03-11,10:42:00,WHOUSE02,MIGO,REF-4900000837,
100,4900000838,2023,WA,WA,,2023-01-31,2023-01-31,2023-01-31,16:39:00,WHOUSE02,MIGO,REF-4900000838,
100,4900000839,2023,WA,WA,,2023-11-04,2023-11-04,2023-11-04,13:35:00,WHOUSE01,MIGO,REF-4900000839,
100,4900000840,2023,WA,WA,,2023-06-25,2023-06-25,2023-06-25,07:05:00,WHOUSE02,MIGO,REF-4900000840,
100,4900000841,2023,WA,WA,,2023-04-13,2023-04-13,2023-04-13,07:17:00,WHOUSE02,MIGO,REF-4900000841,
100,4900000842,2023,UML,WA,,2023-02-06,2023-02-06,2023-02-06,12:48:00,WHOUSE02,MIGO,REF-4900000842,
100,4900000843,2023,WA,WA,,2023-06-12,2023-06-12,2023-06-12,11:20:00,WHOUSE01,MIGO,REF-4900000843,
100,4900000844,2024,WA,WA,,2024-08-02,2024-08-02,2024-08-02,09:19:00,WHOUSE02,MIGO,REF-4900000844,
100,4900000845,2024,WA,WA,,2024-02-07,2024-02-07,2024-02-07,17:01:00,WHOUSE02,MIGO,REF-4900000845,
100,4900000846,2023,WA,WA,,2023-12-07,2023-12-07,2023-12-07,09:19:00,WHOUSE01,MIGO,REF-4900000846,
100,4900000847,2023,WA,WA,,2023-06-25,2023-06-25,2023-06-25,11:28:00,WHOUSE02,MIGO,REF-4900000847,
100,4900000848,2024,WA,WA,,2024-04-26,2024-04-26,2024-04-26,15:10:00,WHOUSE02,MIGO,REF-4900000848,
100,4900000849,2024,WA,WA,,2024-03-03,2024-03-03,2024-03-03,17:32:00,WHOUSE02,MIGO,REF-4900000849,
100,4900000850,2024,UML,WA,,2024-01-24,2024-01-24,2024-01-24,17:21:00,WHOUSE01,MIGO,REF-4900000850,
100,4900000851,2024,WA,WA,,2024-08-13,2024-08-13,2024-08-13,17:28:00,WHOUSE01,MIGO,REF-4900000851,
100,4900000852,2024,WA,WA,,2024-04-25,2024-04-25,2024-04-25,10:26:00,WHOUSE01,MIGO,REF-4900000852,
100,4900000853,2023,UML,WA,,2023-04-28,2023-04-28,2023-04-28,17:25:00,WHOUSE01,MIGO,REF-4900000853,
100,4900000854,2024,WA,WA,,2024-09-16,2024-09-16,2024-09-16,12:25:00,WHOUSE02,MIGO,REF-4900000854,
100,4900000855,2024,WA,WA,,2024-09-05,2024-09-05,2024-09-05,13:25:00,WHOUSE01,MIGO,REF-4900000855,
100,4900000856,2024,WA,WA,,2024-09-16,2024-09-16,2024-09-16,13:23:00,WHOUSE02,MIGO,REF-4900000856,
100,4900000857,2024,WA,WA,,2024-06-09,2024-06-09,2024-06-09,08:12:00,WHOUSE02,MIGO,REF-4900000857,
100,4900000858,2023,WA,WA,,2023-05-13,2023-05-13,2023-05-13,16:04:00,WHOUSE02,MIGO,REF-4900000858,
100,4900000859,2024,WA,WA,,2024-11-04,2024-11-04,2024-11-04,15:05:00,WHOUSE02,MIGO,REF-4900000859,
100,4900000860,2023,WA,WA,,2023-10-17,2023-10-17,2023-10-17,14:53:00,WHOUSE01,MIGO,REF-4900000860,
100,4900000861,2023,WA,WA,,2023-12-12,2023-12-12,2023-12-12,09:45:00,WHOUSE01,MIGO,REF-4900000861,
100,4900000862,2024,WE,WE,,2024-07-26,2024-07-26,2024-07-26,12:09:00,WHOUSE01,MIGO,REF-4900000862,
100,4900000863,2023,WA,WA,,2023-08-03,2023-08-03,2023-08-03,10:01:00,WHOUSE02,MIGO,REF-4900000863,
100,4900000864,2024,WA,WA,,2024-11-24,2024-11-24,2024-11-24,15:06:00,WHOUSE02,MIGO,REF-4900000864,
100,4900000865,2023,WE,WE,,2023-10-30,2023-10-30,2023-10-30,14:19:00,WHOUSE01,MIGO,REF-4900000865,
100,4900000866,2023,WA,WA,,2023-10-15,2023-10-15,2023-10-15,07:16:00,WHOUSE02,MIGO,REF-4900000866,
100,4900000867,2024,WA,WA,,2024-05-07,2024-05-07,2024-05-07,09:46:00,WHOUSE02,MIGO,REF-4900000867,
100,4900000868,2023,WA,WA,,2023-10-10,2023-10-10,2023-10-10,15:04:00,WHOUSE02,MIGO,REF-4900000868,
100,4900000869,2024,WA,WA,,2024-03-10,2024-03-10,2024-03-10,17:40:00,WHOUSE02,MIGO,REF-4900000869,
100,4900000870,2024,UML,WA,,2024-03-13,2024-03-13,2024-03-13,13:04:00,WHOUSE01,MIGO,REF-4900000870,
100,4900000871,2024,WA,WA,,2024-11-17,2024-11-17,2024-11-17,08:08:00,WHOUSE02,MIGO,REF-4900000871,
100,4900000872,2023,WA,WA,,2023-05-03,2023-05-03,2023-05-03,16:44:00,WHOUSE02,MIGO,REF-4900000872,
100,4900000873,2024,WA,WA,,2024-10-30,2024-10-30,2024-10-30,10:36:00,WHOUSE02,MIGO,REF-4900000873,
100,4900000874,2023,WE,WE,,2023-07-20,2023-07-20,2023-07-20,10:33:00,WHOUSE01,MIGO,REF-4900000874,
100,4900000875,2024,WA,WA,,2024-01-29,2024-01-29,2024-01-29,07:52:00,WHOUSE02,MIGO,REF-4900000875,
100,4900000876,2023,WE,WE,,2023-07-06,2023-07-06,2023-07-06,12:54:00,WHOUSE01,MIGO,REF-4900000876,
100,4900000877,2023,WA,WA,,2023-01-11,2023-01-11,2023-01-11,13:59:00,WHOUSE01,MIGO,REF-4900000877,
100,4900000878,2023,WA,WA,,2023-12-18,2023-12-18,2023-12-18,17:03:00,WHOUSE01,MIGO,REF-4900000878,
100,4900000879,2024,WA,WA,,2024-05-31,2024-05-31,2024-05-31,09:59:00,WHOUSE02,MIGO,REF-4900000879,
100,4900000880,2023,WA,WA,,2023-05-01,2023-05-01,2023-05-01,14:18:00,WHOUSE02,MIGO,REF-4900000880,
100,4900000881,2024,WA,WA,,2024-10-08,2024-10-08,2024-10-08,15:03:00,WHOUSE02,MIGO,REF-4900000881,
100,4900000882,2023,WA,WA,,2023-01-12,2023-01-12,2023-01-12,15:02:00,WHOUSE01,MIGO,REF-4900000882,
100,4900000883,2024,WA,WA,,2024-06-29,2024-06-29,2024-06-29,16:13:00,WHOUSE01,MIGO,REF-4900000883,
100,4900000884,2023,WA,WA,,2023-11-18,2023-11-18,2023-11-18,17:03:00,WHOUSE01,MIGO,REF-4900000884,
100,4900000885,2024,WA,WA,,2024-12-29,2024-12-29,2024-12-29,14:53:00,WHOUSE01,MIGO,REF-4900000885,
100,4900000886,2023,WA,WA,,2023-10-03,2023-10-03,2023-10-03,13:35:00,WHOUSE02,MIGO,REF-4900000886,
100,4900000887,2024,WA,WA,,2024-05-28,2024-05-28,2024-05-28,12:19:00,WHOUSE02,MIGO,REF-4900000887,
100,4900000888,2023,UML,WA,,2023-12-08,2023-12-08,2023-12-08,17:59:00,WHOUSE01,MIGO,REF-4900000888,
100,4900000889,2023,WA,WA,,2023-05-22,2023-05-22,2023-05-22,16:12:00,WHOUSE01,MIGO,REF-4900000889,
100,4900000890,2024,WA,WA,,2024-08-31,2024-08-31,2024-08-31,09:50:00,WHOUSE01,MIGO,REF-4900000890,
100,4900000891,2024,WA,WA,,2024-03-12,2024-03-12,2024-03-12,10:49:00,WHOUSE02,MIGO,REF-4900000891,
100,4900000892,2023,UML,WA,,2023-03-14,2023-03-14,2023-03-14,17:01:00,WHOUSE01,MIGO,REF-4900000892,
100,4900000893,2023,WA,WA,,2023-01-31,2023-01-31,2023-01-31,13:20:00,WHOUSE02,MIGO,REF-4900000893,
100,4900000894,2024,WA,WA,,2024-12-11,2024-12-11,2024-12-11,16:50:00,WHOUSE02,MIGO,REF-4900000894,
100,4900000895,2024,WA,WA,,2024-01-19,2024-01-19,2024-01-19,12:11:00,WHOUSE02,MIGO,REF-4900000895,
100,4900000896,2024,WA,WA,,2024-08-27,2024-08-27,2024-08-27,09:46:00,WHOUSE02,MIGO,REF-4900000896,
100,4900000897,2024,WA,WA,,2024-05-10,2024-05-10,2024-05-10,08:35:00,WHOUSE02,MIGO,REF-4900000897,
100,4900000898,2024,UML,WA,,2024-05-24,2024-05-24,2024-05-24,11:46:00,WHOUSE02,MIGO,REF-4900000898,
100,4900000899,2024,UML,WA,,2024-10-15,2024-10-15,2024-10-15,12:05:00,WHOUSE02,MIGO,REF-4900000899,
100,4900000900,2023,WA,WA,,2023-08-23,2023-08-23,2023-08-23,07:56:00,WHOUSE02,MIGO,REF-4900000900,
100,4900000901,2024,WA,WA,,2024-04-22,2024-04-22,2024-04-22,14:20:00,WHOUSE02,MIGO,REF-4900000901,
100,4900000902,2023,WE,WE,,2023-06-27,2023-06-27,2023-06-27,11:14:00,WHOUSE02,MIGO,REF-4900000902,
100,4900000903,2024,WA,WA,,2024-09-15,2024-09-15,2024-09-15,15:41:00,WHOUSE02,MIGO,REF-4900000903,
100,4900000904,2024,WA,WA,,2024-12-02,2024-12-02,2024-12-02,17:11:00,WHOUSE02,MIGO,REF-4900000904,
100,4900000905,2023,WA,WA,,2023-01-11,2023-01-11,2023-01-11,08:46:00,WHOUSE02,MIGO,REF-4900000905,
100,4900000906,2023,UML,WA,,2023-02-22,2023-02-22,2023-02-22,14:43:00,WHOUSE02,MIGO,REF-4900000906,
100,4900000907,2023,WA,WA,,2023-09-27,2023-09-27,2023-09-27,14:52:00,WHOUSE01,MIGO,REF-4900000907,
100,4900000908,2024,WA,WA,,2024-08-26,2024-08-26,2024-08-26,17:50:00,WHOUSE01,MIGO,REF-4900000908,
100,4900000909,2024,UML,WA,,2024-05-07,2024-05-07,2024-05-07,11:54:00,WHOUSE01,MIGO,REF-4900000909,
100,4900000910,2024,WA,WA,,2024-12-06,2024-12-06,2024-12-06,17:29:00,WHOUSE02,MIGO,REF-4900000910,
100,4900000911,2024,WA,WA,,2024-02-25,2024-02-25,2024-02-25,13:09:00,WHOUSE01,MIGO,REF-4900000911,
100,4900000912,2023,WA,WA,,2023-10-11,2023-10-11,2023-10-11,13:22:00,WHOUSE01,MIGO,REF-4900000912,
100,4900000913,2023,WA,WA,,2023-01-15,2023-01-15,2023-01-15,11:02:00,WHOUSE01,MIGO,REF-4900000913,
100,4900000914,2023,WA,WA,,2023-11-01,2023-11-01,2023-11-01,13:31:00,WHOUSE02,MIGO,REF-4900000914,
100,4900000915,2023,WA,WA,,2023-08-09,2023-08-09,2023-08-09,10:40:00,WHOUSE01,MIGO,REF-4900000915,
100,4900000916,2024,UML,WA,,2024-08-16,2024-08-16,2024-08-16,16:44:00,WHOUSE02,MIGO,REF-4900000916,
100,4900000917,2023,UML,WA,,2023-10-11,2023-10-11,2023-10-11,12:28:00,WHOUSE01,MIGO,REF-4900000917,
100,4900000918,2024,WA,WA,,2024-12-04,2024-12-04,2024-12-04,07:04:00,WHOUSE01,MIGO,REF-4900000918,
100,4900000919,2024,WA,WA,,2024-08-07,2024-08-07,2024-08-07,15:11:00,WHOUSE02,MIGO,REF-4900000919,
100,4900000920,2024,WA,WA,,2024-04-27,2024-04-27,2024-04-27,12:56:00,WHOUSE01,MIGO,REF-4900000920,
100,4900000921,2024,WA,WA,,2024-10-22,2024-10-22,2024-10-22,08:39:00,WHOUSE02,MIGO,REF-4900000921,
100,4900000922,2024,WA,WA,,2024-10-24,2024-10-24,2024-10-24,11:57:00,WHOUSE02,MIGO,REF-4900000922,
100,4900000923,2023,WA,WA,,2023-01-01,2023-01-01,2023-01-01,10:54:00,WHOUSE02,MIGO,REF-4900000923,
100,4900000924,2023,WA,WA,,2023-01-07,2023-01-07,2023-01-07,17:50:00,WHOUSE01,MIGO,REF-4900000924,
100,4900000925,2023,WA,WA,,2023-11-30,2023-11-30,2023-11-30,16:02:00,WHOUSE01,MIGO,REF-4900000925,
100,4900000926,2023,WE,WE,,2023-04-30,2023-04-30,2023-04-30,10:59:00,WHOUSE01,MIGO,REF-4900000926,
100,4900000927,2024,WA,WA,,2024-09-25,2024-09-25,2024-09-25,09:32:00,WHOUSE02,MIGO,REF-4900000927,
100,4900000928,2023,WA,WA,,2023-04-07,2023-04-07,2023-04-07,15:00:00,WHOUSE01,MIGO,REF-4900000928,
100,4900000929,2023,WA,WA,,2023-12-05,2023-12-05,2023-12-05,15:32:00,WHOUSE02,MIGO,REF-4900000929,
100,4900000930,2024,UML,WA,,2024-11-26,2024-11-26,2024-11-26,10:39:00,WHOUSE01,MIGO,REF-4900000930,
100,4900000931,2024,WA,WA,,2024-09-13,2024-09-13,2024-09-13,13:52:00,WHOUSE02,MIGO,REF-4900000931,
100,4900000932,2023,WA,WA,,2023-06-10,2023-06-10,2023-06-10,17:49:00,WHOUSE02,MIGO,REF-4900000932,
100,4900000933,2023,WA,WA,,2023-03-18,2023-03-18,2023-03-18,07:04:00,WHOUSE02,MIGO,REF-4900000933,
100,4900000934,2024,WA,WA,,2024-12-21,2024-12-21,2024-12-21,12:18:00,WHOUSE01,MIGO,REF-4900000934,
100,4900000935,2023,WA,WA,,2023-10-14,2023-10-14,2023-10-14,07:37:00,WHOUSE02,MIGO,REF-4900000935,
100,4900000936,2023,WA,WA,,2023-11-22,2023-11-22,2023-11-22,08:54:00,WHOUSE02,MIGO,REF-4900000936,
100,4900000937,2024,UML,WA,,2024-02-02,2024-02-02,2024-02-02,13:07:00,WHOUSE02,MIGO,REF-4900000937,
100,4900000938,2023,WA,WA,,2023-05-10,2023-05-10,2023-05-10,16:44:00,WHOUSE01,MIGO,REF-4900000938,
100,4900000939,2023,WA,WA,,2023-05-11,2023-05-11,2023-05-11,10:12:00,WHOUSE02,MIGO,REF-4900000939,
100,4900000940,2023,WA,WA,,2023-05-10,2023-05-10,2023-05-10,15:34:00,WHOUSE02,MIGO,REF-4900000940,
100,4900000941,2023,WA,WA,,2023-12-25,2023-12-25,2023-12-25,10:34:00,WHOUSE01,MIGO,REF-4900000941,
100,4900000942,2023,WE,WE,,2023-04-19,2023-04-19,2023-04-19,10:23:00,WHOUSE01,MIGO,REF-4900000942,
100,4900000943,2023,WA,WA,,2023-08-20,2023-08-20,2023-08-20,11:52:00,WHOUSE01,MIGO,REF-4900000943,
100,4900000944,2024,WA,WA,,2024-08-14,2024-08-14,2024-08-14,10:58:00,WHOUSE01,MIGO,REF-4900000944,
100,4900000945,2024,WA,WA,,2024-03-07,2024-03-07,2024-03-07,12:07:00,WHOUSE01,MIGO,REF-4900000945,
100,4900000946,2023,WA,WA,,2023-08-18,2023-08-18,2023-08-18,13:56:00,WHOUSE01,MIGO,REF-4900000946,
100,4900000947,2023,WA,WA,,2023-10-20,2023-10-20,2023-10-20,15:07:00,WHOUSE01,MIGO,REF-4900000947,
100,4900000948,2024,WA,WA,,2024-11-04,2024-11-04,2024-11-04,14:56:00,WHOUSE02,MIGO,REF-4900000948,
100,4900000949,2023,WA,WA,,2023-08-08,2023-08-08,2023-08-08,10:24:00,WHOUSE02,MIGO,REF-4900000949,
100,4900000950,2023,WA,WA,,2023-05-06,2023-05-06,2023-05-06,07:06:00,WHOUSE01,MIGO,REF-4900000950,
100,4900000951,2024,WA,WA,,2024-09-12,2024-09-12,2024-09-12,10:24:00,WHOUSE01,MIGO,REF-4900000951,
100,4900000952,2024,UML,WA,,2024-11-06,2024-11-06,2024-11-06,14:26:00,WHOUSE01,MIGO,REF-4900000952,
100,4900000953,2024,WA,WA,,2024-09-17,2024-09-17,2024-09-17,10:41:00,WHOUSE02,MIGO,REF-4900000953,
100,4900000954,2024,WA,WA,,2024-10-10,2024-10-10,2024-10-10,10:31:00,WHOUSE02,MIGO,REF-4900000954,
100,4900000955,2024,WA,WA,,2024-01-31,2024-01-31,2024-01-31,17:36:00,WHOUSE02,MIGO,REF-4900000955,
100,4900000956,2024,WA,WA,,2024-09-02,2024-09-02,2024-09-02,12:15:00,WHOUSE01,MIGO,REF-4900000956,
100,4900000957,2023,WA,WA,,2023-12-02,2023-12-02,2023-12-02,11:51:00,WHOUSE01,MIGO,REF-4900000957,
100,4900000958,2024,UML,WA,,2024-08-31,2024-08-31,2024-08-31,11:59:00,WHOUSE02,MIGO,REF-4900000958,
100,4900000959,2024,WA,WA,,2024-04-20,2024-04-20,2024-04-20,08:44:00,WHOUSE02,MIGO,REF-4900000959,
100,4900000960,2024,WE,WE,,2024-07-05,2024-07-05,2024-07-05,15:22:00,WHOUSE01,MIGO,REF-4900000960,
100,4900000961,2024,UML,WA,,2024-04-20,2024-04-20,2024-04-20,10:25:00,WHOUSE02,MIGO,REF-4900000961,
100,4900000962,2024,WA,WA,,2024-12-19,2024-12-19,2024-12-19,07:54:00,WHOUSE01,MIGO,REF-4900000962,
100,4900000963,2023,UML,WA,,2023-03-01,2023-03-01,2023-03-01,11:32:00,WHOUSE02,MIGO,REF-4900000963,
100,4900000964,2024,WA,WA,,2024-07-16,2024-07-16,2024-07-16,09:50:00,WHOUSE02,MIGO,REF-4900000964,
100,4900000965,2024,WA,WA,,2024-01-16,2024-01-16,2024-01-16,17:11:00,WHOUSE02,MIGO,REF-4900000965,
100,4900000966,2023,UML,WA,,2023-05-30,2023-05-30,2023-05-30,10:05:00,WHOUSE02,MIGO,REF-4900000966,
100,4900000967,2024,WA,WA,,2024-02-28,2024-02-28,2024-02-28,10:35:00,WHOUSE01,MIGO,REF-4900000967,
100,4900000968,2023,WA,WA,,2023-05-11,2023-05-11,2023-05-11,17:07:00,WHOUSE02,MIGO,REF-4900000968,
100,4900000969,2024,WA,WA,,2024-04-14,2024-04-14,2024-04-14,13:11:00,WHOUSE02,MIGO,REF-4900000969,
100,4900000970,2023,WA,WA,,2023-12-13,2023-12-13,2023-12-13,15:31:00,WHOUSE02,MIGO,REF-4900000970,
100,4900000971,2024,WA,WA,,2024-11-16,2024-11-16,2024-11-16,17:56:00,WHOUSE02,MIGO,REF-4900000971,
100,4900000972,2023,UML,WA,,2023-04-23,2023-04-23,2023-04-23,09:35:00,WHOUSE01,MIGO,REF-4900000972,
100,4900000973,2024,WA,WA,,2024-08-24,2024-08-24,2024-08-24,16:17:00,WHOUSE01,MIGO,REF-4900000973,
100,4900000974,2023,WA,WA,,2023-12-01,2023-12-01,2023-12-01,16:12:00,WHOUSE02,MIGO,REF-4900000974,
100,4900000975,2024,UML,WA,,2024-12-04,2024-12-04,2024-12-04,13:06:00,WHOUSE02,MIGO,REF-4900000975,
100,4900000976,2023,UML,WA,,2023-11-24,2023-11-24,2023-11-24,10:17:00,WHOUSE01,MIGO,REF-4900000976,
100,4900000977,2023,WA,WA,,2023-06-09,2023-06-09,2023-06-09,16:29:00,WHOUSE01,MIGO,REF-4900000977,
100,4900000978,2024,WA,WA,,2024-10-16,2024-10-16,2024-10-16,07:57:00,WHOUSE02,MIGO,REF-4900000978,
100,4900000979,2024,WA,WA,,2024-09-11,2024-09-11,2024-09-11,07:38:00,WHOUSE02,MIGO,REF-4900000979,
100,4900000980,2023,WA,WA,,2023-08-20,2023-08-20,2023-08-20,11:33:00,WHOUSE02,MIGO,REF-4900000980,
100,4900000981,2024,WA,WA,,2024-03-06,2024-03-06,2024-03-06,13:22:00,WHOUSE01,MIGO,REF-4900000981,
100,4900000982,2023,WA,WA,,2023-05-02,2023-05-02,2023-05-02,08:15:00,WHOUSE02,MIGO,REF-4900000982,
100,4900000983,2023,WA,WA,,2023-10-15,2023-10-15,2023-10-15,17:49:00,WHOUSE02,MIGO,REF-4900000983,
100,4900000984,2024,UML,WA,,2024-02-26,2024-02-26,2024-02-26,13:34:00,WHOUSE01,MIGO,REF-4900000984,
100,4900000985,2024,UML,WA,,2024-06-15,2024-06-15,2024-06-15,15:52:00,WHOUSE01,MIGO,REF-4900000985,
100,4900000986,2023,WA,WA,,2023-06-18,2023-06-18,2023-06-18,16:17:00,WHOUSE02,MIGO,REF-4900000986,
100,4900000987,2024,WA,WA,,2024-06-02,2024-06-02,2024-06-02,12:21:00,WHOUSE02,MIGO,REF-4900000987,
100,4900000988,2023,WA,WA,,2023-12-22,2023-12-22,2023-12-22,09:27:00,WHOUSE02,MIGO,REF-4900000988,
100,4900000989,2023,WA,WA,,2023-08-14,2023-08-14,2023-08-14,15:50:00,WHOUSE02,MIGO,REF-4900000989,
100,4900000990,2023,WA,WA,,2023-09-20,2023-09-20,2023-09-20,16:07:00,WHOUSE02,MIGO,REF-4900000990,
100,4900000991,2024,UML,WA,,2024-03-18,2024-03-18,2024-03-18,17:51:00,WHOUSE02,MIGO,REF-4900000991,
100,4900000992,2024,WA,WA,,2024-10-28,2024-10-28,2024-10-28,13:10:00,WHOUSE02,MIGO,REF-4900000992,
100,4900000993,2024,WA,WA,,2024-03-18,2024-03-18,2024-03-18,17:11:00,WHOUSE02,MIGO,REF-4900000993,
100,4900000994,2024,WA,WA,,2024-12-12,2024-12-12,2024-12-12,09:13:00,WHOUSE02,MIGO,REF-4900000994,
100,4900000995,2023,UML,WA,,2023-07-20,2023-07-20,2023-07-20,15:21:00,WHOUSE01,MIGO,REF-4900000995,
100,4900000996,2023,WA,WA,,2023-09-02,2023-09-02,2023-09-02,07:23:00,WHOUSE02,MIGO,REF-4900000996,
100,4900000997,2024,WA,WA,,2024-06-27,2024-06-27,2024-06-27,11:15:00,WHOUSE01,MIGO,REF-4900000997,
100,4900000998,2023,WA,WA,,2023-02-06,2023-02-06,2023-02-06,07:28:00,WHOUSE01,MIGO,REF-4900000998,
100,4900000999,2024,WA,WA,,2024-08-25,2024-08-25,2024-08-25,10:19:00,WHOUSE01,MIGO,REF-4900000999,
100,4900001000,2024,WA,WA,,2024-12-25,2024-12-25,2024-12-25,14:04:00,WHOUSE01,MIGO,REF-4900001000,
100,4900001001,2023,UML,WA,,2023-03-07,2023-03-07,2023-03-07,17:47:00,WHOUSE01,MIGO,REF-4900001001,
100,4900001002,2024,WA,WA,,2024-10-08,2024-10-08,2024-10-08,16:31:00,WHOUSE02,MIGO,REF-4900001002,
100,4900001003,2024,WA,WA,,2024-08-09,2024-08-09,2024-08-09,11:30:00,WHOUSE02,MIGO,REF-4900001003,
100,4900001004,2023,WA,WA,,2023-10-31,2023-10-31,2023-10-31,13:38:00,WHOUSE01,MIGO,REF-4900001004,
100,4900001005,2023,WA,WA,,2023-02-12,2023-02-12,2023-02-12,17:26:00,WHOUSE02,MIGO,REF-4900001005,
100,4900001006,2023,WA,WA,,2023-06-14,2023-06-14,2023-06-14,14:36:00,WHOUSE02,MIGO,REF-4900001006,
100,4900001007,2023,WA,WA,,2023-10-23,2023-10-23,2023-10-23,16:54:00,WHOUSE01,MIGO,REF-4900001007,
100,4900001008,2024,WA,WA,,2024-05-06,2024-05-06,2024-05-06,09:33:00,WHOUSE01,MIGO,REF-4900001008,
100,4900001009,2024,WA,WA,,2024-10-05,2024-10-05,2024-10-05,12:16:00,WHOUSE01,MIGO,REF-4900001009,
100,4900001010,2024,WA,WA,,2024-03-02,2024-03-02,2024-03-02,13:20:00,WHOUSE01,MIGO,REF-4900001010,
100,4900001011,2023,WA,WA,,2023-11-12,2023-11-12,2023-11-12,07:32:00,WHOUSE01,MIGO,REF-4900001011,
100,4900001012,2024,WA,WA,,2024-11-21,2024-11-21,2024-11-21,12:01:00,WHOUSE01,MIGO,REF-4900001012,
100,4900001013,2023,WA,WA,,2023-06-23,2023-06-23,2023-06-23,07:56:00,WHOUSE01,MIGO,REF-4900001013,
100,4900001014,2023,UML,WA,,2023-12-11,2023-12-11,2023-12-11,14:54:00,WHOUSE02,MIGO,REF-4900001014,
100,4900001015,2023,WA,WA,,2023-01-09,2023-01-09,2023-01-09,10:43:00,WHOUSE02,MIGO,REF-4900001015,
100,4900001016,2023,WA,WA,,2023-04-10,2023-04-10,2023-04-10,08:23:00,WHOUSE01,MIGO,REF-4900001016,
100,4900001017,2023,WA,WA,,2023-01-01,2023-01-01,2023-01-01,15:42:00,WHOUSE01,MIGO,REF-4900001017,
100,4900001018,2024,UML,WA,,2024-11-11,2024-11-11,2024-11-11,07:40:00,WHOUSE01,MIGO,REF-4900001018,
100,4900001019,2023,WE,WE,,2023-07-19,2023-07-19,2023-07-19,08:16:00,WHOUSE01,MIGO,REF-4900001019,
100,4900001020,2023,UML,WA,,2023-08-26,2023-08-26,2023-08-26,10:36:00,WHOUSE01,MIGO,REF-4900001020,
100,4900001021,2024,WA,WA,,2024-03-24,2024-03-24,2024-03-24,16:20:00,WHOUSE02,MIGO,REF-4900001021,
100,4900001022,2023,WA,WA,,2023-08-13,2023-08-13,2023-08-13,11:54:00,WHOUSE01,MIGO,REF-4900001022,
100,4900001023,2024,WA,WA,,2024-02-07,2024-02-07,2024-02-07,16:29:00,WHOUSE01,MIGO,REF-4900001023,
100,4900001024,2023,WA,WA,,2023-12-16,2023-12-16,2023-12-16,09:44:00,WHOUSE02,MIGO,REF-4900001024,
100,4900001025,2023,UML,WA,,2023-08-08,2023-08-08,2023-08-08,16:54:00,WHOUSE01,MIGO,REF-4900001025,
100,4900001026,2023,WA,WA,,2023-04-26,2023-04-26,2023-04-26,12:22:00,WHOUSE02,MIGO,REF-4900001026,
100,4900001027,2024,WA,WA,,2024-04-26,2024-04-26,2024-04-26,10:31:00,WHOUSE02,MIGO,REF-4900001027,
100,4900001028,2024,WA,WA,,2024-06-23,2024-06-23,2024-06-23,13:57:00,WHOUSE02,MIGO,REF-4900001028,
100,4900001029,2024,WA,WA,,2024-04-12,2024-04-12,2024-04-12,07:34:00,WHOUSE01,MIGO,REF-4900001029,
100,4900001030,2024,WA,WA,,2024-07-28,2024-07-28,2024-07-28,08:13:00,WHOUSE01,MIGO,REF-4900001030,
100,4900001031,2023,UML,WA,,2023-02-25,2023-02-25,2023-02-25,17:26:00,WHOUSE01,MIGO,REF-4900001031,
100,4900001032,2024,WA,WA,,2024-03-21,2024-03-21,2024-03-21,16:08:00,WHOUSE01,MIGO,REF-4900001032,
100,4900001033,2024,WA,WA,,2024-12-27,2024-12-27,2024-12-27,10:11:00,WHOUSE01,MIGO,REF-4900001033,
100,4900001034,2023,WA,WA,,2023-02-09,2023-02-09,2023-02-09,07:07:00,WHOUSE01,MIGO,REF-4900001034,
100,4900001035,2023,WA,WA,,2023-10-29,2023-10-29,2023-10-29,13:02:00,WHOUSE01,MIGO,REF-4900001035,
100,4900001036,2024,WA,WA,,2024-06-11,2024-06-11,2024-06-11,12:53:00,WHOUSE01,MIGO,REF-4900001036,
100,4900001037,2023,WA,WA,,2023-09-29,2023-09-29,2023-09-29,10:53:00,WHOUSE02,MIGO,REF-4900001037,
100,4900001038,2024,WA,WA,,2024-06-01,2024-06-01,2024-06-01,14:53:00,WHOUSE01,MIGO,REF-4900001038,
100,4900001039,2023,WA,WA,,2023-12-06,2023-12-06,2023-12-06,13:25:00,WHOUSE02,MIGO,REF-4900001039,
100,4900001040,2024,WA,WA,,2024-10-27,2024-10-27,2024-10-27,14:22:00,WHOUSE02,MIGO,REF-4900001040,
100,4900001041,2023,WA,WA,,2023-09-05,2023-09-05,2023-09-05,15:16:00,WHOUSE02,MIGO,REF-4900001041,
100,4900001042,2024,UML,WA,,2024-11-16,2024-11-16,2024-11-16,17:55:00,WHOUSE02,MIGO,REF-4900001042,
100,4900001043,2024,WA,WA,,2024-04-02,2024-04-02,2024-04-02,13:40:00,WHOUSE02,MIGO,REF-4900001043,
100,4900001044,2023,WA,WA,,2023-09-04,2023-09-04,2023-09-04,14:28:00,WHOUSE01,MIGO,REF-4900001044,
100,4900001045,2023,WA,WA,,2023-12-17,2023-12-17,2023-12-17,14:23:00,WHOUSE02,MIGO,REF-4900001045,
100,4900001046,2023,UML,WA,,2023-04-02,2023-04-02,2023-04-02,10:34:00,WHOUSE01,MIGO,REF-4900001046,
100,4900001047,2024,WA,WA,,2024-05-01,2024-05-01,2024-05-01,14:14:00,WHOUSE01,MIGO,REF-4900001047,
100,4900001048,2023,WA,WA,,2023-09-03,2023-09-03,2023-09-03,16:55:00,WHOUSE02,MIGO,REF-4900001048,
100,4900001049,2024,WA,WA,,2024-08-20,2024-08-20,2024-08-20,12:07:00,WHOUSE01,MIGO,REF-4900001049,
100,4900001050,2024,WA,WA,,2024-02-19,2024-02-19,2024-02-19,15:37:00,WHOUSE01,MIGO,REF-4900001050,
100,4900001051,2023,WA,WA,,2023-07-06,2023-07-06,2023-07-06,14:47:00,WHOUSE02,MIGO,REF-4900001051,
100,4900001052,2024,WA,WA,,2024-05-16,2024-05-16,2024-05-16,10:50:00,WHOUSE01,MIGO,REF-4900001052,
100,4900001053,2024,WA,WA,,2024-10-27,2024-10-27,2024-10-27,13:56:00,WHOUSE02,MIGO,REF-4900001053,
100,4900001054,2024,WA,WA,,2024-09-14,2024-09-14,2024-09-14,17:42:00,WHOUSE02,MIGO,REF-4900001054,
100,4900001055,2023,WA,WA,,2023-02-07,2023-02-07,2023-02-07,14:42:00,WHOUSE02,MIGO,REF-4900001055,
100,4900001056,2023,UML,WA,,2023-08-02,2023-08-02,2023-08-02,09:05:00,WHOUSE02,MIGO,REF-4900001056,
100,4900001057,2024,UML,WA,,2024-10-19,2024-10-19,2024-10-19,10:31:00,WHOUSE02,MIGO,REF-4900001057,
100,4900001058,2024,UML,WA,,2024-09-06,2024-09-06,2024-09-06,11:58:00,WHOUSE01,MIGO,REF-4900001058,
100,4900001059,2024,WA,WA,,2024-06-07,2024-06-07,2024-06-07,07:38:00,WHOUSE01,MIGO,REF-4900001059,
100,4900001060,2023,WE,WE,,2023-07-19,2023-07-19,2023-07-19,14:43:00,WHOUSE02,MIGO,REF-4900001060,
100,4900001061,2024,WA,WA,,2024-05-18,2024-05-18,2024-05-18,15:07:00,WHOUSE01,MIGO,REF-4900001061,
100,4900001062,2023,UML,WA,,2023-08-19,2023-08-19,2023-08-19,17:41:00,WHOUSE02,MIGO,REF-4900001062,
100,4900001063,2023,WA,WA,,2023-05-25,2023-05-25,2023-05-25,14:04:00,WHOUSE02,MIGO,REF-4900001063,
100,4900001064,2023,WA,WA,,2023-01-29,2023-01-29,2023-01-29,16:47:00,WHOUSE01,MIGO,REF-4900001064,
100,4900001065,2024,WA,WA,,2024-05-24,2024-05-24,2024-05-24,11:30:00,WHOUSE02,MIGO,REF-4900001065,
100,4900001066,2023,WA,WA,,2023-03-06,2023-03-06,2023-03-06,09:16:00,WHOUSE01,MIGO,REF-4900001066,
100,4900001067,2023,WA,WA,,2023-07-15,2023-07-15,2023-07-15,09:49:00,WHOUSE01,MIGO,REF-4900001067,
100,4900001068,2023,WA,WA,,2023-01-28,2023-01-28,2023-01-28,14:23:00,WHOUSE01,MIGO,REF-4900001068,
100,4900001069,2024,WA,WA,,2024-04-27,2024-04-27,2024-04-27,11:49:00,WHOUSE01,MIGO,REF-4900001069,
100,4900001070,2024,WA,WA,,2024-05-26,2024-05-26,2024-05-26,07:20:00,WHOUSE01,MIGO,REF-4900001070,
100,4900001071,2024,WA,WA,,2024-04-29,2024-04-29,2024-04-29,14:15:00,WHOUSE02,MIGO,REF-4900001071,
100,4900001072,2023,WA,WA,,2023-10-07,2023-10-07,2023-10-07,17:16:00,WHOUSE01,MIGO,REF-4900001072,
100,4900001073,2023,UML,WA,,2023-07-18,2023-07-18,2023-07-18,16:00:00,WHOUSE01,MIGO,REF-4900001073,
100,4900001074,2024,WA,WA,,2024-11-09,2024-11-09,2024-11-09,15:25:00,WHOUSE01,MIGO,REF-4900001074,
100,4900001075,2023,WA,WA,,2023-06-30,2023-06-30,2023-06-30,11:40:00,WHOUSE01,MIGO,REF-4900001075,
100,4900001076,2023,WA,WA,,2023-04-01,2023-04-01,2023-04-01,11:32:00,WHOUSE02,MIGO,REF-4900001076,
100,4900001077,2024,WA,WA,,2024-05-12,2024-05-12,2024-05-12,13:14:00,WHOUSE02,MIGO,REF-4900001077,
100,4900001078,2023,UML,WA,,2023-03-02,2023-03-02,2023-03-02,17:19:00,WHOUSE01,MIGO,REF-4900001078,
100,4900001079,2024,WE,WE,,2024-06-20,2024-06-20,2024-06-20,11:17:00,WHOUSE02,MIGO,REF-4900001079,
100,4900001080,2023,WA,WA,,2023-10-20,2023-10-20,2023-10-20,12:34:00,WHOUSE01,MIGO,REF-4900001080,
100,4900001081,2024,WA,WA,,2024-09-04,2024-09-04,2024-09-04,14:32:00,WHOUSE02,MIGO,REF-4900001081,
100,4900001082,2023,WA,WA,,2023-09-22,2023-09-22,2023-09-22,17:33:00,WHOUSE02,MIGO,REF-4900001082,
100,4900001083,2023,WA,WA,,2023-10-11,2023-10-11,2023-10-11,11:42:00,WHOUSE01,MIGO,REF-4900001083,
100,4900001084,2023,WA,WA,,2023-12-06,2023-12-06,2023-12-06,09:27:00,WHOUSE01,MIGO,REF-4900001084,
100,4900001085,2024,WA,WA,,2024-09-08,2024-09-08,2024-09-08,10:11:00,WHOUSE02,MIGO,REF-4900001085,
100,4900001086,2023,WA,WA,,2023-11-15,2023-11-15,2023-11-15,12:38:00,WHOUSE02,MIGO,REF-4900001086,
100,4900001087,2023,WA,WA,,2023-09-16,2023-09-16,2023-09-16,12:29:00,WHOUSE02,MIGO,REF-4900001087,
100,4900001088,2024,WA,WA,,2024-09-03,2024-09-03,2024-09-03,14:02:00,WHOUSE01,MIGO,REF-4900001088,
100,4900001089,2024,WA,WA,,2024-01-12,2024-01-12,2024-01-12,12:44:00,WHOUSE02,MIGO,REF-4900001089,
100,4900001090,2024,UML,WA,,2024-09-28,2024-09-28,2024-09-28,16:48:00,WHOUSE01,MIGO,REF-4900001090,
100,4900001091,2023,UML,WA,,2023-04-02,2023-04-02,2023-04-02,15:04:00,WHOUSE02,MIGO,REF-4900001091,
100,4900001092,2023,WA,WA,,2023-06-03,2023-06-03,2023-06-03,09:26:00,WHOUSE02,MIGO,REF-4900001092,
100,4900001093,2023,WA,WA,,2023-08-04,2023-08-04,2023-08-04,08:05:00,WHOUSE01,MIGO,REF-4900001093,
100,4900001094,2023,WA,WA,,2023-06-05,2023-06-05,2023-06-05,14:51:00,WHOUSE01,MIGO,REF-4900001094,
100,4900001095,2024,UML,WA,,2024-03-28,2024-03-28,2024-03-28,09:07:00,WHOUSE01,MIGO,REF-4900001095,
100,4900001096,2023,WA,WA,,2023-11-16,2023-11-16,2023-11-16,09:34:00,WHOUSE01,MIGO,REF-4900001096,
100,4900001097,2024,WA,WA,,2024-07-26,2024-07-26,2024-07-26,13:27:00,WHOUSE02,MIGO,REF-4900001097,
100,4900001098,2024,WA,WA,,2024-11-12,2024-11-12,2024-11-12,15:07:00,WHOUSE02,MIGO,REF-4900001098,
100,4900001099,2023,WA,WA,,2023-01-25,2023-01-25,2023-01-25,15:38:00,WHOUSE01,MIGO,REF-4900001099,
100,4900001100,2024,WA,WA,,2024-04-09,2024-04-09,2024-04-09,07:34:00,WHOUSE01,MIGO,REF-4900001100,
100,4900001101,2024,UML,WA,,2024-03-19,2024-03-19,2024-03-19,12:27:00,WHOUSE01,MIGO,REF-4900001101,
100,4900001102,2023,WA,WA,,2023-01-28,2023-01-28,2023-01-28,13:57:00,WHOUSE02,MIGO,REF-4900001102,
100,4900001103,2023,WA,WA,,2023-04-08,2023-04-08,2023-04-08,17:39:00,WHOUSE02,MIGO,REF-4900001103,
100,4900001104,2023,WA,WA,,2023-06-09,2023-06-09,2023-06-09,12:49:00,WHOUSE01,MIGO,REF-4900001104,
100,4900001105,2024,WA,WA,,2024-11-09,2024-11-09,2024-11-09,08:09:00,WHOUSE02,MIGO,REF-4900001105,
100,4900001106,2024,WE,WE,,2024-01-08,2024-01-08,2024-01-08,16:13:00,WHOUSE01,MIGO,REF-4900001106,
100,4900001107,2024,WA,WA,,2024-09-14,2024-09-14,2024-09-14,10:52:00,WHOUSE01,MIGO,REF-4900001107,
100,4900001108,2024,WE,WE,,2024-12-09,2024-12-09,2024-12-09,16:25:00,WHOUSE01,MIGO,REF-4900001108,
100,4900001109,2024,UML,WA,,2024-05-06,2024-05-06,2024-05-06,09:54:00,WHOUSE01,MIGO,REF-4900001109,
100,4900001110,2023,WA,WA,,2023-12-25,2023-12-25,2023-12-25,13:46:00,WHOUSE01,MIGO,REF-4900001110,
100,4900001111,2024,WA,WA,,2024-04-24,2024-04-24,2024-04-24,15:46:00,WHOUSE01,MIGO,REF-4900001111,
100,4900001112,2023,WA,WA,,2023-01-16,2023-01-16,2023-01-16,17:50:00,WHOUSE02,MIGO,REF-4900001112,
100,4900001113,2024,WA,WA,,2024-03-14,2024-03-14,2024-03-14,08:05:00,WHOUSE01,MIGO,REF-4900001113,
100,4900001114,2024,UML,WA,,2024-05-29,2024-05-29,2024-05-29,09:08:00,WHOUSE01,MIGO,REF-4900001114,
100,4900001115,2024,WA,WA,,2024-02-18,2024-02-18,2024-02-18,13:53:00,WHOUSE02,MIGO,REF-4900001115,
100,4900001116,2024,UML,WA,,2024-10-25,2024-10-25,2024-10-25,11:21:00,WHOUSE02,MIGO,REF-4900001116,
100,4900001117,2024,WA,WA,,2024-01-04,2024-01-04,2024-01-04,16:27:00,WHOUSE01,MIGO,REF-4900001117,
100,4900001118,2023,WA,WA,,2023-03-13,2023-03-13,2023-03-13,17:41:00,WHOUSE01,MIGO,REF-4900001118,
100,4900001119,2023,UML,WA,,2023-08-05,2023-08-05,2023-08-05,15:28:00,WHOUSE02,MIGO,REF-4900001119,
100,4900001120,2024,WA,WA,,2024-10-28,2024-10-28,2024-10-28,12:12:00,WHOUSE01,MIGO,REF-4900001120,
100,4900001121,2024,WA,WA,,2024-08-18,2024-08-18,2024-08-18,17:22:00,WHOUSE02,MIGO,REF-4900001121,
100,4900001122,2023,WA,WA,,2023-10-13,2023-10-13,2023-10-13,13:35:00,WHOUSE01,MIGO,REF-4900001122,
100,4900001123,2024,UML,WA,,2024-08-20,2024-08-20,2024-08-20,17:39:00,WHOUSE01,MIGO,REF-4900001123,
100,4900001124,2023,WA,WA,,2023-09-30,2023-09-30,2023-09-30,13:48:00,WHOUSE02,MIGO,REF-4900001124,
100,4900001125,2024,WA,WA,,2024-05-27,2024-05-27,2024-05-27,10:51:00,WHOUSE02,MIGO,REF-4900001125,
100,4900001126,2024,WA,WA,,2024-04-20,2024-04-20,2024-04-20,12:01:00,WHOUSE02,MIGO,REF-4900001126,
100,4900001127,2024,UML,WA,,2024-09-05,2024-09-05,2024-09-05,16:55:00,WHOUSE01,MIGO,REF-4900001127,
100,4900001128,2024,WA,WA,,2024-03-24,2024-03-24,2024-03-24,17:53:00,WHOUSE02,MIGO,REF-4900001128,
100,4900001129,2023,WA,WA,,2023-09-19,2023-09-19,2023-09-19,10:28:00,WHOUSE01,MIGO,REF-4900001129,
100,4900001130,2024,WA,WA,,2024-06-03,2024-06-03,2024-06-03,07:14:00,WHOUSE02,MIGO,REF-4900001130,
100,4900001131,2023,WA,WA,,2023-12-12,2023-12-12,2023-12-12,08:48:00,WHOUSE01,MIGO,REF-4900001131,
100,4900001132,2023,UML,WA,,2023-04-19,2023-04-19,2023-04-19,07:24:00,WHOUSE02,MIGO,REF-4900001132,
100,4900001133,2023,UML,WA,,2023-04-17,2023-04-17,2023-04-17,07:01:00,WHOUSE02,MIGO,REF-4900001133,
100,4900001134,2023,WA,WA,,2023-12-06,2023-12-06,2023-12-06,07:53:00,WHOUSE02,MIGO,REF-4900001134,
100,4900001135,2024,WA,WA,,2024-09-22,2024-09-22,2024-09-22,09:49:00,WHOUSE02,MIGO,REF-4900001135,
100,4900001136,2024,WA,WA,,2024-02-19,2024-02-19,2024-02-19,13:31:00,WHOUSE02,MIGO,REF-4900001136,
100,4900001137,2023,WA,WA,,2023-01-08,2023-01-08,2023-01-08,12:59:00,WHOUSE02,MIGO,REF-4900001137,
100,4900001138,2024,UML,WA,,2024-04-04,2024-04-04,2024-04-04,14:14:00,WHOUSE02,MIGO,REF-4900001138,
100,4900001139,2023,UML,WA,,2023-02-13,2023-02-13,2023-02-13,14:38:00,WHOUSE02,MIGO,REF-4900001139,
100,4900001140,2024,WA,WA,,2024-12-01,2024-12-01,2024-12-01,14:30:00,WHOUSE02,MIGO,REF-4900001140,
100,4900001141,2023,WA,WA,,2023-10-26,2023-10-26,2023-10-26,15:13:00,WHOUSE01,MIGO,REF-4900001141,
100,4900001142,2024,WA,WA,,2024-09-19,2024-09-19,2024-09-19,08:43:00,WHOUSE02,MIGO,REF-4900001142,
100,4900001143,2023,UML,WA,,2023-05-23,2023-05-23,2023-05-23,09:17:00,WHOUSE02,MIGO,REF-4900001143,
100,4900001144,2024,UML,WA,,2024-09-05,2024-09-05,2024-09-05,17:52:00,WHOUSE01,MIGO,REF-4900001144,
100,4900001145,2024,WA,WA,,2024-12-15,2024-12-15,2024-12-15,08:48:00,WHOUSE01,MIGO,REF-4900001145,
100,4900001146,2023,WA,WA,,2023-08-20,2023-08-20,2023-08-20,07:34:00,WHOUSE01,MIGO,REF-4900001146,
100,4900001147,2024,WA,WA,,2024-11-28,2024-11-28,2024-11-28,16:49:00,WHOUSE01,MIGO,REF-4900001147,
100,4900001148,2024,WA,WA,,2024-02-18,2024-02-18,2024-02-18,17:23:00,WHOUSE01,MIGO,REF-4900001148,
100,4900001149,2023,WA,WA,,2023-12-25,2023-12-25,2023-12-25,15:25:00,WHOUSE02,MIGO,REF-4900001149,
100,4900001150,2024,UML,WA,,2024-03-14,2024-03-14,2024-03-14,16:13:00,WHOUSE02,MIGO,REF-4900001150,
100,4900001151,2023,WA,WA,,2023-08-18,2023-08-18,2023-08-18,13:15:00,WHOUSE01,MIGO,REF-4900001151,
100,4900001152,2024,WA,WA,,2024-01-07,2024-01-07,2024-01-07,17:10:00,WHOUSE02,MIGO,REF-4900001152,
100,4900001153,2024,UML,WA,,2024-08-02,2024-08-02,2024-08-02,10:23:00,WHOUSE02,MIGO,REF-4900001153,
100,4900001154,2024,WA,WA,,2024-05-22,2024-05-22,2024-05-22,10:09:00,WHOUSE01,MIGO,REF-4900001154,
100,4900001155,2024,WA,WA,,2024-12-11,2024-12-11,2024-12-11,14:29:00,WHOUSE02,MIGO,REF-4900001155,
100,4900001156,2024,UML,WA,,2024-07-27,2024-07-27,2024-07-27,17:29:00,WHOUSE02,MIGO,REF-4900001156,
100,4900001157,2024,WA,WA,,2024-08-09,2024-08-09,2024-08-09,10:07:00,WHOUSE02,MIGO,REF-4900001157,
100,4900001158,2023,WA,WA,,2023-12-24,2023-12-24,2023-12-24,10:15:00,WHOUSE02,MIGO,REF-4900001158,
100,4900001159,2023,UML,WA,,2023-03-26,2023-03-26,2023-03-26,17:53:00,WHOUSE01,MIGO,REF-4900001159,
100,4900001160,2024,WA,WA,,2024-08-13,2024-08-13,2024-08-13,10:20:00,WHOUSE02,MIGO,REF-4900001160,
100,4900001161,2023,WA,WA,,2023-06-10,2023-06-10,2023-06-10,09:46:00,WHOUSE01,MIGO,REF-4900001161,
100,4900001162,2024,WA,WA,,2024-05-20,2024-05-20,2024-05-20,17:05:00,WHOUSE02,MIGO,REF-4900001162,
100,4900001163,2023,WA,WA,,2023-11-18,2023-11-18,2023-11-18,13:55:00,WHOUSE02,MIGO,REF-4900001163,
100,4900001164,2023,WA,WA,,2023-11-24,2023-11-24,2023-11-24,13:16:00,WHOUSE02,MIGO,REF-4900001164,
100,4900001165,2024,WA,WA,,2024-10-06,2024-10-06,2024-10-06,16:19:00,WHOUSE01,MIGO,REF-4900001165,
100,4900001166,2023,WA,WA,,2023-10-25,2023-10-25,2023-10-25,11:10:00,WHOUSE02,MIGO,REF-4900001166,
100,4900001167,2023,WA,WA,,2023-10-02,2023-10-02,2023-10-02,09:25:00,WHOUSE01,MIGO,REF-4900001167,
100,4900001168,2023,WE,WE,,2023-07-19,2023-07-19,2023-07-19,14:40:00,WHOUSE02,MIGO,REF-4900001168,
100,4900001169,2024,WA,WA,,2024-08-08,2024-08-08,2024-08-08,13:02:00,WHOUSE02,MIGO,REF-4900001169,
100,4900001170,2024,WA,WA,,2024-08-15,2024-08-15,2024-08-15,14:13:00,WHOUSE01,MIGO,REF-4900001170,
100,4900001171,2023,WA,WA,,2023-12-06,2023-12-06,2023-12-06,07:34:00,WHOUSE01,MIGO,REF-4900001171,
100,4900001172,2024,WA,WA,,2024-06-16,2024-06-16,2024-06-16,16:04:00,WHOUSE01,MIGO,REF-4900001172,
100,4900001173,2023,WA,WA,,2023-06-20,2023-06-20,2023-06-20,07:15:00,WHOUSE02,MIGO,REF-4900001173,
100,4900001174,2024,WA,WA,,2024-05-19,2024-05-19,2024-05-19,11:31:00,WHOUSE02,MIGO,REF-4900001174,
100,4900001175,2023,WE,WE,,2023-01-01,2023-01-01,2023-01-01,16:39:00,WHOUSE02,MIGO,REF-4900001175,
100,4900001176,2024,WA,WA,,2024-07-05,2024-07-05,2024-07-05,13:19:00,WHOUSE02,MIGO,REF-4900001176,
100,4900001177,2023,WA,WA,,2023-01-22,2023-01-22,2023-01-22,14:41:00,WHOUSE01,MIGO,REF-4900001177,
100,4900001178,2023,WA,WA,,2023-01-11,2023-01-11,2023-01-11,09:45:00,WHOUSE02,MIGO,REF-4900001178,
100,4900001179,2023,UML,WA,,2023-11-10,2023-11-10,2023-11-10,07:05:00,WHOUSE01,MIGO,REF-4900001179,
100,4900001180,2023,UML,WA,,2023-07-17,2023-07-17,2023-07-17,10:56:00,WHOUSE01,MIGO,REF-4900001180,
100,4900001181,2024,UML,WA,,2024-01-03,2024-01-03,2024-01-03,13:20:00,WHOUSE01,MIGO,REF-4900001181,
100,4900001182,2024,WE,WE,,2024-01-06,2024-01-06,2024-01-06,13:26:00,WHOUSE01,MIGO,REF-4900001182,
100,4900001183,2023,WA,WA,,2023-04-27,2023-04-27,2023-04-27,15:42:00,WHOUSE02,MIGO,REF-4900001183,
100,4900001184,2023,WA,WA,,2023-04-28,2023-04-28,2023-04-28,12:25:00,WHOUSE02,MIGO,REF-4900001184,
100,4900001185,2023,WA,WA,,2023-10-22,2023-10-22,2023-10-22,12:53:00,WHOUSE01,MIGO,REF-4900001185,
100,4900001186,2024,WA,WA,,2024-10-11,2024-10-11,2024-10-11,09:05:00,WHOUSE02,MIGO,REF-4900001186,
100,4900001187,2024,WA,WA,,2024-11-12,2024-11-12,2024-11-12,15:13:00,WHOUSE01,MIGO,REF-4900001187,
100,4900001188,2023,UML,WA,,2023-02-15,2023-02-15,2023-02-15,12:47:00,WHOUSE01,MIGO,REF-4900001188,
100,4900001189,2023,WA,WA,,2023-02-15,2023-02-15,2023-02-15,13:56:00,WHOUSE01,MIGO,REF-4900001189,
100,4900001190,2023,WA,WA,,2023-07-03,2023-07-03,2023-07-03,07:01:00,WHOUSE02,MIGO,REF-4900001190,
100,4900001191,2024,WA,WA,,2024-12-01,2024-12-01,2024-12-01,15:18:00,WHOUSE02,MIGO,REF-4900001191,
100,4900001192,2024,UML,WA,,2024-07-29,2024-07-29,2024-07-29,08:05:00,WHOUSE02,MIGO,REF-4900001192,
100,4900001193,2023,UML,WA,,2023-01-13,2023-01-13,2023-01-13,07:13:00,WHOUSE02,MIGO,REF-4900001193,
100,4900001194,2024,UML,WA,,2024-02-11,2024-02-11,2024-02-11,16:20:00,WHOUSE02,MIGO,REF-4900001194,
100,4900001195,2023,WA,WA,,2023-10-17,2023-10-17,2023-10-17,14:22:00,WHOUSE02,MIGO,REF-4900001195,
100,4900001196,2024,UML,WA,,2024-04-07,2024-04-07,2024-04-07,09:52:00,WHOUSE01,MIGO,REF-4900001196,
100,4900001197,2024,WA,WA,,2024-08-26,2024-08-26,2024-08-26,10:50:00,WHOUSE02,MIGO,REF-4900001197,
100,4900001198,2024,UML,WA,,2024-02-20,2024-02-20,2024-02-20,15:50:00,WHOUSE02,MIGO,REF-4900001198,
100,4900001199,2024,WA,WA,,2024-11-07,2024-11-07,2024-11-07,17:58:00,WHOUSE01,MIGO,REF-4900001199,
100,4900001200,2023,UML,WA,,2023-11-26,2023-11-26,2023-11-26,09:26:00,WHOUSE01,MIGO,REF-4900001200,
100,4900001201,2023,WA,WA,,2023-01-09,2023-01-09,2023-01-09,13:28:00,WHOUSE01,MIGO,REF-4900001201,
100,4900001202,2023,WA,WA,,2023-02-01,2023-02-01,2023-02-01,09:39:00,WHOUSE01,MIGO,REF-4900001202,
100,4900001203,2023,WA,WA,,2023-03-14,2023-03-14,2023-03-14,15:57:00,WHOUSE02,MIGO,REF-4900001203,
100,4900001204,2023,WE,WE,,2023-03-21,2023-03-21,2023-03-21,09:55:00,WHOUSE02,MIGO,REF-4900001204,
100,4900001205,2024,WA,WA,,2024-09-09,2024-09-09,2024-09-09,13:19:00,WHOUSE02,MIGO,REF-4900001205,
100,4900001206,2024,WA,WA,,2024-01-15,2024-01-15,2024-01-15,12:17:00,WHOUSE02,MIGO,REF-4900001206,
100,4900001207,2024,WE,WE,,2024-04-18,2024-04-18,2024-04-18,17:28:00,WHOUSE02,MIGO,REF-4900001207,
100,4900001208,2023,WE,WE,,2023-11-16,2023-11-16,2023-11-16,14:35:00,WHOUSE01,MIGO,REF-4900001208,
100,4900001209,2024,WA,WA,,2024-08-03,2024-08-03,2024-08-03,16:31:00,WHOUSE01,MIGO,REF-4900001209,
100,4900001210,2024,WE,WE,,2024-04-28,2024-04-28,2024-04-28,15:53:00,WHOUSE01,MIGO,REF-4900001210,
100,4900001211,2024,UML,WA,,2024-02-16,2024-02-16,2024-02-16,17:28:00,WHOUSE02,MIGO,REF-4900001211,
100,4900001212,2024,WA,WA,,2024-01-10,2024-01-10,2024-01-10,07:40:00,WHOUSE01,MIGO,REF-4900001212,
100,4900001213,2024,WA,WA,,2024-06-06,2024-06-06,2024-06-06,11:58:00,WHOUSE01,MIGO,REF-4900001213,
100,4900001214,2024,WE,WE,,2024-03-31,2024-03-31,2024-03-31,07:21:00,WHOUSE01,MIGO,REF-4900001214,
100,4900001215,2023,WA,WA,,2023-07-16,2023-07-16,2023-07-16,15:06:00,WHOUSE01,MIGO,REF-4900001215,
100,4900001216,2023,WA,WA,,2023-07-13,2023-07-13,2023-07-13,09:21:00,WHOUSE01,MIGO,REF-4900001216,
100,4900001217,2024,WA,WA,,2024-11-21,2024-11-21,2024-11-21,14:27:00,WHOUSE02,MIGO,REF-4900001217,
100,4900001218,2024,UML,WA,,2024-08-02,2024-08-02,2024-08-02,17:21:00,WHOUSE02,MIGO,REF-4900001218,
100,4900001219,2023,WA,WA,,2023-04-15,2023-04-15,2023-04-15,17:41:00,WHOUSE02,MIGO,REF-4900001219,
100,4900001220,2024,UML,WA,,2024-02-27,2024-02-27,2024-02-27,17:18:00,WHOUSE01,MIGO,REF-4900001220,
100,4900001221,2023,WA,WA,,2023-04-24,2023-04-24,2023-04-24,09:46:00,WHOUSE01,MIGO,REF-4900001221,
100,4900001222,2023,WA,WA,,2023-10-15,2023-10-15,2023-10-15,11:21:00,WHOUSE01,MIGO,REF-4900001222,
100,4900001223,2023,WA,WA,,2023-12-01,2023-12-01,2023-12-01,14:38:00,WHOUSE01,MIGO,REF-4900001223,
