MANDT,MBLNR,MJAHR,ZEILE,LINE_ID,PARENT_ID,LINE_DEPTH,BWART,XAUTO,MATNR,WERKS,LGORT,CHARG,INSMK,SHKZG,WAERS,DMBTR,BNBTR,MENGE,MEINS,ERFMG,ERFME,EBELN,EBELP,LIFNR,KUNNR,SGTXT,BUKRS,BELNR,BUZEI,GJAHR,BUDAT_MKPF,CPUDT_MKPF,USNAM_MKPF,CPUTM_MKPF,LBKUM,LFBNR,LFBJA,SMBLN,SJAHR,SMBLP,VBELN_IM,VBELP_IM,KDAUF,KDPOS
100,4900000000,2023,1,1,0,0,101,,MAT00001,P001,SL03,,,S,USD,291842.29,291842.29,647.0,EA,647.0,EA,,,V0002,,Movement 101 for MAT00001,1000,,,2023,2023-07-16,2023-07-16,WHOUSE01,16:45:00,647.0,,,,,,,,,
100,4900000001,2023,1,1,0,0,301,,MAT00001,P001,SL03,,,H,USD,7699.23,7699.23,33.0,EA,33.0,EA,,,,,Movement 301 for MAT00001,1000,,,2023,2023-12-03,2023-12-03,WHOUSE02,08:58:00,33.0,,,,,,,,,
100,4900000002,2024,1,1,0,0,102,,MAT00001,P001,SL03,,,H,USD,134610.72,134610.72,276.0,EA,276.0,EA,,,,,Movement 102 for MAT00001,1000,,,2024,2024-03-31,2024-03-31,WHOUSE02,12:59:00,276.0,,,,,,,,,
100,4900000003,2024,1,1,0,0,701,,MAT00001,P001,SL03,,,S,USD,18383.76,18383.76,162.0,EA,162.0,EA,,,,,Movement 701 for MAT00001,1000,,,2024,2024-08-19,2024-08-19,WHOUSE02,14:25:00,162.0,,,,,,,,,
100,4900000004,2023,1,1,0,0,701,,MAT00001,P001,SL03,,,S,USD,3756.45,3756.45,15.0,EA,15.0,EA,,,,,Movement 701 for MAT00001,1000,,,2023,2023-01-14,2023-01-14,WHOUSE02,07:47:00,15.0,,,,,,,,,
100,4900000005,2023,1,1,0,0,101,,MAT00001,P001,SL03,,,S,USD,89163.39,89163.39,361.0,EA,361.0,EA,,,V0003,,Movement 101 for MAT00001,1000,,,2023,2023-05-01,2023-05-01,WHOUSE02,17:30:00,361.0,,,,,,,,,
100,4900000006,2024,1,1,0,0,101,,MAT00001,P001,SL03,,,S,USD,337413.3,337413.3,730.0,EA,730.0,EA,,,V0001,,Movement 101 for MAT00001,1000,,,2024,2024-06-27,2024-06-27,WHOUSE02,13:36:00,730.0,,,,,,,,,
100,4900000007,2023,1,1,0,0,261,,MAT00001,P001,SL03,,,H,USD,4156.44,4156.44,228.0,EA,228.0,EA,,,,,Movement 261 for MAT00001,1000,,,2023,2023-05-30,2023-05-30,WHOUSE02,07:15:00,228.0,,,,,,,,,
100,4900000008,2023,1,1,0,0,301,,MAT00001,P001,SL03,,,H,USD,16363.68,16363.68,292.0,EA,292.0,EA,,,,,Movement 301 for MAT00001,1000,,,2023,2023-04-27,2023-04-27,WHOUSE01,09:15:00,292.0,,,,,,,,,
100,4900000009,2023,1,1,0,0,101,,MAT00001,P001,SL03,,,S,USD,33440.33,33440.33,77.0,EA,77.0,EA,,,V0010,,Movement 101 for MAT00001,1000,,,2023,2023-03-30,2023-03-30,WHOUSE02,17:32:00,77.0,,,,,,,,,
100,4900000010,2024,1,1,0,0,101,,MAT00001,P001,SL03,,,S,USD,122045.44,122045.44,512.0,EA,512.0,EA,,,V0005,,Movement 101 for MAT00001,1000,,,2024,2024-05-16,2024-05-16,WHOUSE02,13:18:00,512.0,,,,,,,,,
100,4900000011,2023,1,1,0,0,101,,MAT00001,P001,SL03,,,S,USD,85211.28,85211.28,231.0,EA,231.0,EA,,,V0009,,Movement 101 for MAT00001,1000,,,2023,2023-07-13,2023-07-13,WHOUSE01,07:05:00,231.0,,,,,,,,,
100,4900000012,2024,1,1,0,0,101,,MAT00001,P001,SL03,,,S,USD,72090.0,72090.0,216.0,EA,216.0,EA,,,V0009,,Movement 101 for MAT00001,1000,,,2024,2024-11-26,2024-11-26,WHOUSE02,11:29:00,216.0,,,,,,,,,
100,4900000013,2023,1,1,0,0,501,,MAT00001,P001,SL03,,,S,USD,83429.5,83429.5,197.0,EA,197.0,EA,,,V0014,,Movement 501 for MAT00001,1000,,,2023,2023-07-18,2023-07-18,WHOUSE02,11:55:00,197.0,,,,,,,,,
100,4900000014,2023,1,1,0,0,601,,MAT00001,P001,SL03,,,H,USD,113543.82,113543.82,234.0,EA,234.0,EA,,,,,Movement 601 for MAT00001,1000,,,2023,2023-11-19,2023-11-19,WHOUSE02,17:30:00,234.0,,,,,,8000000010.0,20.0,,
100,4900000015,2023,1,1,0,0,101,,MAT00001,P001,SL03,,,S,USD,187042.84,187042.84,527.0,EA,527.0,EA,,,V0005,,Movement 101 for MAT00001,1000,,,2023,2023-09-19,2023-09-19,WHOUSE01,11:59:00,527.0,,,,,,,,,
100,4900000016,2023,1,1,0,0,101,,MAT00001,P001,SL03,,,S,USD,78100.0,78100.0,710.0,EA,710.0,EA,,,V0009,,Movement 101 for MAT00001,1000,,,2023,2023-05-29,2023-05-29,WHOUSE01,16:39:00,710.0,,,,,,,,,
100,4900000017,2024,1,1,0,0,101,,MAT00001,P001,SL03,,,S,USD,140962.8,140962.8,354.0,EA,354.0,EA,,,V0011,,Movement 101 for MAT00001,1000,,,2024,2024-08-23,2024-08-23,WHOUSE02,17:21:00,354.0,,,,,,,,,
100,4900000018,2023,1,1,0,0,501,,MAT00001,P001,SL03,,,S,USD,17199.18,17199.18,94.0,EA,94.0,EA,,,V0001,,Movement 501 for MAT00001,1000,,,2023,2023-03-30,2023-03-30,WHOUSE02,17:39:00,94.0,,,,,,,,,
100,4900000019,2023,1,1,0,0,101,,MAT00001,P001,SL03,,,S,USD,224795.12,224795.12,547.0,EA,547.0,EA,,,V0001,,Movement 101 for MAT00001,1000,,,2023,2023-06-02,2023-06-02,WHOUSE02,13:00:00,547.0,,,,,,,,,
100,4900000020,2023,1,1,0,0,101,,MAT00001,P001,SL03,,,S,USD,263443.53,263443.53,643.0,EA,643.0,EA,,,V0009,,Movement 101 for MAT00001,1000,,,2023,2023-05-10,2023-05-10,WHOUSE01,11:40:00,643.0,,,,,,,,,
100,4900000021,2023,1,1,0,0,101,,MAT00001,P001,SL03,,,S,USD,200918.5,200918.5,778.0,EA,778.0,EA,,,V0004,,Movement 101 for MAT00001,1000,,,2023,2023-03-13,2023-03-13,WHOUSE02,08:11:00,778.0,,,,,,,,,
100,4900000022,2023,1,1,0,0,101,,MAT00001,P001,SL03,,,S,USD,67708.8,67708.8,144.0,EA,144.0,EA,,,V0007,,Movement 101 for MAT00001,1000,,,2023,2023-11-29,2023-11-29,WHOUSE01,13:47:00,144.0,,,,,,,,,
100,4900000023,2023,1,1,0,0,261,,MAT00001,P001,SL03,,,H,USD,64756.59,64756.59,199.0,EA,199.0,EA,,,,,Movement 261 for MAT00001,1000,,,2023,2023-08-05,2023-08-05,WHOUSE02,17:42:00,199.0,,,,,,,,,
100,4900000024,2024,1,1,0,0,101,,MAT00001,P001,SL03,,,S,USD,100487.21,100487.21,311.0,EA,311.0,EA,,,V0003,,Movement 101 for MAT00001,1000,,,2024,2024-10-21,2024-10-21,WHOUSE02,11:22:00,311.0,,,,,,,,,
100,4900000025,2024,1,1,0,0,101,,MAT00001,P001,SL03,,,S,USD,36389.25,36389.25,243.0,EA,243.0,EA,,,V0008,,Movement 101 for MAT00001,1000,,,2024,2024-11-17,2024-11-17,WHOUSE01,14:15:00,243.0,,,,,,,,,
100,4900000026,2023,1,1,0,0,101,,MAT00001,P001,SL03,,,S,USD,243674.13,243674.13,831.0,EA,831.0,EA,,,V0012,,Movement 101 for MAT00001,1000,,,2023,2023-10-13,2023-10-13,WHOUSE02,13:33:00,831.0,,,,,,,,,
100,4900000027,2023,1,1,0,0,102,,MAT00001,P001,SL03,,,H,USD,66116.82,66116.82,242.0,EA,242.0,EA,,,,,Movement 102 for MAT00001,1000,,,2023,2023-04-15,2023-04-15,WHOUSE01,14:31:00,242.0,,,,,,,,,
100,4900000028,2024,1,1,0,0,101,,MAT00001,P001,SL03,,,S,USD,54509.56,54509.56,406.0,EA,406.0,EA,,,V0008,,Movement 101 for MAT00001,1000,,,2024,2024-01-31,2024-01-31,WHOUSE02,16:19:00,406.0,,,,,,,,,
100,4900000029,2024,1,1,0,0,101,,MAT00001,P001,SL03,,,S,USD,165143.16,165143.16,364.0,EA,364.0,EA,,,V0010,,Movement 101 for MAT00001,1000,,,2024,2024-11-27,2024-11-27,WHOUSE01,12:42:00,364.0,,,,,,,,,
100,4900000030,2023,1,1,0,0,201,,MAT00001,P002,SL01,,,H,USD,44043.6,44043.6,204.0,EA,204.0,EA,,,,,Movement 201 for MAT00001,1000,,,2023,2023-07-30,2023-07-30,WHOUSE02,16:31:00,204.0,,,,,,,,,
100,4900000031,2023,1,1,0,0,101,,MAT00001,P002,SL01,,,S,USD,14437.1,14437.1,230.0,EA,230.0,EA,,,V0003,,Movement 101 for MAT00001,1000,,,2023,2023-12-05,2023-12-05,WHOUSE02,12:31:00,230.0,,,,,,,,,
100,4900000032,2024,1,1,0,0,701,,MAT00001,P002,SL01,,,S,USD,988.5,988.5,50.0,EA,50.0,EA,,,,,Movement 701 for MAT00001,1000,,,2024,2024-05-10,2024-05-10,WHOUSE01,07:03:00,50.0,,,,,,,,,
100,4900000033,2024,1,1,0,0,702,,MAT00001,P002,SL01,,,H,USD,42337.5,42337.5,150.0,EA,150.0,EA,,,,,Movement 702 for MAT00001,1000,,,2024,2024-01-10,2024-01-10,WHOUSE02,15:05:00,150.0,,,,,,,,,
100,4900000034,2024,1,1,0,0,101,,MAT00001,P002,SL01,,,S,USD,67996.04,67996.04,287.0,EA,287.0,EA,,,V0008,,Movement 101 for MAT00001,1000,,,2024,2024-07-12,2024-07-12,WHOUSE01,09:59:00,287.0,,,,,,,,,
100,4900000035,2023,1,1,0,0,261,,MAT00001,P002,SL01,,,H,USD,128714.86,128714.86,281.0,EA,281.0,EA,,,,,Movement 261 for MAT00001,1000,,,2023,2023-04-18,2023-04-18,WHOUSE02,11:59:00,281.0,,,,,,,,,
100,4900000036,2024,1,1,0,0,101,,MAT00001,P002,SL01,,,S,USD,7195.24,7195.24,52.0,EA,52.0,EA,,,V0012,,Movement 101 for MAT00001,1000,,,2024,2024-06-18,2024-06-18,WHOUSE02,10:26:00,52.0,,,,,,,,,
100,4900000037,2023,1,1,0,0,102,,MAT00001,P002,SL01,,,H,USD,76295.05,76295.05,169.0,EA,169.0,EA,,,,,Movement 102 for MAT00001,1000,,,2023,2023-06-27,2023-06-27,WHOUSE01,14:54:00,169.0,,,,,,,,,
100,4900000038,2024,1,1,0,0,101,,MAT00001,P002,SL01,,,S,USD,46782.04,46782.04,212.0,EA,212.0,EA,,,V0003,,Movement 101 for MAT00001,1000,,,2024,2024-12-24,2024-12-24,WHOUSE01,13:13:00,212.0,,,,,,,,,
100,4900000039,2023,1,1,0,0,261,,MAT00001,P002,SL01,,,H,USD,115449.96,115449.96,251.0,EA,251.0,EA,,,,,Movement 261 for MAT00001,1000,,,2023,2023-11-13,2023-11-13,WHOUSE01,10:40:00,251.0,,,,,,,,,
100,4900000040,2024,1,1,0,0,101,,MAT00001,P002,SL01,,,S,USD,8270.35,8270.35,121.0,EA,121.0,EA,,,V0003,,Movement 101 for MAT00001,1000,,,2024,2024-07-10,2024-07-10,WHOUSE02,07:07:00,121.0,,,,,,,,,
100,4900000041,2024,1,1,0,0,101,,MAT00001,P002,SL01,,,S,USD,5919.38,5919.38,86.0,EA,86.0,EA,,,V0013,,Movement 101 for MAT00001,1000,,,2024,2024-03-06,2024-03-06,WHOUSE02,17:52:00,86.0,,,,,,,,,
100,4900000042,2023,1,1,0,0,601,,MAT00001,P003,SL01,,,H,USD,14404.65,14404.65,89.0,EA,89.0,EA,,,,,Movement 601 for MAT00001,1000,,,2023,2023-03-18,2023-03-18,WHOUSE01,17:18:00,89.0,,,,,,8000000035.0,10.0,,
100,4900000043,2023,1,1,0,0,201,,MAT00001,P003,SL01,,,H,USD,4122.06,4122.06,87.0,EA,87.0,EA,,,,,Movement 201 for MAT00001,1000,,,2023,2023-11-09,2023-11-09,WHOUSE02,10:59:00,87.0,,,,,,,,,
100,4900000044,2024,1,1,0,0,101,,MAT00001,P003,SL01,,,S,USD,36543.65,36543.65,209.0,EA,209.0,EA,,,V0015,,Movement 101 for MAT00001,1000,,,2024,2024-05-28,2024-05-28,WHOUSE02,13:59:00,209.0,,,,,,,,,
100,4900000045,2023,1,1,0,0,101,,MAT00001,P003,SL01,,,S,USD,54337.46,54337.46,194.0,EA,194.0,EA,,,V0001,,Movement 101 for MAT00001,1000,,,2023,2023-11-14,2023-11-14,WHOUSE02,09:37:00,194.0,,,,,,,,,
100,4900000046,2024,1,1,0,0,101,,MAT00001,P003,SL01,,,S,USD,137318.35,137318.35,289.0,EA,289.0,EA,,,V0002,,Movement 101 for MAT00001,1000,,,2024,2024-05-12,2024-05-12,WHOUSE01,13:23:00,289.0,,,,,,,,,
100,4900000047,2023,1,1,0,0,101,,MAT00001,P003,SL01,,,S,USD,50927.56,50927.56,262.0,EA,262.0,EA,,,V0004,,Movement 101 for MAT00001,1000,,,2023,2023-01-21,2023-01-21,WHOUSE02,11:58:00,262.0,,,,,,,,,
100,4900000048,2024,1,1,0,0,101,,MAT00001,P003,SL01,,,S,USD,75079.31,75079.31,289.0,EA,289.0,EA,,,V0007,,Movement 101 for MAT00001,1000,,,2024,2024-01-14,2024-01-14,WHOUSE02,13:48:00,289.0,,,,,,,,,
100,4900000049,2024,1,1,0,0,101,,MAT00001,P003,SL01,,,S,USD,76700.26,76700.26,182.0,EA,182.0,EA,,,V0005,,Movement 101 for MAT00001,1000,,,2024,2024-03-23,2024-03-23,WHOUSE01,08:05:00,182.0,,,,,,,,,
100,4900000050,2023,1,1,0,0,101,,MAT00001,P003,SL01,,,S,USD,19331.9,19331.9,70.0,EA,70.0,EA,,,V0013,,Movement 101 for MAT00001,1000,,,2023,2023-12-13,2023-12-13,WHOUSE02,09:21:00,70.0,,,,,,,,,
100,4900000051,2023,1,1,0,0,101,,MAT00001,P003,SL01,,,S,USD,22553.1,22553.1,270.0,EA,270.0,EA,,,V0013,,Movement 101 for MAT00001,1000,,,2023,2023-12-28,2023-12-28,WHOUSE02,09:27:00,270.0,,,,,,,,,
100,4900000052,2023,1,1,0,0,101,,MAT00001,P003,SL01,,,S,USD,9528.34,9528.34,178.0,EA,178.0,EA,,,V0003,,Movement 101 for MAT00001,1000,,,2023,2023-07-11,2023-07-11,WHOUSE01,15:37:00,178.0,,,,,,,,,
100,4900000053,2024,1,1,0,0,101,,MAT00001,P003,SL01,,,S,USD,25598.16,25598.16,54.0,EA,54.0,EA,,,V0009,,Movement 101 for MAT00001,1000,,,2024,2024-08-28,2024-08-28,WHOUSE01,13:07:00,54.0,,,,,,,,,
100,4900000054,2024,1,1,0,0,101,,MAT00001,P003,SL01,,,S,USD,23520.91,23520.91,193.0,EA,193.0,EA,,,V0015,,Movement 101 for MAT00001,1000,,,2024,2024-12-07,2024-12-07,WHOUSE02,07:41:00,193.0,,,,,,,,,
100,4900000055,2024,1,1,0,0,101,,MAT00001,P003,SL01,,,S,USD,8950.5,8950.5,150.0,EA,150.0,EA,,,V0008,,Movement 101 for MAT00001,1000,,,2024,2024-04-28,2024-04-28,WHOUSE02,16:19:00,150.0,,,,,,,,,
100,4900000056,2023,1,1,0,0,101,,MAT00001,P003,SL01,,,S,USD,92063.32,92063.32,223.0,EA,223.0,EA,,,V0005,,Movement 101 for MAT00001,1000,,,2023,2023-01-17,2023-01-17,WHOUSE01,14:07:00,223.0,,,,,,,,,
100,4900000057,2024,1,1,0,0,601,,MAT00001,P003,SL01,,,H,USD,18957.75,18957.75,161.0,EA,161.0,EA,,,,,Movement 601 for MAT00001,1000,,,2024,2024-01-27,2024-01-27,WHOUSE02,08:07:00,161.0,,,,,,8000000049.0,10.0,,
100,4900000058,2024,1,1,0,0,101,,MAT00001,P003,SL01,,,S,USD,37190.04,37190.04,79.0,EA,79.0,EA,,,V0011,,Movement 101 for MAT00001,1000,,,2024,2024-08-29,2024-08-29,WHOUSE02,12:19:00,79.0,,,,,,,,,
100,4900000059,2024,1,1,0,0,702,,MAT00001,P003,SL01,,,H,USD,16368.3,16368.3,39.0,EA,39.0,EA,,,,,Movement 702 for MAT00001,1000,,,2024,2024-03-27,2024-03-27,WHOUSE01,11:06:00,39.0,,,,,,,,,
100,4900000060,2023,1,1,0,0,101,,MAT00001,P003,SL01,,,S,USD,7314.24,7314.24,32.0,EA,32.0,EA,,,V0011,,Movement 101 for MAT00001,1000,,,2023,2023-11-23,2023-11-23,WHOUSE02,16:15:00,32.0,,,,,,,,,
100,4900000061,2024,1,1,0,0,101,,MAT00002,P001,SL01,,,S,USD,139909.41,139909.41,573.0,EA,573.0,EA,,,V0015,,Movement 101 for MAT00002,1000,,,2024,2024-01-25,2024-01-25,WHOUSE02,14:11:00,573.0,,,,,,,,,
100,4900000062,2024,1,1,0,0,101,,MAT00002,P001,SL01,,,S,USD,23674.95,23674.95,95.0,EA,95.0,EA,,,V0007,,Movement 101 for MAT00002,1000,,,2024,2024-07-07,2024-07-07,WHOUSE02,15:28:00,95.0,,,,,,,,,
100,4900000063,2024,1,1,0,0,101,,MAT00002,P001,SL01,,,S,USD,86148.0,86148.0,360.0,EA,360.0,EA,,,V0003,,Movement 101 for MAT00002,1000,,,2024,2024-09-20,2024-09-20,WHOUSE02,10:17:00,360.0,,,,,,,,,
100,4900000064,2024,1,1,0,0,101,,MAT00002,P001,SL01,,,S,USD,38141.32,38141.32,716.0,EA,716.0,EA,,,V0004,,Movement 101 for MAT00002,1000,,,2024,2024-08-11,2024-08-11,WHOUSE01,17:18:00,716.0,,,,,,,,,
100,4900000065,2024,1,1,0,0,101,,MAT00002,P001,SL01,,,S,USD,22498.2,22498.2,261.0,EA,261.0,EA,,,V0001,,Movement 101 for MAT00002,1000,,,2024,2024-03-14,2024-03-14,WHOUSE02,09:45:00,261.0,,,,,,,,,
100,4900000066,2023,1,1,0,0,261,,MAT00002,P001,SL01,,,H,USD,65481.13,65481.13,143.0,EA,143.0,EA,,,,,Movement 261 for MAT00002,1000,,,2023,2023-08-24,2023-08-24,WHOUSE02,13:21:00,143.0,,,,,,,,,
100,4900000067,2024,1,1,0,0,261,,MAT00002,P001,SL01,,,H,USD,31696.17,31696.17,139.0,EA,139.0,EA,,,,,Movement 261 for MAT00002,1000,,,2024,2024-08-31,2024-08-31,WHOUSE01,13:00:00,139.0,,,,,,,,,
100,4900000068,2024,1,1,0,0,102,,MAT00002,P001,SL01,,,H,USD,57885.79,57885.79,241.0,EA,241.0,EA,,,,,Movement 102 for MAT00002,1000,,,2024,2024-08-16,2024-08-16,WHOUSE02,15:47:00,241.0,,,,,,,,,
100,4900000069,2024,1,1,0,0,101,,MAT00002,P001,SL01,,,S,USD,12593.75,12593.75,325.0,EA,325.0,EA,,,V0013,,Movement 101 for MAT00002,1000,,,2024,2024-06-05,2024-06-05,WHOUSE01,10:51:00,325.0,,,,,,,,,
100,4900000070,2024,1,1,0,0,101,,MAT00002,P001,SL01,,,S,USD,11523.06,11523.06,486.0,EA,486.0,EA,,,V0005,,Movement 101 for MAT00002,1000,,,2024,2024-12-07,2024-12-07,WHOUSE02,10:09:00,486.0,,,,,,,,,
100,4900000071,2023,1,1,0,0,101,,MAT00002,P001,SL01,,,S,USD,33743.27,33743.27,353.0,EA,353.0,EA,,,V0002,,Movement 101 for MAT00002,1000,,,2023,2023-06-14,2023-06-14,WHOUSE02,16:17:00,353.0,,,,,,,,,
100,4900000072,2023,1,1,0,0,301,,MAT00002,P001,SL01,,,H,USD,55763.1,55763.1,285.0,EA,285.0,EA,,,,,Movement 301 for MAT00002,1000,,,2023,2023-12-29,2023-12-29,WHOUSE02,15:09:00,285.0,,,,,,,,,
100,4900000073,2023,1,1,0,0,101,,MAT00002,P001,SL01,,,S,USD,62988.9,62988.9,465.0,EA,465.0,EA,,,V0009,,Movement 101 for MAT00002,1000,,,2023,2023-01-24,2023-01-24,WHOUSE02,13:05:00,465.0,,,,,,,,,
100,4900000074,2024,1,1,0,0,101,,MAT00002,P001,SL01,,,S,USD,44325.6,44325.6,92.0,EA,92.0,EA,,,V0004,,Movement 101 for MAT00002,1000,,,2024,2024-07-19,2024-07-19,WHOUSE01,10:00:00,92.0,,,,,,,,,
100,4900000075,2024,1,1,0,0,201,,MAT00002,P001,SL01,,,H,USD,49808.22,49808.22,231.0,EA,231.0,EA,,,,,Movement 201 for MAT00002,1000,,,2024,2024-11-23,2024-11-23,WHOUSE02,17:34:00,231.0,,,,,,,,,
100,4900000076,2024,1,1,0,0,101,,MAT00002,P001,SL01,,,S,USD,56668.8,56668.8,192.0,EA,192.0,EA,,,V0005,,Movement 101 for MAT00002,1000,,,2024,2024-04-15,2024-04-15,WHOUSE01,10:18:00,192.0,,,,,,,,,
100,4900000077,2023,1,1,0,0,261,,MAT00002,P002,SL01,,,H,USD,60860.85,60860.85,255.0,EA,255.0,EA,,,,,Movement 261 for MAT00002,1000,,,2023,2023-02-02,2023-02-02,WHOUSE01,17:56:00,255.0,,,,,,,,,
100,4900000078,2023,1,1,0,0,101,,MAT00002,P002,SL01,,,S,USD,8466.15,8466.15,55.0,EA,55.0,EA,,,V0008,,Movement 101 for MAT00002,1000,,,2023,2023-08-02,2023-08-02,WHOUSE01,11:24:00,55.0,,,,,,,,,
100,4900000079,2023,1,1,0,0,101,,MAT00002,P002,SL01,,,S,USD,66518.46,66518.46,174.0,EA,174.0,EA,,,V0011,,Movement 101 for MAT00002,1000,,,2023,2023-05-08,2023-05-08,WHOUSE01,12:40:00,174.0,,,,,,,,,
100,4900000080,2024,1,1,0,0,101,,MAT00002,P002,SL01,,,S,USD,63313.2,63313.2,180.0,EA,180.0,EA,,,V0003,,Movement 101 for MAT00002,1000,,,2024,2024-06-03,2024-06-03,WHOUSE02,08:13:00,180.0,,,,,,,,,
100,4900000081,2024,1,1,0,0,701,,MAT00002,P002,SL01,,,S,USD,16256.58,16256.58,86.0,EA,86.0,EA,,,,,Movement 701 for MAT00002,1000,,,2024,2024-06-25,2024-06-25,WHOUSE01,07:53:00,86.0,,,,,,,,,
100,4900000082,2023,1,1,0,0,101,,MAT00002,P002,SL01,,,S,USD,58200.35,58200.35,229.0,EA,229.0,EA,,,V0015,,Movement 101 for MAT00002,1000,,,2023,2023-03-26,2023-03-26,WHOUSE02,10:25:00,229.0,,,,,,,,,
100,4900000083,2023,1,1,0,0,301,,MAT00002,P002,SL01,,,H,USD,28301.79,28301.79,139.0,EA,139.0,EA,,,,,Movement 301 for MAT00002,1000,,,2023,2023-12-08,2023-12-08,WHOUSE02,16:25:00,139.0,,,,,,,,,
100,4900000084,2024,1,1,0,0,501,,MAT00002,P002,SL01,,,S,USD,2890.72,2890.72,28.0,EA,28.0,EA,,,V0006,,Movement 501 for MAT00002,1000,,,2024,2024-04-11,2024-04-11,WHOUSE02,11:23:00,28.0,,,,,,,,,
100,4900000085,2024,1,1,0,0,201,,MAT00002,P002,SL01,,,H,USD,14149.68,14149.68,87.0,EA,87.0,EA,,,,,Movement 201 for MAT00002,1000,,,2024,2024-08-20,2024-08-20,WHOUSE01,09:52:00,87.0,,,,,,,,,
100,4900000086,2023,1,1,0,0,101,,MAT00002,P002,SL01,,,S,USD,42506.99,42506.99,137.0,EA,137.0,EA,,,V0007,,Movement 101 for MAT00002,1000,,,2023,2023-12-27,2023-12-27,WHOUSE02,12:51:00,137.0,,,,,,,,,
100,4900000087,2023,1,1,0,0,101,,MAT00002,P002,SL01,,,S,USD,70810.1,70810.1,170.0,EA,170.0,EA,,,V0012,,Movement 101 for MAT00002,1000,,,2023,2023-02-02,2023-02-02,WHOUSE01,07:00:00,170.0,,,,,,,,,
100,4900000088,2023,1,1,0,0,101,,MAT00002,P002,SL01,,,S,USD,31066.14,31066.14,229.0,EA,229.0,EA,,,V0001,,Movement 101 for MAT00002,1000,,,2023,2023-10-17,2023-10-17,WHOUSE01,11:23:00,229.0,,,,,,,,,
100,4900000089,2024,1,1,0,0,101,,MAT00002,P002,SL01,,,S,USD,14791.56,14791.56,42.0,EA,42.0,EA,,,V0015,,Movement 101 for MAT00002,1000,,,2024,2024-07-09,2024-07-09,WHOUSE02,09:01:00,42.0,,,,,,,,,
100,4900000090,2023,1,1,0,0,101,,MAT00002,P003,SL02,,,S,USD,14364.0,14364.0,126.0,EA,126.0,EA,,,V0007,,Movement 101 for MAT00002,1000,,,2023,2023-03-13,2023-03-13,WHOUSE02,09:06:00,126.0,,,,,,,,,
100,4900000091,2024,1,1,0,0,701,,MAT00002,P003,SL02,,,S,USD,35592.9,35592.9,105.0,EA,105.0,EA,,,,,Movement 701 for MAT00002,1000,,,2024,2024-12-21,2024-12-21,WHOUSE02,12:18:00,105.0,,,,,,,,,
100,4900000092,2023,1,1,0,0,101,,MAT00002,P003,SL02,,,S,USD,14084.74,14084.74,134.0,EA,134.0,EA,,,V0006,,Movement 101 for MAT00002,1000,,,2023,2023-10-14,2023-10-14,WHOUSE02,17:15:00,134.0,,,,,,,,,
100,4900000093,2023,1,1,0,0,701,,MAT00002,P003,SL02,,,S,USD,1744.35,1744.35,145.0,EA,145.0,EA,,,,,Movement 701 for MAT00002,1000,,,2023,2023-09-25,2023-09-25,WHOUSE02,09:57:00,145.0,,,,,,,,,
100,4900000094,2024,1,1,0,0,101,,MAT00002,P003,SL02,,,S,USD,15279.04,15279.04,266.0,EA,266.0,EA,,,V0007,,Movement 101 for MAT00002,1000,,,2024,2024-05-19,2024-05-19,WHOUSE02,09:25:00,266.0,,,,,,,,,
100,4900000095,2023,1,1,0,0,101,,MAT00002,P003,SL02,,,S,USD,1648.72,1648.72,296.0,EA,296.0,EA,,,V0002,,Movement 101 for MAT00002,1000,,,2023,2023-09-26,2023-09-26,WHOUSE01,14:15:00,296.0,,,,,,,,,
100,4900000096,2024,1,1,0,0,102,,MAT00002,P003,SL02,,,H,USD,122075.38,122075.38,266.0,EA,266.0,EA,,,,,Movement 102 for MAT00002,1000,,,2024,2024-03-07,2024-03-07,WHOUSE02,15:16:00,266.0,,,,,,,,,
100,4900000097,2024,1,1,0,0,261,,MAT00002,P003,SL02,,,H,USD,50948.12,50948.12,172.0,EA,172.0,EA,,,,,Movement 261 for MAT00002,1000,,,2024,2024-03-03,2024-03-03,WHOUSE02,09:52:00,172.0,,,,,,,,,
100,4900000098,2023,1,1,0,0,101,,MAT00003,P001,SL02,,,S,USD,14268.51,14268.51,69.0,EA,69.0,EA,,,V0011,,Movement 101 for MAT00003,1000,,,2023,2023-10-19,2023-10-19,WHOUSE01,11:02:00,69.0,,,,,,,,,
100,4900000099,2024,1,1,0,0,101,,MAT00003,P001,SL02,,,S,USD,107470.44,107470.44,252.0,EA,252.0,EA,,,V0012,,Movement 101 for MAT00003,1000,,,2024,2024-04-17,2024-04-17,WHOUSE02,15:29:00,252.0,,,,,,,,,
100,4900000100,2023,1,1,0,0,101,,MAT00003,P001,SL02,,,S,USD,22325.8,22325.8,148.0,EA,148.0,EA,,,V0005,,Movement 101 for MAT00003,1000,,,2023,2023-05-02,2023-05-02,WHOUSE02,16:49:00,148.0,,,,,,,,,
100,4900000101,2024,1,1,0,0,101,,MAT00003,P001,SL02,,,S,USD,5992.8,5992.8,40.0,EA,40.0,EA,,,V0014,,Movement 101 for MAT00003,1000,,,2024,2024-07-30,2024-07-30,WHOUSE01,08:21:00,40.0,,,,,,,,,
100,4900000102,2023,1,1,0,0,101,,MAT00003,P001,SL02,,,S,USD,19586.11,19586.11,41.0,EA,41.0,EA,,,V0001,,Movement 101 for MAT00003,1000,,,2023,2023-02-07,2023-02-07,WHOUSE01,08:01:00,41.0,,,,,,,,,
100,4900000103,2024,1,1,0,0,101,,MAT00003,P001,SL02,,,S,USD,29862.0,29862.0,120.0,EA,120.0,EA,,,V0008,,Movement 101 for MAT00003,1000,,,2024,2024-07-16,2024-07-16,WHOUSE01,11:39:00,120.0,,,,,,,,,
100,4900000104,2024,1,1,0,0,101,,MAT00003,P001,SL02,,,S,USD,8676.15,8676.15,35.0,EA,35.0,EA,,,V0012,,Movement 101 for MAT00003,1000,,,2024,2024-06-11,2024-06-11,WHOUSE02,07:06:00,35.0,,,,,,,,,
100,4900000105,2023,1,1,0,0,101,,MAT00003,P001,SL02,,,S,USD,81168.31,81168.31,257.0,EA,257.0,EA,,,V0009,,Movement 101 for MAT00003,1000,,,2023,2023-01-17,2023-01-17,WHOUSE01,09:44:00,257.0,,,,,,,,,
100,4900000106,2024,1,1,0,0,101,,MAT00003,P001,SL02,,,S,USD,13869.24,13869.24,132.0,EA,132.0,EA,,,V0003,,Movement 101 for MAT00003,1000,,,2024,2024-02-02,2024-02-02,WHOUSE02,13:10:00,132.0,,,,,,,,,
100,4900000107,2023,1,1,0,0,301,,MAT00003,P001,SL02,,,H,USD,51165.0,51165.0,150.0,EA,150.0,EA,,,,,Movement 301 for MAT00003,1000,,,2023,2023-01-30,2023-01-30,WHOUSE02,16:36:00,150.0,,,,,,,,,
100,4900000108,2023,1,1,0,0,101,,MAT00003,P001,SL02,,,S,USD,42157.7,42157.7,130.0,EA,130.0,EA,,,V0009,,Movement 101 for MAT00003,1000,,,2023,2023-05-30,2023-05-30,WHOUSE01,17:12:00,130.0,,,,,,,,,
100,4900000109,2024,1,1,0,0,101,,MAT00003,P001,SL02,,,S,USD,10129.98,10129.98,271.0,EA,271.0,EA,,,V0005,,Movement 101 for MAT00003,1000,,,2024,2024-11-02,2024-11-02,WHOUSE02,11:13:00,271.0,,,,,,,,,
100,4900000110,2024,1,1,0,0,101,,MAT00003,P001,SL02,,,S,USD,6881.2,6881.2,20.0,EA,20.0,EA,,,V0005,,Movement 101 for MAT00003,1000,,,2024,2024-08-23,2024-08-23,WHOUSE02,15:51:00,20.0,,,,,,,,,
100,4900000111,2024,1,1,0,0,101,,MAT00003,P001,SL02,,,S,USD,5842.92,5842.92,146.0,EA,146.0,EA,,,V0009,,Movement 101 for MAT00003,1000,,,2024,2024-03-13,2024-03-13,WHOUSE01,17:09:00,146.0,,,,,,,,,
100,4900000112,2023,1,1,0,0,101,,MAT00003,P001,SL02,,,S,USD,21975.66,21975.66,163.0,EA,163.0,EA,,,V0009,,Movement 101 for MAT00003,1000,,,2023,2023-02-23,2023-02-23,WHOUSE02,12:52:00,163.0,,,,,,,,,
100,4900000113,2023,1,1,0,0,261,,MAT00003,P002,SL02,,,H,USD,126734.52,126734.52,268.0,EA,268.0,EA,,,,,Movement 261 for MAT00003,1000,,,2023,2023-07-21,2023-07-21,WHOUSE02,12:18:00,268.0,,,,,,,,,
100,4900000114,2024,1,1,0,0,201,,MAT00003,P002,SL02,,,H,USD,8604.49,8604.49,71.0,EA,71.0,EA,,,,,Movement 201 for MAT00003,1000,,,2024,2024-10-04,2024-10-04,WHOUSE01,10:10:00,71.0,,,,,,,,,
100,4900000115,2024,1,1,0,0,261,,MAT00003,P002,SL02,,,H,USD,67327.28,67327.28,274.0,EA,274.0,EA,,,,,Movement 261 for MAT00003,1000,,,2024,2024-08-19,2024-08-19,WHOUSE02,12:10:00,274.0,,,,,,,,,
100,4900000116,2023,1,1,0,0,101,,MAT00003,P002,SL02,,,S,USD,3517.8,3517.8,10.0,EA,10.0,EA,,,V0004,,Movement 101 for MAT00003,1000,,,2023,2023-09-25,2023-09-25,WHOUSE01,09:58:00,10.0,,,,,,,,,
100,4900000117,2023,1,1,0,0,102,,MAT00003,P002,SL02,,,H,USD,73847.8,73847.8,260.0,EA,260.0,EA,,,,,Movement 102 for MAT00003,1000,,,2023,2023-10-11,2023-10-11,WHOUSE01,15:43:00,260.0,,,,,,,,,
100,4900000118,2023,1,1,0,0,101,,MAT00003,P002,SL02,,,S,USD,33821.76,33821.76,196.0,EA,196.0,EA,,,V0003,,Movement 101 for MAT00003,1000,,,2023,2023-12-19,2023-12-19,WHOUSE01,14:30:00,196.0,,,,,,,,,
100,4900000119,2023,1,1,0,0,101,,MAT00003,P002,SL02,,,S,USD,38200.05,38200.05,181.0,EA,181.0,EA,,,V0005,,Movement 101 for MAT00003,1000,,,2023,2023-07-26,2023-07-26,WHOUSE02,15:41:00,181.0,,,,,,,,,
100,4900000120,2024,1,1,0,0,701,,MAT00003,P002,SL02,,,S,USD,128889.08,128889.08,281.0,EA,281.0,EA,,,,,Movement 701 for MAT00003,1000,,,2024,2024-01-14,2024-01-14,WHOUSE02,14:15:00,281.0,,,,,,,,,
100,4900000121,2024,1,1,0,0,101,,MAT00003,P002,SL02,,,S,USD,10227.05,10227.05,137.0,EA,137.0,EA,,,V0013,,Movement 101 for MAT00003,1000,,,2024,2024-04-23,2024-04-23,WHOUSE02,13:09:00,137.0,,,,,,,,,
100,4900000122,2024,1,1,0,0,101,,MAT00003,P002,SL02,,,S,USD,47812.74,47812.74,114.0,EA,114.0,EA,,,V0011,,Movement 101 for MAT00003,1000,,,2024,2024-06-25,2024-06-25,WHOUSE01,07:57:00,114.0,,,,,,,,,
100,4900000123,2023,1,1,0,0,101,,MAT00003,P002,SL02,,,S,USD,981.4,981.4,7.0,EA,7.0,EA,,,V0001,,Movement 101 for MAT00003,1000,,,2023,2023-11-23,2023-11-23,WHOUSE01,12:37:00,7.0,,,,,,,,,
100,4900000124,2023,1,1,0,0,201,,MAT00003,P002,SL02,,,H,USD,44532.0,44532.0,90.0,EA,90.0,EA,,,,,Movement 201 for MAT00003,1000,,,2023,2023-04-02,2023-04-02,WHOUSE01,08:29:00,90.0,,,,,,,,,
100,4900000125,2023,1,1,0,0,101,,MAT00003,P002,SL02,,,S,USD,32560.92,32560.92,146.0,EA,146.0,EA,,,V0006,,Movement 101 for MAT00003,1000,,,2023,2023-01-29,2023-01-29,WHOUSE01,07:29:00,146.0,,,,,,,,,
100,4900000126,2023,1,1,0,0,101,,MAT00003,P002,SL02,,,S,USD,15965.98,15965.98,274.0,EA,274.0,EA,,,V0011,,Movement 101 for MAT00003,1000,,,2023,2023-04-02,2023-04-02,WHOUSE02,15:45:00,274.0,,,,,,,,,
100,4900000127,2024,1,1,0,0,101,,MAT00003,P002,SL02,,,S,USD,23344.92,23344.92,76.0,EA,76.0,EA,,,V0004,,Movement 101 for MAT00003,1000,,,2024,2024-07-21,2024-07-21,WHOUSE02,11:29:00,76.0,,,,,,,,,
100,4900000128,2024,1,1,0,0,701,,MAT00003,P003,SL02,,,S,USD,44406.1,44406.1,215.0,EA,215.0,EA,,,,,Movement 701 for MAT00003,1000,,,2024,2024-03-01,2024-03-01,WHOUSE02,11:20:00,215.0,,,,,,,,,
100,4900000129,2023,1,1,0,0,601,,MAT00003,P003,SL02,,,H,USD,2446.68,2446.68,12.0,EA,12.0,EA,,,,,Movement 601 for MAT00003,1000,,,2023,2023-07-12,2023-07-12,WHOUSE02,08:43:00,12.0,,,,,,8000000106.0,20.0,,
100,4900000130,2023,1,1,0,0,101,,MAT00003,P003,SL02,,,S,USD,14002.09,14002.09,43.0,EA,43.0,EA,,,V0005,,Movement 101 for MAT00003,1000,,,2023,2023-10-15,2023-10-15,WHOUSE01,15:12:00,43.0,,,,,,,,,
100,4900000131,2024,1,1,0,0,101,,MAT00003,P003,SL02,,,S,USD,41871.06,41871.06,99.0,EA,99.0,EA,,,V0007,,Movement 101 for MAT00003,1000,,,2024,2024-05-16,2024-05-16,WHOUSE02,07:54:00,99.0,,,,,,,,,
100,4900000132,2023,1,1,0,0,101,,MAT00003,P003,SL02,,,S,USD,74533.1,74533.1,289.0,EA,289.0,EA,,,V0006,,Movement 101 for MAT00003,1000,,,2023,2023-05-26,2023-05-26,WHOUSE02,09:24:00,289.0,,,,,,,,,
100,4900000133,2024,1,1,0,0,101,,MAT00003,P003,SL02,,,S,USD,18613.35,18613.35,63.0,EA,63.0,EA,,,V0013,,Movement 101 for MAT00003,1000,,,2024,2024-02-26,2024-02-26,WHOUSE02,11:30:00,63.0,,,,,,,,,
100,4900000134,2023,1,1,0,0,101,,MAT00003,P003,SL02,,,S,USD,26446.83,26446.83,237.0,EA,237.0,EA,,,V0013,,Movement 101 for MAT00003,1000,,,2023,2023-09-23,2023-09-23,WHOUSE02,13:51:00,237.0,,,,,,,,,
100,4900000135,2023,1,1,0,0,101,,MAT00003,P003,SL02,,,S,USD,4480.0,4480.0,14.0,EA,14.0,EA,,,V0003,,Movement 101 for MAT00003,1000,,,2023,2023-01-10,2023-01-10,WHOUSE02,11:21:00,14.0,,,,,,,,,
100,4900000136,2024,1,1,0,0,261,,MAT00003,P003,SL02,,,H,USD,24130.38,24130.38,61.0,EA,61.0,EA,,,,,Movement 261 for MAT00003,1000,,,2024,2024-07-23,2024-07-23,WHOUSE01,13:19:00,61.0,,,,,,,,,
100,4900000137,2023,1,1,0,0,101,,MAT00003,P003,SL02,,,S,USD,5832.2,5832.2,55.0,EA,55.0,EA,,,V0007,,Movement 101 for MAT00003,1000,,,2023,2023-01-28,2023-01-28,WHOUSE01,13:02:00,55.0,,,,,,,,,
100,4900000138,2023,1,1,0,0,201,,MAT00003,P003,SL02,,,H,USD,78219.13,78219.13,251.0,EA,251.0,EA,,,,,Movement 201 for MAT00003,1000,,,2023,2023-12-12,2023-12-12,WHOUSE01,11:46:00,251.0,,,,,,,,,
100,4900000139,2023,1,1,0,0,101,,MAT00003,P003,SL02,,,S,USD,18546.32,18546.32,52.0,EA,52.0,EA,,,V0001,,Movement 101 for MAT00003,1000,,,2023,2023-09-27,2023-09-27,WHOUSE01,09:44:00,52.0,,,,,,,,,
100,4900000140,2024,1,1,0,0,261,,MAT00003,P003,SL02,,,H,USD,1199.28,1199.28,228.0,EA,228.0,EA,,,,,Movement 261 for MAT00003,1000,,,2024,2024-09-12,2024-09-12,WHOUSE01,14:10:00,228.0,,,,,,,,,
100,4900000141,2023,1,1,0,0,101,,MAT00003,P003,SL02,,,S,USD,64168.44,64168.44,147.0,EA,147.0,EA,,,V0013,,Movement 101 for MAT00003,1000,,,2023,2023-10-02,2023-10-02,WHOUSE02,15:20:00,147.0,,,,,,,,,
100,4900000142,2024,1,1,0,0,501,,MAT00003,P003,SL02,,,S,USD,21526.71,21526.71,237.0,EA,237.0,EA,,,V0005,,Movement 501 for MAT00003,1000,,,2024,2024-09-29,2024-09-29,WHOUSE02,08:31:00,237.0,,,,,,,,,
100,4900000143,2024,1,1,0,0,101,,MAT00004,P001,SL03,,,S,USD,82349.7,82349.7,241.0,EA,241.0,EA,,,V0001,,Movement 101 for MAT00004,1000,,,2024,2024-04-15,2024-04-15,WHOUSE02,08:25:00,241.0,,,,,,,,,
100,4900000144,2023,1,1,0,0,101,,MAT00004,P001,SL03,,,S,USD,18107.7,18107.7,195.0,EA,195.0,EA,,,V0007,,Movement 101 for MAT00004,1000,,,2023,2023-07-09,2023-07-09,WHOUSE02,16:49:00,195.0,,,,,,,,,
100,4900000145,2024,1,1,0,0,201,,MAT00004,P001,SL03,,,H,USD,8682.5,8682.5,115.0,EA,115.0,EA,,,,,Movement 201 for MAT00004,1000,,,2024,2024-07-25,2024-07-25,WHOUSE01,10:25:00,115.0,,,,,,,,,
100,4900000146,2024,1,1,0,0,101,,MAT00004,P001,SL03,,,S,USD,21165.43,21165.43,209.0,EA,209.0,EA,,,V0001,,Movement 101 for MAT00004,1000,,,2024,2024-02-03,2024-02-03,WHOUSE01,10:31:00,209.0,,,,,,,,,
100,4900000147,2023,1,1,0,0,101,,MAT00004,P001,SL03,,,S,USD,22846.4,22846.4,131.0,EA,131.0,EA,,,V0010,,Movement 101 for MAT00004,1000,,,2023,2023-06-30,2023-06-30,WHOUSE02,10:47:00,131.0,,,,,,,,,
100,4900000148,2023,1,1,0,0,101,,MAT00004,P001,SL03,,,S,USD,2011.8,2011.8,21.0,EA,21.0,EA,,,V0014,,Movement 101 for MAT00004,1000,,,2023,2023-11-25,2023-11-25,WHOUSE02,07:11:00,21.0,,,,,,,,,
100,4900000149,2023,1,1,0,0,101,,MAT00004,P001,SL03,,,S,USD,31513.4,31513.4,190.0,EA,190.0,EA,,,V0008,,Movement 101 for MAT00004,1000,,,2023,2023-12-23,2023-12-23,WHOUSE01,15:52:00,190.0,,,,,,,,,
100,4900000150,2023,1,1,0,0,101,,MAT00004,P001,SL03,,,S,USD,963.9,963.9,45.0,EA,45.0,EA,,,V0005,,Movement 101 for MAT00004,1000,,,2023,2023-01-30,2023-01-30,WHOUSE02,15:52:00,45.0,,,,,,,,,
100,4900000151,2024,1,1,0,0,101,,MAT00004,P001,SL03,,,S,USD,1505.39,1505.39,29.0,EA,29.0,EA,,,V0005,,Movement 101 for MAT00004,1000,,,2024,2024-08-26,2024-08-26,WHOUSE02,09:04:00,29.0,,,,,,,,,
100,4900000152,2024,1,1,0,0,101,,MAT00004,P002,SL03,,,S,USD,44824.7,44824.7,230.0,EA,230.0,EA,,,V0011,,Movement 101 for MAT00004,1000,,,2024,2024-01-10,2024-01-10,WHOUSE02,17:49:00,230.0,,,,,,,,,
100,4900000153,2024,1,1,0,0,101,,MAT00004,P002,SL03,,,S,USD,38416.46,38416.46,134.0,EA,134.0,EA,,,V0015,,Movement 101 for MAT00004,1000,,,2024,2024-01-21,2024-01-21,WHOUSE01,11:50:00,134.0,,,,,,,,,
100,4900000154,2024,1,1,0,0,101,,MAT00004,P002,SL03,,,S,USD,20251.62,20251.62,162.0,EA,162.0,EA,,,V0006,,Movement 101 for MAT00004,1000,,,2024,2024-12-15,2024-12-15,WHOUSE02,13:56:00,162.0,,,,,,,,,
100,4900000155,2024,1,1,0,0,101,,MAT00004,P002,SL03,,,S,USD,13213.04,13213.04,92.0,EA,92.0,EA,,,V0011,,Movement 101 for MAT00004,1000,,,2024,2024-01-19,2024-01-19,WHOUSE01,10:34:00,92.0,,,,,,,,,
100,4900000156,2023,1,1,0,0,101,,MAT00004,P002,SL03,,,S,USD,75689.6,75689.6,280.0,EA,280.0,EA,,,V0006,,Movement 101 for MAT00004,1000,,,2023,2023-03-21,2023-03-21,WHOUSE02,07:04:00,280.0,,,,,,,,,
100,4900000157,2023,1,1,0,0,101,,MAT00004,P002,SL03,,,S,USD,43775.29,43775.29,191.0,EA,191.0,EA,,,V0015,,Movement 101 for MAT00004,1000,,,2023,2023-12-29,2023-12-29,WHOUSE01,09:40:00,191.0,,,,,,,,,
100,4900000158,2024,1,1,0,0,101,,MAT00004,P003,SL01,,,S,USD,2964.48,2964.48,193.0,EA,193.0,EA,,,V0008,,Movement 101 for MAT00004,1000,,,2024,2024-03-17,2024-03-17,WHOUSE01,11:19:00,193.0,,,,,,,,,
100,4900000159,2023,1,1,0,0,101,,MAT00004,P003,SL01,,,S,USD,24676.47,24676.47,117.0,EA,117.0,EA,,,V0007,,Movement 101 for MAT00004,1000,,,2023,2023-03-12,2023-03-12,WHOUSE02,13:46:00,117.0,,,,,,,,,
100,4900000160,2024,1,1,0,0,261,,MAT00004,P003,SL01,,,H,USD,96738.44,96738.44,274.0,EA,274.0,EA,,,,,Movement 261 for MAT00004,1000,,,2024,2024-10-08,2024-10-08,WHOUSE01,16:40:00,274.0,,,,,,,,,
100,4900000161,2024,1,1,0,0,101,,MAT00004,P003,SL01,,,S,USD,17864.6,17864.6,52.0,EA,52.0,EA,,,V0015,,Movement 101 for MAT00004,1000,,,2024,2024-01-03,2024-01-03,WHOUSE01,16:19:00,52.0,,,,,,,,,
100,4900000162,2023,1,1,0,0,301,,MAT00004,P003,SL01,,,H,USD,90916.47,90916.47,263.0,EA,263.0,EA,,,,,Movement 301 for MAT00004,1000,,,2023,2023-06-18,2023-06-18,WHOUSE02,16:12:00,263.0,,,,,,,,,
100,4900000163,2024,1,1,0,0,101,,MAT00005,P001,SL03,,,S,USD,18884.96,18884.96,53.0,EA,53.0,EA,,,V0012,,Movement 101 for MAT00005,1000,,,2024,2024-04-08,2024-04-08,WHOUSE01,14:28:00,53.0,,,,,,,,,
100,4900000164,2024,1,1,0,0,101,,MAT00005,P001,SL03,,,S,USD,3628.04,3628.04,13.0,EA,13.0,EA,,,V0001,,Movement 101 for MAT00005,1000,,,2024,2024-10-30,2024-10-30,WHOUSE02,17:58:00,13.0,,,,,,,,,
100,4900000165,2023,1,1,0,0,261,,MAT00005,P001,SL03,,,H,USD,95392.62,95392.62,241.0,EA,241.0,EA,,,,,Movement 261 for MAT00005,1000,,,2023,2023-10-04,2023-10-04,WHOUSE02,09:32:00,241.0,,,,,,,,,
100,4900000166,2023,1,1,0,0,101,,MAT00005,P001,SL03,,,S,USD,16243.74,16243.74,222.0,EA,222.0,EA,,,V0005,,Movement 101 for MAT00005,1000,,,2023,2023-04-15,2023-04-15,WHOUSE01,14:06:00,222.0,,,,,,,,,
100,4900000167,2024,1,1,0,0,301,,MAT00005,P001,SL03,,,H,USD,22827.84,22827.84,172.0,EA,172.0,EA,,,,,Movement 301 for MAT00005,1000,,,2024,2024-08-02,2024-08-02,WHOUSE01,08:08:00,172.0,,,,,,,,,
100,4900000168,2024,1,1,0,0,101,,MAT00005,P001,SL03,,,S,USD,51414.12,51414.12,153.0,EA,153.0,EA,,,V0004,,Movement 101 for MAT00005,1000,,,2024,2024-03-17,2024-03-17,WHOUSE01,09:30:00,153.0,,,,,,,,,
100,4900000169,2023,1,1,0,0,601,,MAT00005,P001,SL03,,,H,USD,33829.0,33829.0,100.0,EA,100.0,EA,,,,,Movement 601 for MAT00005,1000,,,2023,2023-09-30,2023-09-30,WHOUSE02,13:27:00,100.0,,,,,,8000000144.0,10.0,,
100,4900000170,2023,1,1,0,0,301,,MAT00005,P001,SL03,,,H,USD,50537.76,50537.76,273.0,EA,273.0,EA,,,,,Movement 301 for MAT00005,1000,,,2023,2023-09-20,2023-09-20,WHOUSE02,16:09:00,273.0,,,,,,,,,
100,4900000171,2023,1,1,0,0,601,,MAT00005,P001,SL03,,,H,USD,13756.51,13756.51,197.0,EA,197.0,EA,,,,,Movement 601 for MAT00005,1000,,,2023,2023-09-24,2023-09-24,WHOUSE02,09:46:00,197.0,,,,,,8000000146.0,10.0,,
100,4900000172,2023,1,1,0,0,101,,MAT00005,P001,SL03,,,S,USD,33857.58,33857.58,93.0,EA,93.0,EA,,,V0009,,Movement 101 for MAT00005,1000,,,2023,2023-11-09,2023-11-09,WHOUSE02,07:03:00,93.0,,,,,,,,,
100,4900000173,2024,1,1,0,0,501,,MAT00005,P001,SL03,,,S,USD,47072.74,47072.74,109.0,EA,109.0,EA,,,V0001,,Movement 501 for MAT00005,1000,,,2024,2024-10-06,2024-10-06,WHOUSE02,09:25:00,109.0,,,,,,,,,
100,4900000174,2024,1,1,0,0,101,,MAT00005,P001,SL03,,,S,USD,10609.2,10609.2,36.0,EA,36.0,EA,,,V0013,,Movement 101 for MAT00005,1000,,,2024,2024-10-13,2024-10-13,WHOUSE02,10:49:00,36.0,,,,,,,,,
100,4900000175,2024,1,1,0,0,102,,MAT00005,P001,SL03,,,H,USD,11601.09,11601.09,27.0,EA,27.0,EA,,,,,Movement 102 for MAT00005,1000,,,2024,2024-03-04,2024-03-04,WHOUSE01,16:41:00,27.0,,,,,,,,,
100,4900000176,2024,1,1,0,0,261,,MAT00005,P002,SL03,,,H,USD,5570.1,5570.1,18.0,EA,18.0,EA,,,,,Movement 261 for MAT00005,1000,,,2024,2024-01-08,2024-01-08,WHOUSE02,10:07:00,18.0,,,,,,,,,
100,4900000177,2023,1,1,0,0,101,,MAT00005,P002,SL03,,,S,USD,14758.8,14758.8,140.0,EA,140.0,EA,,,V0011,,Movement 101 for MAT00005,1000,,,2023,2023-09-17,2023-09-17,WHOUSE01,13:11:00,140.0,,,,,,,,,
100,4900000178,2023,1,1,0,0,101,,MAT00005,P002,SL03,,,S,USD,54386.28,54386.28,234.0,EA,234.0,EA,,,V0012,,Movement 101 for MAT00005,1000,,,2023,2023-09-04,2023-09-04,WHOUSE02,11:30:00,234.0,,,,,,,,,
100,4900000179,2023,1,1,0,0,702,,MAT00005,P002,SL03,,,H,USD,60525.06,60525.06,226.0,EA,226.0,EA,,,,,Movement 702 for MAT00005,1000,,,2023,2023-12-27,2023-12-27,WHOUSE02,07:09:00,226.0,,,,,,,,,
100,4900000180,2023,1,1,0,0,101,,MAT00005,P002,SL03,,,S,USD,3582.72,3582.72,144.0,EA,144.0,EA,,,V0009,,Movement 101 for MAT00005,1000,,,2023,2023-04-09,2023-04-09,WHOUSE01,14:42:00,144.0,,,,,,,,,
100,4900000181,2023,1,1,0,0,501,,MAT00005,P002,SL03,,,S,USD,4059.0,4059.0,20.0,EA,20.0,EA,,,V0012,,Movement 501 for MAT00005,1000,,,2023,2023-07-01,2023-07-01,WHOUSE01,13:35:00,20.0,,,,,,,,,
100,4900000182,2023,1,1,0,0,101,,MAT00005,P002,SL03,,,S,USD,15863.58,15863.58,87.0,EA,87.0,EA,,,V0012,,Movement 101 for MAT00005,1000,,,2023,2023-12-16,2023-12-16,WHOUSE01,11:51:00,87.0,,,,,,,,,
100,4900000183,2024,1,1,0,0,101,,MAT00005,P002,SL03,,,S,USD,10458.58,10458.58,137.0,EA,137.0,EA,,,V0006,,Movement 101 for MAT00005,1000,,,2024,2024-12-01,2024-12-01,WHOUSE01,16:29:00,137.0,,,,,,,,,
100,4900000184,2024,1,1,0,0,101,,MAT00005,P002,SL03,,,S,USD,93437.58,93437.58,222.0,EA,222.0,EA,,,V0012,,Movement 101 for MAT00005,1000,,,2024,2024-12-25,2024-12-25,WHOUSE01,11:48:00,222.0,,,,,,,,,
100,4900000185,2023,1,1,0,0,101,,MAT00005,P002,SL03,,,S,USD,22391.46,22391.46,273.0,EA,273.0,EA,,,V0007,,Movement 101 for MAT00005,1000,,,2023,2023-01-26,2023-01-26,WHOUSE01,14:13:00,273.0,,,,,,,,,
100,4900000186,2024,1,1,0,0,101,,MAT00005,P003,SL01,,,S,USD,90658.88,90658.88,248.0,EA,248.0,EA,,,V0015,,Movement 101 for MAT00005,1000,,,2024,2024-10-08,2024-10-08,WHOUSE01,11:22:00,248.0,,,,,,,,,
100,4900000187,2023,1,1,0,0,101,,MAT00005,P003,SL01,,,S,USD,43712.46,43712.46,242.0,EA,242.0,EA,,,V0009,,Movement 101 for MAT00005,1000,,,2023,2023-02-28,2023-02-28,WHOUSE02,16:13:00,242.0,,,,,,,,,
100,4900000188,2023,1,1,0,0,301,,MAT00005,P003,SL01,,,H,USD,2365.44,2365.44,14.0,EA,14.0,EA,,,,,Movement 301 for MAT00005,1000,,,2023,2023-12-19,2023-12-19,WHOUSE01,11:56:00,14.0,,,,,,,,,
100,4900000189,2024,1,1,0,0,101,,MAT00005,P003,SL01,,,S,USD,32985.5,32985.5,74.0,EA,74.0,EA,,,V0004,,Movement 101 for MAT00005,1000,,,2024,2024-03-07,2024-03-07,WHOUSE02,10:10:00,74.0,,,,,,,,,
100,4900000190,2024,1,1,0,0,102,,MAT00005,P003,SL01,,,H,USD,42034.99,42034.99,139.0,EA,139.0,EA,,,,,Movement 102 for MAT00005,1000,,,2024,2024-03-14,2024-03-14,WHOUSE02,16:19:00,139.0,,,,,,,,,
100,4900000191,2023,1,1,0,0,101,,MAT00005,P003,SL01,,,S,USD,39718.4,39718.4,256.0,EA,256.0,EA,,,V0009,,Movement 101 for MAT00005,1000,,,2023,2023-09-04,2023-09-04,WHOUSE01,09:36:00,256.0,,,,,,,,,
100,4900000192,2023,1,1,0,0,102,,MAT00005,P003,SL01,,,H,USD,25837.38,25837.38,123.0,EA,123.0,EA,,,,,Movement 102 for MAT00005,1000,,,2023,2023-09-11,2023-09-11,WHOUSE02,14:48:00,123.0,,,,,,,,,
100,4900000193,2024,1,1,0,0,101,,MAT00005,P003,SL01,,,S,USD,11287.15,11287.15,85.0,EA,85.0,EA,,,V0008,,Movement 101 for MAT00005,1000,,,2024,2024-01-25,2024-01-25,WHOUSE02,17:27:00,85.0,,,,,,,,,
100,4900000194,2023,1,1,0,0,101,,MAT00005,P003,SL01,,,S,USD,46730.88,46730.88,144.0,EA,144.0,EA,,,V0004,,Movement 101 for MAT00005,1000,,,2023,2023-12-30,2023-12-30,WHOUSE01,17:04:00,144.0,,,,,,,,,
100,4900000195,2023,1,1,0,0,101,,MAT00005,P003,SL01,,,S,USD,46789.14,46789.14,157.0,EA,157.0,EA,,,V0010,,Movement 101 for MAT00005,1000,,,2023,2023-02-27,2023-02-27,WHOUSE02,17:14:00,157.0,,,,,,,,,
100,4900000196,2023,1,1,0,0,101,,MAT00005,P003,SL01,,,S,USD,5493.12,5493.12,12.0,EA,12.0,EA,,,V0007,,Movement 101 for MAT00005,1000,,,2023,2023-02-05,2023-02-05,WHOUSE02,13:51:00,12.0,,,,,,,,,
100,4900000197,2023,1,1,0,0,101,,MAT00005,P003,SL01,,,S,USD,41349.7,41349.7,133.0,EA,133.0,EA,,,V0006,,Movement 101 for MAT00005,1000,,,2023,2023-06-14,2023-06-14,WHOUSE01,17:54:00,133.0,,,,,,,,,
100,4900000198,2023,1,1,0,0,101,,MAT00005,P003,SL01,,,S,USD,30080.32,30080.32,134.0,EA,134.0,EA,,,V0006,,Movement 101 for MAT00005,1000,,,2023,2023-05-22,2023-05-22,WHOUSE01,07:57:00,134.0,,,,,,,,,
100,4900000199,2023,1,1,0,0,201,,MAT00005,P003,SL01,,,H,USD,94763.61,94763.61,257.0,EA,257.0,EA,,,,,Movement 201 for MAT00005,1000,,,2023,2023-06-03,2023-06-03,WHOUSE02,11:25:00,257.0,,,,,,,,,
100,4900000200,2024,1,1,0,0,101,,MAT00005,P003,SL01,,,S,USD,1772.88,1772.88,89.0,EA,89.0,EA,,,V0007,,Movement 101 for MAT00005,1000,,,2024,2024-07-18,2024-07-18,WHOUSE02,07:14:00,89.0,,,,,,,,,
100,4900000201,2023,1,1,0,0,101,,MAT00005,P003,SL01,,,S,USD,22798.16,22798.16,56.0,EA,56.0,EA,,,V0004,,Movement 101 for MAT00005,1000,,,2023,2023-05-16,2023-05-16,WHOUSE01,15:23:00,56.0,,,,,,,,,
100,4900000202,2024,1,1,0,0,101,,MAT00006,P001,SL03,,,S,USD,3699.44,3699.44,262.0,EA,262.0,EA,,,V0009,,Movement 101 for MAT00006,1000,,,2024,2024-06-07,2024-06-07,WHOUSE02,17:03:00,262.0,,,,,,,,,
100,4900000203,2023,1,1,0,0,101,,MAT00006,P001,SL03,,,S,USD,118247.5,118247.5,290.0,EA,290.0,EA,,,V0001,,Movement 101 for MAT00006,1000,,,2023,2023-08-22,2023-08-22,WHOUSE02,14:17:00,290.0,,,,,,,,,
100,4900000204,2023,1,1,0,0,261,,MAT00006,P001,SL03,,,H,USD,2162.86,2162.86,14.0,EA,14.0,EA,,,,,Movement 261 for MAT00006,1000,,,2023,2023-10-04,2023-10-04,WHOUSE02,08:22:00,14.0,,,,,,,,,
100,4900000205,2024,1,1,0,0,101,,MAT00006,P001,SL03,,,S,USD,45517.5,45517.5,175.0,EA,175.0,EA,,,V0003,,Movement 101 for MAT00006,1000,,,2024,2024-08-30,2024-08-30,WHOUSE01,10:05:00,175.0,,,,,,,,,
100,4900000206,2023,1,1,0,0,261,,MAT00006,P001,SL03,,,H,USD,26758.68,26758.68,156.0,EA,156.0,EA,,,,,Movement 261 for MAT00006,1000,,,2023,2023-04-28,2023-04-28,WHOUSE02,17:24:00,156.0,,,,,,,,,
100,4900000207,2023,1,1,0,0,101,,MAT00006,P001,SL03,,,S,USD,7639.68,7639.68,46.0,EA,46.0,EA,,,V0004,,Movement 101 for MAT00006,1000,,,2023,2023-05-04,2023-05-04,WHOUSE01,15:56:00,46.0,,,,,,,,,
100,4900000208,2023,1,1,0,0,501,,MAT00006,P001,SL03,,,S,USD,60449.76,60449.76,168.0,EA,168.0,EA,,,V0013,,Movement 501 for MAT00006,1000,,,2023,2023-11-06,2023-11-06,WHOUSE02,17:52:00,168.0,,,,,,,,,
100,4900000209,2023,1,1,0,0,101,,MAT00006,P001,SL03,,,S,USD,21573.12,21573.12,212.0,EA,212.0,EA,,,V0001,,Movement 101 for MAT00006,1000,,,2023,2023-09-16,2023-09-16,WHOUSE02,12:49:00,212.0,,,,,,,,,
100,4900000210,2024,1,1,0,0,101,,MAT00006,P002,SL01,,,S,USD,20731.68,20731.68,48.0,EA,48.0,EA,,,V0003,,Movement 101 for MAT00006,1000,,,2024,2024-03-23,2024-03-23,WHOUSE01,07:53:00,48.0,,,,,,,,,
100,4900000211,2023,1,1,0,0,101,,MAT00006,P002,SL01,,,S,USD,5890.76,5890.76,23.0,EA,23.0,EA,,,V0008,,Movement 101 for MAT00006,1000,,,2023,2023-08-07,2023-08-07,WHOUSE01,15:43:00,23.0,,,,,,,,,
100,4900000212,2024,1,1,0,0,201,,MAT00006,P002,SL01,,,H,USD,102521.16,102521.16,213.0,EA,213.0,EA,,,,,Movement 201 for MAT00006,1000,,,2024,2024-08-01,2024-08-01,WHOUSE02,11:00:00,213.0,,,,,,,,,
100,4900000213,2024,1,1,0,0,101,,MAT00006,P002,SL01,,,S,USD,4279.84,4279.84,92.0,EA,92.0,EA,,,V0012,,Movement 101 for MAT00006,1000,,,2024,2024-12-23,2024-12-23,WHOUSE02,17:21:00,92.0,,,,,,,,,
100,4900000214,2023,1,1,0,0,701,,MAT00006,P002,SL01,,,S,USD,20987.8,20987.8,202.0,EA,202.0,EA,,,,,Movement 701 for MAT00006,1000,,,2023,2023-11-01,2023-11-01,WHOUSE02,11:56:00,202.0,,,,,,,,,
100,4900000215,2023,1,1,0,0,101,,MAT00006,P002,SL01,,,S,USD,14725.9,14725.9,70.0,EA,70.0,EA,,,V0015,,Movement 101 for MAT00006,1000,,,2023,2023-01-20,2023-01-20,WHOUSE02,15:20:00,70.0,,,,,,,,,
100,4900000216,2024,1,1,0,0,261,,MAT00006,P002,SL01,,,H,USD,10987.89,10987.89,37.0,EA,37.0,EA,,,,,Movement 261 for MAT00006,1000,,,2024,2024-02-02,2024-02-02,WHOUSE01,14:47:00,37.0,,,,,,,,,
100,4900000217,2023,1,1,0,0,701,,MAT00006,P002,SL01,,,S,USD,1599.04,1599.04,263.0,EA,263.0,EA,,,,,Movement 701 for MAT00006,1000,,,2023,2023-09-06,2023-09-06,WHOUSE02,17:09:00,263.0,,,,,,,,,
100,4900000218,2024,1,1,0,0,301,,MAT00006,P002,SL01,,,H,USD,67718.88,67718.88,148.0,EA,148.0,EA,,,,,Movement 301 for MAT00006,1000,,,2024,2024-12-08,2024-12-08,WHOUSE02,12:31:00,148.0,,,,,,,,,
100,4900000219,2023,1,1,0,0,101,,MAT00006,P002,SL01,,,S,USD,99456.52,99456.52,274.0,EA,274.0,EA,,,V0015,,Movement 101 for MAT00006,1000,,,2023,2023-12-26,2023-12-26,WHOUSE01,09:34:00,274.0,,,,,,,,,
100,4900000220,2023,1,1,0,0,101,,MAT00006,P002,SL01,,,S,USD,29864.36,29864.36,86.0,EA,86.0,EA,,,V0012,,Movement 101 for MAT00006,1000,,,2023,2023-02-03,2023-02-03,WHOUSE02,10:31:00,86.0,,,,,,,,,
100,4900000221,2024,1,1,0,0,601,,MAT00006,P002,SL01,,,H,USD,81735.84,81735.84,248.0,EA,248.0,EA,,,,,Movement 601 for MAT00006,1000,,,2024,2024-01-10,2024-01-10,WHOUSE02,08:36:00,248.0,,,,,,8000000188.0,10.0,,
100,4900000222,2024,1,1,0,0,101,,MAT00006,P002,SL01,,,S,USD,61025.34,61025.34,269.0,EA,269.0,EA,,,V0004,,Movement 101 for MAT00006,1000,,,2024,2024-06-11,2024-06-11,WHOUSE02,17:32:00,269.0,,,,,,,,,
100,4900000223,2023,1,1,0,0,101,,MAT00006,P002,SL01,,,S,USD,38863.0,38863.0,275.0,EA,275.0,EA,,,V0003,,Movement 101 for MAT00006,1000,,,2023,2023-03-11,2023-03-11,WHOUSE02,10:23:00,275.0,,,,,,,,,
100,4900000224,2023,1,1,0,0,702,,MAT00006,P002,SL01,,,H,USD,18596.96,18596.96,94.0,EA,94.0,EA,,,,,Movement 702 for MAT00006,1000,,,2023,2023-10-23,2023-10-23,WHOUSE02,07:38:00,94.0,,,,,,,,,
100,4900000225,2024,1,1,0,0,101,,MAT00006,P002,SL01,,,S,USD,20002.18,20002.18,67.0,EA,67.0,EA,,,V0012,,Movement 101 for MAT00006,1000,,,2024,2024-02-23,2024-02-23,WHOUSE02,10:34:00,67.0,,,,,,,,,
100,4900000226,2024,1,1,0,0,101,,MAT00006,P003,SL01,,,S,USD,8407.24,8407.24,101.0,EA,101.0,EA,,,V0014,,Movement 101 for MAT00006,1000,,,2024,2024-11-23,2024-11-23,WHOUSE02,16:12:00,101.0,,,,,,,,,
100,4900000227,2023,1,1,0,0,101,,MAT00006,P003,SL01,,,S,USD,17644.74,17644.74,47.0,EA,47.0,EA,,,V0006,,Movement 101 for MAT00006,1000,,,2023,2023-03-10,2023-03-10,WHOUSE01,17:10:00,47.0,,,,,,,,,
100,4900000228,2023,1,1,0,0,201,,MAT00006,P003,SL01,,,H,USD,74673.63,74673.63,193.0,EA,193.0,EA,,,,,Movement 201 for MAT00006,1000,,,2023,2023-08-09,2023-08-09,WHOUSE01,13:14:00,193.0,,,,,,,,,
100,4900000229,2024,1,1,0,0,101,,MAT00006,P003,SL01,,,S,USD,104916.35,104916.35,245.0,EA,245.0,EA,,,V0005,,Movement 101 for MAT00006,1000,,,2024,2024-01-16,2024-01-16,WHOUSE01,07:34:00,245.0,,,,,,,,,
100,4900000230,2024,1,1,0,0,101,,MAT00006,P003,SL01,,,S,USD,3191.8,3191.8,10.0,EA,10.0,EA,,,V0005,,Movement 101 for MAT00006,1000,,,2024,2024-01-22,2024-01-22,WHOUSE01,10:15:00,10.0,,,,,,,,,
100,4900000231,2023,1,1,0,0,101,,MAT00006,P003,SL01,,,S,USD,76031.16,76031.16,228.0,EA,228.0,EA,,,V0002,,Movement 101 for MAT00006,1000,,,2023,2023-01-23,2023-01-23,WHOUSE02,14:37:00,228.0,,,,,,,,,
100,4900000232,2023,1,1,0,0,301,,MAT00007,P001,SL02,,,H,USD,3703.28,3703.28,17.0,EA,17.0,EA,,,,,Movement 301 for MAT00007,1000,,,2023,2023-08-14,2023-08-14,WHOUSE01,09:45:00,17.0,,,,,,,,,
100,4900000233,2023,1,1,0,0,701,,MAT00007,P001,SL02,,,S,USD,55693.69,55693.69,191.0,EA,191.0,EA,,,,,Movement 701 for MAT00007,1000,,,2023,2023-07-05,2023-07-05,WHOUSE01,16:21:00,191.0,,,,,,,,,
100,4900000234,2023,1,1,0,0,101,,MAT00007,P001,SL02,,,S,USD,36757.61,36757.61,103.0,EA,103.0,EA,,,V0003,,Movement 101 for MAT00007,1000,,,2023,2023-10-18,2023-10-18,WHOUSE02,07:06:00,103.0,,,,,,,,,
100,4900000235,2023,1,1,0,0,101,,MAT00007,P001,SL02,,,S,USD,131344.07,131344.07,583.0,EA,583.0,EA,,,V0002,,Movement 101 for MAT00007,1000,,,2023,2023-09-11,2023-09-11,WHOUSE01,08:34:00,583.0,,,,,,,,,
100,4900000236,2023,1,1,0,0,101,,MAT00007,P001,SL02,,,S,USD,168503.44,168503.44,358.0,EA,358.0,EA,,,V0010,,Movement 101 for MAT00007,1000,,,2023,2023-06-02,2023-06-02,WHOUSE01,17:41:00,358.0,,,,,,,,,
100,4900000237,2024,1,1,0,0,101,,MAT00007,P001,SL02,,,S,USD,210638.4,210638.4,560.0,EA,560.0,EA,,,V0005,,Movement 101 for MAT00007,1000,,,2024,2024-09-15,2024-09-15,WHOUSE01,13:13:00,560.0,,,,,,,,,
100,4900000238,2023,1,1,0,0,101,,MAT00007,P001,SL02,,,S,USD,75628.41,75628.41,429.0,EA,429.0,EA,,,V0007,,Movement 101 for MAT00007,1000,,,2023,2023-07-18,2023-07-18,WHOUSE01,15:51:00,429.0,,,,,,,,,
100,4900000239,2023,1,1,0,0,101,,MAT00007,P001,SL02,,,S,USD,46857.44,46857.44,476.0,EA,476.0,EA,,,V0008,,Movement 101 for MAT00007,1000,,,2023,2023-09-23,2023-09-23,WHOUSE01,09:48:00,476.0,,,,,,,,,
100,4900000240,2023,1,1,0,0,702,,MAT00007,P001,SL02,,,H,USD,2134.17,2134.17,9.0,EA,9.0,EA,,,,,Movement 702 for MAT00007,1000,,,2023,2023-04-23,2023-04-23,WHOUSE02,13:11:00,9.0,,,,,,,,,
100,4900000241,2024,1,1,0,0,501,,MAT00007,P001,SL02,,,S,USD,21061.98,21061.98,102.0,EA,102.0,EA,,,V0008,,Movement 501 for MAT00007,1000,,,2024,2024-10-25,2024-10-25,WHOUSE01,09:47:00,102.0,,,,,,,,,
100,4900000242,2023,1,1,0,0,601,,MAT00007,P001,SL02,,,H,USD,24529.0,24529.0,76.0,EA,76.0,EA,,,,,Movement 601 for MAT00007,1000,,,2023,2023-01-10,2023-01-10,WHOUSE02,12:04:00,76.0,,,,,,8000000210.0,10.0,,
100,4900000243,2024,1,1,0,0,101,,MAT00007,P001,SL02,,,S,USD,2315.91,2315.91,17.0,EA,17.0,EA,,,V0009,,Movement 101 for MAT00007,1000,,,2024,2024-12-14,2024-12-14,WHOUSE01,09:56:00,17.0,,,,,,,,,
100,4900000244,2023,1,1,0,0,201,,MAT00007,P001,SL02,,,H,USD,8704.8,8704.8,31.0,EA,31.0,EA,,,,,Movement 201 for MAT00007,1000,,,2023,2023-02-15,2023-02-15,WHOUSE02,11:07:00,31.0,,,,,,,,,
100,4900000245,2024,1,1,0,0,501,,MAT00007,P001,SL02,,,S,USD,1089.05,1089.05,115.0,EA,115.0,EA,,,V0002,,Movement 501 for MAT00007,1000,,,2024,2024-11-18,2024-11-18,WHOUSE02,12:57:00,115.0,,,,,,,,,
100,4900000246,2024,1,1,0,0,101,,MAT00007,P001,SL02,,,S,USD,104368.0,104368.0,593.0,EA,593.0,EA,,,V0007,,Movement 101 for MAT00007,1000,,,2024,2024-06-18,2024-06-18,WHOUSE02,13:54:00,593.0,,,,,,,,,
100,4900000247,2023,1,1,0,0,101,,MAT00007,P001,SL02,,,S,USD,43077.6,43077.6,372.0,EA,372.0,EA,,,V0013,,Movement 101 for MAT00007,1000,,,2023,2023-01-17,2023-01-17,WHOUSE01,16:03:00,372.0,,,,,,,,,
100,4900000248,2023,1,1,0,0,101,,MAT00007,P001,SL02,,,S,USD,108181.92,108181.92,264.0,EA,264.0,EA,,,V0001,,Movement 101 for MAT00007,1000,,,2023,2023-10-01,2023-10-01,WHOUSE02,13:43:00,264.0,,,,,,,,,
100,4900000249,2024,1,1,0,0,101,,MAT00007,P001,SL02,,,S,USD,45366.95,45366.95,155.0,EA,155.0,EA,,,V0010,,Movement 101 for MAT00007,1000,,,2024,2024-01-22,2024-01-22,WHOUSE01,12:08:00,155.0,,,,,,,,,
100,4900000250,2023,1,1,0,0,701,,MAT00007,P001,SL02,,,S,USD,29841.84,29841.84,72.0,EA,72.0,EA,,,,,Movement 701 for MAT00007,1000,,,2023,2023-10-19,2023-10-19,WHOUSE01,10:46:00,72.0,,,,,,,,,
100,4900000251,2024,1,1,0,0,501,,MAT00007,P001,SL02,,,S,USD,44727.87,44727.87,253.0,EA,253.0,EA,,,V0008,,Movement 501 for MAT00007,1000,,,2024,2024-01-31,2024-01-31,WHOUSE01,16:31:00,253.0,,,,,,,,,
100,4900000252,2024,1,1,0,0,261,,MAT00007,P001,SL02,,,H,USD,8836.62,8836.62,39.0,EA,39.0,EA,,,,,Movement 261 for MAT00007,1000,,,2024,2024-07-13,2024-07-13,WHOUSE01,11:40:00,39.0,,,,,,,,,
100,4900000253,2024,1,1,0,0,101,,MAT00007,P001,SL02,,,S,USD,37975.02,37975.02,129.0,EA,129.0,EA,,,V0007,,Movement 101 for MAT00007,1000,,,2024,2024-09-11,2024-09-11,WHOUSE02,16:02:00,129.0,,,,,,,,,
100,4900000254,2024,1,1,0,0,101,,MAT00007,P001,SL02,,,S,USD,73863.84,73863.84,444.0,EA,444.0,EA,,,V0008,,Movement 101 for MAT00007,1000,,,2024,2024-06-17,2024-06-17,WHOUSE02,07:09:00,444.0,,,,,,,,,
100,4900000255,2024,1,1,0,0,101,,MAT00007,P001,SL02,,,S,USD,24929.9,24929.9,95.0,EA,95.0,EA,,,V0005,,Movement 101 for MAT00007,1000,,,2024,2024-10-10,2024-10-10,WHOUSE02,09:58:00,95.0,,,,,,,,,
100,4900000256,2023,1,1,0,0,101,,MAT00007,P001,SL02,,,S,USD,355184.64,355184.64,768.0,EA,768.0,EA,,,V0007,,Movement 101 for MAT00007,1000,,,2023,2023-01-09,2023-01-09,WHOUSE02,10:06:00,768.0,,,,,,,,,
100,4900000257,2024,1,1,0,0,501,,MAT00007,P001,SL02,,,S,USD,91465.92,91465.92,208.0,EA,208.0,EA,,,V0006,,Movement 501 for MAT00007,1000,,,2024,2024-05-27,2024-05-27,WHOUSE01,14:34:00,208.0,,,,,,,,,
100,4900000258,2024,1,1,0,0,101,,MAT00007,P002,SL02,,,S,USD,127733.76,127733.76,256.0,EA,256.0,EA,,,V0015,,Movement 101 for MAT00007,1000,,,2024,2024-07-25,2024-07-25,WHOUSE01,10:57:00,256.0,,,,,,,,,
100,4900000259,2023,1,1,0,0,101,,MAT00007,P002,SL02,,,S,USD,96944.05,96944.05,245.0,EA,245.0,EA,,,V0015,,Movement 101 for MAT00007,1000,,,2023,2023-07-09,2023-07-09,WHOUSE02,15:45:00,245.0,,,,,,,,,
100,4900000260,2023,1,1,0,0,101,,MAT00007,P002,SL02,,,S,USD,24208.36,24208.36,148.0,EA,148.0,EA,,,V0010,,Movement 101 for MAT00007,1000,,,2023,2023-05-19,2023-05-19,WHOUSE01,16:14:00,148.0,,,,,,,,,
100,4900000261,2024,1,1,0,0,101,,MAT00007,P002,SL02,,,S,USD,28643.28,28643.28,92.0,EA,92.0,EA,,,V0006,,Movement 101 for MAT00007,1000,,,2024,2024-06-04,2024-06-04,WHOUSE01,11:34:00,92.0,,,,,,,,,
100,4900000262,2023,1,1,0,0,102,,MAT00007,P002,SL02,,,H,USD,468.05,468.05,23.0,EA,23.0,EA,,,,,Movement 102 for MAT00007,1000,,,2023,2023-11-23,2023-11-23,WHOUSE02,08:01:00,23.0,,,,,,,,,
100,4900000263,2023,1,1,0,0,701,,MAT00007,P002,SL02,,,S,USD,18005.82,18005.82,258.0,EA,258.0,EA,,,,,Movement 701 for MAT00007,1000,,,2023,2023-05-26,2023-05-26,WHOUSE01,13:39:00,258.0,,,,,,,,,
100,4900000264,2024,1,1,0,0,201,,MAT00007,P002,SL02,,,H,USD,2291.25,2291.25,195.0,EA,195.0,EA,,,,,Movement 201 for MAT00007,1000,,,2024,2024-10-12,2024-10-12,WHOUSE02,16:08:00,195.0,,,,,,,,,
100,4900000265,2023,1,1,0,0,101,,MAT00007,P002,SL02,,,S,USD,16989.18,16989.18,78.0,EA,78.0,EA,,,V0007,,Movement 101 for MAT00007,1000,,,2023,2023-02-09,2023-02-09,WHOUSE01,16:13:00,78.0,,,,,,,,,
100,4900000266,2023,1,1,0,0,701,,MAT00007,P002,SL02,,,S,USD,22839.09,22839.09,139.0,EA,139.0,EA,,,,,Movement 701 for MAT00007,1000,,,2023,2023-09-28,2023-09-28,WHOUSE01,10:32:00,139.0,,,,,,,,,
100,4900000267,2024,1,1,0,0,101,,MAT00007,P002,SL02,,,S,USD,78640.98,78640.98,163.0,EA,163.0,EA,,,V0003,,Movement 101 for MAT00007,1000,,,2024,2024-11-05,2024-11-05,WHOUSE02,16:35:00,163.0,,,,,,,,,
100,4900000268,2023,1,1,0,0,101,,MAT00007,P003,SL01,,,S,USD,19714.59,19714.59,61.0,EA,61.0,EA,,,V0002,,Movement 101 for MAT00007,1000,,,2023,2023-11-15,2023-11-15,WHOUSE02,11:16:00,61.0,,,,,,,,,
100,4900000269,2023,1,1,0,0,101,,MAT00007,P003,SL01,,,S,USD,110702.5,110702.5,250.0,EA,250.0,EA,,,V0008,,Movement 101 for MAT00007,1000,,,2023,2023-07-07,2023-07-07,WHOUSE02,15:29:00,250.0,,,,,,,,,
100,4900000270,2024,1,1,0,0,101,,MAT00007,P003,SL01,,,S,USD,40770.54,40770.54,162.0,EA,162.0,EA,,,V0009,,Movement 101 for MAT00007,1000,,,2024,2024-12-26,2024-12-26,WHOUSE01,14:13:00,162.0,,,,,,,,,
100,4900000271,2023,1,1,0,0,301,,MAT00007,P003,SL01,,,H,USD,22702.87,22702.87,139.0,EA,139.0,EA,,,,,Movement 301 for MAT00007,1000,,,2023,2023-04-28,2023-04-28,WHOUSE02,14:42:00,139.0,,,,,,,,,
100,4900000272,2024,1,1,0,0,101,,MAT00007,P003,SL01,,,S,USD,24600.27,24600.27,141.0,EA,141.0,EA,,,V0004,,Movement 101 for MAT00007,1000,,,2024,2024-03-03,2024-03-03,WHOUSE02,10:09:00,141.0,,,,,,,,,
100,4900000273,2024,1,1,0,0,102,,MAT00007,P003,SL01,,,H,USD,32663.58,32663.58,177.0,EA,177.0,EA,,,,,Movement 102 for MAT00007,1000,,,2024,2024-04-10,2024-04-10,WHOUSE01,10:33:00,177.0,,,,,,,,,
100,4900000274,2024,1,1,0,0,101,,MAT00007,P003,SL01,,,S,USD,26219.42,26219.42,94.0,EA,94.0,EA,,,V0010,,Movement 101 for MAT00007,1000,,,2024,2024-08-29,2024-08-29,WHOUSE02,14:59:00,94.0,,,,,,,,,
100,4900000275,2024,1,1,0,0,201,,MAT00007,P003,SL01,,,H,USD,9358.5,9358.5,102.0,EA,102.0,EA,,,,,Movement 201 for MAT00007,1000,,,2024,2024-12-28,2024-12-28,WHOUSE01,15:09:00,102.0,,,,,,,,,
100,4900000276,2023,1,1,0,0,102,,MAT00007,P003,SL01,,,H,USD,128642.71,128642.71,259.0,EA,259.0,EA,,,,,Movement 102 for MAT00007,1000,,,2023,2023-09-09,2023-09-09,WHOUSE01,11:09:00,259.0,,,,,,,,,
100,4900000277,2024,1,1,0,0,101,,MAT00007,P003,SL01,,,S,USD,41418.24,41418.24,128.0,EA,128.0,EA,,,V0010,,Movement 101 for MAT00007,1000,,,2024,2024-03-01,2024-03-01,WHOUSE02,12:06:00,128.0,,,,,,,,,
100,4900000278,2023,1,1,0,0,101,,MAT00007,P003,SL01,,,S,USD,21456.96,21456.96,217.0,EA,217.0,EA,,,V0009,,Movement 101 for MAT00007,1000,,,2023,2023-09-04,2023-09-04,WHOUSE02,12:27:00,217.0,,,,,,,,,
100,4900000279,2024,1,1,0,0,101,,MAT00007,P003,SL01,,,S,USD,34030.56,34030.56,124.0,EA,124.0,EA,,,V0015,,Movement 101 for MAT00007,1000,,,2024,2024-02-21,2024-02-21,WHOUSE01,17:51:00,124.0,,,,,,,,,
100,4900000280,2024,1,1,0,0,261,,MAT00007,P003,SL01,,,H,USD,14784.0,14784.0,100.0,EA,100.0,EA,,,,,Movement 261 for MAT00007,1000,,,2024,2024-06-23,2024-06-23,WHOUSE01,07:09:00,100.0,,,,,,,,,
100,4900000281,2023,1,1,0,0,101,,MAT00007,P003,SL01,,,S,USD,3497.2,3497.2,20.0,EA,20.0,EA,,,V0002,,Movement 101 for MAT00007,1000,,,2023,2023-09-24,2023-09-24,WHOUSE01,16:43:00,20.0,,,,,,,,,
100,4900000282,2023,1,1,0,0,201,,MAT00007,P003,SL01,,,H,USD,16700.64,16700.64,264.0,EA,264.0,EA,,,,,Movement 201 for MAT00007,1000,,,2023,2023-06-15,2023-06-15,WHOUSE02,07:22:00,264.0,,,,,,,,,
100,4900000283,2023,1,1,0,0,101,,MAT00007,P003,SL01,,,S,USD,6759.6,6759.6,60.0,EA,60.0,EA,,,V0003,,Movement 101 for MAT00007,1000,,,2023,2023-12-05,2023-12-05,WHOUSE02,15:32:00,60.0,,,,,,,,,
100,4900000284,2023,1,1,0,0,702,,MAT00007,P003,SL01,,,H,USD,37356.88,37356.88,88.0,EA,88.0,EA,,,,,Movement 702 for MAT00007,1000,,,2023,2023-08-01,2023-08-01,WHOUSE01,12:53:00,88.0,,,,,,,,,
100,4900000285,2024,1,1,0,0,201,,MAT00008,P001,SL01,,,H,USD,11972.14,11972.14,211.0,EA,211.0,EA,,,,,Movement 201 for MAT00008,1000,,,2024,2024-08-01,2024-08-01,WHOUSE01,14:17:00,211.0,,,,,,,,,
100,4900000286,2024,1,1,0,0,101,,MAT00008,P001,SL01,,,S,USD,19320.33,19320.33,43.0,EA,43.0,EA,,,V0004,,Movement 101 for MAT00008,1000,,,2024,2024-09-19,2024-09-19,WHOUSE02,10:23:00,43.0,,,,,,,,,
100,4900000287,2024,1,1,0,0,101,,MAT00008,P001,SL01,,,S,USD,24941.61,24941.61,97.0,EA,97.0,EA,,,V0006,,Movement 101 for MAT00008,1000,,,2024,2024-02-07,2024-02-07,WHOUSE01,16:22:00,97.0,,,,,,,,,
100,4900000288,2024,1,1,0,0,101,,MAT00008,P001,SL01,,,S,USD,2142.99,2142.99,27.0,EA,27.0,EA,,,V0003,,Movement 101 for MAT00008,1000,,,2024,2024-11-26,2024-11-26,WHOUSE01,07:36:00,27.0,,,,,,,,,
100,4900000289,2023,1,1,0,0,101,,MAT00008,P001,SL01,,,S,USD,4478.3,4478.3,10.0,EA,10.0,EA,,,V0015,,Movement 101 for MAT00008,1000,,,2023,2023-09-08,2023-09-08,WHOUSE02,17:28:00,10.0,,,,,,,,,
100,4900000290,2024,1,1,0,0,201,,MAT00008,P001,SL01,,,H,USD,52981.45,52981.45,265.0,EA,265.0,EA,,,,,Movement 201 for MAT00008,1000,,,2024,2024-12-15,2024-12-15,WHOUSE02,08:19:00,265.0,,,,,,,,,
100,4900000291,2023,1,1,0,0,301,,MAT00008,P001,SL01,,,H,USD,30945.39,30945.39,101.0,EA,101.0,EA,,,,,Movement 301 for MAT00008,1000,,,2023,2023-09-20,2023-09-20,WHOUSE02,15:41:00,101.0,,,,,,,,,
100,4900000292,2024,1,1,0,0,261,,MAT00008,P001,SL01,,,H,USD,14663.31,14663.31,93.0,EA,93.0,EA,,,,,Movement 261 for MAT00008,1000,,,2024,2024-07-20,2024-07-20,WHOUSE02,14:37:00,93.0,,,,,,,,,
100,4900000293,2023,1,1,0,0,101,,MAT00008,P001,SL01,,,S,USD,14954.85,14954.85,199.0,EA,199.0,EA,,,V0012,,Movement 101 for MAT00008,1000,,,2023,2023-12-21,2023-12-21,WHOUSE01,11:11:00,199.0,,,,,,,,,
100,4900000294,2024,1,1,0,0,261,,MAT00008,P001,SL01,,,H,USD,97272.98,97272.98,238.0,EA,238.0,EA,,,,,Movement 261 for MAT00008,1000,,,2024,2024-04-06,2024-04-06,WHOUSE02,16:24:00,238.0,,,,,,,,,
100,4900000295,2024,1,1,0,0,301,,MAT00008,P001,SL01,,,H,USD,1344.0,1344.0,210.0,EA,210.0,EA,,,,,Movement 301 for MAT00008,1000,,,2024,2024-06-24,2024-06-24,WHOUSE02,07:25:00,210.0,,,,,,,,,
100,4900000296,2023,1,1,0,0,101,,MAT00008,P001,SL01,,,S,USD,113144.3,113144.3,254.0,EA,254.0,EA,,,V0011,,Movement 101 for MAT00008,1000,,,2023,2023-08-21,2023-08-21,WHOUSE01,12:49:00,254.0,,,,,,,,,
100,4900000297,2023,1,1,0,0,101,,MAT00008,P001,SL01,,,S,USD,25397.12,25397.12,112.0,EA,112.0,EA,,,V0006,,Movement 101 for MAT00008,1000,,,2023,2023-06-16,2023-06-16,WHOUSE01,17:03:00,112.0,,,,,,,,,
100,4900000298,2023,1,1,0,0,102,,MAT00008,P001,SL01,,,H,USD,27305.04,27305.04,84.0,EA,84.0,EA,,,,,Movement 102 for MAT00008,1000,,,2023,2023-09-14,2023-09-14,WHOUSE02,16:22:00,84.0,,,,,,,,,
100,4900000299,2023,1,1,0,0,101,,MAT00008,P001,SL01,,,S,USD,137121.93,137121.93,297.0,EA,297.0,EA,,,V0014,,Movement 101 for MAT00008,1000,,,2023,2023-05-06,2023-05-06,WHOUSE01,08:45:00,297.0,,,,,,,,,
100,4900000300,2024,1,1,0,0,501,,MAT00008,P002,SL03,,,S,USD,76507.2,76507.2,160.0,EA,160.0,EA,,,V0001,,Movement 501 for MAT00008,1000,,,2024,2024-11-03,2024-11-03,WHOUSE01,15:02:00,160.0,,,,,,,,,
100,4900000301,2023,1,1,0,0,101,,MAT00008,P002,SL03,,,S,USD,58998.94,58998.94,286.0,EA,286.0,EA,,,V0005,,Movement 101 for MAT00008,1000,,,2023,2023-09-06,2023-09-06,WHOUSE01,11:24:00,286.0,,,,,,,,,
100,4900000302,2024,1,1,0,0,101,,MAT00008,P002,SL03,,,S,USD,17400.2,17400.2,38.0,EA,38.0,EA,,,V0015,,Movement 101 for MAT00008,1000,,,2024,2024-07-30,2024-07-30,WHOUSE01,09:52:00,38.0,,,,,,,,,
100,4900000303,2024,1,1,0,0,301,,MAT00008,P002,SL03,,,H,USD,7878.36,7878.36,113.0,EA,113.0,EA,,,,,Movement 301 for MAT00008,1000,,,2024,2024-12-08,2024-12-08,WHOUSE01,09:02:00,113.0,,,,,,,,,
100,4900000304,2023,1,1,0,0,261,,MAT00008,P002,SL03,,,H,USD,8723.49,8723.49,37.0,EA,37.0,EA,,,,,Movement 261 for MAT00008,1000,,,2023,2023-04-15,2023-04-15,WHOUSE02,07:29:00,37.0,,,,,,,,,
100,4900000305,2024,1,1,0,0,101,,MAT00008,P002,SL03,,,S,USD,4662.0,4662.0,45.0,EA,45.0,EA,,,V0012,,Movement 101 for MAT00008,1000,,,2024,2024-06-01,2024-06-01,WHOUSE01,08:29:00,45.0,,,,,,,,,
100,4900000306,2023,1,1,0,0,101,,MAT00008,P002,SL03,,,S,USD,25255.83,25255.83,183.0,EA,183.0,EA,,,V0010,,Movement 101 for MAT00008,1000,,,2023,2023-01-22,2023-01-22,WHOUSE02,14:47:00,183.0,,,,,,,,,
100,4900000307,2023,1,1,0,0,101,,MAT00008,P002,SL03,,,S,USD,32134.16,32134.16,97.0,EA,97.0,EA,,,V0009,,Movement 101 for MAT00008,1000,,,2023,2023-06-13,2023-06-13,WHOUSE02,11:10:00,97.0,,,,,,,,,
100,4900000308,2024,1,1,0,0,102,,MAT00008,P003,SL02,,,H,USD,40969.4,40969.4,158.0,EA,158.0,EA,,,,,Movement 102 for MAT00008,1000,,,2024,2024-06-24,2024-06-24,WHOUSE01,07:07:00,158.0,,,,,,,,,
100,4900000309,2024,1,1,0,0,101,,MAT00008,P003,SL02,,,S,USD,53245.24,53245.24,194.0,EA,194.0,EA,,,V0002,,Movement 101 for MAT00008,1000,,,2024,2024-12-14,2024-12-14,WHOUSE01,12:52:00,194.0,,,,,,,,,
100,4900000310,2023,1,1,0,0,261,,MAT00008,P003,SL02,,,H,USD,65922.14,65922.14,278.0,EA,278.0,EA,,,,,Movement 261 for MAT00008,1000,,,2023,2023-03-17,2023-03-17,WHOUSE01,14:59:00,278.0,,,,,,,,,
100,4900000311,2023,1,1,0,0,701,,MAT00008,P003,SL02,,,S,USD,45356.56,45356.56,211.0,EA,211.0,EA,,,,,Movement 701 for MAT00008,1000,,,2023,2023-08-18,2023-08-18,WHOUSE01,10:34:00,211.0,,,,,,,,,
100,4900000312,2023,1,1,0,0,101,,MAT00009,P001,SL03,,,S,USD,18250.55,18250.55,97.0,EA,97.0,EA,,,V0015,,Movement 101 for MAT00009,1000,,,2023,2023-12-22,2023-12-22,WHOUSE01,17:23:00,97.0,,,,,,,,,
100,4900000313,2024,1,1,0,0,101,,MAT00009,P001,SL03,,,S,USD,2438.96,2438.96,43.0,EA,43.0,EA,,,V0008,,Movement 101 for MAT00009,1000,,,2024,2024-07-02,2024-07-02,WHOUSE01,14:09:00,43.0,,,,,,,,,
100,4900000314,2024,1,1,0,0,101,,MAT00009,P002,SL03,,,S,USD,31950.6,31950.6,206.0,EA,206.0,EA,,,V0006,,Movement 101 for MAT00009,1000,,,2024,2024-11-08,2024-11-08,WHOUSE01,14:02:00,206.0,,,,,,,,,
100,4900000315,2023,1,1,0,0,101,,MAT00009,P002,SL03,,,S,USD,24130.9,24130.9,58.0,EA,58.0,EA,,,V0014,,Movement 101 for MAT00009,1000,,,2023,2023-06-01,2023-06-01,WHOUSE02,07:59:00,58.0,,,,,,,,,
100,4900000316,2023,1,1,0,0,101,,MAT00009,P002,SL03,,,S,USD,77519.22,77519.22,213.0,EA,213.0,EA,,,V0006,,Movement 101 for MAT00009,1000,,,2023,2023-02-26,2023-02-26,WHOUSE01,15:48:00,213.0,,,,,,,,,
100,4900000317,2023,1,1,0,0,261,,MAT00009,P002,SL03,,,H,USD,67759.51,67759.51,247.0,EA,247.0,EA,,,,,Movement 261 for MAT00009,1000,,,2023,2023-06-28,2023-06-28,WHOUSE01,07:47:00,247.0,,,,,,,,,
100,4900000318,2023,1,1,0,0,201,,MAT00009,P002,SL03,,,H,USD,43109.48,43109.48,131.0,EA,131.0,EA,,,,,Movement 201 for MAT00009,1000,,,2023,2023-12-23,2023-12-23,WHOUSE02,08:29:00,131.0,,,,,,,,,
100,4900000319,2024,1,1,0,0,101,,MAT00009,P002,SL03,,,S,USD,69659.1,69659.1,210.0,EA,210.0,EA,,,V0005,,Movement 101 for MAT00009,1000,,,2024,2024-08-10,2024-08-10,WHOUSE02,17:12:00,210.0,,,,,,,,,
100,4900000320,2023,1,1,0,0,101,,MAT00009,P002,SL03,,,S,USD,125810.94,125810.94,291.0,EA,291.0,EA,,,V0010,,Movement 101 for MAT00009,1000,,,2023,2023-05-12,2023-05-12,WHOUSE01,14:08:00,291.0,,,,,,,,,
100,4900000321,2023,1,1,0,0,102,,MAT00009,P002,SL03,,,H,USD,20504.04,20504.04,92.0,EA,92.0,EA,,,,,Movement 102 for MAT00009,1000,,,2023,2023-12-25,2023-12-25,WHOUSE01,14:00:00,92.0,,,,,,,,,
100,4900000322,2024,1,1,0,0,102,,MAT00009,P002,SL03,,,H,USD,31788.0,31788.0,100.0,EA,100.0,EA,,,,,Movement 102 for MAT00009,1000,,,2024,2024-08-27,2024-08-27,WHOUSE01,10:37:00,100.0,,,,,,,,,
100,4900000323,2024,1,1,0,0,101,,MAT00009,P002,SL03,,,S,USD,16504.0,16504.0,40.0,EA,40.0,EA,,,V0012,,Movement 101 for MAT00009,1000,,,2024,2024-08-07,2024-08-07,WHOUSE01,17:04:00,40.0,,,,,,,,,
100,4900000324,2023,1,1,0,0,101,,MAT00009,P002,SL03,,,S,USD,57317.37,57317.37,187.0,EA,187.0,EA,,,V0011,,Movement 101 for MAT00009,1000,,,2023,2023-02-20,2023-02-20,WHOUSE01,13:45:00,187.0,,,,,,,,,
100,4900000325,2023,1,1,0,0,101,,MAT00009,P002,SL03,,,S,USD,20257.13,20257.13,53.0,EA,53.0,EA,,,V0005,,Movement 101 for MAT00009,1000,,,2023,2023-05-23,2023-05-23,WHOUSE01,09:11:00,53.0,,,,,,,,,
100,4900000326,2024,1,1,0,0,101,,MAT00009,P002,SL03,,,S,USD,15170.16,15170.16,31.0,EA,31.0,EA,,,V0006,,Movement 101 for MAT00009,1000,,,2024,2024-08-24,2024-08-24,WHOUSE02,16:04:00,31.0,,,,,,,,,
100,4900000327,2023,1,1,0,0,101,,MAT00009,P002,SL03,,,S,USD,29725.5,29725.5,95.0,EA,95.0,EA,,,V0001,,Movement 101 for MAT00009,1000,,,2023,2023-07-23,2023-07-23,WHOUSE02,12:33:00,95.0,,,,,,,,,
100,4900000328,2023,1,1,0,0,101,,MAT00009,P002,SL03,,,S,USD,81558.75,81558.75,175.0,EA,175.0,EA,,,V0014,,Movement 101 for MAT00009,1000,,,2023,2023-08-24,2023-08-24,WHOUSE02,09:39:00,175.0,,,,,,,,,
100,4900000329,2023,1,1,0,0,101,,MAT00009,P003,SL02,,,S,USD,37573.0,37573.0,100.0,EA,100.0,EA,,,V0015,,Movement 101 for MAT00009,1000,,,2023,2023-04-04,2023-04-04,WHOUSE02,17:45:00,100.0,,,,,,,,,
100,4900000330,2024,1,1,0,0,101,,MAT00009,P003,SL02,,,S,USD,21725.64,21725.64,116.0,EA,116.0,EA,,,V0007,,Movement 101 for MAT00009,1000,,,2024,2024-03-11,2024-03-11,WHOUSE01,12:05:00,116.0,,,,,,,,,
100,4900000331,2024,1,1,0,0,101,,MAT00009,P003,SL02,,,S,USD,68426.28,68426.28,234.0,EA,234.0,EA,,,V0004,,Movement 101 for MAT00009,1000,,,2024,2024-06-29,2024-06-29,WHOUSE02,12:05:00,234.0,,,,,,,,,
100,4900000332,2024,1,1,0,0,101,,MAT00009,P003,SL02,,,S,USD,1349.19,1349.19,263.0,EA,263.0,EA,,,V0003,,Movement 101 for MAT00009,1000,,,2024,2024-10-16,2024-10-16,WHOUSE02,17:55:00,263.0,,,,,,,,,
100,4900000333,2024,1,1,0,0,201,,MAT00009,P003,SL02,,,H,USD,4186.0,4186.0,52.0,EA,52.0,EA,,,,,Movement 201 for MAT00009,1000,,,2024,2024-11-15,2024-11-15,WHOUSE02,16:56:00,52.0,,,,,,,,,
100,4900000334,2023,1,1,0,0,101,,MAT00009,P003,SL02,,,S,USD,5540.8,5540.8,80.0,EA,80.0,EA,,,V0015,,Movement 101 for MAT00009,1000,,,2023,2023-10-11,2023-10-11,WHOUSE01,08:58:00,80.0,,,,,,,,,
100,4900000335,2023,1,1,0,0,101,,MAT00009,P003,SL02,,,S,USD,29376.36,29376.36,78.0,EA,78.0,EA,,,V0009,,Movement 101 for MAT00009,1000,,,2023,2023-04-26,2023-04-26,WHOUSE01,08:12:00,78.0,,,,,,,,,
100,4900000336,2024,1,1,0,0,301,,MAT00009,P003,SL02,,,H,USD,12831.94,12831.94,146.0,EA,146.0,EA,,,,,Movement 301 for MAT00009,1000,,,2024,2024-02-09,2024-02-09,WHOUSE02,08:04:00,146.0,,,,,,,,,
100,4900000337,2024,1,1,0,0,101,,MAT00009,P003,SL02,,,S,USD,21804.0,21804.0,138.0,EA,138.0,EA,,,V0013,,Movement 101 for MAT00009,1000,,,2024,2024-10-01,2024-10-01,WHOUSE02,12:24:00,138.0,,,,,,,,,
100,4900000338,2023,1,1,0,0,101,,MAT00009,P003,SL02,,,S,USD,5681.0,5681.0,115.0,EA,115.0,EA,,,V0008,,Movement 101 for MAT00009,1000,,,2023,2023-03-15,2023-03-15,WHOUSE01,15:18:00,115.0,,,,,,,,,
100,4900000339,2023,1,1,0,0,101,,MAT00009,P003,SL02,,,S,USD,6160.42,6160.42,14.0,EA,14.0,EA,,,V0010,,Movement 101 for MAT00009,1000,,,2023,2023-07-10,2023-07-10,WHOUSE01,12:48:00,14.0,,,,,,,,,
100,4900000340,2023,1,1,0,0,101,,MAT00010,P001,SL01,,,S,USD,26403.3,26403.3,110.0,EA,110.0,EA,,,V0011,,Movement 101 for MAT00010,1000,,,2023,2023-10-01,2023-10-01,WHOUSE02,13:30:00,110.0,,,,,,,,,
100,4900000341,2024,1,1,0,0,101,,MAT00010,P001,SL01,,,S,USD,66648.76,66648.76,236.0,EA,236.0,EA,,,V0014,,Movement 101 for MAT00010,1000,,,2024,2024-09-19,2024-09-19,WHOUSE02,08:51:00,236.0,,,,,,,,,
100,4900000342,2023,1,1,0,0,601,,MAT00010,P001,SL01,,,H,USD,45482.48,45482.48,212.0,EA,212.0,EA,,,,,Movement 601 for MAT00010,1000,,,2023,2023-04-17,2023-04-17,WHOUSE02,11:58:00,212.0,,,,,,8000000293.0,10.0,,
100,4900000343,2023,1,1,0,0,101,,MAT00010,P001,SL01,,,S,USD,83063.53,83063.53,187.0,EA,187.0,EA,,,V0007,,Movement 101 for MAT00010,1000,,,2023,2023-06-24,2023-06-24,WHOUSE01,12:46:00,187.0,,,,,,,,,
100,4900000344,2024,1,1,0,0,101,,MAT00010,P001,SL01,,,S,USD,79461.35,79461.35,227.0,EA,227.0,EA,,,V0008,,Movement 101 for MAT00010,1000,,,2024,2024-06-17,2024-06-17,WHOUSE01,17:18:00,227.0,,,,,,,,,
100,4900000345,2024,1,1,0,0,701,,MAT00010,P001,SL01,,,S,USD,117992.88,117992.88,261.0,EA,261.0,EA,,,,,Movement 701 for MAT00010,1000,,,2024,2024-04-23,2024-04-23,WHOUSE01,16:19:00,261.0,,,,,,,,,
100,4900000346,2023,1,1,0,0,101,,MAT00010,P002,SL02,,,S,USD,23762.89,23762.89,67.0,EA,67.0,EA,,,V0005,,Movement 101 for MAT00010,1000,,,2023,2023-06-30,2023-06-30,WHOUSE02,17:51:00,67.0,,,,,,,,,
100,4900000347,2023,1,1,0,0,101,,MAT00010,P002,SL02,,,S,USD,19114.68,19114.68,78.0,EA,78.0,EA,,,V0004,,Movement 101 for MAT00010,1000,,,2023,2023-11-11,2023-11-11,WHOUSE01,10:29:00,78.0,,,,,,,,,
100,4900000348,2024,1,1,0,0,101,,MAT00010,P002,SL02,,,S,USD,14856.09,14856.09,101.0,EA,101.0,EA,,,V0014,,Movement 101 for MAT00010,1000,,,2024,2024-05-16,2024-05-16,WHOUSE01,17:07:00,101.0,,,,,,,,,
100,4900000349,2023,1,1,0,0,101,,MAT00010,P002,SL02,,,S,USD,12635.04,12635.04,44.0,EA,44.0,EA,,,V0011,,Movement 101 for MAT00010,1000,,,2023,2023-07-04,2023-07-04,WHOUSE01,09:06:00,44.0,,,,,,,,,
100,4900000350,2024,1,1,0,0,102,,MAT00010,P002,SL02,,,H,USD,50051.97,50051.97,151.0,EA,151.0,EA,,,,,Movement 102 for MAT00010,1000,,,2024,2024-09-16,2024-09-16,WHOUSE01,12:52:00,151.0,,,,,,,,,
100,4900000351,2023,1,1,0,0,201,,MAT00010,P002,SL02,,,H,USD,4704.2,4704.2,43.0,EA,43.0,EA,,,,,Movement 201 for MAT00010,1000,,,2023,2023-09-28,2023-09-28,WHOUSE01,12:51:00,43.0,,,,,,,,,
100,4900000352,2024,1,1,0,0,301,,MAT00010,P002,SL02,,,H,USD,1050.6,1050.6,34.0,EA,34.0,EA,,,,,Movement 301 for MAT00010,1000,,,2024,2024-04-05,2024-04-05,WHOUSE01,07:59:00,34.0,,,,,,,,,
100,4900000353,2024,1,1,0,0,101,,MAT00010,P002,SL02,,,S,USD,31062.23,31062.23,73.0,EA,73.0,EA,,,V0001,,Movement 101 for MAT00010,1000,,,2024,2024-03-31,2024-03-31,WHOUSE02,07:25:00,73.0,,,,,,,,,
100,4900000354,2024,1,1,0,0,501,,MAT00010,P002,SL02,,,S,USD,37174.16,37174.16,278.0,EA,278.0,EA,,,V0001,,Movement 501 for MAT00010,1000,,,2024,2024-09-14,2024-09-14,WHOUSE02,11:49:00,278.0,,,,,,,,,
100,4900000355,2023,1,1,0,0,101,,MAT00010,P002,SL02,,,S,USD,73019.28,73019.28,228.0,EA,228.0,EA,,,V0003,,Movement 101 for MAT00010,1000,,,2023,2023-05-06,2023-05-06,WHOUSE02,07:33:00,228.0,,,,,,,,,
100,4900000356,2023,1,1,0,0,101,,MAT00010,P002,SL02,,,S,USD,7117.41,7117.41,201.0,EA,201.0,EA,,,V0001,,Movement 101 for MAT00010,1000,,,2023,2023-03-09,2023-03-09,WHOUSE01,16:20:00,201.0,,,,,,,,,
100,4900000357,2024,1,1,0,0,101,,MAT00010,P002,SL02,,,S,USD,4085.44,4085.44,68.0,EA,68.0,EA,,,V0004,,Movement 101 for MAT00010,1000,,,2024,2024-10-13,2024-10-13,WHOUSE02,11:11:00,68.0,,,,,,,,,
100,4900000358,2024,1,1,0,0,501,,MAT00010,P002,SL02,,,S,USD,7017.5,7017.5,70.0,EA,70.0,EA,,,V0013,,Movement 501 for MAT00010,1000,,,2024,2024-03-28,2024-03-28,WHOUSE02,09:53:00,70.0,,,,,,,,,
100,4900000359,2023,1,1,0,0,301,,MAT00010,P002,SL02,,,H,USD,12384.32,12384.32,26.0,EA,26.0,EA,,,,,Movement 301 for MAT00010,1000,,,2023,2023-09-16,2023-09-16,WHOUSE02,10:17:00,26.0,,,,,,,,,
100,4900000360,2023,1,1,0,0,701,,MAT00010,P002,SL02,,,S,USD,27009.31,27009.31,79.0,EA,79.0,EA,,,,,Movement 701 for MAT00010,1000,,,2023,2023-09-25,2023-09-25,WHOUSE02,08:13:00,79.0,,,,,,,,,
100,4900000361,2023,1,1,0,0,101,,MAT00010,P003,SL01,,,S,USD,41530.26,41530.26,258.0,EA,258.0,EA,,,V0001,,Movement 101 for MAT00010,1000,,,2023,2023-03-02,2023-03-02,WHOUSE01,07:47:00,258.0,,,,,,,,,
100,4900000362,2023,1,1,0,0,101,,MAT00010,P003,SL01,,,S,USD,64254.1,64254.1,271.0,EA,271.0,EA,,,V0010,,Movement 101 for MAT00010,1000,,,2023,2023-11-18,2023-11-18,WHOUSE02,16:59:00,271.0,,,,,,,,,
100,4900000363,2024,1,1,0,0,201,,MAT00010,P003,SL01,,,H,USD,10281.6,10281.6,36.0,EA,36.0,EA,,,,,Movement 201 for MAT00010,1000,,,2024,2024-04-04,2024-04-04,WHOUSE02,14:34:00,36.0,,,,,,,,,
100,4900000364,2023,1,1,0,0,201,,MAT00010,P003,SL01,,,H,USD,1063.0,1063.0,50.0,EA,50.0,EA,,,,,Movement 201 for MAT00010,1000,,,2023,2023-02-20,2023-02-20,WHOUSE02,11:53:00,50.0,,,,,,,,,
100,4900000365,2023,1,1,0,0,101,,MAT00010,P003,SL01,,,S,USD,30545.29,30545.29,107.0,EA,107.0,EA,,,V0014,,Movement 101 for MAT00010,1000,,,2023,2023-09-19,2023-09-19,WHOUSE02,17:38:00,107.0,,,,,,,,,
100,4900000366,2024,1,1,0,0,701,,MAT00010,P003,SL01,,,S,USD,21936.19,21936.19,101.0,EA,101.0,EA,,,,,Movement 701 for MAT00010,1000,,,2024,2024-08-27,2024-08-27,WHOUSE02,08:34:00,101.0,,,,,,,,,
100,4900000367,2023,1,1,0,0,261,,MAT00010,P003,SL01,,,H,USD,32516.4,32516.4,158.0,EA,158.0,EA,,,,,Movement 261 for MAT00010,1000,,,2023,2023-01-07,2023-01-07,WHOUSE01,14:41:00,158.0,,,,,,,,,
100,4900000368,2024,1,1,0,0,101,,MAT00010,P003,SL01,,,S,USD,22717.2,22717.2,165.0,EA,165.0,EA,,,V0015,,Movement 101 for MAT00010,1000,,,2024,2024-05-03,2024-05-03,WHOUSE02,15:31:00,165.0,,,,,,,,,
100,4900000369,2024,1,1,0,0,261,,MAT00010,P003,SL01,,,H,USD,18558.72,18558.72,48.0,EA,48.0,EA,,,,,Movement 261 for MAT00010,1000,,,2024,2024-09-10,2024-09-10,WHOUSE02,13:42:00,48.0,,,,,,,,,
100,4900000370,2024,1,1,0,0,261,,MAT00010,P003,SL01,,,H,USD,27393.62,27393.62,134.0,EA,134.0,EA,,,,,Movement 261 for MAT00010,1000,,,2024,2024-03-04,2024-03-04,WHOUSE02,15:34:00,134.0,,,,,,,,,
100,4900000371,2024,1,1,0,0,101,,MAT00011,P001,SL01,,,S,USD,209274.72,209274.72,471.0,EA,471.0,EA,,,V0001,,Movement 101 for MAT00011,1000,,,2024,2024-07-14,2024-07-14,WHOUSE01,11:28:00,471.0,,,,,,,,,
100,4900000372,2024,1,1,0,0,101,,MAT00011,P001,SL01,,,S,USD,49313.6,49313.6,136.0,EA,136.0,EA,,,V0009,,Movement 101 for MAT00011,1000,,,2024,2024-07-05,2024-07-05,WHOUSE01,09:26:00,136.0,,,,,,,,,
100,4900000373,2023,1,1,0,0,101,,MAT00011,P001,SL01,,,S,USD,9010.48,9010.48,118.0,EA,118.0,EA,,,V0011,,Movement 101 for MAT00011,1000,,,2023,2023-01-17,2023-01-17,WHOUSE02,09:38:00,118.0,,,,,,,,,
100,4900000374,2024,1,1,0,0,101,,MAT00011,P001,SL01,,,S,USD,139001.76,139001.76,747.0,EA,747.0,EA,,,V0005,,Movement 101 for MAT00011,1000,,,2024,2024-07-22,2024-07-22,WHOUSE01,10:46:00,747.0,,,,,,,,,
100,4900000375,2024,1,1,0,0,101,,MAT00011,P001,SL01,,,S,USD,3761.28,3761.28,36.0,EA,36.0,EA,,,V0011,,Movement 101 for MAT00011,1000,,,2024,2024-10-22,2024-10-22,WHOUSE01,12:43:00,36.0,,,,,,,,,
100,4900000376,2023,1,1,0,0,101,,MAT00011,P001,SL01,,,S,USD,23655.69,23655.69,201.0,EA,201.0,EA,,,V0007,,Movement 101 for MAT00011,1000,,,2023,2023-02-09,2023-02-09,WHOUSE01,09:40:00,201.0,,,,,,,,,
100,4900000377,2024,1,1,0,0,101,,MAT00011,P001,SL01,,,S,USD,13064.61,13064.61,241.0,EA,241.0,EA,,,V0014,,Movement 101 for MAT00011,1000,,,2024,2024-07-02,2024-07-02,WHOUSE01,12:50:00,241.0,,,,,,,,,
100,4900000378,2024,1,1,0,0,101,,MAT00011,P001,SL01,,,S,USD,68592.6,68592.6,159.0,EA,159.0,EA,,,V0013,,Movement 101 for MAT00011,1000,,,2024,2024-10-03,2024-10-03,WHOUSE02,12:40:00,159.0,,,,,,,,,
100,4900000379,2023,1,1,0,0,101,,MAT00011,P001,SL01,,,S,USD,8145.81,8145.81,29.0,EA,29.0,EA,,,V0011,,Movement 101 for MAT00011,1000,,,2023,2023-06-12,2023-06-12,WHOUSE01,12:15:00,29.0,,,,,,,,,
100,4900000380,2023,1,1,0,0,101,,MAT00011,P001,SL01,,,S,USD,14559.3,14559.3,126.0,EA,126.0,EA,,,V0006,,Movement 101 for MAT00011,1000,,,2023,2023-03-26,2023-03-26,WHOUSE02,12:15:00,126.0,,,,,,,,,
100,4900000381,2023,1,1,0,0,101,,MAT00011,P001,SL01,,,S,USD,142572.3,142572.3,695.0,EA,695.0,EA,,,V0001,,Movement 101 for MAT00011,1000,,,2023,2023-04-03,2023-04-03,WHOUSE02,10:34:00,695.0,,,,,,,,,
100,4900000382,2024,1,1,0,0,102,,MAT00011,P001,SL01,,,H,USD,26437.98,26437.98,111.0,EA,111.0,EA,,,,,Movement 102 for MAT00011,1000,,,2024,2024-11-22,2024-11-22,WHOUSE01,17:07:00,111.0,,,,,,,,,
100,4900000383,2023,1,1,0,0,101,,MAT00011,P001,SL01,,,S,USD,192607.8,192607.8,484.0,EA,484.0,EA,,,V0003,,Movement 101 for MAT00011,1000,,,2023,2023-01-03,2023-01-03,WHOUSE02,12:29:00,484.0,,,,,,,,,
100,4900000384,2024,1,1,0,0,101,,MAT00011,P001,SL01,,,S,USD,24260.2,24260.2,101.0,EA,101.0,EA,,,V0002,,Movement 101 for MAT00011,1000,,,2024,2024-04-21,2024-04-21,WHOUSE01,14:44:00,101.0,,,,,,,,,
100,4900000385,2024,1,1,0,0,501,,MAT00011,P001,SL01,,,S,USD,10088.64,10088.64,288.0,EA,288.0,EA,,,V0002,,Movement 501 for MAT00011,1000,,,2024,2024-10-18,2024-10-18,WHOUSE02,16:16:00,288.0,,,,,,,,,
100,4900000386,2023,1,1,0,0,501,,MAT00011,P001,SL01,,,S,USD,17541.85,17541.85,205.0,EA,205.0,EA,,,V0015,,Movement 501 for MAT00011,1000,,,2023,2023-08-19,2023-08-19,WHOUSE02,14:40:00,205.0,,,,,,,,,
100,4900000387,2024,1,1,0,0,101,,MAT00011,P001,SL01,,,S,USD,38970.36,38970.36,572.0,EA,572.0,EA,,,V0015,,Movement 101 for MAT00011,1000,,,2024,2024-10-27,2024-10-27,WHOUSE01,16:12:00,572.0,,,,,,,,,
100,4900000388,2023,1,1,0,0,101,,MAT00011,P001,SL01,,,S,USD,243725.26,243725.26,566.0,EA,566.0,EA,,,V0010,,Movement 101 for MAT00011,1000,,,2023,2023-08-12,2023-08-12,WHOUSE01,07:50:00,566.0,,,,,,,,,
100,4900000389,2023,1,1,0,0,101,,MAT00011,P001,SL01,,,S,USD,87703.14,87703.14,483.0,EA,483.0,EA,,,V0002,,Movement 101 for MAT00011,1000,,,2023,2023-01-22,2023-01-22,WHOUSE02,14:23:00,483.0,,,,,,,,,
100,4900000390,2024,1,1,0,0,101,,MAT00011,P002,SL01,,,S,USD,11775.96,11775.96,63.0,EA,63.0,EA,,,V0006,,Movement 101 for MAT00011,1000,,,2024,2024-08-15,2024-08-15,WHOUSE02,13:51:00,63.0,,,,,,,,,
100,4900000391,2023,1,1,0,0,101,,MAT00011,P002,SL01,,,S,USD,3919.02,3919.02,31.0,EA,31.0,EA,,,V0004,,Movement 101 for MAT00011,1000,,,2023,2023-03-22,2023-03-22,WHOUSE02,17:03:00,31.0,,,,,,,,,
100,4900000392,2023,1,1,0,0,102,,MAT00011,P002,SL01,,,H,USD,1691.05,1691.05,155.0,EA,155.0,EA,,,,,Movement 102 for MAT00011,1000,,,2023,2023-10-06,2023-10-06,WHOUSE02,16:15:00,155.0,,,,,,,,,
100,4900000393,2024,1,1,0,0,102,,MAT00011,P002,SL01,,,H,USD,10437.0,10437.0,50.0,EA,50.0,EA,,,,,Movement 102 for MAT00011,1000,,,2024,2024-04-11,2024-04-11,WHOUSE02,07:23:00,50.0,,,,,,,,,
100,4900000394,2024,1,1,0,0,101,,MAT00011,P002,SL01,,,S,USD,71042.75,71042.75,205.0,EA,205.0,EA,,,V0004,,Movement 101 for MAT00011,1000,,,2024,2024-11-06,2024-11-06,WHOUSE02,07:05:00,205.0,,,,,,,,,
100,4900000395,2024,1,1,0,0,701,,MAT00011,P002,SL01,,,S,USD,76468.96,76468.96,292.0,EA,292.0,EA,,,,,Movement 701 for MAT00011,1000,,,2024,2024-11-05,2024-11-05,WHOUSE01,16:19:00,292.0,,,,,,,,,
100,4900000396,2024,1,1,0,0,301,,MAT00011,P003,SL02,,,H,USD,2367.4,2367.4,95.0,EA,95.0,EA,,,,,Movement 301 for MAT00011,1000,,,2024,2024-10-18,2024-10-18,WHOUSE01,08:16:00,95.0,,,,,,,,,
100,4900000397,2024,1,1,0,0,101,,MAT00011,P003,SL02,,,S,USD,14516.4,14516.4,120.0,EA,120.0,EA,,,V0013,,Movement 101 for MAT00011,1000,,,2024,2024-05-24,2024-05-24,WHOUSE02,14:56:00,120.0,,,,,,,,,
100,4900000398,2023,1,1,0,0,101,,MAT00011,P003,SL02,,,S,USD,6288.88,6288.88,104.0,EA,104.0,EA,,,V0003,,Movement 101 for MAT00011,1000,,,2023,2023-07-15,2023-07-15,WHOUSE01,08:35:00,104.0,,,,,,,,,
100,4900000399,2023,1,1,0,0,102,,MAT00011,P003,SL02,,,H,USD,51198.0,51198.0,300.0,EA,300.0,EA,,,,,Movement 102 for MAT00011,1000,,,2023,2023-07-30,2023-07-30,WHOUSE01,07:50:00,300.0,,,,,,,,,
100,4900000400,2023,1,1,0,0,101,,MAT00011,P003,SL02,,,S,USD,50745.24,50745.24,126.0,EA,126.0,EA,,,V0004,,Movement 101 for MAT00011,1000,,,2023,2023-08-26,2023-08-26,WHOUSE01,07:02:00,126.0,,,,,,,,,
100,4900000401,2023,1,1,0,0,101,,MAT00011,P003,SL02,,,S,USD,9583.47,9583.47,117.0,EA,117.0,EA,,,V0007,,Movement 101 for MAT00011,1000,,,2023,2023-01-04,2023-01-04,WHOUSE01,11:30:00,117.0,,,,,,,,,
100,4900000402,2024,1,1,0,0,101,,MAT00011,P003,SL02,,,S,USD,1431.08,1431.08,19.0,EA,19.0,EA,,,V0011,,Movement 101 for MAT00011,1000,,,2024,2024-07-02,2024-07-02,WHOUSE02,08:15:00,19.0,,,,,,,,,
100,4900000403,2024,1,1,0,0,101,,MAT00011,P003,SL02,,,S,USD,50017.84,50017.84,236.0,EA,236.0,EA,,,V0013,,Movement 101 for MAT00011,1000,,,2024,2024-01-16,2024-01-16,WHOUSE01,09:30:00,236.0,,,,,,,,,
100,4900000404,2023,1,1,0,0,101,,MAT00011,P003,SL02,,,S,USD,102229.86,102229.86,239.0,EA,239.0,EA,,,V0003,,Movement 101 for MAT00011,1000,,,2023,2023-10-15,2023-10-15,WHOUSE02,17:23:00,239.0,,,,,,,,,
100,4900000405,2024,1,1,0,0,101,,MAT00011,P003,SL02,,,S,USD,5228.58,5228.58,21.0,EA,21.0,EA,,,V0008,,Movement 101 for MAT00011,1000,,,2024,2024-03-27,2024-03-27,WHOUSE01,16:44:00,21.0,,,,,,,,,
100,4900000406,2023,1,1,0,0,261,,MAT00012,P001,SL01,,,H,USD,30610.68,30610.68,159.0,EA,159.0,EA,,,,,Movement 261 for MAT00012,1000,,,2023,2023-04-16,2023-04-16,WHOUSE02,08:20:00,159.0,,,,,,,,,
100,4900000407,2023,1,1,0,0,101,,MAT00012,P001,SL01,,,S,USD,5544.89,5544.89,13.0,EA,13.0,EA,,,V0008,,Movement 101 for MAT00012,1000,,,2023,2023-11-06,2023-11-06,WHOUSE02,13:19:00,13.0,,,,,,,,,
100,4900000408,2024,1,1,0,0,101,,MAT00012,P002,SL03,,,S,USD,7422.2,7422.2,148.0,EA,148.0,EA,,,V0003,,Movement 101 for MAT00012,1000,,,2024,2024-03-05,2024-03-05,WHOUSE02,12:11:00,148.0,,,,,,,,,
100,4900000409,2024,1,1,0,0,101,,MAT00012,P002,SL03,,,S,USD,38049.97,38049.97,133.0,EA,133.0,EA,,,V0009,,Movement 101 for MAT00012,1000,,,2024,2024-10-04,2024-10-04,WHOUSE01,16:26:00,133.0,,,,,,,,,
100,4900000410,2023,1,1,0,0,102,,MAT00012,P002,SL03,,,H,USD,78031.2,78031.2,208.0,EA,208.0,EA,,,,,Movement 102 for MAT00012,1000,,,2023,2023-03-12,2023-03-12,WHOUSE01,14:28:00,208.0,,,,,,,,,
100,4900000411,2024,1,1,0,0,101,,MAT00012,P002,SL03,,,S,USD,15369.6,15369.6,96.0,EA,96.0,EA,,,V0008,,Movement 101 for MAT00012,1000,,,2024,2024-07-01,2024-07-01,WHOUSE01,16:51:00,96.0,,,,,,,,,
100,4900000412,2023,1,1,0,0,101,,MAT00012,P002,SL03,,,S,USD,129231.48,129231.48,276.0,EA,276.0,EA,,,V0013,,Movement 101 for MAT00012,1000,,,2023,2023-05-01,2023-05-01,WHOUSE01,13:15:00,276.0,,,,,,,,,
100,4900000413,2023,1,1,0,0,702,,MAT00012,P002,SL03,,,H,USD,130952.25,130952.25,275.0,EA,275.0,EA,,,,,Movement 702 for MAT00012,1000,,,2023,2023-03-07,2023-03-07,WHOUSE01,15:43:00,275.0,,,,,,,,,
100,4900000414,2024,1,1,0,0,101,,MAT00012,P002,SL03,,,S,USD,72773.61,72773.61,183.0,EA,183.0,EA,,,V0003,,Movement 101 for MAT00012,1000,,,2024,2024-07-25,2024-07-25,WHOUSE01,09:12:00,183.0,,,,,,,,,
100,4900000415,2024,1,1,0,0,101,,MAT00012,P002,SL03,,,S,USD,5255.72,5255.72,17.0,EA,17.0,EA,,,V0004,,Movement 101 for MAT00012,1000,,,2024,2024-09-17,2024-09-17,WHOUSE01,16:28:00,17.0,,,,,,,,,
100,4900000416,2024,1,1,0,0,101,,MAT00012,P003,SL03,,,S,USD,20984.6,20984.6,91.0,EA,91.0,EA,,,V0009,,Movement 101 for MAT00012,1000,,,2024,2024-01-16,2024-01-16,WHOUSE01,10:47:00,91.0,,,,,,,,,
100,4900000417,2023,1,1,0,0,101,,MAT00012,P003,SL03,,,S,USD,34037.5,34037.5,125.0,EA,125.0,EA,,,V0003,,Movement 101 for MAT00012,1000,,,2023,2023-04-14,2023-04-14,WHOUSE01,09:11:00,125.0,,,,,,,,,
100,4900000418,2024,1,1,0,0,201,,MAT00012,P003,SL03,,,H,USD,15489.56,15489.56,89.0,EA,89.0,EA,,,,,Movement 201 for MAT00012,1000,,,2024,2024-12-23,2024-12-23,WHOUSE01,12:09:00,89.0,,,,,,,,,
100,4900000419,2023,1,1,0,0,101,,MAT00012,P003,SL03,,,S,USD,88123.2,88123.2,480.0,EA,480.0,EA,,,V0002,,Movement 101 for MAT00012,1000,,,2023,2023-08-20,2023-08-20,WHOUSE02,09:32:00,480.0,,,,,,,,,
100,4900000420,2023,1,1,0,0,261,,MAT00012,P003,SL03,,,H,USD,2191.64,2191.64,22.0,EA,22.0,EA,,,,,Movement 261 for MAT00012,1000,,,2023,2023-01-04,2023-01-04,WHOUSE02,16:34:00,22.0,,,,,,,,,
100,4900000421,2024,1,1,0,0,101,,MAT00012,P003,SL03,,,S,USD,132335.82,132335.82,306.0,EA,306.0,EA,,,V0011,,Movement 101 for MAT00012,1000,,,2024,2024-11-26,2024-11-26,WHOUSE01,08:52:00,306.0,,,,,,,,,
100,4900000422,2024,1,1,0,0,101,,MAT00012,P003,SL03,,,S,USD,189509.98,189509.98,583.0,EA,583.0,EA,,,V0002,,Movement 101 for MAT00012,1000,,,2024,2024-11-08,2024-11-08,WHOUSE02,09:36:00,583.0,,,,,,,,,
100,4900000423,2024,1,1,0,0,201,,MAT00012,P003,SL03,,,H,USD,2293.11,2293.11,149.0,EA,149.0,EA,,,,,Movement 201 for MAT00012,1000,,,2024,2024-04-12,2024-04-12,WHOUSE02,12:10:00,149.0,,,,,,,,,
100,4900000424,2023,1,1,0,0,101,,MAT00012,P003,SL03,,,S,USD,64902.6,64902.6,510.0,EA,510.0,EA,,,V0002,,Movement 101 for MAT00012,1000,,,2023,2023-01-30,2023-01-30,WHOUSE02,10:02:00,510.0,,,,,,,,,
100,4900000425,2023,1,1,0,0,101,,MAT00012,P003,SL03,,,S,USD,71614.4,71614.4,208.0,EA,208.0,EA,,,V0014,,Movement 101 for MAT00012,1000,,,2023,2023-02-08,2023-02-08,WHOUSE02,07:29:00,208.0,,,,,,,,,
100,4900000426,2024,1,1,0,0,101,,MAT00012,P003,SL03,,,S,USD,140105.68,140105.68,331.0,EA,331.0,EA,,,V0003,,Movement 101 for MAT00012,1000,,,2024,2024-06-14,2024-06-14,WHOUSE02,07:22:00,331.0,,,,,,,,,
100,4900000427,2023,1,1,0,0,261,,MAT00012,P003,SL03,,,H,USD,132696.9,132696.9,295.0,EA,295.0,EA,,,,,Movement 261 for MAT00012,1000,,,2023,2023-06-29,2023-06-29,WHOUSE02,07:10:00,295.0,,,,,,,,,
100,4900000428,2024,1,1,0,0,101,,MAT00012,P003,SL03,,,S,USD,135821.8,135821.8,685.0,EA,685.0,EA,,,V0010,,Movement 101 for MAT00012,1000,,,2024,2024-07-26,2024-07-26,WHOUSE02,09:25:00,685.0,,,,,,,,,
100,4900000429,2024,1,1,0,0,101,,MAT00012,P003,SL03,,,S,USD,141037.57,141037.57,661.0,EA,661.0,EA,,,V0006,,Movement 101 for MAT00012,1000,,,2024,2024-05-14,2024-05-14,WHOUSE01,12:40:00,661.0,,,,,,,,,
100,4900000430,2024,1,1,0,0,501,,MAT00012,P003,SL03,,,S,USD,4383.0,4383.0,90.0,EA,90.0,EA,,,V0012,,Movement 501 for MAT00012,1000,,,2024,2024-04-13,2024-04-13,WHOUSE02,15:47:00,90.0,,,,,,,,,
100,4900000431,2024,1,1,0,0,201,,MAT00012,P003,SL03,,,H,USD,2413.6,2413.6,280.0,EA,280.0,EA,,,,,Movement 201 for MAT00012,1000,,,2024,2024-02-16,2024-02-16,WHOUSE01,12:49:00,280.0,,,,,,,,,
100,4900000432,2023,1,1,0,0,201,,MAT00012,P003,SL03,,,H,USD,3804.88,3804.88,8.0,EA,8.0,EA,,,,,Movement 201 for MAT00012,1000,,,2023,2023-07-25,2023-07-25,WHOUSE02,09:33:00,8.0,,,,,,,,,
100,4900000433,2023,1,1,0,0,101,,MAT00012,P003,SL03,,,S,USD,5768.04,5768.04,284.0,EA,284.0,EA,,,V0015,,Movement 101 for MAT00012,1000,,,2023,2023-11-03,2023-11-03,WHOUSE02,15:36:00,284.0,,,,,,,,,
100,4900000434,2023,1,1,0,0,101,,MAT00012,P003,SL03,,,S,USD,135038.52,135038.52,423.0,EA,423.0,EA,,,V0003,,Movement 101 for MAT00012,1000,,,2023,2023-08-18,2023-08-18,WHOUSE01,11:12:00,423.0,,,,,,,,,
100,4900000435,2024,1,1,0,0,101,,MAT00012,P003,SL03,,,S,USD,134671.38,134671.38,303.0,EA,303.0,EA,,,V0008,,Movement 101 for MAT00012,1000,,,2024,2024-08-20,2024-08-20,WHOUSE01,09:05:00,303.0,,,,,,,,,
100,4900000436,2024,1,1,0,0,261,,MAT00012,P003,SL03,,,H,USD,81669.98,81669.98,266.0,EA,266.0,EA,,,,,Movement 261 for MAT00012,1000,,,2024,2024-08-19,2024-08-19,WHOUSE02,10:18:00,266.0,,,,,,,,,
100,4900000437,2023,1,1,0,0,101,,MAT00012,P003,SL03,,,S,USD,174635.56,174635.56,814.0,EA,814.0,EA,,,V0002,,Movement 101 for MAT00012,1000,,,2023,2023-10-18,2023-10-18,WHOUSE02,12:16:00,814.0,,,,,,,,,
100,4900000438,2023,1,1,0,0,101,,MAT00012,P003,SL03,,,S,USD,125585.46,125585.46,442.0,EA,442.0,EA,,,V0010,,Movement 101 for MAT00012,1000,,,2023,2023-11-23,2023-11-23,WHOUSE02,17:51:00,442.0,,,,,,,,,
100,4900000439,2024,1,1,0,0,101,,MAT00012,P003,SL03,,,S,USD,3601.83,3601.83,71.0,EA,71.0,EA,,,V0005,,Movement 101 for MAT00012,1000,,,2024,2024-02-10,2024-02-10,WHOUSE01,15:37:00,71.0,,,,,,,,,
100,4900000440,2023,1,1,0,0,501,,MAT00012,P003,SL03,,,S,USD,49432.46,49432.46,154.0,EA,154.0,EA,,,V0004,,Movement 501 for MAT00012,1000,,,2023,2023-08-28,2023-08-28,WHOUSE01,10:07:00,154.0,,,,,,,,,
100,4900000441,2023,1,1,0,0,301,,MAT00012,P003,SL03,,,H,USD,12497.65,12497.65,55.0,EA,55.0,EA,,,,,Movement 301 for MAT00012,1000,,,2023,2023-06-21,2023-06-21,WHOUSE02,07:07:00,55.0,,,,,,,,,
100,4900000442,2023,1,1,0,0,101,,MAT00013,P001,SL02,,,S,USD,5265.6,5265.6,16.0,EA,16.0,EA,,,V0007,,Movement 101 for MAT00013,1000,,,2023,2023-08-03,2023-08-03,WHOUSE02,13:21:00,16.0,,,,,,,,,
100,4900000443,2024,1,1,0,0,201,,MAT00013,P001,SL02,,,H,USD,55389.79,55389.79,269.0,EA,269.0,EA,,,,,Movement 201 for MAT00013,1000,,,2024,2024-02-02,2024-02-02,WHOUSE02,13:00:00,269.0,,,,,,,,,
100,4900000444,2024,1,1,0,0,101,,MAT00013,P001,SL02,,,S,USD,47036.88,47036.88,99.0,EA,99.0,EA,,,V0003,,Movement 101 for MAT00013,1000,,,2024,2024-12-31,2024-12-31,WHOUSE01,14:44:00,99.0,,,,,,,,,
100,4900000445,2023,1,1,0,0,701,,MAT00013,P001,SL02,,,S,USD,11438.56,11438.56,49.0,EA,49.0,EA,,,,,Movement 701 for MAT00013,1000,,,2023,2023-08-26,2023-08-26,WHOUSE01,07:35:00,49.0,,,,,,,,,
100,4900000446,2023,1,1,0,0,101,,MAT00013,P001,SL02,,,S,USD,44071.5,44071.5,150.0,EA,150.0,EA,,,V0013,,Movement 101 for MAT00013,1000,,,2023,2023-03-04,2023-03-04,WHOUSE01,07:41:00,150.0,,,,,,,,,
100,4900000447,2023,1,1,0,0,261,,MAT00013,P001,SL02,,,H,USD,12074.72,12074.72,112.0,EA,112.0,EA,,,,,Movement 261 for MAT00013,1000,,,2023,2023-05-21,2023-05-21,WHOUSE01,17:06:00,112.0,,,,,,,,,
100,4900000448,2023,1,1,0,0,101,,MAT00013,P002,SL01,,,S,USD,3200.76,3200.76,68.0,EA,68.0,EA,,,V0008,,Movement 101 for MAT00013,1000,,,2023,2023-05-01,2023-05-01,WHOUSE01,11:28:00,68.0,,,,,,,,,
100,4900000449,2023,1,1,0,0,201,,MAT00013,P002,SL01,,,H,USD,3617.6,3617.6,68.0,EA,68.0,EA,,,,,Movement 201 for MAT00013,1000,,,2023,2023-02-26,2023-02-26,WHOUSE01,07:32:00,68.0,,,,,,,,,
100,4900000450,2024,1,1,0,0,702,,MAT00013,P002,SL01,,,H,USD,9949.8,9949.8,138.0,EA,138.0,EA,,,,,Movement 702 for MAT00013,1000,,,2024,2024-01-09,2024-01-09,WHOUSE02,11:00:00,138.0,,,,,,,,,
100,4900000451,2024,1,1,0,0,301,,MAT00013,P002,SL01,,,H,USD,102127.5,102127.5,270.0,EA,270.0,EA,,,,,Movement 301 for MAT00013,1000,,,2024,2024-09-22,2024-09-22,WHOUSE01,13:28:00,270.0,,,,,,,,,
100,4900000452,2024,1,1,0,0,101,,MAT00013,P002,SL01,,,S,USD,25947.84,25947.84,179.0,EA,179.0,EA,,,V0014,,Movement 101 for MAT00013,1000,,,2024,2024-01-27,2024-01-27,WHOUSE02,12:41:00,179.0,,,,,,,,,
100,4900000453,2023,1,1,0,0,301,,MAT00013,P002,SL01,,,H,USD,35440.09,35440.09,283.0,EA,283.0,EA,,,,,Movement 301 for MAT00013,1000,,,2023,2023-05-16,2023-05-16,WHOUSE02,10:20:00,283.0,,,,,,,,,
100,4900000454,2023,1,1,0,0,201,,MAT00013,P003,SL02,,,H,USD,46190.55,46190.55,105.0,EA,105.0,EA,,,,,Movement 201 for MAT00013,1000,,,2023,2023-01-14,2023-01-14,WHOUSE01,07:43:00,105.0,,,,,,,,,
100,4900000455,2024,1,1,0,0,101,,MAT00013,P003,SL02,,,S,USD,21462.9,21462.9,290.0,EA,290.0,EA,,,V0014,,Movement 101 for MAT00013,1000,,,2024,2024-01-22,2024-01-22,WHOUSE01,08:18:00,290.0,,,,,,,,,
100,4900000456,2023,1,1,0,0,261,,MAT00013,P003,SL02,,,H,USD,58140.24,58140.24,157.0,EA,157.0,EA,,,,,Movement 261 for MAT00013,1000,,,2023,2023-07-13,2023-07-13,WHOUSE02,10:04:00,157.0,,,,,,,,,
100,4900000457,2024,1,1,0,0,101,,MAT00013,P003,SL02,,,S,USD,8383.05,8383.05,117.0,EA,117.0,EA,,,V0006,,Movement 101 for MAT00013,1000,,,2024,2024-07-24,2024-07-24,WHOUSE01,08:49:00,117.0,,,,,,,,,
100,4900000458,2024,1,1,0,0,101,,MAT00013,P003,SL02,,,S,USD,55934.28,55934.28,201.0,EA,201.0,EA,,,V0010,,Movement 101 for MAT00013,1000,,,2024,2024-11-09,2024-11-09,WHOUSE02,07:41:00,201.0,,,,,,,,,
100,4900000459,2023,1,1,0,0,102,,MAT00013,P003,SL02,,,H,USD,85561.02,85561.02,222.0,EA,222.0,EA,,,,,Movement 102 for MAT00013,1000,,,2023,2023-02-13,2023-02-13,WHOUSE01,09:01:00,222.0,,,,,,,,,
100,4900000460,2023,1,1,0,0,101,,MAT00013,P003,SL02,,,S,USD,4205.92,4205.92,271.0,EA,271.0,EA,,,V0012,,Movement 101 for MAT00013,1000,,,2023,2023-03-11,2023-03-11,WHOUSE02,11:40:00,271.0,,,,,,,,,
100,4900000461,2023,1,1,0,0,101,,MAT00013,P003,SL02,,,S,USD,26505.6,26505.6,251.0,EA,251.0,EA,,,V0013,,Movement 101 for MAT00013,1000,,,2023,2023-11-12,2023-11-12,WHOUSE02,16:37:00,251.0,,,,,,,,,
100,4900000462,2024,1,1,0,0,102,,MAT00013,P003,SL02,,,H,USD,76830.4,76830.4,155.0,EA,155.0,EA,,,,,Movement 102 for MAT00013,1000,,,2024,2024-05-20,2024-05-20,WHOUSE01,13:37:00,155.0,,,,,,,,,
100,4900000463,2024,1,1,0,0,261,,MAT00013,P003,SL02,,,H,USD,11279.52,11279.52,108.0,EA,108.0,EA,,,,,Movement 261 for MAT00013,1000,,,2024,2024-01-10,2024-01-10,WHOUSE01,07:54:00,108.0,,,,,,,,,
100,4900000464,2023,1,1,0,0,101,,MAT00013,P003,SL02,,,S,USD,58274.52,58274.52,228.0,EA,228.0,EA,,,V0007,,Movement 101 for MAT00013,1000,,,2023,2023-12-14,2023-12-14,WHOUSE02,13:32:00,228.0,,,,,,,,,
100,4900000465,2023,1,1,0,0,101,,MAT00013,P003,SL02,,,S,USD,77242.56,77242.56,272.0,EA,272.0,EA,,,V0005,,Movement 101 for MAT00013,1000,,,2023,2023-06-05,2023-06-05,WHOUSE01,10:04:00,272.0,,,,,,,,,
100,4900000466,2024,1,1,0,0,101,,MAT00013,P003,SL02,,,S,USD,7122.24,7122.24,36.0,EA,36.0,EA,,,V0011,,Movement 101 for MAT00013,1000,,,2024,2024-01-28,2024-01-28,WHOUSE01,13:05:00,36.0,,,,,,,,,
100,4900000467,2024,1,1,0,0,101,,MAT00013,P003,SL02,,,S,USD,84561.5,84561.5,265.0,EA,265.0,EA,,,V0003,,Movement 101 for MAT00013,1000,,,2024,2024-08-09,2024-08-09,WHOUSE02,13:34:00,265.0,,,,,,,,,
100,4900000468,2023,1,1,0,0,101,,MAT00013,P003,SL02,,,S,USD,45413.28,45413.28,99.0,EA,99.0,EA,,,V0002,,Movement 101 for MAT00013,1000,,,2023,2023-06-27,2023-06-27,WHOUSE02,09:21:00,99.0,,,,,,,,,
100,4900000469,2023,1,1,0,0,101,,MAT00013,P003,SL02,,,S,USD,17157.0,17157.0,175.0,EA,175.0,EA,,,V0014,,Movement 101 for MAT00013,1000,,,2023,2023-08-15,2023-08-15,WHOUSE02,14:54:00,175.0,,,,,,,,,
100,4900000470,2024,1,1,0,0,102,,MAT00013,P003,SL02,,,H,USD,70700.4,70700.4,180.0,EA,180.0,EA,,,,,Movement 102 for MAT00013,1000,,,2024,2024-10-20,2024-10-20,WHOUSE01,08:37:00,180.0,,,,,,,,,
100,4900000471,2023,1,1,0,0,101,,MAT00014,P001,SL02,,,S,USD,44338.08,44338.08,142.0,EA,142.0,EA,,,V0004,,Movement 101 for MAT00014,1000,,,2023,2023-08-15,2023-08-15,WHOUSE02,12:15:00,142.0,,,,,,,,,
100,4900000472,2024,1,1,0,0,301,,MAT00014,P001,SL02,,,H,USD,7338.26,7338.26,163.0,EA,163.0,EA,,,,,Movement 301 for MAT00014,1000,,,2024,2024-01-13,2024-01-13,WHOUSE01,15:06:00,163.0,,,,,,,,,
100,4900000473,2024,1,1,0,0,101,,MAT00014,P001,SL02,,,S,USD,33907.02,33907.02,294.0,EA,294.0,EA,,,V0006,,Movement 101 for MAT00014,1000,,,2024,2024-06-16,2024-06-16,WHOUSE01,16:11:00,294.0,,,,,,,,,
100,4900000474,2023,1,1,0,0,261,,MAT00014,P001,SL02,,,H,USD,31640.4,31640.4,72.0,EA,72.0,EA,,,,,Movement 261 for MAT00014,1000,,,2023,2023-01-12,2023-01-12,WHOUSE01,08:42:00,72.0,,,,,,,,,
100,4900000475,2024,1,1,0,0,101,,MAT00014,P001,SL02,,,S,USD,51306.0,51306.0,255.0,EA,255.0,EA,,,V0010,,Movement 101 for MAT00014,1000,,,2024,2024-04-24,2024-04-24,WHOUSE01,11:52:00,255.0,,,,,,,,,
100,4900000476,2023,1,1,0,0,102,,MAT00014,P001,SL02,,,H,USD,4810.27,4810.27,31.0,EA,31.0,EA,,,,,Movement 102 for MAT00014,1000,,,2023,2023-01-05,2023-01-05,WHOUSE02,08:00:00,31.0,,,,,,,,,
100,4900000477,2023,1,1,0,0,201,,MAT00014,P001,SL02,,,H,USD,19020.41,19020.41,61.0,EA,61.0,EA,,,,,Movement 201 for MAT00014,1000,,,2023,2023-02-13,2023-02-13,WHOUSE01,09:13:00,61.0,,,,,,,,,
100,4900000478,2023,1,1,0,0,101,,MAT00014,P002,SL03,,,S,USD,70301.88,70301.88,246.0,EA,246.0,EA,,,V0001,,Movement 101 for MAT00014,1000,,,2023,2023-05-14,2023-05-14,WHOUSE02,12:09:00,246.0,,,,,,,,,
100,4900000479,2023,1,1,0,0,701,,MAT00014,P002,SL03,,,S,USD,2551.14,2551.14,6.0,EA,6.0,EA,,,,,Movement 701 for MAT00014,1000,,,2023,2023-08-02,2023-08-02,WHOUSE02,08:45:00,6.0,,,,,,,,,
100,4900000480,2024,1,1,0,0,261,,MAT00014,P002,SL03,,,H,USD,41427.9,41427.9,90.0,EA,90.0,EA,,,,,Movement 261 for MAT00014,1000,,,2024,2024-02-29,2024-02-29,WHOUSE02,10:38:00,90.0,,,,,,,,,
100,4900000481,2023,1,1,0,0,261,,MAT00014,P002,SL03,,,H,USD,6008.1,6008.1,210.0,EA,210.0,EA,,,,,Movement 261 for MAT00014,1000,,,2023,2023-03-11,2023-03-11,WHOUSE01,14:10:00,210.0,,,,,,,,,
100,4900000482,2024,1,1,0,0,701,,MAT00014,P002,SL03,,,S,USD,36301.16,36301.16,98.0,EA,98.0,EA,,,,,Movement 701 for MAT00014,1000,,,2024,2024-10-28,2024-10-28,WHOUSE01,07:05:00,98.0,,,,,,,,,
100,4900000483,2024,1,1,0,0,101,,MAT00014,P002,SL03,,,S,USD,54387.42,54387.42,213.0,EA,213.0,EA,,,V0014,,Movement 101 for MAT00014,1000,,,2024,2024-03-07,2024-03-07,WHOUSE01,14:48:00,213.0,,,,,,,,,
100,4900000484,2024,1,1,0,0,101,,MAT00014,P002,SL03,,,S,USD,126495.1,126495.1,265.0,EA,265.0,EA,,,V0011,,Movement 101 for MAT00014,1000,,,2024,2024-05-31,2024-05-31,WHOUSE02,11:22:00,265.0,,,,,,,,,
100,4900000485,2024,1,1,0,0,101,,MAT00014,P002,SL03,,,S,USD,763.29,763.29,27.0,EA,27.0,EA,,,V0011,,Movement 101 for MAT00014,1000,,,2024,2024-06-20,2024-06-20,WHOUSE01,08:01:00,27.0,,,,,,,,,
100,4900000486,2023,1,1,0,0,101,,MAT00014,P002,SL03,,,S,USD,63304.32,63304.32,192.0,EA,192.0,EA,,,V0015,,Movement 101 for MAT00014,1000,,,2023,2023-08-17,2023-08-17,WHOUSE02,12:40:00,192.0,,,,,,,,,
100,4900000487,2023,1,1,0,0,201,,MAT00014,P002,SL03,,,H,USD,33421.05,33421.05,197.0,EA,197.0,EA,,,,,Movement 201 for MAT00014,1000,,,2023,2023-01-25,2023-01-25,WHOUSE02,12:25:00,197.0,,,,,,,,,
100,4900000488,2024,1,1,0,0,201,,MAT00014,P002,SL03,,,H,USD,46707.42,46707.42,113.0,EA,113.0,EA,,,,,Movement 201 for MAT00014,1000,,,2024,2024-07-12,2024-07-12,WHOUSE02,16:47:00,113.0,,,,,,,,,
100,4900000489,2023,1,1,0,0,102,,MAT00014,P002,SL03,,,H,USD,14607.0,14607.0,90.0,EA,90.0,EA,,,,,Movement 102 for MAT00014,1000,,,2023,2023-07-31,2023-07-31,WHOUSE02,17:21:00,90.0,,,,,,,,,
100,4900000490,2023,1,1,0,0,601,,MAT00014,P002,SL03,,,H,USD,11790.0,11790.0,125.0,EA,125.0,EA,,,,,Movement 601 for MAT00014,1000,,,2023,2023-07-28,2023-07-28,WHOUSE01,08:46:00,125.0,,,,,,8000000419.0,10.0,,
100,4900000491,2024,1,1,0,0,301,,MAT00014,P003,SL01,,,H,USD,2583.77,2583.77,49.0,EA,49.0,EA,,,,,Movement 301 for MAT00014,1000,,,2024,2024-05-14,2024-05-14,WHOUSE01,15:21:00,49.0,,,,,,,,,
100,4900000492,2024,1,1,0,0,501,,MAT00014,P003,SL01,,,S,USD,17474.1,17474.1,35.0,EA,35.0,EA,,,V0008,,Movement 501 for MAT00014,1000,,,2024,2024-08-25,2024-08-25,WHOUSE02,07:28:00,35.0,,,,,,,,,
100,4900000493,2024,1,1,0,0,101,,MAT00014,P003,SL01,,,S,USD,35289.6,35289.6,192.0,EA,192.0,EA,,,V0007,,Movement 101 for MAT00014,1000,,,2024,2024-01-15,2024-01-15,WHOUSE02,15:53:00,192.0,,,,,,,,,
100,4900000494,2023,1,1,0,0,702,,MAT00015,P001,SL01,,,H,USD,37088.64,37088.64,288.0,EA,288.0,EA,,,,,Movement 702 for MAT00015,1000,,,2023,2023-04-21,2023-04-21,WHOUSE02,08:14:00,288.0,,,,,,,,,
100,4900000495,2024,1,1,0,0,101,,MAT00015,P001,SL01,,,S,USD,15891.22,15891.22,71.0,EA,71.0,EA,,,V0005,,Movement 101 for MAT00015,1000,,,2024,2024-12-12,2024-12-12,WHOUSE01,14:34:00,71.0,,,,,,,,,
100,4900000496,2024,1,1,0,0,101,,MAT00015,P001,SL01,,,S,USD,4761.89,4761.89,59.0,EA,59.0,EA,,,V0011,,Movement 101 for MAT00015,1000,,,2024,2024-07-03,2024-07-03,WHOUSE02,10:11:00,59.0,,,,,,,,,
100,4900000497,2023,1,1,0,0,101,,MAT00015,P001,SL01,,,S,USD,50067.29,50067.29,259.0,EA,259.0,EA,,,V0007,,Movement 101 for MAT00015,1000,,,2023,2023-01-02,2023-01-02,WHOUSE01,09:13:00,259.0,,,,,,,,,
100,4900000498,2024,1,1,0,0,701,,MAT00015,P001,SL01,,,S,USD,24305.3,24305.3,74.0,EA,74.0,EA,,,,,Movement 701 for MAT00015,1000,,,2024,2024-01-27,2024-01-27,WHOUSE01,14:13:00,74.0,,,,,,,,,
100,4900000499,2023,1,1,0,0,101,,MAT00015,P001,SL01,,,S,USD,11406.14,11406.14,62.0,EA,62.0,EA,,,V0001,,Movement 101 for MAT00015,1000,,,2023,2023-11-12,2023-11-12,WHOUSE01,15:54:00,62.0,,,,,,,,,
100,4900000500,2024,1,1,0,0,101,,MAT00015,P001,SL01,,,S,USD,12376.72,12376.72,142.0,EA,142.0,EA,,,V0015,,Movement 101 for MAT00015,1000,,,2024,2024-09-11,2024-09-11,WHOUSE02,16:56:00,142.0,,,,,,,,,
100,4900000501,2024,1,1,0,0,101,,MAT00015,P002,SL03,,,S,USD,66667.86,66667.86,162.0,EA,162.0,EA,,,V0001,,Movement 101 for MAT00015,1000,,,2024,2024-07-26,2024-07-26,WHOUSE02,14:47:00,162.0,,,,,,,,,
100,4900000502,2023,1,1,0,0,701,,MAT00015,P002,SL03,,,S,USD,125039.43,125039.43,279.0,EA,279.0,EA,,,,,Movement 701 for MAT00015,1000,,,2023,2023-10-09,2023-10-09,WHOUSE02,13:19:00,279.0,,,,,,,,,
100,4900000503,2024,1,1,0,0,101,,MAT00015,P002,SL03,,,S,USD,36663.92,36663.92,76.0,EA,76.0,EA,,,V0015,,Movement 101 for MAT00015,1000,,,2024,2024-05-11,2024-05-11,WHOUSE02,11:14:00,76.0,,,,,,,,,
100,4900000504,2023,1,1,0,0,201,,MAT00015,P002,SL03,,,H,USD,42122.28,42122.28,106.0,EA,106.0,EA,,,,,Movement 201 for MAT00015,1000,,,2023,2023-09-15,2023-09-15,WHOUSE02,07:00:00,106.0,,,,,,,,,
100,4900000505,2024,1,1,0,0,101,,MAT00015,P002,SL03,,,S,USD,5740.58,5740.58,94.0,EA,94.0,EA,,,V0009,,Movement 101 for MAT00015,1000,,,2024,2024-08-28,2024-08-28,WHOUSE02,12:52:00,94.0,,,,,,,,,
100,4900000506,2023,1,1,0,0,101,,MAT00015,P002,SL03,,,S,USD,64289.6,64289.6,184.0,EA,184.0,EA,,,V0005,,Movement 101 for MAT00015,1000,,,2023,2023-12-26,2023-12-26,WHOUSE02,15:19:00,184.0,,,,,,,,,
100,4900000507,2024,1,1,0,0,701,,MAT00015,P002,SL03,,,S,USD,45243.38,45243.38,182.0,EA,182.0,EA,,,,,Movement 701 for MAT00015,1000,,,2024,2024-06-18,2024-06-18,WHOUSE01,08:46:00,182.0,,,,,,,,,
100,4900000508,2023,1,1,0,0,101,,MAT00015,P002,SL03,,,S,USD,91126.0,91126.0,280.0,EA,280.0,EA,,,V0005,,Movement 101 for MAT00015,1000,,,2023,2023-10-12,2023-10-12,WHOUSE01,11:25:00,280.0,,,,,,,,,
100,4900000509,2024,1,1,0,0,101,,MAT00015,P002,SL03,,,S,USD,4385.1,4385.1,282.0,EA,282.0,EA,,,V0011,,Movement 101 for MAT00015,1000,,,2024,2024-12-28,2024-12-28,WHOUSE01,09:17:00,282.0,,,,,,,,,
100,4900000510,2023,1,1,0,0,702,,MAT00015,P002,SL03,,,H,USD,477.48,477.48,12.0,EA,12.0,EA,,,,,Movement 702 for MAT00015,1000,,,2023,2023-07-19,2023-07-19,WHOUSE01,16:06:00,12.0,,,,,,,,,
100,4900000511,2024,1,1,0,0,102,,MAT00015,P002,SL03,,,H,USD,8878.08,8878.08,289.0,EA,289.0,EA,,,,,Movement 102 for MAT00015,1000,,,2024,2024-09-20,2024-09-20,WHOUSE01,11:39:00,289.0,,,,,,,,,
100,4900000512,2024,1,1,0,0,701,,MAT00015,P003,SL01,,,S,USD,35887.47,35887.47,267.0,EA,267.0,EA,,,,,Movement 701 for MAT00015,1000,,,2024,2024-10-23,2024-10-23,WHOUSE02,08:17:00,267.0,,,,,,,,,
100,4900000513,2023,1,1,0,0,101,,MAT00015,P003,SL01,,,S,USD,4630.5,4630.5,105.0,EA,105.0,EA,,,V0010,,Movement 101 for MAT00015,1000,,,2023,2023-07-20,2023-07-20,WHOUSE01,15:31:00,105.0,,,,,,,,,
100,4900000514,2024,1,1,0,0,501,,MAT00015,P003,SL01,,,S,USD,67587.26,67587.26,191.0,EA,191.0,EA,,,V0009,,Movement 501 for MAT00015,1000,,,2024,2024-08-31,2024-08-31,WHOUSE01,07:07:00,191.0,,,,,,,,,
100,4900000515,2024,1,1,0,0,301,,MAT00015,P003,SL01,,,H,USD,10649.94,10649.94,42.0,EA,42.0,EA,,,,,Movement 301 for MAT00015,1000,,,2024,2024-11-14,2024-11-14,WHOUSE01,16:58:00,42.0,,,,,,,,,
100,4900000516,2024,1,1,0,0,102,,MAT00015,P003,SL01,,,H,USD,35110.38,35110.38,183.0,EA,183.0,EA,,,,,Movement 102 for MAT00015,1000,,,2024,2024-03-13,2024-03-13,WHOUSE01,14:43:00,183.0,,,,,,,,,
100,4900000517,2023,1,1,0,0,101,,MAT00015,P003,SL01,,,S,USD,11416.6,11416.6,130.0,EA,130.0,EA,,,V0007,,Movement 101 for MAT00015,1000,,,2023,2023-09-02,2023-09-02,WHOUSE01,15:50:00,130.0,,,,,,,,,
100,4900000518,2024,1,1,0,0,101,,MAT00015,P003,SL01,,,S,USD,6605.16,6605.16,114.0,EA,114.0,EA,,,V0009,,Movement 101 for MAT00015,1000,,,2024,2024-03-06,2024-03-06,WHOUSE02,11:58:00,114.0,,,,,,,,,
100,4900000519,2024,1,1,0,0,101,,MAT00015,P003,SL01,,,S,USD,44726.91,44726.91,181.0,EA,181.0,EA,,,V0011,,Movement 101 for MAT00015,1000,,,2024,2024-01-01,2024-01-01,WHOUSE02,09:10:00,181.0,,,,,,,,,
100,4900000520,2023,1,1,0,0,101,,MAT00015,P003,SL01,,,S,USD,9484.53,9484.53,41.0,EA,41.0,EA,,,V0007,,Movement 101 for MAT00015,1000,,,2023,2023-12-08,2023-12-08,WHOUSE01,11:31:00,41.0,,,,,,,,,
100,4900000521,2024,1,1,0,0,601,,MAT00016,P001,SL01,,,H,USD,125874.5,125874.5,290.0,EA,290.0,EA,,,,,Movement 601 for MAT00016,1000,,,2024,2024-03-06,2024-03-06,WHOUSE02,12:26:00,290.0,,,,,,8000000445.0,10.0,,
100,4900000522,2024,1,1,0,0,501,,MAT00016,P001,SL01,,,S,USD,25733.13,25733.13,111.0,EA,111.0,EA,,,V0001,,Movement 501 for MAT00016,1000,,,2024,2024-10-30,2024-10-30,WHOUSE01,17:36:00,111.0,,,,,,,,,
100,4900000523,2024,1,1,0,0,601,,MAT00016,P001,SL01,,,H,USD,37652.68,37652.68,206.0,EA,206.0,EA,,,,,Movement 601 for MAT00016,1000,,,2024,2024-03-28,2024-03-28,WHOUSE02,15:37:00,206.0,,,,,,8000000448.0,10.0,,
100,4900000524,2023,1,1,0,0,301,,MAT00016,P001,SL01,,,H,USD,7630.48,7630.48,29.0,EA,29.0,EA,,,,,Movement 301 for MAT00016,1000,,,2023,2023-10-18,2023-10-18,WHOUSE01,11:30:00,29.0,,,,,,,,,
100,4900000525,2024,1,1,0,0,101,,MAT00016,P001,SL01,,,S,USD,1752.3,1752.3,22.0,EA,22.0,EA,,,V0015,,Movement 101 for MAT00016,1000,,,2024,2024-03-19,2024-03-19,WHOUSE01,09:44:00,22.0,,,,,,,,,
100,4900000526,2023,1,1,0,0,261,,MAT00016,P001,SL01,,,H,USD,92328.6,92328.6,285.0,EA,285.0,EA,,,,,Movement 261 for MAT00016,1000,,,2023,2023-06-28,2023-06-28,WHOUSE01,09:41:00,285.0,,,,,,,,,
100,4900000527,2023,1,1,0,0,261,,MAT00016,P001,SL01,,,H,USD,56158.86,56158.86,258.0,EA,258.0,EA,,,,,Movement 261 for MAT00016,1000,,,2023,2023-12-01,2023-12-01,WHOUSE02,14:06:00,258.0,,,,,,,,,
100,4900000528,2024,1,1,0,0,261,,MAT00016,P001,SL01,,,H,USD,15071.95,15071.95,185.0,EA,185.0,EA,,,,,Movement 261 for MAT00016,1000,,,2024,2024-10-17,2024-10-17,WHOUSE01,12:18:00,185.0,,,,,,,,,
100,4900000529,2023,1,1,0,0,301,,MAT00016,P001,SL01,,,H,USD,25015.64,25015.64,73.0,EA,73.0,EA,,,,,Movement 301 for MAT00016,1000,,,2023,2023-04-11,2023-04-11,WHOUSE01,16:56:00,73.0,,,,,,,,,
100,4900000530,2023,1,1,0,0,301,,MAT00016,P001,SL01,,,H,USD,21026.88,21026.88,252.0,EA,252.0,EA,,,,,Movement 301 for MAT00016,1000,,,2023,2023-11-02,2023-11-02,WHOUSE01,07:02:00,252.0,,,,,,,,,
100,4900000531,2024,1,1,0,0,301,,MAT00016,P001,SL01,,,H,USD,62088.75,62088.75,225.0,EA,225.0,EA,,,,,Movement 301 for MAT00016,1000,,,2024,2024-07-18,2024-07-18,WHOUSE01,10:43:00,225.0,,,,,,,,,
100,4900000532,2023,1,1,0,0,101,,MAT00016,P001,SL01,,,S,USD,6100.29,6100.29,63.0,EA,63.0,EA,,,V0007,,Movement 101 for MAT00016,1000,,,2023,2023-12-10,2023-12-10,WHOUSE02,12:53:00,63.0,,,,,,,,,
100,4900000533,2024,1,1,0,0,701,,MAT00016,P001,SL01,,,S,USD,10690.8,10690.8,118.0,EA,118.0,EA,,,,,Movement 701 for MAT00016,1000,,,2024,2024-03-15,2024-03-15,WHOUSE01,14:58:00,118.0,,,,,,,,,
100,4900000534,2024,1,1,0,0,101,,MAT00016,P001,SL01,,,S,USD,59376.24,59376.24,294.0,EA,294.0,EA,,,V0009,,Movement 101 for MAT00016,1000,,,2024,2024-10-16,2024-10-16,WHOUSE01,13:18:00,294.0,,,,,,,,,
100,4900000535,2023,1,1,0,0,261,,MAT00016,P001,SL01,,,H,USD,88478.88,88478.88,204.0,EA,204.0,EA,,,,,Movement 261 for MAT00016,1000,,,2023,2023-07-03,2023-07-03,WHOUSE01,17:11:00,204.0,,,,,,,,,
100,4900000536,2023,1,1,0,0,261,,MAT00016,P001,SL01,,,H,USD,35025.4,35025.4,292.0,EA,292.0,EA,,,,,Movement 261 for MAT00016,1000,,,2023,2023-09-06,2023-09-06,WHOUSE01,07:15:00,292.0,,,,,,,,,
100,4900000537,2024,1,1,0,0,702,,MAT00016,P001,SL01,,,H,USD,1336.14,1336.14,13.0,EA,13.0,EA,,,,,Movement 702 for MAT00016,1000,,,2024,2024-10-15,2024-10-15,WHOUSE02,08:53:00,13.0,,,,,,,,,
100,4900000538,2024,1,1,0,0,501,,MAT00016,P002,SL01,,,S,USD,17474.64,17474.64,51.0,EA,51.0,EA,,,V0010,,Movement 501 for MAT00016,1000,,,2024,2024-12-30,2024-12-30,WHOUSE01,17:52:00,51.0,,,,,,,,,
100,4900000539,2024,1,1,0,0,261,,MAT00016,P002,SL01,,,H,USD,39004.29,39004.29,111.0,EA,111.0,EA,,,,,Movement 261 for MAT00016,1000,,,2024,2024-03-01,2024-03-01,WHOUSE01,16:06:00,111.0,,,,,,,,,
100,4900000540,2024,1,1,0,0,261,,MAT00016,P002,SL01,,,H,USD,11550.37,11550.37,299.0,EA,299.0,EA,,,,,Movement 261 for MAT00016,1000,,,2024,2024-08-13,2024-08-13,WHOUSE02,07:55:00,299.0,,,,,,,,,
100,4900000541,2023,1,1,0,0,101,,MAT00016,P002,SL01,,,S,USD,72248.1,72248.1,146.0,EA,146.0,EA,,,V0014,,Movement 101 for MAT00016,1000,,,2023,2023-11-24,2023-11-24,WHOUSE01,09:15:00,146.0,,,,,,,,,
100,4900000542,2023,1,1,0,0,261,,MAT00016,P002,SL01,,,H,USD,13263.48,13263.48,108.0,EA,108.0,EA,,,,,Movement 261 for MAT00016,1000,,,2023,2023-10-20,2023-10-20,WHOUSE02,13:14:00,108.0,,,,,,,,,
100,4900000543,2023,1,1,0,0,101,,MAT00016,P002,SL01,,,S,USD,25169.13,25169.13,193.0,EA,193.0,EA,,,V0014,,Movement 101 for MAT00016,1000,,,2023,2023-08-24,2023-08-24,WHOUSE02,15:19:00,193.0,,,,,,,,,
100,4900000544,2023,1,1,0,0,601,,MAT00016,P002,SL01,,,H,USD,27370.2,27370.2,260.0,EA,260.0,EA,,,,,Movement 601 for MAT00016,1000,,,2023,2023-06-14,2023-06-14,WHOUSE02,12:16:00,260.0,,,,,,8000000467.0,10.0,,
100,4900000545,2023,1,1,0,0,261,,MAT00016,P002,SL01,,,H,USD,79161.3,79161.3,270.0,EA,270.0,EA,,,,,Movement 261 for MAT00016,1000,,,2023,2023-12-18,2023-12-18,WHOUSE02,10:15:00,270.0,,,,,,,,,
100,4900000546,2024,1,1,0,0,261,,MAT00016,P002,SL01,,,H,USD,27119.15,27119.15,185.0,EA,185.0,EA,,,,,Movement 261 for MAT00016,1000,,,2024,2024-08-07,2024-08-07,WHOUSE02,09:52:00,185.0,,,,,,,,,
100,4900000547,2023,1,1,0,0,702,,MAT00016,P002,SL01,,,H,USD,5528.25,5528.25,91.0,EA,91.0,EA,,,,,Movement 702 for MAT00016,1000,,,2023,2023-10-09,2023-10-09,WHOUSE01,07:30:00,91.0,,,,,,,,,
100,4900000548,2024,1,1,0,0,101,,MAT00016,P002,SL01,,,S,USD,40821.84,40821.84,108.0,EA,108.0,EA,,,V0008,,Movement 101 for MAT00016,1000,,,2024,2024-04-03,2024-04-03,WHOUSE01,12:25:00,108.0,,,,,,,,,
100,4900000549,2024,1,1,0,0,261,,MAT00016,P002,SL01,,,H,USD,100160.4,100160.4,285.0,EA,285.0,EA,,,,,Movement 261 for MAT00016,1000,,,2024,2024-05-31,2024-05-31,WHOUSE02,15:39:00,285.0,,,,,,,,,
100,4900000550,2024,1,1,0,0,101,,MAT00016,P002,SL01,,,S,USD,50995.6,50995.6,115.0,EA,115.0,EA,,,V0004,,Movement 101 for MAT00016,1000,,,2024,2024-01-29,2024-01-29,WHOUSE01,13:39:00,115.0,,,,,,,,,
100,4900000551,2024,1,1,0,0,101,,MAT00016,P002,SL01,,,S,USD,5245.76,5245.76,194.0,EA,194.0,EA,,,V0009,,Movement 101 for MAT00016,1000,,,2024,2024-02-18,2024-02-18,WHOUSE01,12:00:00,194.0,,,,,,,,,
100,4900000552,2023,1,1,0,0,261,,MAT00016,P003,SL02,,,H,USD,13933.4,13933.4,46.0,EA,46.0,EA,,,,,Movement 261 for MAT00016,1000,,,2023,2023-01-28,2023-01-28,WHOUSE02,17:25:00,46.0,,,,,,,,,
100,4900000553,2023,1,1,0,0,301,,MAT00016,P003,SL02,,,H,USD,77818.95,77818.95,165.0,EA,165.0,EA,,,,,Movement 301 for MAT00016,1000,,,2023,2023-04-29,2023-04-29,WHOUSE01,11:23:00,165.0,,,,,,,,,
100,4900000554,2023,1,1,0,0,261,,MAT00016,P003,SL02,,,H,USD,16679.0,16679.0,50.0,EA,50.0,EA,,,,,Movement 261 for MAT00016,1000,,,2023,2023-09-14,2023-09-14,WHOUSE01,13:02:00,50.0,,,,,,,,,
100,4900000555,2023,1,1,0,0,101,,MAT00016,P003,SL02,,,S,USD,24764.22,24764.22,117.0,EA,117.0,EA,,,V0004,,Movement 101 for MAT00016,1000,,,2023,2023-08-17,2023-08-17,WHOUSE02,08:27:00,117.0,,,,,,,,,
100,4900000556,2023,1,1,0,0,261,,MAT00016,P003,SL02,,,H,USD,3914.35,3914.35,55.0,EA,55.0,EA,,,,,Movement 261 for MAT00016,1000,,,2023,2023-07-23,2023-07-23,WHOUSE02,11:56:00,55.0,,,,,,,,,
100,4900000557,2023,1,1,0,0,261,,MAT00016,P003,SL02,,,H,USD,10075.8,10075.8,105.0,EA,105.0,EA,,,,,Movement 261 for MAT00016,1000,,,2023,2023-11-20,2023-11-20,WHOUSE01,12:42:00,105.0,,,,,,,,,
100,4900000558,2024,1,1,0,0,261,,MAT00016,P003,SL02,,,H,USD,24533.52,24533.52,88.0,EA,88.0,EA,,,,,Movement 261 for MAT00016,1000,,,2024,2024-05-15,2024-05-15,WHOUSE01,10:31:00,88.0,,,,,,,,,
100,4900000559,2023,1,1,0,0,701,,MAT00016,P003,SL02,,,S,USD,44227.5,44227.5,125.0,EA,125.0,EA,,,,,Movement 701 for MAT00016,1000,,,2023,2023-12-29,2023-12-29,WHOUSE01,09:44:00,125.0,,,,,,,,,
100,4900000560,2023,1,1,0,0,261,,MAT00017,P001,SL03,,,H,USD,1424.85,1424.85,7.0,EA,7.0,EA,,,,,Movement 261 for MAT00017,1000,,,2023,2023-11-12,2023-11-12,WHOUSE02,12:10:00,7.0,,,,,,,,,
100,4900000561,2024,1,1,0,0,301,,MAT00017,P001,SL03,,,H,USD,2097.9,2097.9,10.0,EA,10.0,EA,,,,,Movement 301 for MAT00017,1000,,,2024,2024-04-18,2024-04-18,WHOUSE02,08:51:00,10.0,,,,,,,,,
100,4900000562,2023,1,1,0,0,201,,MAT00017,P001,SL03,,,H,USD,1195.38,1195.38,58.0,EA,58.0,EA,,,,,Movement 201 for MAT00017,1000,,,2023,2023-04-21,2023-04-21,WHOUSE02,14:09:00,58.0,,,,,,,,,
100,4900000563,2024,1,1,0,0,261,,MAT00017,P001,SL03,,,H,USD,1681.29,1681.29,27.0,EA,27.0,EA,,,,,Movement 261 for MAT00017,1000,,,2024,2024-01-04,2024-01-04,WHOUSE02,08:51:00,27.0,,,,,,,,,
100,4900000564,2023,1,1,0,0,701,,MAT00017,P001,SL03,,,S,USD,4660.26,4660.26,66.0,EA,66.0,EA,,,,,Movement 701 for MAT00017,1000,,,2023,2023-08-08,2023-08-08,WHOUSE01,07:03:00,66.0,,,,,,,,,
100,4900000565,2024,1,1,0,0,261,,MAT00017,P001,SL03,,,H,USD,19028.1,19028.1,195.0,EA,195.0,EA,,,,,Movement 261 for MAT00017,1000,,,2024,2024-04-13,2024-04-13,WHOUSE01,08:43:00,195.0,,,,,,,,,
100,4900000566,2024,1,1,0,0,101,,MAT00017,P001,SL03,,,S,USD,6601.4,6601.4,65.0,EA,65.0,EA,,,V0015,,Movement 101 for MAT00017,1000,,,2024,2024-07-20,2024-07-20,WHOUSE02,14:31:00,65.0,,,,,,,,,
100,4900000567,2023,1,1,0,0,101,,MAT00017,P001,SL03,,,S,USD,39774.66,39774.66,87.0,EA,87.0,EA,,,V0012,,Movement 101 for MAT00017,1000,,,2023,2023-10-24,2023-10-24,WHOUSE02,15:41:00,87.0,,,,,,,,,
100,4900000568,2023,1,1,0,0,601,,MAT00017,P001,SL03,,,H,USD,47040.0,47040.0,120.0,EA,120.0,EA,,,,,Movement 601 for MAT00017,1000,,,2023,2023-04-07,2023-04-07,WHOUSE02,11:42:00,120.0,,,,,,8000000488.0,10.0,,
100,4900000569,2024,1,1,0,0,301,,MAT00017,P001,SL03,,,H,USD,13201.01,13201.01,61.0,EA,61.0,EA,,,,,Movement 301 for MAT00017,1000,,,2024,2024-06-06,2024-06-06,WHOUSE01,09:06:00,61.0,,,,,,,,,
100,4900000570,2024,1,1,0,0,702,,MAT00017,P001,SL03,,,H,USD,890.4,890.4,53.0,EA,53.0,EA,,,,,Movement 702 for MAT00017,1000,,,2024,2024-03-29,2024-03-29,WHOUSE01,09:37:00,53.0,,,,,,,,,
100,4900000571,2024,1,1,0,0,301,,MAT00017,P001,SL03,,,H,USD,14751.9,14751.9,185.0,EA,185.0,EA,,,,,Movement 301 for MAT00017,1000,,,2024,2024-01-09,2024-01-09,WHOUSE01,08:59:00,185.0,,,,,,,,,
100,4900000572,2023,1,1,0,0,701,,MAT00017,P001,SL03,,,S,USD,12333.52,12333.52,46.0,EA,46.0,EA,,,,,Movement 701 for MAT00017,1000,,,2023,2023-05-25,2023-05-25,WHOUSE02,12:52:00,46.0,,,,,,,,,
100,4900000573,2023,1,1,0,0,261,,MAT00017,P002,SL01,,,H,USD,2396.55,2396.55,39.0,EA,39.0,EA,,,,,Movement 261 for MAT00017,1000,,,2023,2023-09-29,2023-09-29,WHOUSE01,07:00:00,39.0,,,,,,,,,
100,4900000574,2023,1,1,0,0,101,,MAT00017,P002,SL01,,,S,USD,69197.86,69197.86,194.0,EA,194.0,EA,,,V0013,,Movement 101 for MAT00017,1000,,,2023,2023-11-23,2023-11-23,WHOUSE02,16:29:00,194.0,,,,,,,,,
100,4900000575,2024,1,1,0,0,201,,MAT00017,P003,SL03,,,H,USD,101450.72,101450.72,239.0,EA,239.0,EA,,,,,Movement 201 for MAT00017,1000,,,2024,2024-09-30,2024-09-30,WHOUSE01,13:25:00,239.0,,,,,,,,,
100,4900000576,2023,1,1,0,0,261,,MAT00017,P003,SL03,,,H,USD,60129.76,60129.76,232.0,EA,232.0,EA,,,,,Movement 261 for MAT00017,1000,,,2023,2023-12-08,2023-12-08,WHOUSE01,13:27:00,232.0,,,,,,,,,
100,4900000577,2024,1,1,0,0,201,,MAT00017,P003,SL03,,,H,USD,4302.74,4302.74,134.0,EA,134.0,EA,,,,,Movement 201 for MAT00017,1000,,,2024,2024-07-29,2024-07-29,WHOUSE02,07:01:00,134.0,,,,,,,,,
100,4900000578,2023,1,1,0,0,261,,MAT00017,P003,SL03,,,H,USD,27449.88,27449.88,62.0,EA,62.0,EA,,,,,Movement 261 for MAT00017,1000,,,2023,2023-07-17,2023-07-17,WHOUSE01,12:24:00,62.0,,,,,,,,,
100,4900000579,2024,1,1,0,0,101,,MAT00017,P003,SL03,,,S,USD,1991.01,1991.01,21.0,EA,21.0,EA,,,V0011,,Movement 101 for MAT00017,1000,,,2024,2024-02-26,2024-02-26,WHOUSE01,10:33:00,21.0,,,,,,,,,
100,4900000580,2023,1,1,0,0,101,,MAT00017,P003,SL03,,,S,USD,64467.6,64467.6,186.0,EA,186.0,EA,,,V0010,,Movement 101 for MAT00017,1000,,,2023,2023-02-11,2023-02-11,WHOUSE02,14:14:00,186.0,,,,,,,,,
100,4900000581,2024,1,1,0,0,501,,MAT00017,P003,SL03,,,S,USD,23817.6,23817.6,120.0,EA,120.0,EA,,,V0006,,Movement 501 for MAT00017,1000,,,2024,2024-12-08,2024-12-08,WHOUSE01,14:29:00,120.0,,,,,,,,,
100,4900000582,2024,1,1,0,0,101,,MAT00017,P003,SL03,,,S,USD,43911.84,43911.84,196.0,EA,196.0,EA,,,V0004,,Movement 101 for MAT00017,1000,,,2024,2024-02-05,2024-02-05,WHOUSE02,14:02:00,196.0,,,,,,,,,
100,4900000583,2024,1,1,0,0,201,,MAT00017,P003,SL03,,,H,USD,4827.9,4827.9,11.0,EA,11.0,EA,,,,,Movement 201 for MAT00017,1000,,,2024,2024-03-31,2024-03-31,WHOUSE02,09:18:00,11.0,,,,,,,,,
100,4900000584,2024,1,1,0,0,261,,MAT00017,P003,SL03,,,H,USD,60634.86,60634.86,191.0,EA,191.0,EA,,,,,Movement 261 for MAT00017,1000,,,2024,2024-07-22,2024-07-22,WHOUSE01,13:43:00,191.0,,,,,,,,,
100,4900000585,2023,1,1,0,0,261,,MAT00017,P003,SL03,,,H,USD,73507.2,73507.2,208.0,EA,208.0,EA,,,,,Movement 261 for MAT00017,1000,,,2023,2023-09-06,2023-09-06,WHOUSE02,08:50:00,208.0,,,,,,,,,
100,4900000586,2023,1,1,0,0,201,,MAT00017,P003,SL03,,,H,USD,45711.36,45711.36,288.0,EA,288.0,EA,,,,,Movement 201 for MAT00017,1000,,,2023,2023-02-25,2023-02-25,WHOUSE02,07:22:00,288.0,,,,,,,,,
100,4900000587,2024,1,1,0,0,261,,MAT00017,P003,SL03,,,H,USD,70435.95,70435.95,195.0,EA,195.0,EA,,,,,Movement 261 for MAT00017,1000,,,2024,2024-12-27,2024-12-27,WHOUSE01,07:19:00,195.0,,,,,,,,,
100,4900000588,2024,1,1,0,0,601,,MAT00017,P003,SL03,,,H,USD,69813.38,69813.38,178.0,EA,178.0,EA,,,,,Movement 601 for MAT00017,1000,,,2024,2024-07-06,2024-07-06,WHOUSE01,13:55:00,178.0,,,,,,8000000003.0,10.0,,
100,4900000589,2024,1,1,0,0,501,,MAT00017,P003,SL03,,,S,USD,6639.25,6639.25,25.0,EA,25.0,EA,,,V0009,,Movement 501 for MAT00017,1000,,,2024,2024-09-24,2024-09-24,WHOUSE02,15:54:00,25.0,,,,,,,,,
100,4900000590,2024,1,1,0,0,501,,MAT00017,P003,SL03,,,S,USD,14509.8,14509.8,45.0,EA,45.0,EA,,,V0014,,Movement 501 for MAT00017,1000,,,2024,2024-04-26,2024-04-26,WHOUSE01,11:46:00,45.0,,,,,,,,,
100,4900000591,2024,1,1,0,0,101,,MAT00017,P003,SL03,,,S,USD,3689.24,3689.24,149.0,EA,149.0,EA,,,V0001,,Movement 101 for MAT00017,1000,,,2024,2024-03-30,2024-03-30,WHOUSE01,08:50:00,149.0,,,,,,,,,
100,4900000592,2024,1,1,0,0,261,,MAT00018,P001,SL01,,,H,USD,79126.74,79126.74,297.0,EA,297.0,EA,,,,,Movement 261 for MAT00018,1000,,,2024,2024-07-30,2024-07-30,WHOUSE01,12:20:00,297.0,,,,,,,,,
100,4900000593,2024,1,1,0,0,261,,MAT00018,P001,SL01,,,H,USD,32204.86,32204.86,298.0,EA,298.0,EA,,,,,Movement 261 for MAT00018,1000,,,2024,2024-02-28,2024-02-28,WHOUSE02,12:10:00,298.0,,,,,,,,,
100,4900000594,2023,1,1,0,0,261,,MAT00018,P001,SL01,,,H,USD,28973.13,28973.13,177.0,EA,177.0,EA,,,,,Movement 261 for MAT00018,1000,,,2023,2023-01-29,2023-01-29,WHOUSE01,13:08:00,177.0,,,,,,,,,
100,4900000595,2024,1,1,0,0,601,,MAT00018,P001,SL01,,,H,USD,53627.84,53627.84,178.0,EA,178.0,EA,,,,,Movement 601 for MAT00018,1000,,,2024,2024-12-26,2024-12-26,WHOUSE02,17:47:00,178.0,,,,,,8000000008.0,10.0,,
100,4900000596,2023,1,1,0,0,101,,MAT00018,P001,SL01,,,S,USD,37561.92,37561.92,96.0,EA,96.0,EA,,,V0002,,Movement 101 for MAT00018,1000,,,2023,2023-02-02,2023-02-02,WHOUSE01,16:09:00,96.0,,,,,,,,,
100,4900000597,2023,1,1,0,0,201,,MAT00018,P001,SL01,,,H,USD,9286.26,9286.26,37.0,EA,37.0,EA,,,,,Movement 201 for MAT00018,1000,,,2023,2023-12-22,2023-12-22,WHOUSE02,12:57:00,37.0,,,,,,,,,
100,4900000598,2024,1,1,0,0,261,,MAT00018,P001,SL01,,,H,USD,26965.62,26965.62,66.0,EA,66.0,EA,,,,,Movement 261 for MAT00018,1000,,,2024,2024-05-19,2024-05-19,WHOUSE01,16:24:00,66.0,,,,,,,,,
100,4900000599,2023,1,1,0,0,261,,MAT00018,P001,SL01,,,H,USD,22444.49,22444.49,239.0,EA,239.0,EA,,,,,Movement 261 for MAT00018,1000,,,2023,2023-01-10,2023-01-10,WHOUSE01,16:23:00,239.0,,,,,,,,,
100,4900000600,2023,1,1,0,0,101,,MAT00018,P001,SL01,,,S,USD,46895.94,46895.94,273.0,EA,273.0,EA,,,V0001,,Movement 101 for MAT00018,1000,,,2023,2023-09-16,2023-09-16,WHOUSE01,14:09:00,273.0,,,,,,,,,
100,4900000601,2024,1,1,0,0,261,,MAT00018,P001,SL01,,,H,USD,42950.67,42950.67,159.0,EA,159.0,EA,,,,,Movement 261 for MAT00018,1000,,,2024,2024-05-05,2024-05-05,WHOUSE01,13:50:00,159.0,,,,,,,,,
100,4900000602,2023,1,1,0,0,101,,MAT00018,P001,SL01,,,S,USD,9170.4,9170.4,20.0,EA,20.0,EA,,,V0011,,Movement 101 for MAT00018,1000,,,2023,2023-05-12,2023-05-12,WHOUSE02,07:07:00,20.0,,,,,,,,,
100,4900000603,2023,1,1,0,0,261,,MAT00018,P001,SL01,,,H,USD,3166.09,3166.09,37.0,EA,37.0,EA,,,,,Movement 261 for MAT00018,1000,,,2023,2023-01-08,2023-01-08,WHOUSE01,16:38:00,37.0,,,,,,,,,
100,4900000604,2023,1,1,0,0,101,,MAT00018,P001,SL01,,,S,USD,7111.16,7111.16,109.0,EA,109.0,EA,,,V0012,,Movement 101 for MAT00018,1000,,,2023,2023-05-14,2023-05-14,WHOUSE02,13:00:00,109.0,,,,,,,,,
100,4900000605,2024,1,1,0,0,261,,MAT00018,P001,SL01,,,H,USD,72260.68,72260.68,206.0,EA,206.0,EA,,,,,Movement 261 for MAT00018,1000,,,2024,2024-06-22,2024-06-22,WHOUSE02,17:06:00,206.0,,,,,,,,,
100,4900000606,2023,1,1,0,0,701,,MAT00018,P001,SL01,,,S,USD,14505.12,14505.12,252.0,EA,252.0,EA,,,,,Movement 701 for MAT00018,1000,,,2023,2023-09-19,2023-09-19,WHOUSE02,15:14:00,252.0,,,,,,,,,
100,4900000607,2024,1,1,0,0,261,,MAT00018,P001,SL01,,,H,USD,31515.66,31515.66,99.0,EA,99.0,EA,,,,,Movement 261 for MAT00018,1000,,,2024,2024-03-05,2024-03-05,WHOUSE02,10:01:00,99.0,,,,,,,,,
100,4900000608,2024,1,1,0,0,201,,MAT00018,P001,SL01,,,H,USD,9381.25,9381.25,95.0,EA,95.0,EA,,,,,Movement 201 for MAT00018,1000,,,2024,2024-02-12,2024-02-12,WHOUSE01,09:35:00,95.0,,,,,,,,,
100,4900000609,2024,1,1,0,0,601,,MAT00018,P002,SL01,,,H,USD,42218.1,42218.1,183.0,EA,183.0,EA,,,,,Movement 601 for MAT00018,1000,,,2024,2024-02-02,2024-02-02,WHOUSE01,12:19:00,183.0,,,,,,8000000020.0,10.0,,
100,4900000610,2024,1,1,0,0,261,,MAT00018,P002,SL01,,,H,USD,30775.68,30775.68,137.0,EA,137.0,EA,,,,,Movement 261 for MAT00018,1000,,,2024,2024-03-10,2024-03-10,WHOUSE01,08:29:00,137.0,,,,,,,,,
100,4900000611,2024,1,1,0,0,101,,MAT00018,P002,SL01,,,S,USD,12560.76,12560.76,164.0,EA,164.0,EA,,,V0009,,Movement 101 for MAT00018,1000,,,2024,2024-09-27,2024-09-27,WHOUSE02,12:16:00,164.0,,,,,,,,,
100,4900000612,2023,1,1,0,0,201,,MAT00018,P002,SL01,,,H,USD,67097.32,67097.32,251.0,EA,251.0,EA,,,,,Movement 201 for MAT00018,1000,,,2023,2023-06-25,2023-06-25,WHOUSE02,16:24:00,251.0,,,,,,,,,
100,4900000613,2023,1,1,0,0,261,,MAT00018,P002,SL01,,,H,USD,12837.1,12837.1,82.0,EA,82.0,EA,,,,,Movement 261 for MAT00018,1000,,,2023,2023-10-08,2023-10-08,WHOUSE02,17:36:00,82.0,,,,,,,,,
100,4900000614,2023,1,1,0,0,101,,MAT00018,P002,SL01,,,S,USD,18889.9,18889.9,115.0,EA,115.0,EA,,,V0007,,Movement 101 for MAT00018,1000,,,2023,2023-05-02,2023-05-02,WHOUSE01,07:12:00,115.0,,,,,,,,,
100,4900000615,2023,1,1,0,0,261,,MAT00018,P002,SL01,,,H,USD,11451.96,11451.96,36.0,EA,36.0,EA,,,,,Movement 261 for MAT00018,1000,,,2023,2023-06-15,2023-06-15,WHOUSE01,14:30:00,36.0,,,,,,,,,
100,4900000616,2023,1,1,0,0,261,,MAT00018,P002,SL01,,,H,USD,45755.64,45755.64,268.0,EA,268.0,EA,,,,,Movement 261 for MAT00018,1000,,,2023,2023-09-16,2023-09-16,WHOUSE02,13:48:00,268.0,,,,,,,,,
100,4900000617,2024,1,1,0,0,261,,MAT00018,P002,SL01,,,H,USD,14620.5,14620.5,135.0,EA,135.0,EA,,,,,Movement 261 for MAT00018,1000,,,2024,2024-06-19,2024-06-19,WHOUSE01,16:36:00,135.0,,,,,,,,,
100,4900000618,2024,1,1,0,0,301,,MAT00018,P003,SL03,,,H,USD,21072.11,21072.11,199.0,EA,199.0,EA,,,,,Movement 301 for MAT00018,1000,,,2024,2024-04-19,2024-04-19,WHOUSE02,15:06:00,199.0,,,,,,,,,
100,4900000619,2024,1,1,0,0,261,,MAT00018,P003,SL03,,,H,USD,16145.4,16145.4,284.0,EA,284.0,EA,,,,,Movement 261 for MAT00018,1000,,,2024,2024-10-15,2024-10-15,WHOUSE02,12:05:00,284.0,,,,,,,,,
100,4900000620,2024,1,1,0,0,201,,MAT00018,P003,SL03,,,H,USD,4850.32,4850.32,152.0,EA,152.0,EA,,,,,Movement 201 for MAT00018,1000,,,2024,2024-06-21,2024-06-21,WHOUSE02,11:51:00,152.0,,,,,,,,,
100,4900000621,2023,1,1,0,0,101,,MAT00018,P003,SL03,,,S,USD,78919.14,78919.14,173.0,EA,173.0,EA,,,V0015,,Movement 101 for MAT00018,1000,,,2023,2023-04-30,2023-04-30,WHOUSE02,16:41:00,173.0,,,,,,,,,
100,4900000622,2024,1,1,0,0,601,,MAT00018,P003,SL03,,,H,USD,94076.08,94076.08,233.0,EA,233.0,EA,,,,,Movement 601 for MAT00018,1000,,,2024,2024-12-29,2024-12-29,WHOUSE02,17:12:00,233.0,,,,,,8000000031.0,10.0,,
100,4900000623,2023,1,1,0,0,261,,MAT00018,P003,SL03,,,H,USD,6872.5,6872.5,125.0,EA,125.0,EA,,,,,Movement 261 for MAT00018,1000,,,2023,2023-06-21,2023-06-21,WHOUSE01,13:06:00,125.0,,,,,,,,,
100,4900000624,2024,1,1,0,0,702,,MAT00018,P003,SL03,,,H,USD,53957.1,53957.1,222.0,EA,222.0,EA,,,,,Movement 702 for MAT00018,1000,,,2024,2024-02-14,2024-02-14,WHOUSE01,16:26:00,222.0,,,,,,,,,
100,4900000625,2024,1,1,0,0,261,,MAT00018,P003,SL03,,,H,USD,37729.44,37729.44,152.0,EA,152.0,EA,,,,,Movement 261 for MAT00018,1000,,,2024,2024-10-26,2024-10-26,WHOUSE01,15:57:00,152.0,,,,,,,,,
100,4900000626,2023,1,1,0,0,201,,MAT00019,P001,SL02,,,H,USD,30877.44,30877.44,88.0,EA,88.0,EA,,,,,Movement 201 for MAT00019,1000,,,2023,2023-01-09,2023-01-09,WHOUSE02,13:49:00,88.0,,,,,,,,,
100,4900000627,2023,1,1,0,0,101,,MAT00019,P001,SL02,,,S,USD,85470.42,85470.42,197.0,EA,197.0,EA,,,V0007,,Movement 101 for MAT00019,1000,,,2023,2023-09-20,2023-09-20,WHOUSE02,09:07:00,197.0,,,,,,,,,
100,4900000628,2023,1,1,0,0,201,,MAT00019,P001,SL02,,,H,USD,11101.85,11101.85,185.0,EA,185.0,EA,,,,,Movement 201 for MAT00019,1000,,,2023,2023-03-09,2023-03-09,WHOUSE01,11:14:00,185.0,,,,,,,,,
100,4900000629,2023,1,1,0,0,261,,MAT00019,P001,SL02,,,H,USD,44994.95,44994.95,217.0,EA,217.0,EA,,,,,Movement 261 for MAT00019,1000,,,2023,2023-09-01,2023-09-01,WHOUSE02,08:26:00,217.0,,,,,,,,,
100,4900000630,2023,1,1,0,0,101,,MAT00019,P001,SL02,,,S,USD,116621.1,116621.1,282.0,EA,282.0,EA,,,V0014,,Movement 101 for MAT00019,1000,,,2023,2023-04-27,2023-04-27,WHOUSE02,11:08:00,282.0,,,,,,,,,
100,4900000631,2023,1,1,0,0,201,,MAT00019,P001,SL02,,,H,USD,9634.8,9634.8,62.0,EA,62.0,EA,,,,,Movement 201 for MAT00019,1000,,,2023,2023-01-18,2023-01-18,WHOUSE01,10:36:00,62.0,,,,,,,,,
100,4900000632,2024,1,1,0,0,201,,MAT00019,P001,SL02,,,H,USD,32729.4,32729.4,135.0,EA,135.0,EA,,,,,Movement 201 for MAT00019,1000,,,2024,2024-11-26,2024-11-26,WHOUSE02,10:52:00,135.0,,,,,,,,,
100,4900000633,2023,1,1,0,0,261,,MAT00019,P001,SL02,,,H,USD,3619.98,3619.98,18.0,EA,18.0,EA,,,,,Movement 261 for MAT00019,1000,,,2023,2023-08-24,2023-08-24,WHOUSE01,13:58:00,18.0,,,,,,,,,
100,4900000634,2024,1,1,0,0,101,,MAT00019,P001,SL02,,,S,USD,26048.61,26048.61,173.0,EA,173.0,EA,,,V0011,,Movement 101 for MAT00019,1000,,,2024,2024-09-06,2024-09-06,WHOUSE01,07:17:00,173.0,,,,,,,,,
100,4900000635,2023,1,1,0,0,261,,MAT00019,P001,SL02,,,H,USD,51400.16,51400.16,112.0,EA,112.0,EA,,,,,Movement 261 for MAT00019,1000,,,2023,2023-05-17,2023-05-17,WHOUSE01,08:04:00,112.0,,,,,,,,,
100,4900000636,2024,1,1,0,0,261,,MAT00019,P001,SL02,,,H,USD,11039.12,11039.12,136.0,EA,136.0,EA,,,,,Movement 261 for MAT00019,1000,,,2024,2024-10-14,2024-10-14,WHOUSE02,10:11:00,136.0,,,,,,,,,
100,4900000637,2024,1,1,0,0,101,,MAT00019,P001,SL02,,,S,USD,60096.47,60096.47,161.0,EA,161.0,EA,,,V0005,,Movement 101 for MAT00019,1000,,,2024,2024-02-15,2024-02-15,WHOUSE01,11:02:00,161.0,,,,,,,,,
100,4900000638,2024,1,1,0,0,261,,MAT00019,P002,SL02,,,H,USD,3957.66,3957.66,63.0,EA,63.0,EA,,,,,Movement 261 for MAT00019,1000,,,2024,2024-03-27,2024-03-27,WHOUSE01,08:13:00,63.0,,,,,,,,,
100,4900000639,2023,1,1,0,0,261,,MAT00019,P002,SL02,,,H,USD,52630.0,52630.0,200.0,EA,200.0,EA,,,,,Movement 261 for MAT00019,1000,,,2023,2023-01-21,2023-01-21,WHOUSE01,10:21:00,200.0,,,,,,,,,
100,4900000640,2024,1,1,0,0,261,,MAT00019,P002,SL02,,,H,USD,15556.52,15556.52,49.0,EA,49.0,EA,,,,,Movement 261 for MAT00019,1000,,,2024,2024-03-03,2024-03-03,WHOUSE02,09:03:00,49.0,,,,,,,,,
100,4900000641,2024,1,1,0,0,601,,MAT00019,P002,SL02,,,H,USD,39088.23,39088.23,87.0,EA,87.0,EA,,,,,Movement 601 for MAT00019,1000,,,2024,2024-03-25,2024-03-25,WHOUSE01,11:20:00,87.0,,,,,,8000000049.0,10.0,,
100,4900000642,2024,1,1,0,0,101,,MAT00019,P002,SL02,,,S,USD,76209.96,76209.96,173.0,EA,173.0,EA,,,V0003,,Movement 101 for MAT00019,1000,,,2024,2024-03-02,2024-03-02,WHOUSE01,13:10:00,173.0,,,,,,,,,
100,4900000643,2023,1,1,0,0,201,,MAT00019,P002,SL02,,,H,USD,90913.28,90913.28,256.0,EA,256.0,EA,,,,,Movement 201 for MAT00019,1000,,,2023,2023-01-13,2023-01-13,WHOUSE02,12:12:00,256.0,,,,,,,,,
100,4900000644,2023,1,1,0,0,101,,MAT00019,P002,SL02,,,S,USD,73957.74,73957.74,197.0,EA,197.0,EA,,,V0014,,Movement 101 for MAT00019,1000,,,2023,2023-09-08,2023-09-08,WHOUSE02,09:21:00,197.0,,,,,,,,,
100,4900000645,2023,1,1,0,0,501,,MAT00019,P002,SL02,,,S,USD,86987.25,86987.25,189.0,EA,189.0,EA,,,V0014,,Movement 501 for MAT00019,1000,,,2023,2023-08-25,2023-08-25,WHOUSE02,16:27:00,189.0,,,,,,,,,
100,4900000646,2024,1,1,0,0,101,,MAT00019,P002,SL02,,,S,USD,5964.48,5964.48,218.0,EA,218.0,EA,,,V0004,,Movement 101 for MAT00019,1000,,,2024,2024-01-02,2024-01-02,WHOUSE01,14:44:00,218.0,,,,,,,,,
100,4900000647,2024,1,1,0,0,101,,MAT00019,P002,SL02,,,S,USD,1282.4,1282.4,10.0,EA,10.0,EA,,,V0012,,Movement 101 for MAT00019,1000,,,2024,2024-05-16,2024-05-16,WHOUSE02,09:19:00,10.0,,,,,,,,,
100,4900000648,2024,1,1,0,0,261,,MAT00019,P002,SL02,,,H,USD,30965.25,30965.25,285.0,EA,285.0,EA,,,,,Movement 261 for MAT00019,1000,,,2024,2024-02-23,2024-02-23,WHOUSE01,12:33:00,285.0,,,,,,,,,
100,4900000649,2024,1,1,0,0,101,,MAT00019,P003,SL03,,,S,USD,23296.5,23296.5,225.0,EA,225.0,EA,,,V0015,,Movement 101 for MAT00019,1000,,,2024,2024-12-29,2024-12-29,WHOUSE02,15:25:00,225.0,,,,,,,,,
100,4900000650,2023,1,1,0,0,101,,MAT00019,P003,SL03,,,S,USD,15630.1,15630.1,149.0,EA,149.0,EA,,,V0008,,Movement 101 for MAT00019,1000,,,2023,2023-01-14,2023-01-14,WHOUSE01,08:25:00,149.0,,,,,,,,,
100,4900000651,2024,1,1,0,0,261,,MAT00019,P003,SL03,,,H,USD,19087.8,19087.8,116.0,EA,116.0,EA,,,,,Movement 261 for MAT00019,1000,,,2024,2024-06-27,2024-06-27,WHOUSE01,16:16:00,116.0,,,,,,,,,
100,4900000652,2023,1,1,0,0,102,,MAT00019,P003,SL03,,,H,USD,25070.73,25070.73,201.0,EA,201.0,EA,,,,,Movement 102 for MAT00019,1000,,,2023,2023-08-31,2023-08-31,WHOUSE01,13:47:00,201.0,,,,,,,,,
100,4900000653,2023,1,1,0,0,601,,MAT00019,P003,SL03,,,H,USD,21279.78,21279.78,54.0,EA,54.0,EA,,,,,Movement 601 for MAT00019,1000,,,2023,2023-08-28,2023-08-28,WHOUSE02,12:46:00,54.0,,,,,,8000000059.0,10.0,,
100,4900000654,2024,1,1,0,0,261,,MAT00019,P003,SL03,,,H,USD,122405.58,122405.58,297.0,EA,297.0,EA,,,,,Movement 261 for MAT00019,1000,,,2024,2024-02-24,2024-02-24,WHOUSE01,09:17:00,297.0,,,,,,,,,
100,4900000655,2023,1,1,0,0,701,,MAT00019,P003,SL03,,,S,USD,70768.08,70768.08,163.0,EA,163.0,EA,,,,,Movement 701 for MAT00019,1000,,,2023,2023-02-27,2023-02-27,WHOUSE02,13:59:00,163.0,,,,,,,,,
100,4900000656,2023,1,1,0,0,101,,MAT00019,P003,SL03,,,S,USD,144350.32,144350.32,296.0,EA,296.0,EA,,,V0013,,Movement 101 for MAT00019,1000,,,2023,2023-09-30,2023-09-30,WHOUSE02,16:42:00,296.0,,,,,,,,,
100,4900000657,2024,1,1,0,0,701,,MAT00019,P003,SL03,,,S,USD,1190.15,1190.15,5.0,EA,5.0,EA,,,,,Movement 701 for MAT00019,1000,,,2024,2024-08-18,2024-08-18,WHOUSE01,08:57:00,5.0,,,,,,,,,
100,4900000658,2024,1,1,0,0,261,,MAT00019,P003,SL03,,,H,USD,88151.7,88151.7,210.0,EA,210.0,EA,,,,,Movement 261 for MAT00019,1000,,,2024,2024-03-24,2024-03-24,WHOUSE02,07:12:00,210.0,,,,,,,,,
100,4900000659,2024,1,1,0,0,261,,MAT00020,P001,SL01,,,H,USD,15075.0,15075.0,75.0,EA,75.0,EA,,,,,Movement 261 for MAT00020,1000,,,2024,2024-02-12,2024-02-12,WHOUSE01,09:18:00,75.0,,,,,,,,,
100,4900000660,2023,1,1,0,0,101,,MAT00020,P001,SL01,,,S,USD,18340.7,18340.7,49.0,EA,49.0,EA,,,V0009,,Movement 101 for MAT00020,1000,,,2023,2023-01-22,2023-01-22,WHOUSE01,12:12:00,49.0,,,,,,,,,
100,4900000661,2023,1,1,0,0,261,,MAT00020,P001,SL01,,,H,USD,53614.15,53614.15,115.0,EA,115.0,EA,,,,,Movement 261 for MAT00020,1000,,,2023,2023-01-28,2023-01-28,WHOUSE02,13:31:00,115.0,,,,,,,,,
100,4900000662,2024,1,1,0,0,261,,MAT00020,P001,SL01,,,H,USD,34929.18,34929.18,286.0,EA,286.0,EA,,,,,Movement 261 for MAT00020,1000,,,2024,2024-07-23,2024-07-23,WHOUSE02,09:19:00,286.0,,,,,,,,,
100,4900000663,2023,1,1,0,0,201,,MAT00020,P001,SL01,,,H,USD,77750.09,77750.09,209.0,EA,209.0,EA,,,,,Movement 201 for MAT00020,1000,,,2023,2023-02-22,2023-02-22,WHOUSE01,15:08:00,209.0,,,,,,,,,
100,4900000664,2023,1,1,0,0,101,,MAT00020,P001,SL01,,,S,USD,8063.01,8063.01,27.0,EA,27.0,EA,,,V0007,,Movement 101 for MAT00020,1000,,,2023,2023-08-14,2023-08-14,WHOUSE01,10:40:00,27.0,,,,,,,,,
100,4900000665,2023,1,1,0,0,101,,MAT00020,P001,SL01,,,S,USD,45629.64,45629.64,114.0,EA,114.0,EA,,,V0012,,Movement 101 for MAT00020,1000,,,2023,2023-08-30,2023-08-30,WHOUSE01,10:56:00,114.0,,,,,,,,,
100,4900000666,2023,1,1,0,0,261,,MAT00020,P002,SL03,,,H,USD,3169.86,3169.86,46.0,EA,46.0,EA,,,,,Movement 261 for MAT00020,1000,,,2023,2023-07-14,2023-07-14,WHOUSE02,13:05:00,46.0,,,,,,,,,
100,4900000667,2024,1,1,0,0,201,,MAT00020,P002,SL03,,,H,USD,3306.6,3306.6,12.0,EA,12.0,EA,,,,,Movement 201 for MAT00020,1000,,,2024,2024-07-09,2024-07-09,WHOUSE02,08:14:00,12.0,,,,,,,,,
100,4900000668,2024,1,1,0,0,301,,MAT00020,P002,SL03,,,H,USD,36951.8,36951.8,116.0,EA,116.0,EA,,,,,Movement 301 for MAT00020,1000,,,2024,2024-09-05,2024-09-05,WHOUSE01,07:54:00,116.0,,,,,,,,,
100,4900000669,2024,1,1,0,0,101,,MAT00020,P002,SL03,,,S,USD,35946.84,35946.84,204.0,EA,204.0,EA,,,V0007,,Movement 101 for MAT00020,1000,,,2024,2024-10-13,2024-10-13,WHOUSE01,15:36:00,204.0,,,,,,,,,
100,4900000670,2023,1,1,0,0,261,,MAT00020,P002,SL03,,,H,USD,52573.56,52573.56,134.0,EA,134.0,EA,,,,,Movement 261 for MAT00020,1000,,,2023,2023-01-10,2023-01-10,WHOUSE01,10:58:00,134.0,,,,,,,,,
100,4900000671,2023,1,1,0,0,101,,MAT00020,P002,SL03,,,S,USD,376.86,376.86,11.0,EA,11.0,EA,,,V0002,,Movement 101 for MAT00020,1000,,,2023,2023-05-24,2023-05-24,WHOUSE01,14:26:00,11.0,,,,,,,,,
100,4900000672,2023,1,1,0,0,101,,MAT00020,P002,SL03,,,S,USD,25983.79,25983.79,161.0,EA,161.0,EA,,,V0009,,Movement 101 for MAT00020,1000,,,2023,2023-01-31,2023-01-31,WHOUSE01,07:30:00,161.0,,,,,,,,,
100,4900000673,2024,1,1,0,0,201,,MAT00020,P003,SL01,,,H,USD,68539.6,68539.6,244.0,EA,244.0,EA,,,,,Movement 201 for MAT00020,1000,,,2024,2024-09-27,2024-09-27,WHOUSE02,13:58:00,244.0,,,,,,,,,
100,4900000674,2024,1,1,0,0,301,,MAT00020,P003,SL01,,,H,USD,12169.56,12169.56,26.0,EA,26.0,EA,,,,,Movement 301 for MAT00020,1000,,,2024,2024-07-04,2024-07-04,WHOUSE02,16:06:00,26.0,,,,,,,,,
100,4900000675,2023,1,1,0,0,101,,MAT00020,P003,SL01,,,S,USD,1742.34,1742.34,142.0,EA,142.0,EA,,,V0006,,Movement 101 for MAT00020,1000,,,2023,2023-09-15,2023-09-15,WHOUSE01,10:04:00,142.0,,,,,,,,,
100,4900000676,2023,1,1,0,0,101,,MAT00020,P003,SL01,,,S,USD,83492.2,83492.2,220.0,EA,220.0,EA,,,V0015,,Movement 101 for MAT00020,1000,,,2023,2023-12-08,2023-12-08,WHOUSE02,15:07:00,220.0,,,,,,,,,
100,4900000677,2024,1,1,0,0,201,,MAT00020,P003,SL01,,,H,USD,46969.52,46969.52,152.0,EA,152.0,EA,,,,,Movement 201 for MAT00020,1000,,,2024,2024-02-08,2024-02-08,WHOUSE01,12:57:00,152.0,,,,,,,,,
100,4900000678,2024,1,1,0,0,261,,MAT00020,P003,SL01,,,H,USD,11603.12,11603.12,172.0,EA,172.0,EA,,,,,Movement 261 for MAT00020,1000,,,2024,2024-06-16,2024-06-16,WHOUSE02,17:11:00,172.0,,,,,,,,,
100,4900000679,2024,1,1,0,0,101,,MAT00020,P003,SL01,,,S,USD,68704.6,68704.6,235.0,EA,235.0,EA,,,V0008,,Movement 101 for MAT00020,1000,,,2024,2024-11-29,2024-11-29,WHOUSE01,10:21:00,235.0,,,,,,,,,
100,4900000680,2024,1,1,0,0,201,,MAT00020,P003,SL01,,,H,USD,24569.82,24569.82,99.0,EA,99.0,EA,,,,,Movement 201 for MAT00020,1000,,,2024,2024-07-30,2024-07-30,WHOUSE01,08:20:00,99.0,,,,,,,,,
100,4900000681,2024,1,1,0,0,201,,MAT00020,P003,SL01,,,H,USD,22016.2,22016.2,155.0,EA,155.0,EA,,,,,Movement 201 for MAT00020,1000,,,2024,2024-07-22,2024-07-22,WHOUSE02,15:13:00,155.0,,,,,,,,,
100,4900000682,2024,1,1,0,0,102,,MAT00020,P003,SL01,,,H,USD,25974.54,25974.54,206.0,EA,206.0,EA,,,,,Movement 102 for MAT00020,1000,,,2024,2024-08-09,2024-08-09,WHOUSE01,17:26:00,206.0,,,,,,,,,
100,4900000683,2023,1,1,0,0,201,,MAT00020,P003,SL01,,,H,USD,97706.7,97706.7,234.0,EA,234.0,EA,,,,,Movement 201 for MAT00020,1000,,,2023,2023-01-28,2023-01-28,WHOUSE01,15:32:00,234.0,,,,,,,,,
100,4900000684,2024,1,1,0,0,261,,MAT00020,P003,SL01,,,H,USD,22203.36,22203.36,272.0,EA,272.0,EA,,,,,Movement 261 for MAT00020,1000,,,2024,2024-07-17,2024-07-17,WHOUSE01,09:23:00,272.0,,,,,,,,,
100,4900000685,2024,1,1,0,0,261,,MAT00020,P003,SL01,,,H,USD,9191.56,9191.56,238.0,EA,238.0,EA,,,,,Movement 261 for MAT00020,1000,,,2024,2024-12-14,2024-12-14,WHOUSE02,10:37:00,238.0,,,,,,,,,
100,4900000686,2023,1,1,0,0,261,,MAT00020,P003,SL01,,,H,USD,11296.56,11296.56,121.0,EA,121.0,EA,,,,,Movement 261 for MAT00020,1000,,,2023,2023-12-16,2023-12-16,WHOUSE01,09:59:00,121.0,,,,,,,,,
100,4900000687,2024,1,1,0,0,201,,MAT00020,P003,SL01,,,H,USD,54283.9,54283.9,110.0,EA,110.0,EA,,,,,Movement 201 for MAT00020,1000,,,2024,2024-05-13,2024-05-13,WHOUSE01,08:24:00,110.0,,,,,,,,,
100,4900000688,2023,1,1,0,0,101,,MAT00020,P003,SL01,,,S,USD,97379.1,97379.1,261.0,EA,261.0,EA,,,V0011,,Movement 101 for MAT00020,1000,,,2023,2023-11-03,2023-11-03,WHOUSE01,09:50:00,261.0,,,,,,,,,
100,4900000689,2024,1,1,0,0,101,,MAT00020,P003,SL01,,,S,USD,34442.76,34442.76,194.0,EA,194.0,EA,,,V0009,,Movement 101 for MAT00020,1000,,,2024,2024-02-16,2024-02-16,WHOUSE02,15:34:00,194.0,,,,,,,,,
100,4900000690,2024,1,1,0,0,201,,MAT00020,P003,SL01,,,H,USD,8269.56,8269.56,117.0,EA,117.0,EA,,,,,Movement 201 for MAT00020,1000,,,2024,2024-02-28,2024-02-28,WHOUSE02,11:52:00,117.0,,,,,,,,,
100,4900000691,2023,1,1,0,0,201,,MAT00020,P003,SL01,,,H,USD,22302.18,22302.18,69.0,EA,69.0,EA,,,,,Movement 201 for MAT00020,1000,,,2023,2023-12-11,2023-12-11,WHOUSE02,07:37:00,69.0,,,,,,,,,
100,4900000692,2024,1,1,0,0,701,,MAT00021,P001,SL03,,,S,USD,28658.58,28658.58,134.0,EA,134.0,EA,,,,,Movement 701 for MAT00021,1000,,,2024,2024-03-01,2024-03-01,WHOUSE02,07:53:00,134.0,,,,,,,,,
100,4900000693,2024,1,1,0,0,101,,MAT00021,P001,SL03,,,S,USD,4022.88,4022.88,16.0,EA,16.0,EA,,,V0007,,Movement 101 for MAT00021,1000,,,2024,2024-12-08,2024-12-08,WHOUSE01,09:39:00,16.0,,,,,,,,,
100,4900000694,2024,1,1,0,0,101,,MAT00021,P001,SL03,,,S,USD,18928.4,18928.4,158.0,EA,158.0,EA,,,V0005,,Movement 101 for MAT00021,1000,,,2024,2024-11-14,2024-11-14,WHOUSE02,07:30:00,158.0,,,,,,,,,
100,4900000695,2024,1,1,0,0,201,,MAT00021,P001,SL03,,,H,USD,6201.6,6201.6,15.0,EA,15.0,EA,,,,,Movement 201 for MAT00021,1000,,,2024,2024-01-25,2024-01-25,WHOUSE02,08:23:00,15.0,,,,,,,,,
100,4900000696,2023,1,1,0,0,261,,MAT00021,P001,SL03,,,H,USD,7872.08,7872.08,19.0,EA,19.0,EA,,,,,Movement 261 for MAT00021,1000,,,2023,2023-07-10,2023-07-10,WHOUSE02,12:04:00,19.0,,,,,,,,,
100,4900000697,2024,1,1,0,0,261,,MAT00021,P001,SL03,,,H,USD,124302.84,124302.84,274.0,EA,274.0,EA,,,,,Movement 261 for MAT00021,1000,,,2024,2024-03-01,2024-03-01,WHOUSE01,11:36:00,274.0,,,,,,,,,
100,4900000698,2024,1,1,0,0,702,,MAT00021,P002,SL03,,,H,USD,2053.08,2053.08,54.0,EA,54.0,EA,,,,,Movement 702 for MAT00021,1000,,,2024,2024-08-14,2024-08-14,WHOUSE01,16:33:00,54.0,,,,,,,,,
100,4900000699,2023,1,1,0,0,101,,MAT00021,P002,SL03,,,S,USD,24372.12,24372.12,249.0,EA,249.0,EA,,,V0015,,Movement 101 for MAT00021,1000,,,2023,2023-11-05,2023-11-05,WHOUSE02,14:36:00,249.0,,,,,,,,,
100,4900000700,2023,1,1,0,0,261,,MAT00021,P002,SL03,,,H,USD,60605.03,60605.03,163.0,EA,163.0,EA,,,,,Movement 261 for MAT00021,1000,,,2023,2023-05-04,2023-05-04,WHOUSE01,07:51:00,163.0,,,,,,,,,
100,4900000701,2024,1,1,0,0,101,,MAT00021,P002,SL03,,,S,USD,66874.18,66874.18,298.0,EA,298.0,EA,,,V0013,,Movement 101 for MAT00021,1000,,,2024,2024-11-01,2024-11-01,WHOUSE02,15:35:00,298.0,,,,,,,,,
100,4900000702,2023,1,1,0,0,261,,MAT00021,P002,SL03,,,H,USD,53308.12,53308.12,181.0,EA,181.0,EA,,,,,Movement 261 for MAT00021,1000,,,2023,2023-06-04,2023-06-04,WHOUSE01,16:38:00,181.0,,,,,,,,,
100,4900000703,2023,1,1,0,0,261,,MAT00021,P002,SL03,,,H,USD,56865.28,56865.28,256.0,EA,256.0,EA,,,,,Movement 261 for MAT00021,1000,,,2023,2023-01-04,2023-01-04,WHOUSE02,10:58:00,256.0,,,,,,,,,
100,4900000704,2024,1,1,0,0,101,,MAT00021,P002,SL03,,,S,USD,14158.98,14158.98,99.0,EA,99.0,EA,,,V0009,,Movement 101 for MAT00021,1000,,,2024,2024-03-28,2024-03-28,WHOUSE02,13:33:00,99.0,,,,,,,,,
100,4900000705,2023,1,1,0,0,261,,MAT00021,P002,SL03,,,H,USD,38752.56,38752.56,198.0,EA,198.0,EA,,,,,Movement 261 for MAT00021,1000,,,2023,2023-04-26,2023-04-26,WHOUSE01,16:32:00,198.0,,,,,,,,,
100,4900000706,2023,1,1,0,0,101,,MAT00021,P002,SL03,,,S,USD,55758.08,55758.08,127.0,EA,127.0,EA,,,V0011,,Movement 101 for MAT00021,1000,,,2023,2023-02-05,2023-02-05,WHOUSE01,16:45:00,127.0,,,,,,,,,
100,4900000707,2024,1,1,0,0,201,,MAT00021,P003,SL02,,,H,USD,29342.5,29342.5,194.0,EA,194.0,EA,,,,,Movement 201 for MAT00021,1000,,,2024,2024-11-14,2024-11-14,WHOUSE01,10:21:00,194.0,,,,,,,,,
100,4900000708,2023,1,1,0,0,101,,MAT00021,P003,SL02,,,S,USD,20246.1,20246.1,93.0,EA,93.0,EA,,,V0014,,Movement 101 for MAT00021,1000,,,2023,2023-10-19,2023-10-19,WHOUSE02,12:34:00,93.0,,,,,,,,,
100,4900000709,2023,1,1,0,0,261,,MAT00021,P003,SL02,,,H,USD,14009.02,14009.02,34.0,EA,34.0,EA,,,,,Movement 261 for MAT00021,1000,,,2023,2023-02-04,2023-02-04,WHOUSE01,09:24:00,34.0,,,,,,,,,
100,4900000710,2024,1,1,0,0,201,,MAT00021,P003,SL02,,,H,USD,42799.19,42799.19,241.0,EA,241.0,EA,,,,,Movement 201 for MAT00021,1000,,,2024,2024-12-19,2024-12-19,WHOUSE02,13:49:00,241.0,,,,,,,,,
100,4900000711,2023,1,1,0,0,261,,MAT00021,P003,SL02,,,H,USD,23150.16,23150.16,148.0,EA,148.0,EA,,,,,Movement 261 for MAT00021,1000,,,2023,2023-07-28,2023-07-28,WHOUSE02,11:25:00,148.0,,,,,,,,,
100,4900000712,2024,1,1,0,0,201,,MAT00021,P003,SL02,,,H,USD,95579.0,95579.0,220.0,EA,220.0,EA,,,,,Movement 201 for MAT00021,1000,,,2024,2024-11-14,2024-11-14,WHOUSE02,10:38:00,220.0,,,,,,,,,
100,4900000713,2024,1,1,0,0,301,,MAT00021,P003,SL02,,,H,USD,2357.19,2357.19,33.0,EA,33.0,EA,,,,,Movement 301 for MAT00021,1000,,,2024,2024-08-06,2024-08-06,WHOUSE01,08:37:00,33.0,,,,,,,,,
100,4900000714,2024,1,1,0,0,301,,MAT00021,P003,SL02,,,H,USD,31727.06,31727.06,142.0,EA,142.0,EA,,,,,Movement 301 for MAT00021,1000,,,2024,2024-01-27,2024-01-27,WHOUSE01,15:08:00,142.0,,,,,,,,,
100,4900000715,2024,1,1,0,0,261,,MAT00021,P003,SL02,,,H,USD,26726.22,26726.22,129.0,EA,129.0,EA,,,,,Movement 261 for MAT00021,1000,,,2024,2024-09-15,2024-09-15,WHOUSE01,12:37:00,129.0,,,,,,,,,
100,4900000716,2023,1,1,0,0,101,,MAT00021,P003,SL02,,,S,USD,9560.26,9560.26,269.0,EA,269.0,EA,,,V0007,,Movement 101 for MAT00021,1000,,,2023,2023-09-16,2023-09-16,WHOUSE02,11:29:00,269.0,,,,,,,,,
100,4900000717,2024,1,1,0,0,101,,MAT00021,P003,SL02,,,S,USD,22190.49,22190.49,63.0,EA,63.0,EA,,,V0006,,Movement 101 for MAT00021,1000,,,2024,2024-03-25,2024-03-25,WHOUSE01,16:14:00,63.0,,,,,,,,,
100,4900000718,2023,1,1,0,0,201,,MAT00021,P003,SL02,,,H,USD,24859.16,24859.16,298.0,EA,298.0,EA,,,,,Movement 201 for MAT00021,1000,,,2023,2023-04-27,2023-04-27,WHOUSE01,17:43:00,298.0,,,,,,,,,
100,4900000719,2023,1,1,0,0,261,,MAT00021,P003,SL02,,,H,USD,1220.04,1220.04,36.0,EA,36.0,EA,,,,,Movement 261 for MAT00021,1000,,,2023,2023-03-01,2023-03-01,WHOUSE02,16:22:00,36.0,,,,,,,,,
100,4900000720,2023,1,1,0,0,101,,MAT00021,P003,SL02,,,S,USD,5306.55,5306.55,255.0,EA,255.0,EA,,,V0015,,Movement 101 for MAT00021,1000,,,2023,2023-08-26,2023-08-26,WHOUSE01,13:34:00,255.0,,,,,,,,,
100,4900000721,2024,1,1,0,0,261,,MAT00021,P003,SL02,,,H,USD,25254.6,25254.6,70.0,EA,70.0,EA,,,,,Movement 261 for MAT00021,1000,,,2024,2024-11-29,2024-11-29,WHOUSE01,12:24:00,70.0,,,,,,,,,
100,4900000722,2024,1,1,0,0,201,,MAT00021,P003,SL02,,,H,USD,82528.73,82528.73,193.0,EA,193.0,EA,,,,,Movement 201 for MAT00021,1000,,,2024,2024-04-04,2024-04-04,WHOUSE01,08:22:00,193.0,,,,,,,,,
100,4900000723,2023,1,1,0,0,601,,MAT00022,P001,SL02,,,H,USD,13439.72,13439.72,49.0,EA,49.0,EA,,,,,Movement 601 for MAT00022,1000,,,2023,2023-06-10,2023-06-10,WHOUSE02,17:28:00,49.0,,,,,,8000000119.0,10.0,,
100,4900000724,2023,1,1,0,0,101,,MAT00022,P001,SL02,,,S,USD,19367.15,19367.15,55.0,EA,55.0,EA,,,V0008,,Movement 101 for MAT00022,1000,,,2023,2023-11-27,2023-11-27,WHOUSE01,07:37:00,55.0,,,,,,,,,
100,4900000725,2024,1,1,0,0,261,,MAT00022,P001,SL02,,,H,USD,13404.56,13404.56,52.0,EA,52.0,EA,,,,,Movement 261 for MAT00022,1000,,,2024,2024-12-23,2024-12-23,WHOUSE02,15:36:00,52.0,,,,,,,,,
100,4900000726,2024,1,1,0,0,201,,MAT00022,P001,SL02,,,H,USD,20930.4,20930.4,270.0,EA,270.0,EA,,,,,Movement 201 for MAT00022,1000,,,2024,2024-05-21,2024-05-21,WHOUSE01,16:56:00,270.0,,,,,,,,,
100,4900000727,2024,1,1,0,0,101,,MAT00022,P001,SL02,,,S,USD,12281.1,12281.1,201.0,EA,201.0,EA,,,V0015,,Movement 101 for MAT00022,1000,,,2024,2024-06-21,2024-06-21,WHOUSE02,17:30:00,201.0,,,,,,,,,
100,4900000728,2023,1,1,0,0,701,,MAT00022,P001,SL02,,,S,USD,313.12,313.12,16.0,EA,16.0,EA,,,,,Movement 701 for MAT00022,1000,,,2023,2023-06-29,2023-06-29,WHOUSE01,07:14:00,16.0,,,,,,,,,
100,4900000729,2023,1,1,0,0,261,,MAT00022,P001,SL02,,,H,USD,26443.5,26443.5,85.0,EA,85.0,EA,,,,,Movement 261 for MAT00022,1000,,,2023,2023-05-05,2023-05-05,WHOUSE01,16:41:00,85.0,,,,,,,,,
100,4900000730,2023,1,1,0,0,261,,MAT00022,P002,SL03,,,H,USD,112368.66,112368.66,241.0,EA,241.0,EA,,,,,Movement 261 for MAT00022,1000,,,2023,2023-06-25,2023-06-25,WHOUSE02,17:18:00,241.0,,,,,,,,,
100,4900000731,2023,1,1,0,0,261,,MAT00022,P002,SL03,,,H,USD,24633.6,24633.6,80.0,EA,80.0,EA,,,,,Movement 261 for MAT00022,1000,,,2023,2023-03-13,2023-03-13,WHOUSE02,07:51:00,80.0,,,,,,,,,
100,4900000732,2023,1,1,0,0,601,,MAT00022,P002,SL03,,,H,USD,107784.6,107784.6,231.0,EA,231.0,EA,,,,,Movement 601 for MAT00022,1000,,,2023,2023-06-09,2023-06-09,WHOUSE02,07:12:00,231.0,,,,,,8000000127.0,10.0,,
100,4900000733,2023,1,1,0,0,101,,MAT00022,P002,SL03,,,S,USD,115724.36,115724.36,283.0,EA,283.0,EA,,,V0001,,Movement 101 for MAT00022,1000,,,2023,2023-02-02,2023-02-02,WHOUSE02,07:52:00,283.0,,,,,,,,,
100,4900000734,2024,1,1,0,0,601,,MAT00022,P002,SL03,,,H,USD,82862.08,82862.08,256.0,EA,256.0,EA,,,,,Movement 601 for MAT00022,1000,,,2024,2024-01-13,2024-01-13,WHOUSE02,09:31:00,256.0,,,,,,8000000128.0,20.0,,
100,4900000735,2024,1,1,0,0,201,,MAT00022,P002,SL03,,,H,USD,48461.49,48461.49,147.0,EA,147.0,EA,,,,,Movement 201 for MAT00022,1000,,,2024,2024-02-29,2024-02-29,WHOUSE01,12:13:00,147.0,,,,,,,,,
100,4900000736,2024,1,1,0,0,201,,MAT00022,P003,SL03,,,H,USD,656.37,656.37,9.0,EA,9.0,EA,,,,,Movement 201 for MAT00022,1000,,,2024,2024-10-30,2024-10-30,WHOUSE01,07:29:00,9.0,,,,,,,,,
100,4900000737,2023,1,1,0,0,261,,MAT00022,P003,SL03,,,H,USD,4268.8,4268.8,20.0,EA,20.0,EA,,,,,Movement 261 for MAT00022,1000,,,2023,2023-04-24,2023-04-24,WHOUSE02,14:58:00,20.0,,,,,,,,,
100,4900000738,2024,1,1,0,0,261,,MAT00022,P003,SL03,,,H,USD,36563.52,36563.52,96.0,EA,96.0,EA,,,,,Movement 261 for MAT00022,1000,,,2024,2024-05-10,2024-05-10,WHOUSE02,08:52:00,96.0,,,,,,,,,
100,4900000739,2023,1,1,0,0,201,,MAT00022,P003,SL03,,,H,USD,24819.66,24819.66,153.0,EA,153.0,EA,,,,,Movement 201 for MAT00022,1000,,,2023,2023-05-27,2023-05-27,WHOUSE02,12:50:00,153.0,,,,,,,,,
100,4900000740,2024,1,1,0,0,261,,MAT00022,P003,SL03,,,H,USD,7066.8,7066.8,30.0,EA,30.0,EA,,,,,Movement 261 for MAT00022,1000,,,2024,2024-03-31,2024-03-31,WHOUSE01,13:52:00,30.0,,,,,,,,,
100,4900000741,2024,1,1,0,0,601,,MAT00022,P003,SL03,,,H,USD,37870.0,37870.0,125.0,EA,125.0,EA,,,,,Movement 601 for MAT00022,1000,,,2024,2024-08-27,2024-08-27,WHOUSE01,11:52:00,125.0,,,,,,8000000134.0,10.0,,
100,4900000742,2024,1,1,0,0,201,,MAT00022,P003,SL03,,,H,USD,79753.19,79753.19,253.0,EA,253.0,EA,,,,,Movement 201 for MAT00022,1000,,,2024,2024-10-21,2024-10-21,WHOUSE01,10:27:00,253.0,,,,,,,,,
100,4900000743,2023,1,1,0,0,261,,MAT00022,P003,SL03,,,H,USD,41434.8,41434.8,86.0,EA,86.0,EA,,,,,Movement 261 for MAT00022,1000,,,2023,2023-06-16,2023-06-16,WHOUSE01,11:40:00,86.0,,,,,,,,,
100,4900000744,2024,1,1,0,0,261,,MAT00022,P003,SL03,,,H,USD,133228.27,133228.27,287.0,EA,287.0,EA,,,,,Movement 261 for MAT00022,1000,,,2024,2024-05-20,2024-05-20,WHOUSE01,10:30:00,287.0,,,,,,,,,
100,4900000745,2023,1,1,0,0,701,,MAT00022,P003,SL03,,,S,USD,16694.4,16694.4,160.0,EA,160.0,EA,,,,,Movement 701 for MAT00022,1000,,,2023,2023-11-19,2023-11-19,WHOUSE02,08:12:00,160.0,,,,,,,,,
100,4900000746,2024,1,1,0,0,101,,MAT00022,P003,SL03,,,S,USD,16279.2,16279.2,171.0,EA,171.0,EA,,,V0001,,Movement 101 for MAT00022,1000,,,2024,2024-05-11,2024-05-11,WHOUSE02,08:54:00,171.0,,,,,,,,,
100,4900000747,2023,1,1,0,0,261,,MAT00022,P003,SL03,,,H,USD,36481.68,36481.68,138.0,EA,138.0,EA,,,,,Movement 261 for MAT00022,1000,,,2023,2023-04-15,2023-04-15,WHOUSE01,15:20:00,138.0,,,,,,,,,
100,4900000748,2024,1,1,0,0,101,,MAT00022,P003,SL03,,,S,USD,101285.65,101285.65,265.0,EA,265.0,EA,,,V0002,,Movement 101 for MAT00022,1000,,,2024,2024-09-20,2024-09-20,WHOUSE01,11:13:00,265.0,,,,,,,,,
100,4900000749,2024,1,1,0,0,501,,MAT00023,P001,SL02,,,S,USD,48092.4,48092.4,219.0,EA,219.0,EA,,,V0010,,Movement 501 for MAT00023,1000,,,2024,2024-12-22,2024-12-22,WHOUSE02,14:00:00,219.0,,,,,,,,,
100,4900000750,2023,1,1,0,0,261,,MAT00023,P001,SL02,,,H,USD,11017.86,11017.86,111.0,EA,111.0,EA,,,,,Movement 261 for MAT00023,1000,,,2023,2023-10-18,2023-10-18,WHOUSE02,07:28:00,111.0,,,,,,,,,
100,4900000751,2024,1,1,0,0,501,,MAT00023,P001,SL02,,,S,USD,63855.96,63855.96,133.0,EA,133.0,EA,,,V0012,,Movement 501 for MAT00023,1000,,,2024,2024-07-08,2024-07-08,WHOUSE02,16:27:00,133.0,,,,,,,,,
100,4900000752,2023,1,1,0,0,261,,MAT00023,P001,SL02,,,H,USD,74561.85,74561.85,297.0,EA,297.0,EA,,,,,Movement 261 for MAT00023,1000,,,2023,2023-03-23,2023-03-23,WHOUSE01,10:12:00,297.0,,,,,,,,,
100,4900000753,2023,1,1,0,0,101,,MAT00023,P001,SL02,,,S,USD,35413.56,35413.56,91.0,EA,91.0,EA,,,V0005,,Movement 101 for MAT00023,1000,,,2023,2023-12-17,2023-12-17,WHOUSE02,07:15:00,91.0,,,,,,,,,
100,4900000754,2023,1,1,0,0,301,,MAT00023,P001,SL02,,,H,USD,19309.35,19309.35,109.0,EA,109.0,EA,,,,,Movement 301 for MAT00023,1000,,,2023,2023-02-06,2023-02-06,WHOUSE01,07:22:00,109.0,,,,,,,,,
100,4900000755,2024,1,1,0,0,261,,MAT00023,P001,SL02,,,H,USD,32604.0,32604.0,132.0,EA,132.0,EA,,,,,Movement 261 for MAT00023,1000,,,2024,2024-01-06,2024-01-06,WHOUSE01,07:59:00,132.0,,,,,,,,,
100,4900000756,2024,1,1,0,0,201,,MAT00023,P001,SL02,,,H,USD,96430.56,96430.56,237.0,EA,237.0,EA,,,,,Movement 201 for MAT00023,1000,,,2024,2024-11-01,2024-11-01,WHOUSE01,17:57:00,237.0,,,,,,,,,
100,4900000757,2024,1,1,0,0,501,,MAT00023,P001,SL02,,,S,USD,25513.6,25513.6,140.0,EA,140.0,EA,,,V0008,,Movement 501 for MAT00023,1000,,,2024,2024-04-07,2024-04-07,WHOUSE02,12:25:00,140.0,,,,,,,,,
100,4900000758,2023,1,1,0,0,101,,MAT00023,P001,SL02,,,S,USD,35036.4,35036.4,84.0,EA,84.0,EA,,,V0008,,Movement 101 for MAT00023,1000,,,2023,2023-07-02,2023-07-02,WHOUSE01,07:52:00,84.0,,,,,,,,,
100,4900000759,2023,1,1,0,0,261,,MAT00023,P001,SL02,,,H,USD,89926.26,89926.26,262.0,EA,262.0,EA,,,,,Movement 261 for MAT00023,1000,,,2023,2023-07-01,2023-07-01,WHOUSE02,13:10:00,262.0,,,,,,,,,
100,4900000760,2024,1,1,0,0,601,,MAT00023,P001,SL02,,,H,USD,114225.6,114225.6,240.0,EA,240.0,EA,,,,,Movement 601 for MAT00023,1000,,,2024,2024-09-14,2024-09-14,WHOUSE02,16:13:00,240.0,,,,,,8000000149.0,20.0,,
100,4900000761,2024,1,1,0,0,101,,MAT00023,P001,SL02,,,S,USD,3312.96,3312.96,96.0,EA,96.0,EA,,,V0013,,Movement 101 for MAT00023,1000,,,2024,2024-03-04,2024-03-04,WHOUSE01,10:54:00,96.0,,,,,,,,,
100,4900000762,2023,1,1,0,0,261,,MAT00023,P001,SL02,,,H,USD,70292.52,70292.52,174.0,EA,174.0,EA,,,,,Movement 261 for MAT00023,1000,,,2023,2023-03-26,2023-03-26,WHOUSE01,17:47:00,174.0,,,,,,,,,
100,4900000763,2023,1,1,0,0,261,,MAT00023,P001,SL02,,,H,USD,19535.36,19535.36,52.0,EA,52.0,EA,,,,,Movement 261 for MAT00023,1000,,,2023,2023-11-25,2023-11-25,WHOUSE01,13:07:00,52.0,,,,,,,,,
100,4900000764,2023,1,1,0,0,201,,MAT00023,P002,SL01,,,H,USD,6944.88,6944.88,57.0,EA,57.0,EA,,,,,Movement 201 for MAT00023,1000,,,2023,2023-03-25,2023-03-25,WHOUSE01,08:04:00,57.0,,,,,,,,,
100,4900000765,2024,1,1,0,0,261,,MAT00023,P002,SL01,,,H,USD,38317.6,38317.6,211.0,EA,211.0,EA,,,,,Movement 261 for MAT00023,1000,,,2024,2024-07-04,2024-07-04,WHOUSE01,15:44:00,211.0,,,,,,,,,
100,4900000766,2023,1,1,0,0,201,,MAT00023,P002,SL01,,,H,USD,6805.68,6805.68,168.0,EA,168.0,EA,,,,,Movement 201 for MAT00023,1000,,,2023,2023-06-08,2023-06-08,WHOUSE02,13:17:00,168.0,,,,,,,,,
100,4900000767,2023,1,1,0,0,261,,MAT00023,P002,SL01,,,H,USD,40286.46,40286.46,114.0,EA,114.0,EA,,,,,Movement 261 for MAT00023,1000,,,2023,2023-10-23,2023-10-23,WHOUSE02,16:33:00,114.0,,,,,,,,,
100,4900000768,2024,1,1,0,0,601,,MAT00023,P002,SL01,,,H,USD,1954.14,1954.14,6.0,EA,6.0,EA,,,,,Movement 601 for MAT00023,1000,,,2024,2024-04-20,2024-04-20,WHOUSE01,10:52:00,6.0,,,,,,8000000155.0,10.0,,
100,4900000769,2024,1,1,0,0,261,,MAT00023,P002,SL01,,,H,USD,21897.2,21897.2,260.0,EA,260.0,EA,,,,,Movement 261 for MAT00023,1000,,,2024,2024-02-28,2024-02-28,WHOUSE01,15:04:00,260.0,,,,,,,,,
100,4900000770,2024,1,1,0,0,101,,MAT00023,P002,SL01,,,S,USD,111239.6,111239.6,235.0,EA,235.0,EA,,,V0014,,Movement 101 for MAT00023,1000,,,2024,2024-11-19,2024-11-19,WHOUSE02,16:00:00,235.0,,,,,,,,,
100,4900000771,2024,1,1,0,0,261,,MAT00023,P003,SL01,,,H,USD,86775.02,86775.02,181.0,EA,181.0,EA,,,,,Movement 261 for MAT00023,1000,,,2024,2024-07-17,2024-07-17,WHOUSE02,09:48:00,181.0,,,,,,,,,
100,4900000772,2024,1,1,0,0,261,,MAT00023,P003,SL01,,,H,USD,64449.44,64449.44,242.0,EA,242.0,EA,,,,,Movement 261 for MAT00023,1000,,,2024,2024-08-01,2024-08-01,WHOUSE01,15:42:00,242.0,,,,,,,,,
100,4900000773,2023,1,1,0,0,702,,MAT00023,P003,SL01,,,H,USD,9128.64,9128.64,111.0,EA,111.0,EA,,,,,Movement 702 for MAT00023,1000,,,2023,2023-12-18,2023-12-18,WHOUSE01,10:09:00,111.0,,,,,,,,,
100,4900000774,2023,1,1,0,0,261,,MAT00023,P003,SL01,,,H,USD,40999.41,40999.41,153.0,EA,153.0,EA,,,,,Movement 261 for MAT00023,1000,,,2023,2023-06-23,2023-06-23,WHOUSE02,12:02:00,153.0,,,,,,,,,
100,4900000775,2024,1,1,0,0,261,,MAT00023,P003,SL01,,,H,USD,74967.2,74967.2,220.0,EA,220.0,EA,,,,,Movement 261 for MAT00023,1000,,,2024,2024-10-10,2024-10-10,WHOUSE02,16:50:00,220.0,,,,,,,,,
100,4900000776,2023,1,1,0,0,101,,MAT00023,P003,SL01,,,S,USD,23602.06,23602.06,82.0,EA,82.0,EA,,,V0011,,Movement 101 for MAT00023,1000,,,2023,2023-10-22,2023-10-22,WHOUSE02,09:16:00,82.0,,,,,,,,,
100,4900000777,2024,1,1,0,0,601,,MAT00024,P001,SL03,,,H,USD,21130.56,21130.56,253.0,EA,253.0,EA,,,,,Movement 601 for MAT00024,1000,,,2024,2024-01-22,2024-01-22,WHOUSE01,10:05:00,253.0,,,,,,8000000163.0,20.0,,
100,4900000778,2024,1,1,0,0,601,,MAT00024,P001,SL03,,,H,USD,16507.7,16507.7,215.0,EA,215.0,EA,,,,,Movement 601 for MAT00024,1000,,,2024,2024-02-22,2024-02-22,WHOUSE01,15:44:00,215.0,,,,,,8000000164.0,10.0,,
100,4900000779,2024,1,1,0,0,601,,MAT00024,P001,SL03,,,H,USD,64487.14,64487.14,223.0,EA,223.0,EA,,,,,Movement 601 for MAT00024,1000,,,2024,2024-10-06,2024-10-06,WHOUSE02,10:58:00,223.0,,,,,,8000000165.0,10.0,,
100,4900000780,2023,1,1,0,0,601,,MAT00024,P001,SL03,,,H,USD,3285.27,3285.27,173.0,EA,173.0,EA,,,,,Movement 601 for MAT00024,1000,,,2023,2023-12-11,2023-12-11,WHOUSE02,11:12:00,173.0,,,,,,8000000166.0,10.0,,
100,4900000781,2024,1,1,0,0,601,,MAT00024,P001,SL03,,,H,USD,24472.0,24472.0,56.0,EA,56.0,EA,,,,,Movement 601 for MAT00024,1000,,,2024,2024-09-29,2024-09-29,WHOUSE02,11:10:00,56.0,,,,,,8000000167.0,10.0,,
100,4900000782,2024,1,1,0,0,601,,MAT00024,P001,SL03,,,H,USD,62848.16,62848.16,248.0,EA,248.0,EA,,,,,Movement 601 for MAT00024,1000,,,2024,2024-01-23,2024-01-23,WHOUSE01,10:52:00,248.0,,,,,,8000000168.0,10.0,,
100,4900000783,2023,1,1,0,0,301,,MAT00024,P001,SL03,,,H,USD,110440.56,110440.56,222.0,EA,222.0,EA,,,,,Movement 301 for MAT00024,1000,,,2023,2023-04-04,2023-04-04,WHOUSE01,13:23:00,222.0,,,,,,,,,
100,4900000784,2024,1,1,0,0,701,,MAT00024,P001,SL03,,,S,USD,55866.41,55866.41,233.0,EA,233.0,EA,,,,,Movement 701 for MAT00024,1000,,,2024,2024-07-15,2024-07-15,WHOUSE02,12:35:00,233.0,,,,,,,,,
100,4900000785,2024,1,1,0,0,601,,MAT00024,P001,SL03,,,H,USD,37148.16,37148.16,96.0,EA,96.0,EA,,,,,Movement 601 for MAT00024,1000,,,2024,2024-10-19,2024-10-19,WHOUSE02,12:22:00,96.0,,,,,,8000000170.0,10.0,,
100,4900000786,2023,1,1,0,0,601,,MAT00024,P001,SL03,,,H,USD,155.88,155.88,18.0,EA,18.0,EA,,,,,Movement 601 for MAT00024,1000,,,2023,2023-08-31,2023-08-31,WHOUSE02,13:33:00,18.0,,,,,,8000000171.0,10.0,,
100,4900000787,2024,1,1,0,0,261,,MAT00024,P001,SL03,,,H,USD,3569.76,3569.76,144.0,EA,144.0,EA,,,,,Movement 261 for MAT00024,1000,,,2024,2024-10-14,2024-10-14,WHOUSE02,11:55:00,144.0,,,,,,,,,
100,4900000788,2023,1,1,0,0,601,,MAT00024,P002,SL03,,,H,USD,32928.92,32928.92,116.0,EA,116.0,EA,,,,,Movement 601 for MAT00024,1000,,,2023,2023-09-08,2023-09-08,WHOUSE01,08:08:00,116.0,,,,,,8000000173.0,10.0,,
100,4900000789,2024,1,1,0,0,601,,MAT00024,P002,SL03,,,H,USD,1038.8,1038.8,14.0,EA,14.0,EA,,,,,Movement 601 for MAT00024,1000,,,2024,2024-12-19,2024-12-19,WHOUSE01,14:00:00,14.0,,,,,,8000000174.0,10.0,,
100,4900000790,2024,1,1,0,0,261,,MAT00024,P002,SL03,,,H,USD,32040.0,32040.0,180.0,EA,180.0,EA,,,,,Movement 261 for MAT00024,1000,,,2024,2024-09-16,2024-09-16,WHOUSE01,07:20:00,180.0,,,,,,,,,
100,4900000791,2024,1,1,0,0,261,,MAT00024,P002,SL03,,,H,USD,10025.28,10025.28,177.0,EA,177.0,EA,,,,,Movement 261 for MAT00024,1000,,,2024,2024-08-19,2024-08-19,WHOUSE02,09:24:00,177.0,,,,,,,,,
100,4900000792,2023,1,1,0,0,601,,MAT00024,P002,SL03,,,H,USD,80282.88,80282.88,192.0,EA,192.0,EA,,,,,Movement 601 for MAT00024,1000,,,2023,2023-08-02,2023-08-02,WHOUSE01,16:02:00,192.0,,,,,,8000000176.0,10.0,,
100,4900000793,2024,1,1,0,0,601,,MAT00024,P002,SL03,,,H,USD,10082.7,10082.7,102.0,EA,102.0,EA,,,,,Movement 601 for MAT00024,1000,,,2024,2024-03-18,2024-03-18,WHOUSE01,08:04:00,102.0,,,,,,8000000177.0,10.0,,
100,4900000794,2024,1,1,0,0,601,,MAT00024,P002,SL03,,,H,USD,979.3,979.3,10.0,EA,10.0,EA,,,,,Movement 601 for MAT00024,1000,,,2024,2024-08-07,2024-08-07,WHOUSE01,17:02:00,10.0,,,,,,8000000178.0,10.0,,
100,4900000795,2024,1,1,0,0,601,,MAT00024,P002,SL03,,,H,USD,26848.8,26848.8,144.0,EA,144.0,EA,,,,,Movement 601 for MAT00024,1000,,,2024,2024-09-16,2024-09-16,WHOUSE01,10:15:00,144.0,,,,,,8000000179.0,10.0,,
100,4900000796,2024,1,1,0,0,702,,MAT00024,P003,SL01,,,H,USD,23149.17,23149.17,201.0,EA,201.0,EA,,,,,Movement 702 for MAT00024,1000,,,2024,2024-11-05,2024-11-05,WHOUSE01,09:32:00,201.0,,,,,,,,,
100,4900000797,2024,1,1,0,0,102,,MAT00024,P003,SL01,,,H,USD,23194.35,23194.35,83.0,EA,83.0,EA,,,,,Movement 102 for MAT00024,1000,,,2024,2024-07-16,2024-07-16,WHOUSE01,16:05:00,83.0,,,,,,,,,
100,4900000798,2023,1,1,0,0,301,,MAT00024,P003,SL01,,,H,USD,40069.06,40069.06,103.0,EA,103.0,EA,,,,,Movement 301 for MAT00024,1000,,,2023,2023-08-15,2023-08-15,WHOUSE01,10:27:00,103.0,,,,,,,,,
100,4900000799,2024,1,1,0,0,301,,MAT00024,P003,SL01,,,H,USD,64994.34,64994.34,131.0,EA,131.0,EA,,,,,Movement 301 for MAT00024,1000,,,2024,2024-11-12,2024-11-12,WHOUSE01,14:31:00,131.0,,,,,,,,,
100,4900000800,2023,1,1,0,0,702,,MAT00025,P001,SL01,,,H,USD,116541.36,116541.36,234.0,EA,234.0,EA,,,,,Movement 702 for MAT00025,1000,,,2023,2023-06-10,2023-06-10,WHOUSE01,10:49:00,234.0,,,,,,,,,
100,4900000801,2024,1,1,0,0,261,,MAT00025,P001,SL01,,,H,USD,41012.79,41012.79,273.0,EA,273.0,EA,,,,,Movement 261 for MAT00025,1000,,,2024,2024-11-16,2024-11-16,WHOUSE01,11:05:00,273.0,,,,,,,,,
100,4900000802,2023,1,1,0,0,601,,MAT00025,P001,SL01,,,H,USD,8656.2,8656.2,105.0,EA,105.0,EA,,,,,Movement 601 for MAT00025,1000,,,2023,2023-12-11,2023-12-11,WHOUSE02,10:26:00,105.0,,,,,,8000000185.0,10.0,,
100,4900000803,2023,1,1,0,0,601,,MAT00025,P001,SL01,,,H,USD,34816.76,34816.76,212.0,EA,212.0,EA,,,,,Movement 601 for MAT00025,1000,,,2023,2023-12-26,2023-12-26,WHOUSE01,09:26:00,212.0,,,,,,8000000186.0,10.0,,
100,4900000804,2024,1,1,0,0,601,,MAT00025,P001,SL01,,,H,USD,10178.48,10178.48,104.0,EA,104.0,EA,,,,,Movement 601 for MAT00025,1000,,,2024,2024-03-14,2024-03-14,WHOUSE02,08:03:00,104.0,,,,,,8000000187.0,10.0,,
100,4900000805,2024,1,1,0,0,601,,MAT00025,P001,SL01,,,H,USD,80846.85,80846.85,185.0,EA,185.0,EA,,,,,Movement 601 for MAT00025,1000,,,2024,2024-01-28,2024-01-28,WHOUSE02,13:46:00,185.0,,,,,,8000000188.0,10.0,,
100,4900000806,2024,1,1,0,0,501,,MAT00025,P001,SL01,,,S,USD,53473.44,53473.44,202.0,EA,202.0,EA,,,V0008,,Movement 501 for MAT00025,1000,,,2024,2024-05-09,2024-05-09,WHOUSE02,16:33:00,202.0,,,,,,,,,
100,4900000807,2023,1,1,0,0,601,,MAT00025,P001,SL01,,,H,USD,62051.34,62051.34,159.0,EA,159.0,EA,,,,,Movement 601 for MAT00025,1000,,,2023,2023-04-30,2023-04-30,WHOUSE02,08:37:00,159.0,,,,,,8000000192.0,10.0,,
100,4900000808,2024,1,1,0,0,501,,MAT00025,P001,SL01,,,S,USD,15397.2,15397.2,282.0,EA,282.0,EA,,,V0015,,Movement 501 for MAT00025,1000,,,2024,2024-04-08,2024-04-08,WHOUSE02,08:08:00,282.0,,,,,,,,,
100,4900000809,2023,1,1,0,0,601,,MAT00025,P001,SL01,,,H,USD,64939.35,64939.35,161.0,EA,161.0,EA,,,,,Movement 601 for MAT00025,1000,,,2023,2023-12-29,2023-12-29,WHOUSE02,14:54:00,161.0,,,,,,8000000195.0,10.0,,
100,4900000810,2023,1,1,0,0,601,,MAT00025,P001,SL01,,,H,USD,14966.32,14966.32,232.0,EA,232.0,EA,,,,,Movement 601 for MAT00025,1000,,,2023,2023-04-29,2023-04-29,WHOUSE01,16:11:00,232.0,,,,,,8000000195.0,20.0,,
100,4900000811,2024,1,1,0,0,102,,MAT00025,P001,SL01,,,H,USD,55816.09,55816.09,121.0,EA,121.0,EA,,,,,Movement 102 for MAT00025,1000,,,2024,2024-08-20,2024-08-20,WHOUSE01,17:32:00,121.0,,,,,,,,,
100,4900000812,2024,1,1,0,0,101,,MAT00025,P002,SL01,,,S,USD,24150.75,24150.75,195.0,EA,195.0,EA,,,V0004,,Movement 101 for MAT00025,1000,,,2024,2024-11-13,2024-11-13,WHOUSE02,09:05:00,195.0,,,,,,,,,
100,4900000813,2024,1,1,0,0,601,,MAT00025,P002,SL01,,,H,USD,4527.78,4527.78,51.0,EA,51.0,EA,,,,,Movement 601 for MAT00025,1000,,,2024,2024-10-11,2024-10-11,WHOUSE01,12:23:00,51.0,,,,,,8000000199.0,10.0,,
100,4900000814,2024,1,1,0,0,601,,MAT00025,P002,SL01,,,H,USD,78676.86,78676.86,241.0,EA,241.0,EA,,,,,Movement 601 for MAT00025,1000,,,2024,2024-10-02,2024-10-02,WHOUSE02,12:25:00,241.0,,,,,,8000000199.0,20.0,,
100,4900000815,2024,1,1,0,0,601,,MAT00025,P002,SL01,,,H,USD,50801.25,50801.25,125.0,EA,125.0,EA,,,,,Movement 601 for MAT00025,1000,,,2024,2024-09-04,2024-09-04,WHOUSE01,14:21:00,125.0,,,,,,8000000200.0,10.0,,
100,4900000816,2023,1,1,0,0,601,,MAT00025,P002,SL01,,,H,USD,3338.4,3338.4,240.0,EA,240.0,EA,,,,,Movement 601 for MAT00025,1000,,,2023,2023-05-21,2023-05-21,WHOUSE01,09:32:00,240.0,,,,,,8000000201.0,10.0,,
100,4900000817,2024,1,1,0,0,261,,MAT00025,P002,SL01,,,H,USD,12870.0,12870.0,275.0,EA,275.0,EA,,,,,Movement 261 for MAT00025,1000,,,2024,2024-05-26,2024-05-26,WHOUSE02,15:31:00,275.0,,,,,,,,,
100,4900000818,2024,1,1,0,0,601,,MAT00025,P002,SL01,,,H,USD,18919.32,18919.32,101.0,EA,101.0,EA,,,,,Movement 601 for MAT00025,1000,,,2024,2024-08-04,2024-08-04,WHOUSE01,16:52:00,101.0,,,,,,8000000202.0,20.0,,
100,4900000819,2024,1,1,0,0,601,,MAT00025,P002,SL01,,,H,USD,41393.44,41393.44,176.0,EA,176.0,EA,,,,,Movement 601 for MAT00025,1000,,,2024,2024-10-05,2024-10-05,WHOUSE01,07:27:00,176.0,,,,,,8000000203.0,10.0,,
100,4900000820,2023,1,1,0,0,601,,MAT00025,P002,SL01,,,H,USD,64891.16,64891.16,146.0,EA,146.0,EA,,,,,Movement 601 for MAT00025,1000,,,2023,2023-03-30,2023-03-30,WHOUSE02,07:45:00,146.0,,,,,,8000000203.0,20.0,,
100,4900000821,2024,1,1,0,0,701,,MAT00025,P002,SL01,,,S,USD,2766.4,2766.4,16.0,EA,16.0,EA,,,,,Movement 701 for MAT00025,1000,,,2024,2024-03-20,2024-03-20,WHOUSE01,13:39:00,16.0,,,,,,,,,
100,4900000822,2023,1,1,0,0,601,,MAT00025,P002,SL01,,,H,USD,6107.93,6107.93,31.0,EA,31.0,EA,,,,,Movement 601 for MAT00025,1000,,,2023,2023-09-02,2023-09-02,WHOUSE02,15:26:00,31.0,,,,,,8000000206.0,10.0,,
100,4900000823,2024,1,1,0,0,601,,MAT00025,P002,SL01,,,H,USD,60268.56,60268.56,222.0,EA,222.0,EA,,,,,Movement 601 for MAT00025,1000,,,2024,2024-02-06,2024-02-06,WHOUSE02,13:40:00,222.0,,,,,,8000000207.0,10.0,,
100,4900000824,2024,1,1,0,0,601,,MAT00025,P003,SL01,,,H,USD,13575.12,13575.12,76.0,EA,76.0,EA,,,,,Movement 601 for MAT00025,1000,,,2024,2024-07-24,2024-07-24,WHOUSE02,17:48:00,76.0,,,,,,8000000208.0,10.0,,
100,4900000825,2024,1,1,0,0,601,,MAT00025,P003,SL01,,,H,USD,85461.04,85461.04,238.0,EA,238.0,EA,,,,,Movement 601 for MAT00025,1000,,,2024,2024-04-30,2024-04-30,WHOUSE01,13:49:00,238.0,,,,,,8000000209.0,10.0,,
100,4900000826,2024,1,1,0,0,101,,MAT00025,P003,SL01,,,S,USD,44872.51,44872.51,199.0,EA,199.0,EA,,,V0002,,Movement 101 for MAT00025,1000,,,2024,2024-04-10,2024-04-10,WHOUSE01,17:40:00,199.0,,,,,,,,,
100,4900000827,2024,1,1,0,0,601,,MAT00025,P003,SL01,,,H,USD,7033.96,7033.96,82.0,EA,82.0,EA,,,,,Movement 601 for MAT00025,1000,,,2024,2024-07-04,2024-07-04,WHOUSE02,09:42:00,82.0,,,,,,8000000211.0,10.0,,
100,4900000828,2023,1,1,0,0,261,,MAT00025,P003,SL01,,,H,USD,39233.4,39233.4,230.0,EA,230.0,EA,,,,,Movement 261 for MAT00025,1000,,,2023,2023-12-19,2023-12-19,WHOUSE02,16:47:00,230.0,,,,,,,,,
100,4900000829,2023,1,1,0,0,601,,MAT00025,P003,SL01,,,H,USD,13066.84,13066.84,284.0,EA,284.0,EA,,,,,Movement 601 for MAT00025,1000,,,2023,2023-08-21,2023-08-21,WHOUSE02,08:33:00,284.0,,,,,,8000000213.0,10.0,,
100,4900000830,2023,1,1,0,0,601,,MAT00025,P003,SL01,,,H,USD,8296.56,8296.56,138.0,EA,138.0,EA,,,,,Movement 601 for MAT00025,1000,,,2023,2023-07-07,2023-07-07,WHOUSE01,14:04:00,138.0,,,,,,8000000213.0,20.0,,
100,4900000831,2024,1,1,0,0,601,,MAT00025,P003,SL01,,,H,USD,15691.11,15691.11,41.0,EA,41.0,EA,,,,,Movement 601 for MAT00025,1000,,,2024,2024-02-29,2024-02-29,WHOUSE01,12:46:00,41.0,,,,,,8000000214.0,10.0,,
100,4900000832,2023,1,1,0,0,601,,MAT00025,P003,SL01,,,H,USD,41218.08,41218.08,258.0,EA,258.0,EA,,,,,Movement 601 for MAT00025,1000,,,2023,2023-02-03,2023-02-03,WHOUSE01,12:03:00,258.0,,,,,,8000000214.0,20.0,,
100,4900000833,2024,1,1,0,0,701,,MAT00025,P003,SL01,,,S,USD,2906.47,2906.47,7.0,EA,7.0,EA,,,,,Movement 701 for MAT00025,1000,,,2024,2024-12-22,2024-12-22,WHOUSE01,14:13:00,7.0,,,,,,,,,
100,4900000834,2024,1,1,0,0,601,,MAT00025,P003,SL01,,,H,USD,28244.8,28244.8,127.0,EA,127.0,EA,,,,,Movement 601 for MAT00025,1000,,,2024,2024-04-21,2024-04-21,WHOUSE01,14:51:00,127.0,,,,,,8000000216.0,10.0,,
100,4900000835,2024,1,1,0,0,601,,MAT00025,P003,SL01,,,H,USD,6232.0,6232.0,76.0,EA,76.0,EA,,,,,Movement 601 for MAT00025,1000,,,2024,2024-03-28,2024-03-28,WHOUSE02,07:31:00,76.0,,,,,,8000000217.0,10.0,,
100,4900000836,2023,1,1,0,0,601,,MAT00025,P003,SL01,,,H,USD,18832.71,18832.71,39.0,EA,39.0,EA,,,,,Movement 601 for MAT00025,1000,,,2023,2023-12-19,2023-12-19,WHOUSE01,16:43:00,39.0,,,,,,8000000218.0,10.0,,
100,4900000837,2023,1,1,0,0,601,,MAT00025,P003,SL01,,,H,USD,26357.1,26357.1,210.0,EA,210.0,EA,,,,,Movement 601 for MAT00025,1000,,,2023,2023-03-11,2023-03-11,WHOUSE02,10:42:00,210.0,,,,,,8000000219.0,10.0,,
100,4900000838,2023,1,1,0,0,601,,MAT00025,P003,SL01,,,H,USD,5595.57,5595.57,79.0,EA,79.0,EA,,,,,Movement 601 for MAT00025,1000,,,2023,2023-01-31,2023-01-31,WHOUSE02,16:39:00,79.0,,,,,,8000000220.0,10.0,,
100,4900000839,2023,1,1,0,0,261,,MAT00025,P003,SL01,,,H,USD,2813.86,2813.86,199.0,EA,199.0,EA,,,,,Movement 261 for MAT00025,1000,,,2023,2023-11-04,2023-11-04,WHOUSE02,13:35:00,199.0,,,,,,,,,
100,4900000840,2023,1,1,0,0,601,,MAT00025,P003,SL01,,,H,USD,2325.6,2325.6,5.0,EA,5.0,EA,,,,,Movement 601 for MAT00025,1000,,,2023,2023-06-25,2023-06-25,WHOUSE01,07:05:00,5.0,,,,,,8000000222.0,10.0,,
100,4900000841,2023,1,1,0,0,261,,MAT00026,P001,SL01,,,H,USD,113742.09,113742.09,297.0,EA,297.0,EA,,,,,Movement 261 for MAT00026,1000,,,2023,2023-04-13,2023-04-13,WHOUSE01,07:17:00,297.0,,,,,,,,,
100,4900000842,2023,1,1,0,0,701,,MAT00026,P001,SL01,,,S,USD,23675.76,23675.76,194.0,EA,194.0,EA,,,,,Movement 701 for MAT00026,1000,,,2023,2023-02-06,2023-02-06,WHOUSE02,12:48:00,194.0,,,,,,,,,
100,4900000843,2023,1,1,0,0,601,,MAT00026,P001,SL01,,,H,USD,15849.6,15849.6,156.0,EA,156.0,EA,,,,,Movement 601 for MAT00026,1000,,,2023,2023-06-12,2023-06-12,WHOUSE01,11:20:00,156.0,,,,,,8000000224.0,20.0,,
100,4900000844,2024,1,1,0,0,201,,MAT00026,P001,SL01,,,H,USD,30780.89,30780.89,257.0,EA,257.0,EA,,,,,Movement 201 for MAT00026,1000,,,2024,2024-08-02,2024-08-02,WHOUSE01,09:19:00,257.0,,,,,,,,,
100,4900000845,2024,1,1,0,0,601,,MAT00026,P001,SL01,,,H,USD,50444.75,50444.75,155.0,EA,155.0,EA,,,,,Movement 601 for MAT00026,1000,,,2024,2024-02-07,2024-02-07,WHOUSE01,17:01:00,155.0,,,,,,8000000226.0,10.0,,
100,4900000846,2023,1,1,0,0,201,,MAT00026,P001,SL01,,,H,USD,29482.68,29482.68,201.0,EA,201.0,EA,,,,,Movement 201 for MAT00026,1000,,,2023,2023-12-07,2023-12-07,WHOUSE02,09:19:00,201.0,,,,,,,,,
100,4900000847,2023,1,1,0,0,601,,MAT00026,P001,SL01,,,H,USD,2736.69,2736.69,33.0,EA,33.0,EA,,,,,Movement 601 for MAT00026,1000,,,2023,2023-06-25,2023-06-25,WHOUSE01,11:28:00,33.0,,,,,,8000000228.0,20.0,,
100,4900000848,2024,1,1,0,0,601,,MAT00026,P001,SL01,,,H,USD,63488.88,63488.88,153.0,EA,153.0,EA,,,,,Movement 601 for MAT00026,1000,,,2024,2024-04-26,2024-04-26,WHOUSE01,15:10:00,153.0,,,,,,8000000229.0,10.0,,
100,4900000849,2024,1,1,0,0,601,,MAT00026,P001,SL01,,,H,USD,39318.96,39318.96,138.0,EA,138.0,EA,,,,,Movement 601 for MAT00026,1000,,,2024,2024-03-03,2024-03-03,WHOUSE02,17:32:00,138.0,,,,,,8000000230.0,10.0,,
100,4900000850,2024,1,1,0,0,701,,MAT00026,P001,SL01,,,S,USD,123499.5,123499.5,293.0,EA,293.0,EA,,,,,Movement 701 for MAT00026,1000,,,2024,2024-01-24,2024-01-24,WHOUSE02,17:21:00,293.0,,,,,,,,,
100,4900000851,2024,1,1,0,0,601,,MAT00026,P001,SL01,,,H,USD,64539.3,64539.3,210.0,EA,210.0,EA,,,,,Movement 601 for MAT00026,1000,,,2024,2024-08-13,2024-08-13,WHOUSE01,17:28:00,210.0,,,,,,8000000232.0,10.0,,
100,4900000852,2024,1,1,0,0,601,,MAT00026,P001,SL01,,,H,USD,27004.64,27004.64,104.0,EA,104.0,EA,,,,,Movement 601 for MAT00026,1000,,,2024,2024-04-25,2024-04-25,WHOUSE02,10:26:00,104.0,,,,,,8000000233.0,10.0,,
100,4900000853,2023,1,1,0,0,301,,MAT00026,P001,SL01,,,H,USD,14829.06,14829.06,177.0,EA,177.0,EA,,,,,Movement 301 for MAT00026,1000,,,2023,2023-04-28,2023-04-28,WHOUSE01,17:25:00,177.0,,,,,,,,,
100,4900000854,2024,1,1,0,0,601,,MAT00026,P001,SL01,,,H,USD,20019.45,20019.45,121.0,EA,121.0,EA,,,,,Movement 601 for MAT00026,1000,,,2024,2024-09-16,2024-09-16,WHOUSE01,12:25:00,121.0,,,,,,8000000235.0,10.0,,
100,4900000855,2024,1,1,0,0,601,,MAT00026,P001,SL01,,,H,USD,8043.64,8043.64,101.0,EA,101.0,EA,,,,,Movement 601 for MAT00026,1000,,,2024,2024-09-05,2024-09-05,WHOUSE01,13:25:00,101.0,,,,,,8000000235.0,20.0,,
100,4900000856,2024,1,1,0,0,201,,MAT00026,P002,SL01,,,H,USD,6384.0,6384.0,64.0,EA,64.0,EA,,,,,Movement 201 for MAT00026,1000,,,2024,2024-09-16,2024-09-16,WHOUSE01,13:23:00,64.0,,,,,,,,,
100,4900000857,2024,1,1,0,0,601,,MAT00026,P002,SL01,,,H,USD,13065.0,13065.0,52.0,EA,52.0,EA,,,,,Movement 601 for MAT00026,1000,,,2024,2024-06-09,2024-06-09,WHOUSE02,08:12:00,52.0,,,,,,8000000237.0,10.0,,
100,4900000858,2023,1,1,0,0,601,,MAT00026,P002,SL01,,,H,USD,33253.08,33253.08,93.0,EA,93.0,EA,,,,,Movement 601 for MAT00026,1000,,,2023,2023-05-13,2023-05-13,WHOUSE01,16:04:00,93.0,,,,,,8000000237.0,20.0,,
100,4900000859,2024,1,1,0,0,601,,MAT00026,P002,SL01,,,H,USD,72082.0,72082.0,184.0,EA,184.0,EA,,,,,Movement 601 for MAT00026,1000,,,2024,2024-11-04,2024-11-04,WHOUSE01,15:05:00,184.0,,,,,,8000000238.0,10.0,,
100,4900000860,2023,1,1,0,0,601,,MAT00026,P002,SL01,,,H,USD,58198.59,58198.59,293.0,EA,293.0,EA,,,,,Movement 601 for MAT00026,1000,,,2023,2023-10-17,2023-10-17,WHOUSE02,14:53:00,293.0,,,,,,8000000239.0,10.0,,
100,4900000861,2023,1,1,0,0,261,,MAT00026,P002,SL01,,,H,USD,1338.88,1338.88,128.0,EA,128.0,EA,,,,,Movement 261 for MAT00026,1000,,,2023,2023-12-12,2023-12-12,WHOUSE02,09:45:00,128.0,,,,,,,,,
100,4900000862,2024,1,1,0,0,101,,MAT00026,P002,SL01,,,S,USD,43087.52,43087.52,238.0,EA,238.0,EA,,,V0008,,Movement 101 for MAT00026,1000,,,2024,2024-07-26,2024-07-26,WHOUSE02,12:09:00,238.0,,,,,,,,,
100,4900000863,2023,1,1,0,0,601,,MAT00026,P002,SL01,,,H,USD,92550.45,92550.45,201.0,EA,201.0,EA,,,,,Movement 601 for MAT00026,1000,,,2023,2023-08-03,2023-08-03,WHOUSE01,10:01:00,201.0,,,,,,8000000241.0,10.0,,
100,4900000864,2024,1,1,0,0,601,,MAT00026,P002,SL01,,,H,USD,29247.68,29247.68,77.0,EA,77.0,EA,,,,,Movement 601 for MAT00026,1000,,,2024,2024-11-24,2024-11-24,WHOUSE02,15:06:00,77.0,,,,,,8000000242.0,10.0,,
100,4900000865,2023,1,1,0,0,101,,MAT00026,P003,SL02,,,S,USD,108486.72,108486.72,278.0,EA,278.0,EA,,,V0009,,Movement 101 for MAT00026,1000,,,2023,2023-10-30,2023-10-30,WHOUSE01,14:19:00,278.0,,,,,,,,,
100,4900000866,2023,1,1,0,0,261,,MAT00026,P003,SL02,,,H,USD,39459.55,39459.55,85.0,EA,85.0,EA,,,,,Movement 261 for MAT00026,1000,,,2023,2023-10-15,2023-10-15,WHOUSE02,07:16:00,85.0,,,,,,,,,
100,4900000867,2024,1,1,0,0,601,,MAT00026,P003,SL02,,,H,USD,89829.6,89829.6,210.0,EA,210.0,EA,,,,,Movement 601 for MAT00026,1000,,,2024,2024-05-07,2024-05-07,WHOUSE02,09:46:00,210.0,,,,,,8000000244.0,10.0,,
100,4900000868,2023,1,1,0,0,601,,MAT00026,P003,SL02,,,H,USD,3246.08,3246.08,8.0,EA,8.0,EA,,,,,Movement 601 for MAT00026,1000,,,2023,2023-10-10,2023-10-10,WHOUSE02,15:04:00,8.0,,,,,,8000000245.0,10.0,,
100,4900000869,2024,1,1,0,0,261,,MAT00026,P003,SL02,,,H,USD,1938.09,1938.09,77.0,EA,77.0,EA,,,,,Movement 261 for MAT00026,1000,,,2024,2024-03-10,2024-03-10,WHOUSE02,17:40:00,77.0,,,,,,,,,
100,4900000870,2024,1,1,0,0,301,,MAT00026,P003,SL02,,,H,USD,14592.48,14592.48,112.0,EA,112.0,EA,,,,,Movement 301 for MAT00026,1000,,,2024,2024-03-13,2024-03-13,WHOUSE01,13:04:00,112.0,,,,,,,,,
100,4900000871,2024,1,1,0,0,201,,MAT00026,P003,SL02,,,H,USD,15371.84,15371.84,32.0,EA,32.0,EA,,,,,Movement 201 for MAT00026,1000,,,2024,2024-11-17,2024-11-17,WHOUSE01,08:08:00,32.0,,,,,,,,,
100,4900000872,2023,1,1,0,0,201,,MAT00026,P003,SL02,,,H,USD,113544.32,113544.32,236.0,EA,236.0,EA,,,,,Movement 201 for MAT00026,1000,,,2023,2023-05-03,2023-05-03,WHOUSE02,16:44:00,236.0,,,,,,,,,
100,4900000873,2024,1,1,0,0,601,,MAT00026,P003,SL02,,,H,USD,28279.44,28279.44,168.0,EA,168.0,EA,,,,,Movement 601 for MAT00026,1000,,,2024,2024-10-30,2024-10-30,WHOUSE02,10:36:00,168.0,,,,,,8000000249.0,10.0,,
100,4900000874,2023,1,1,0,0,101,,MAT00027,P001,SL03,,,S,USD,49278.7,49278.7,179.0,EA,179.0,EA,,,V0009,,Movement 101 for MAT00027,1000,,,2023,2023-07-20,2023-07-20,WHOUSE01,10:33:00,179.0,,,,,,,,,
100,4900000875,2024,1,1,0,0,601,,MAT00027,P001,SL03,,,H,USD,17521.46,17521.46,146.0,EA,146.0,EA,,,,,Movement 601 for MAT00027,1000,,,2024,2024-01-29,2024-01-29,WHOUSE01,07:52:00,146.0,,,,,,8000000251.0,10.0,,
100,4900000876,2023,1,1,0,0,101,,MAT00027,P002,SL02,,,S,USD,34048.96,34048.96,136.0,EA,136.0,EA,,,V0011,,Movement 101 for MAT00027,1000,,,2023,2023-07-06,2023-07-06,WHOUSE02,12:54:00,136.0,,,,,,,,,
100,4900000877,2023,1,1,0,0,601,,MAT00027,P002,SL02,,,H,USD,26976.42,26976.42,73.0,EA,73.0,EA,,,,,Movement 601 for MAT00027,1000,,,2023,2023-01-11,2023-01-11,WHOUSE01,13:59:00,73.0,,,,,,8000000252.0,20.0,,
100,4900000878,2023,1,1,0,0,601,,MAT00027,P002,SL02,,,H,USD,46060.0,46060.0,280.0,EA,280.0,EA,,,,,Movement 601 for MAT00027,1000,,,2023,2023-12-18,2023-12-18,WHOUSE02,17:03:00,280.0,,,,,,8000000253.0,10.0,,
100,4900000879,2024,1,1,0,0,261,,MAT00027,P002,SL02,,,H,USD,99465.06,99465.06,214.0,EA,214.0,EA,,,,,Movement 261 for MAT00027,1000,,,2024,2024-05-31,2024-05-31,WHOUSE02,09:59:00,214.0,,,,,,,,,
100,4900000880,2023,1,1,0,0,201,,MAT00027,P002,SL02,,,H,USD,32746.29,32746.29,79.0,EA,79.0,EA,,,,,Movement 201 for MAT00027,1000,,,2023,2023-05-01,2023-05-01,WHOUSE01,14:18:00,79.0,,,,,,,,,
100,4900000881,2024,1,1,0,0,601,,MAT00027,P002,SL02,,,H,USD,46540.48,46540.48,112.0,EA,112.0,EA,,,,,Movement 601 for MAT00027,1000,,,2024,2024-10-08,2024-10-08,WHOUSE02,15:03:00,112.0,,,,,,8000000256.0,10.0,,
100,4900000882,2023,1,1,0,0,601,,MAT00027,P002,SL02,,,H,USD,98973.8,98973.8,229.0,EA,229.0,EA,,,,,Movement 601 for MAT00027,1000,,,2023,2023-01-12,2023-01-12,WHOUSE01,15:02:00,229.0,,,,,,8000000257.0,10.0,,
100,4900000883,2024,1,1,0,0,601,,MAT00027,P002,SL02,,,H,USD,6999.6,6999.6,114.0,EA,114.0,EA,,,,,Movement 601 for MAT00027,1000,,,2024,2024-06-29,2024-06-29,WHOUSE01,16:13:00,114.0,,,,,,8000000258.0,10.0,,
100,4900000884,2023,1,1,0,0,601,,MAT00027,P003,SL02,,,H,USD,22937.18,22937.18,266.0,EA,266.0,EA,,,,,Movement 601 for MAT00027,1000,,,2023,2023-11-18,2023-11-18,WHOUSE02,17:03:00,266.0,,,,,,8000000259.0,10.0,,
100,4900000885,2024,1,1,0,0,601,,MAT00027,P003,SL02,,,H,USD,3126.96,3126.96,172.0,EA,172.0,EA,,,,,Movement 601 for MAT00027,1000,,,2024,2024-12-29,2024-12-29,WHOUSE01,14:53:00,172.0,,,,,,8000000260.0,10.0,,
100,4900000886,2023,1,1,0,0,261,,MAT00027,P003,SL02,,,H,USD,24240.06,24240.06,81.0,EA,81.0,EA,,,,,Movement 261 for MAT00027,1000,,,2023,2023-10-03,2023-10-03,WHOUSE01,13:35:00,81.0,,,,,,,,,
100,4900000887,2024,1,1,0,0,601,,MAT00027,P003,SL02,,,H,USD,72994.35,72994.35,205.0,EA,205.0,EA,,,,,Movement 601 for MAT00027,1000,,,2024,2024-05-28,2024-05-28,WHOUSE01,12:19:00,205.0,,,,,,8000000261.0,20.0,,
100,4900000888,2023,1,1,0,0,301,,MAT00027,P003,SL02,,,H,USD,17969.23,17969.23,127.0,EA,127.0,EA,,,,,Movement 301 for MAT00027,1000,,,2023,2023-12-08,2023-12-08,WHOUSE01,17:59:00,127.0,,,,,,,,,
100,4900000889,2023,1,1,0,0,601,,MAT00027,P003,SL02,,,H,USD,4836.5,4836.5,25.0,EA,25.0,EA,,,,,Movement 601 for MAT00027,1000,,,2023,2023-05-22,2023-05-22,WHOUSE02,16:12:00,25.0,,,,,,8000000263.0,10.0,,
100,4900000890,2024,1,1,0,0,261,,MAT00027,P003,SL02,,,H,USD,47273.67,47273.67,107.0,EA,107.0,EA,,,,,Movement 261 for MAT00027,1000,,,2024,2024-08-31,2024-08-31,WHOUSE02,09:50:00,107.0,,,,,,,,,
100,4900000891,2024,1,1,0,0,261,,MAT00027,P003,SL02,,,H,USD,386.08,386.08,8.0,EA,8.0,EA,,,,,Movement 261 for MAT00027,1000,,,2024,2024-03-12,2024-03-12,WHOUSE01,10:49:00,8.0,,,,,,,,,
100,4900000892,2023,1,1,0,0,702,,MAT00027,P003,SL02,,,H,USD,13657.92,13657.92,41.0,EA,41.0,EA,,,,,Movement 702 for MAT00027,1000,,,2023,2023-03-14,2023-03-14,WHOUSE02,17:01:00,41.0,,,,,,,,,
100,4900000893,2023,1,1,0,0,601,,MAT00027,P003,SL02,,,H,USD,65239.6,65239.6,172.0,EA,172.0,EA,,,,,Movement 601 for MAT00027,1000,,,2023,2023-01-31,2023-01-31,WHOUSE02,13:20:00,172.0,,,,,,8000000267.0,10.0,,
100,4900000894,2024,1,1,0,0,601,,MAT00027,P003,SL02,,,H,USD,35461.44,35461.44,72.0,EA,72.0,EA,,,,,Movement 601 for MAT00027,1000,,,2024,2024-12-11,2024-12-11,WHOUSE02,16:50:00,72.0,,,,,,8000000267.0,20.0,,
100,4900000895,2024,1,1,0,0,601,,MAT00027,P003,SL02,,,H,USD,28586.87,28586.87,97.0,EA,97.0,EA,,,,,Movement 601 for MAT00027,1000,,,2024,2024-01-19,2024-01-19,WHOUSE02,12:11:00,97.0,,,,,,8000000268.0,10.0,,
100,4900000896,2024,1,1,0,0,601,,MAT00027,P003,SL02,,,H,USD,1303.8,1303.8,10.0,EA,10.0,EA,,,,,Movement 601 for MAT00027,1000,,,2024,2024-08-27,2024-08-27,WHOUSE01,09:46:00,10.0,,,,,,8000000269.0,10.0,,
100,4900000897,2024,1,1,0,0,601,,MAT00027,P003,SL02,,,H,USD,56364.5,56364.5,278.0,EA,278.0,EA,,,,,Movement 601 for MAT00027,1000,,,2024,2024-05-10,2024-05-10,WHOUSE02,08:35:00,278.0,,,,,,8000000270.0,10.0,,
100,4900000898,2024,1,1,0,0,301,,MAT00027,P003,SL02,,,H,USD,534.49,534.49,11.0,EA,11.0,EA,,,,,Movement 301 for MAT00027,1000,,,2024,2024-05-24,2024-05-24,WHOUSE01,11:46:00,11.0,,,,,,,,,
100,4900000899,2024,1,1,0,0,301,,MAT00027,P003,SL02,,,H,USD,8922.01,8922.01,47.0,EA,47.0,EA,,,,,Movement 301 for MAT00027,1000,,,2024,2024-10-15,2024-10-15,WHOUSE01,12:05:00,47.0,,,,,,,,,
100,4900000900,2023,1,1,0,0,261,,MAT00027,P003,SL02,,,H,USD,27530.72,27530.72,112.0,EA,112.0,EA,,,,,Movement 261 for MAT00027,1000,,,2023,2023-08-23,2023-08-23,WHOUSE02,07:56:00,112.0,,,,,,,,,
100,4900000901,2024,1,1,0,0,601,,MAT00027,P003,SL02,,,H,USD,53971.2,53971.2,240.0,EA,240.0,EA,,,,,Movement 601 for MAT00027,1000,,,2024,2024-04-22,2024-04-22,WHOUSE01,14:20:00,240.0,,,,,,8000000272.0,20.0,,
100,4900000902,2023,1,1,0,0,101,,MAT00027,P003,SL02,,,S,USD,86643.8,86643.8,380.0,EA,380.0,EA,,,V0012,,Movement 101 for MAT00027,1000,,,2023,2023-06-27,2023-06-27,WHOUSE01,11:14:00,380.0,,,,,,,,,
100,4900000903,2024,1,1,0,0,601,,MAT00027,P003,SL02,,,H,USD,51581.88,51581.88,189.0,EA,189.0,EA,,,,,Movement 601 for MAT00027,1000,,,2024,2024-09-15,2024-09-15,WHOUSE02,15:41:00,189.0,,,,,,8000000275.0,10.0,,
100,4900000904,2024,1,1,0,0,601,,MAT00027,P003,SL02,,,H,USD,2161.32,2161.32,84.0,EA,84.0,EA,,,,,Movement 601 for MAT00027,1000,,,2024,2024-12-02,2024-12-02,WHOUSE01,17:11:00,84.0,,,,,,8000000276.0,10.0,,
100,4900000905,2023,1,1,0,0,601,,MAT00027,P003,SL02,,,H,USD,5396.22,5396.22,54.0,EA,54.0,EA,,,,,Movement 601 for MAT00027,1000,,,2023,2023-01-11,2023-01-11,WHOUSE02,08:46:00,54.0,,,,,,8000000277.0,10.0,,
100,4900000906,2023,1,1,0,0,701,,MAT00027,P003,SL02,,,S,USD,15292.8,15292.8,216.0,EA,216.0,EA,,,,,Movement 701 for MAT00027,1000,,,2023,2023-02-22,2023-02-22,WHOUSE02,14:43:00,216.0,,,,,,,,,
100,4900000907,2023,1,1,0,0,601,,MAT00027,P003,SL02,,,H,USD,94688.51,94688.51,227.0,EA,227.0,EA,,,,,Movement 601 for MAT00027,1000,,,2023,2023-09-27,2023-09-27,WHOUSE02,14:52:00,227.0,,,,,,8000000279.0,10.0,,
100,4900000908,2024,1,1,0,0,601,,MAT00027,P003,SL02,,,H,USD,30187.95,30187.95,137.0,EA,137.0,EA,,,,,Movement 601 for MAT00027,1000,,,2024,2024-08-26,2024-08-26,WHOUSE02,17:50:00,137.0,,,,,,8000000280.0,10.0,,
100,4900000909,2024,1,1,0,0,301,,MAT00027,P003,SL02,,,H,USD,48846.67,48846.67,149.0,EA,149.0,EA,,,,,Movement 301 for MAT00027,1000,,,2024,2024-05-07,2024-05-07,WHOUSE02,11:54:00,149.0,,,,,,,,,
100,4900000910,2024,1,1,0,0,601,,MAT00027,P003,SL02,,,H,USD,91054.04,91054.04,188.0,EA,188.0,EA,,,,,Movement 601 for MAT00027,1000,,,2024,2024-12-06,2024-12-06,WHOUSE01,17:29:00,188.0,,,,,,8000000282.0,10.0,,
100,4900000911,2024,1,1,0,0,261,,MAT00028,P001,SL03,,,H,USD,21880.07,21880.07,71.0,EA,71.0,EA,,,,,Movement 261 for MAT00028,1000,,,2024,2024-02-25,2024-02-25,WHOUSE01,13:09:00,71.0,,,,,,,,,
100,4900000912,2023,1,1,0,0,601,,MAT00028,P001,SL03,,,H,USD,19323.0,19323.0,75.0,EA,75.0,EA,,,,,Movement 601 for MAT00028,1000,,,2023,2023-10-11,2023-10-11,WHOUSE02,13:22:00,75.0,,,,,,8000000284.0,10.0,,
100,4900000913,2023,1,1,0,0,201,,MAT00028,P001,SL03,,,H,USD,109022.37,109022.37,237.0,EA,237.0,EA,,,,,Movement 201 for MAT00028,1000,,,2023,2023-01-15,2023-01-15,WHOUSE02,11:02:00,237.0,,,,,,,,,
100,4900000914,2023,1,1,0,0,201,,MAT00028,P001,SL03,,,H,USD,17439.84,17439.84,198.0,EA,198.0,EA,,,,,Movement 201 for MAT00028,1000,,,2023,2023-11-01,2023-11-01,WHOUSE01,13:31:00,198.0,,,,,,,,,
100,4900000915,2023,1,1,0,0,601,,MAT00028,P001,SL03,,,H,USD,79666.31,79666.31,281.0,EA,281.0,EA,,,,,Movement 601 for MAT00028,1000,,,2023,2023-08-09,2023-08-09,WHOUSE01,10:40:00,281.0,,,,,,8000000285.0,20.0,,
100,4900000916,2024,1,1,0,0,102,,MAT00028,P001,SL03,,,H,USD,9288.22,9288.22,142.0,EA,142.0,EA,,,,,Movement 102 for MAT00028,1000,,,2024,2024-08-16,2024-08-16,WHOUSE01,16:44:00,142.0,,,,,,,,,
100,4900000917,2023,1,1,0,0,102,,MAT00028,P001,SL03,,,H,USD,4756.95,4756.95,31.0,EA,31.0,EA,,,,,Movement 102 for MAT00028,1000,,,2023,2023-10-11,2023-10-11,WHOUSE02,12:28:00,31.0,,,,,,,,,
100,4900000918,2024,1,1,0,0,601,,MAT00028,P001,SL03,,,H,USD,42921.97,42921.97,91.0,EA,91.0,EA,,,,,Movement 601 for MAT00028,1000,,,2024,2024-12-04,2024-12-04,WHOUSE01,07:04:00,91.0,,,,,,8000000287.0,10.0,,
100,4900000919,2024,1,1,0,0,261,,MAT00028,P001,SL03,,,H,USD,8308.11,8308.11,163.0,EA,163.0,EA,,,,,Movement 261 for MAT00028,1000,,,2024,2024-08-07,2024-08-07,WHOUSE01,15:11:00,163.0,,,,,,,,,
100,4900000920,2024,1,1,0,0,601,,MAT00028,P001,SL03,,,H,USD,33928.94,33928.94,73.0,EA,73.0,EA,,,,,Movement 601 for MAT00028,1000,,,2024,2024-04-27,2024-04-27,WHOUSE02,12:56:00,73.0,,,,,,8000000288.0,10.0,,
100,4900000921,2024,1,1,0,0,601,,MAT00028,P001,SL03,,,H,USD,89881.55,89881.55,187.0,EA,187.0,EA,,,,,Movement 601 for MAT00028,1000,,,2024,2024-10-22,2024-10-22,WHOUSE02,08:39:00,187.0,,,,,,8000000289.0,10.0,,
100,4900000922,2024,1,1,0,0,601,,MAT00028,P001,SL03,,,H,USD,49033.6,49033.6,280.0,EA,280.0,EA,,,,,Movement 601 for MAT00028,1000,,,2024,2024-10-24,2024-10-24,WHOUSE02,11:57:00,280.0,,,,,,8000000290.0,10.0,,
100,4900000923,2023,1,1,0,0,601,,MAT00028,P001,SL03,,,H,USD,35218.59,35218.59,137.0,EA,137.0,EA,,,,,Movement 601 for MAT00028,1000,,,2023,2023-01-01,2023-01-01,WHOUSE01,10:54:00,137.0,,,,,,8000000291.0,10.0,,
100,4900000924,2023,1,1,0,0,601,,MAT00028,P001,SL03,,,H,USD,36028.74,36028.74,237.0,EA,237.0,EA,,,,,Movement 601 for MAT00028,1000,,,2023,2023-01-07,2023-01-07,WHOUSE01,17:50:00,237.0,,,,,,8000000291.0,20.0,,
100,4900000925,2023,1,1,0,0,601,,MAT00028,P001,SL03,,,H,USD,75852.0,75852.0,294.0,EA,294.0,EA,,,,,Movement 601 for MAT00028,1000,,,2023,2023-11-30,2023-11-30,WHOUSE01,16:02:00,294.0,,,,,,8000000292.0,10.0,,
100,4900000926,2023,1,1,0,0,101,,MAT00028,P002,SL02,,,S,USD,53877.69,53877.69,123.0,EA,123.0,EA,,,V0009,,Movement 101 for MAT00028,1000,,,2023,2023-04-30,2023-04-30,WHOUSE02,10:59:00,123.0,,,,,,,,,
100,4900000927,2024,1,1,0,0,601,,MAT00028,P002,SL02,,,H,USD,5035.25,5035.25,11.0,EA,11.0,EA,,,,,Movement 601 for MAT00028,1000,,,2024,2024-09-25,2024-09-25,WHOUSE01,09:32:00,11.0,,,,,,8000000293.0,20.0,,
100,4900000928,2023,1,1,0,0,261,,MAT00028,P002,SL02,,,H,USD,25450.68,25450.68,131.0,EA,131.0,EA,,,,,Movement 261 for MAT00028,1000,,,2023,2023-04-07,2023-04-07,WHOUSE01,15:00:00,131.0,,,,,,,,,
100,4900000929,2023,1,1,0,0,261,,MAT00028,P002,SL02,,,H,USD,35920.61,35920.61,251.0,EA,251.0,EA,,,,,Movement 261 for MAT00028,1000,,,2023,2023-12-05,2023-12-05,WHOUSE01,15:32:00,251.0,,,,,,,,,
100,4900000930,2024,1,1,0,0,702,,MAT00028,P002,SL02,,,H,USD,126402.82,126402.82,289.0,EA,289.0,EA,,,,,Movement 702 for MAT00028,1000,,,2024,2024-11-26,2024-11-26,WHOUSE02,10:39:00,289.0,,,,,,,,,
100,4900000931,2024,1,1,0,0,261,,MAT00028,P002,SL02,,,H,USD,125809.16,125809.16,284.0,EA,284.0,EA,,,,,Movement 261 for MAT00028,1000,,,2024,2024-09-13,2024-09-13,WHOUSE01,13:52:00,284.0,,,,,,,,,
100,4900000932,2023,1,1,0,0,601,,MAT00028,P002,SL02,,,H,USD,4567.21,4567.21,29.0,EA,29.0,EA,,,,,Movement 601 for MAT00028,1000,,,2023,2023-06-10,2023-06-10,WHOUSE02,17:49:00,29.0,,,,,,8000000297.0,10.0,,
100,4900000933,2023,1,1,0,0,601,,MAT00028,P002,SL02,,,H,USD,11956.0,11956.0,49.0,EA,49.0,EA,,,,,Movement 601 for MAT00028,1000,,,2023,2023-03-18,2023-03-18,WHOUSE01,07:04:00,49.0,,,,,,8000000297.0,20.0,,
100,4900000934,2024,1,1,0,0,601,,MAT00028,P002,SL02,,,H,USD,16624.08,16624.08,44.0,EA,44.0,EA,,,,,Movement 601 for MAT00028,1000,,,2024,2024-12-21,2024-12-21,WHOUSE01,12:18:00,44.0,,,,,,8000000298.0,10.0,,
100,4900000935,2023,1,1,0,0,601,,MAT00028,P002,SL02,,,H,USD,87930.36,87930.36,252.0,EA,252.0,EA,,,,,Movement 601 for MAT00028,1000,,,2023,2023-10-14,2023-10-14,WHOUSE02,07:37:00,252.0,,,,,,8000000298.0,20.0,,
100,4900000936,2023,1,1,0,0,601,,MAT00028,P002,SL02,,,H,USD,2749.1,2749.1,37.0,EA,37.0,EA,,,,,Movement 601 for MAT00028,1000,,,2023,2023-11-22,2023-11-22,WHOUSE02,08:54:00,37.0,,,,,,8000000299.0,10.0,,
100,4900000937,2024,1,1,0,0,701,,MAT00028,P002,SL02,,,S,USD,35137.6,35137.6,80.0,EA,80.0,EA,,,,,Movement 701 for MAT00028,1000,,,2024,2024-02-02,2024-02-02,WHOUSE01,13:07:00,80.0,,,,,,,,,
100,4900000938,2023,1,1,0,0,601,,MAT00028,P002,SL02,,,H,USD,22712.49,22712.49,219.0,EA,219.0,EA,,,,,Movement 601 for MAT00028,1000,,,2023,2023-05-10,2023-05-10,WHOUSE02,16:44:00,219.0,,,,,,8000000301.0,10.0,,
100,4900000939,2023,1,1,0,0,601,,MAT00028,P002,SL02,,,H,USD,56994.83,56994.83,193.0,EA,193.0,EA,,,,,Movement 601 for MAT00028,1000,,,2023,2023-05-11,2023-05-11,WHOUSE01,10:12:00,193.0,,,,,,8000000301.0,20.0,,
100,4900000940,2023,1,1,0,0,601,,MAT00028,P002,SL02,,,H,USD,68997.88,68997.88,188.0,EA,188.0,EA,,,,,Movement 601 for MAT00028,1000,,,2023,2023-05-10,2023-05-10,WHOUSE01,15:34:00,188.0,,,,,,8000000302.0,10.0,,
100,4900000941,2023,1,1,0,0,601,,MAT00028,P002,SL02,,,H,USD,8238.36,8238.36,156.0,EA,156.0,EA,,,,,Movement 601 for MAT00028,1000,,,2023,2023-12-25,2023-12-25,WHOUSE02,10:34:00,156.0,,,,,,8000000303.0,10.0,,
100,4900000942,2023,1,1,0,0,501,,MAT00028,P002,SL02,,,S,USD,758.91,758.91,41.0,EA,41.0,EA,,,V0010,,Movement 501 for MAT00028,1000,,,2023,2023-04-19,2023-04-19,WHOUSE01,10:23:00,41.0,,,,,,,,,
100,4900000943,2023,1,1,0,0,601,,MAT00028,P002,SL02,,,H,USD,70348.22,70348.22,142.0,EA,142.0,EA,,,,,Movement 601 for MAT00028,1000,,,2023,2023-08-20,2023-08-20,WHOUSE01,11:52:00,142.0,,,,,,8000000305.0,10.0,,
100,4900000944,2024,1,1,0,0,601,,MAT00028,P002,SL02,,,H,USD,26284.82,26284.82,274.0,EA,274.0,EA,,,,,Movement 601 for MAT00028,1000,,,2024,2024-08-14,2024-08-14,WHOUSE01,10:58:00,274.0,,,,,,8000000306.0,10.0,,
100,4900000945,2024,1,1,0,0,601,,MAT00028,P003,SL02,,,H,USD,77216.12,77216.12,239.0,EA,239.0,EA,,,,,Movement 601 for MAT00028,1000,,,2024,2024-03-07,2024-03-07,WHOUSE01,12:07:00,239.0,,,,,,8000000307.0,10.0,,
100,4900000946,2023,1,1,0,0,601,,MAT00028,P003,SL02,,,H,USD,3916.64,3916.64,28.0,EA,28.0,EA,,,,,Movement 601 for MAT00028,1000,,,2023,2023-08-18,2023-08-18,WHOUSE01,13:56:00,28.0,,,,,,8000000308.0,10.0,,
100,4900000947,2023,1,1,0,0,601,,MAT00028,P003,SL02,,,H,USD,49726.95,49726.95,105.0,EA,105.0,EA,,,,,Movement 601 for MAT00028,1000,,,2023,2023-10-20,2023-10-20,WHOUSE01,15:07:00,105.0,,,,,,8000000309.0,10.0,,
100,4900000948,2024,1,1,0,0,601,,MAT00028,P003,SL02,,,H,USD,25386.48,25386.48,216.0,EA,216.0,EA,,,,,Movement 601 for MAT00028,1000,,,2024,2024-11-04,2024-11-04,WHOUSE01,14:56:00,216.0,,,,,,8000000310.0,10.0,,
100,4900000949,2023,1,1,0,0,601,,MAT00028,P003,SL02,,,H,USD,8340.54,8340.54,78.0,EA,78.0,EA,,,,,Movement 601 for MAT00028,1000,,,2023,2023-08-08,2023-08-08,WHOUSE02,10:24:00,78.0,,,,,,8000000310.0,20.0,,
100,4900000950,2023,1,1,0,0,261,,MAT00028,P003,SL02,,,H,USD,41863.45,41863.45,115.0,EA,115.0,EA,,,,,Movement 261 for MAT00028,1000,,,2023,2023-05-06,2023-05-06,WHOUSE01,07:06:00,115.0,,,,,,,,,
100,4900000951,2024,1,1,0,0,601,,MAT00028,P003,SL02,,,H,USD,2086.49,2086.49,287.0,EA,287.0,EA,,,,,Movement 601 for MAT00028,1000,,,2024,2024-09-12,2024-09-12,WHOUSE02,10:24:00,287.0,,,,,,8000000312.0,10.0,,
100,4900000952,2024,1,1,0,0,301,,MAT00028,P003,SL02,,,H,USD,5859.7,5859.7,14.0,EA,14.0,EA,,,,,Movement 301 for MAT00028,1000,,,2024,2024-11-06,2024-11-06,WHOUSE02,14:26:00,14.0,,,,,,,,,
100,4900000953,2024,1,1,0,0,601,,MAT00028,P003,SL02,,,H,USD,10323.94,10323.94,22.0,EA,22.0,EA,,,,,Movement 601 for MAT00028,1000,,,2024,2024-09-17,2024-09-17,WHOUSE01,10:41:00,22.0,,,,,,8000000314.0,10.0,,
100,4900000954,2024,1,1,0,0,261,,MAT00028,P003,SL02,,,H,USD,30621.5,30621.5,70.0,EA,70.0,EA,,,,,Movement 261 for MAT00028,1000,,,2024,2024-10-10,2024-10-10,WHOUSE01,10:31:00,70.0,,,,,,,,,
100,4900000955,2024,1,1,0,0,601,,MAT00028,P003,SL02,,,H,USD,74576.94,74576.94,254.0,EA,254.0,EA,,,,,Movement 601 for MAT00028,1000,,,2024,2024-01-31,2024-01-31,WHOUSE02,17:36:00,254.0,,,,,,8000000316.0,10.0,,
100,4900000956,2024,1,1,0,0,601,,MAT00028,P003,SL02,,,H,USD,72490.7,72490.7,190.0,EA,190.0,EA,,,,,Movement 601 for MAT00028,1000,,,2024,2024-09-02,2024-09-02,WHOUSE02,12:15:00,190.0,,,,,,8000000317.0,10.0,,
100,4900000957,2023,1,1,0,0,601,,MAT00028,P003,SL02,,,H,USD,67200.15,67200.15,219.0,EA,219.0,EA,,,,,Movement 601 for MAT00028,1000,,,2023,2023-12-02,2023-12-02,WHOUSE02,11:51:00,219.0,,,,,,8000000317.0,20.0,,
100,4900000958,2024,1,1,0,0,301,,MAT00028,P003,SL02,,,H,USD,28665.34,28665.34,58.0,EA,58.0,EA,,,,,Movement 301 for MAT00028,1000,,,2024,2024-08-31,2024-08-31,WHOUSE02,11:59:00,58.0,,,,,,,,,
100,4900000959,2024,1,1,0,0,601,,MAT00028,P003,SL02,,,H,USD,5212.08,5212.08,108.0,EA,108.0,EA,,,,,Movement 601 for MAT00028,1000,,,2024,2024-04-20,2024-04-20,WHOUSE02,08:44:00,108.0,,,,,,8000000319.0,10.0,,
100,4900000960,2024,1,1,0,0,501,,MAT00028,P003,SL02,,,S,USD,28916.16,28916.16,224.0,EA,224.0,EA,,,V0015,,Movement 501 for MAT00028,1000,,,2024,2024-07-05,2024-07-05,WHOUSE02,15:22:00,224.0,,,,,,,,,
100,4900000961,2024,1,1,0,0,702,,MAT00028,P003,SL02,,,H,USD,53358.41,53358.41,119.0,EA,119.0,EA,,,,,Movement 702 for MAT00028,1000,,,2024,2024-04-20,2024-04-20,WHOUSE01,10:25:00,119.0,,,,,,,,,
100,4900000962,2024,1,1,0,0,601,,MAT00028,P003,SL02,,,H,USD,99357.13,99357.13,277.0,EA,277.0,EA,,,,,Movement 601 for MAT00028,1000,,,2024,2024-12-19,2024-12-19,WHOUSE02,07:54:00,277.0,,,,,,8000000321.0,10.0,,
100,4900000963,2023,1,1,0,0,701,,MAT00028,P003,SL02,,,S,USD,19566.4,19566.4,224.0,EA,224.0,EA,,,,,Movement 701 for MAT00028,1000,,,2023,2023-03-01,2023-03-01,WHOUSE02,11:32:00,224.0,,,,,,,,,
100,4900000964,2024,1,1,0,0,261,,MAT00029,P001,SL01,,,H,USD,24986.08,24986.08,196.0,EA,196.0,EA,,,,,Movement 261 for MAT00029,1000,,,2024,2024-07-16,2024-07-16,WHOUSE01,09:50:00,196.0,,,,,,,,,
100,4900000965,2024,1,1,0,0,601,,MAT00029,P001,SL01,,,H,USD,4636.95,4636.95,57.0,EA,57.0,EA,,,,,Movement 601 for MAT00029,1000,,,2024,2024-01-16,2024-01-16,WHOUSE02,17:11:00,57.0,,,,,,8000000323.0,20.0,,
100,4900000966,2023,1,1,0,0,702,,MAT00029,P001,SL01,,,H,USD,99816.95,99816.95,277.0,EA,277.0,EA,,,,,Movement 702 for MAT00029,1000,,,2023,2023-05-30,2023-05-30,WHOUSE01,10:05:00,277.0,,,,,,,,,
100,4900000967,2024,1,1,0,0,601,,MAT00029,P001,SL01,,,H,USD,45135.12,45135.12,122.0,EA,122.0,EA,,,,,Movement 601 for MAT00029,1000,,,2024,2024-02-28,2024-02-28,WHOUSE01,10:35:00,122.0,,,,,,8000000324.0,20.0,,
100,4900000968,2023,1,1,0,0,601,,MAT00029,P001,SL01,,,H,USD,49302.0,49302.0,220.0,EA,220.0,EA,,,,,Movement 601 for MAT00029,1000,,,2023,2023-05-11,2023-05-11,WHOUSE02,17:07:00,220.0,,,,,,8000000325.0,10.0,,
100,4900000969,2024,1,1,0,0,601,,MAT00029,P001,SL01,,,H,USD,49345.0,49345.0,125.0,EA,125.0,EA,,,,,Movement 601 for MAT00029,1000,,,2024,2024-04-14,2024-04-14,WHOUSE02,13:11:00,125.0,,,,,,8000000326.0,10.0,,
100,4900000970,2023,1,1,0,0,601,,MAT00029,P001,SL01,,,H,USD,49277.28,49277.28,156.0,EA,156.0,EA,,,,,Movement 601 for MAT00029,1000,,,2023,2023-12-13,2023-12-13,WHOUSE02,15:31:00,156.0,,,,,,8000000327.0,10.0,,
100,4900000971,2024,1,1,0,0,601,,MAT00029,P001,SL01,,,H,USD,7947.24,7947.24,42.0,EA,42.0,EA,,,,,Movement 601 for MAT00029,1000,,,2024,2024-11-16,2024-11-16,WHOUSE01,17:56:00,42.0,,,,,,8000000328.0,10.0,,
100,4900000972,2023,1,1,0,0,301,,MAT00029,P001,SL01,,,H,USD,5590.55,5590.55,35.0,EA,35.0,EA,,,,,Movement 301 for MAT00029,1000,,,2023,2023-04-23,2023-04-23,WHOUSE02,09:35:00,35.0,,,,,,,,,
100,4900000973,2024,1,1,0,0,601,,MAT00029,P001,SL01,,,H,USD,92087.49,92087.49,209.0,EA,209.0,EA,,,,,Movement 601 for MAT00029,1000,,,2024,2024-08-24,2024-08-24,WHOUSE01,16:17:00,209.0,,,,,,8000000330.0,10.0,,
100,4900000974,2023,1,1,0,0,601,,MAT00029,P001,SL01,,,H,USD,12331.76,12331.76,28.0,EA,28.0,EA,,,,,Movement 601 for MAT00029,1000,,,2023,2023-12-01,2023-12-01,WHOUSE01,16:12:00,28.0,,,,,,8000000331.0,10.0,,
100,4900000975,2024,1,1,0,0,701,,MAT00029,P001,SL01,,,S,USD,44549.42,44549.42,166.0,EA,166.0,EA,,,,,Movement 701 for MAT00029,1000,,,2024,2024-12-04,2024-12-04,WHOUSE01,13:06:00,166.0,,,,,,,,,
100,4900000976,2023,1,1,0,0,702,,MAT00029,P001,SL01,,,H,USD,73338.84,73338.84,274.0,EA,274.0,EA,,,,,Movement 702 for MAT00029,1000,,,2023,2023-11-24,2023-11-24,WHOUSE01,10:17:00,274.0,,,,,,,,,
100,4900000977,2023,1,1,0,0,601,,MAT00029,P001,SL01,,,H,USD,91114.14,91114.14,199.0,EA,199.0,EA,,,,,Movement 601 for MAT00029,1000,,,2023,2023-06-09,2023-06-09,WHOUSE02,16:29:00,199.0,,,,,,8000000336.0,10.0,,
100,4900000978,2024,1,1,0,0,601,,MAT00029,P001,SL01,,,H,USD,7501.48,7501.48,292.0,EA,292.0,EA,,,,,Movement 601 for MAT00029,1000,,,2024,2024-10-16,2024-10-16,WHOUSE02,07:57:00,292.0,,,,,,8000000337.0,10.0,,
100,4900000979,2024,1,1,0,0,601,,MAT00029,P001,SL01,,,H,USD,87336.73,87336.73,247.0,EA,247.0,EA,,,,,Movement 601 for MAT00029,1000,,,2024,2024-09-11,2024-09-11,WHOUSE02,07:38:00,247.0,,,,,,8000000338.0,10.0,,
100,4900000980,2023,1,1,0,0,201,,MAT00029,P001,SL01,,,H,USD,102302.75,102302.75,275.0,EA,275.0,EA,,,,,Movement 201 for MAT00029,1000,,,2023,2023-08-20,2023-08-20,WHOUSE01,11:33:00,275.0,,,,,,,,,
100,4900000981,2024,1,1,0,0,601,,MAT00029,P001,SL01,,,H,USD,7583.86,7583.86,59.0,EA,59.0,EA,,,,,Movement 601 for MAT00029,1000,,,2024,2024-03-06,2024-03-06,WHOUSE02,13:22:00,59.0,,,,,,8000000340.0,10.0,,
100,4900000982,2023,1,1,0,0,201,,MAT00029,P001,SL01,,,H,USD,19522.86,19522.86,47.0,EA,47.0,EA,,,,,Movement 201 for MAT00029,1000,,,2023,2023-05-02,2023-05-02,WHOUSE01,08:15:00,47.0,,,,,,,,,
100,4900000983,2023,1,1,0,0,601,,MAT00029,P001,SL01,,,H,USD,2111.2,2111.2,5.0,EA,5.0,EA,,,,,Movement 601 for MAT00029,1000,,,2023,2023-10-15,2023-10-15,WHOUSE01,17:49:00,5.0,,,,,,8000000341.0,10.0,,
100,4900000984,2024,1,1,0,0,701,,MAT00029,P001,SL01,,,S,USD,20380.8,20380.8,240.0,EA,240.0,EA,,,,,Movement 701 for MAT00029,1000,,,2024,2024-02-26,2024-02-26,WHOUSE01,13:34:00,240.0,,,,,,,,,
100,4900000985,2024,1,1,0,0,301,,MAT00029,P001,SL01,,,H,USD,75035.16,75035.16,162.0,EA,162.0,EA,,,,,Movement 301 for MAT00029,1000,,,2024,2024-06-15,2024-06-15,WHOUSE01,15:52:00,162.0,,,,,,,,,
100,4900000986,2023,1,1,0,0,601,,MAT00029,P001,SL01,,,H,USD,91146.24,91146.24,256.0,EA,256.0,EA,,,,,Movement 601 for MAT00029,1000,,,2023,2023-06-18,2023-06-18,WHOUSE01,16:17:00,256.0,,,,,,8000000344.0,10.0,,
100,4900000987,2024,1,1,0,0,601,,MAT00029,P001,SL01,,,H,USD,65870.76,65870.76,291.0,EA,291.0,EA,,,,,Movement 601 for MAT00029,1000,,,2024,2024-06-02,2024-06-02,WHOUSE02,12:21:00,291.0,,,,,,8000000345.0,10.0,,
100,4900000988,2023,1,1,0,0,601,,MAT00029,P001,SL01,,,H,USD,2762.43,2762.43,33.0,EA,33.0,EA,,,,,Movement 601 for MAT00029,1000,,,2023,2023-12-22,2023-12-22,WHOUSE02,09:27:00,33.0,,,,,,8000000346.0,10.0,,
100,4900000989,2023,1,1,0,0,601,,MAT00029,P001,SL01,,,H,USD,9711.0,9711.0,195.0,EA,195.0,EA,,,,,Movement 601 for MAT00029,1000,,,2023,2023-08-14,2023-08-14,WHOUSE02,15:50:00,195.0,,,,,,8000000347.0,10.0,,
100,4900000990,2023,1,1,0,0,601,,MAT00029,P001,SL01,,,H,USD,68618.0,68618.0,220.0,EA,220.0,EA,,,,,Movement 601 for MAT00029,1000,,,2023,2023-09-20,2023-09-20,WHOUSE02,16:07:00,220.0,,,,,,8000000348.0,10.0,,
100,4900000991,2024,1,1,0,0,702,,MAT00029,P002,SL01,,,H,USD,33208.0,33208.0,224.0,EA,224.0,EA,,,,,Movement 702 for MAT00029,1000,,,2024,2024-03-18,2024-03-18,WHOUSE01,17:51:00,224.0,,,,,,,,,
100,4900000992,2024,1,1,0,0,601,,MAT00029,P002,SL01,,,H,USD,21306.67,21306.67,77.0,EA,77.0,EA,,,,,Movement 601 for MAT00029,1000,,,2024,2024-10-28,2024-10-28,WHOUSE02,13:10:00,77.0,,,,,,8000000349.0,10.0,,
100,4900000993,2024,1,1,0,0,601,,MAT00029,P002,SL01,,,H,USD,19950.0,19950.0,285.0,EA,285.0,EA,,,,,Movement 601 for MAT00029,1000,,,2024,2024-03-18,2024-03-18,WHOUSE01,17:11:00,285.0,,,,,,8000000350.0,10.0,,
100,4900000994,2024,1,1,0,0,601,,MAT00029,P002,SL01,,,H,USD,20463.66,20463.66,109.0,EA,109.0,EA,,,,,Movement 601 for MAT00029,1000,,,2024,2024-12-12,2024-12-12,WHOUSE02,09:13:00,109.0,,,,,,8000000351.0,10.0,,
100,4900000995,2023,1,1,0,0,301,,MAT00029,P002,SL01,,,H,USD,7382.76,7382.76,33.0,EA,33.0,EA,,,,,Movement 301 for MAT00029,1000,,,2023,2023-07-20,2023-07-20,WHOUSE01,15:21:00,33.0,,,,,,,,,
100,4900000996,2023,1,1,0,0,601,,MAT00029,P002,SL01,,,H,USD,22068.96,22068.96,184.0,EA,184.0,EA,,,,,Movement 601 for MAT00029,1000,,,2023,2023-09-02,2023-09-02,WHOUSE02,07:23:00,184.0,,,,,,8000000353.0,10.0,,
100,4900000997,2024,1,1,0,0,601,,MAT00029,P002,SL01,,,H,USD,9141.48,9141.48,67.0,EA,67.0,EA,,,,,Movement 601 for MAT00029,1000,,,2024,2024-06-27,2024-06-27,WHOUSE01,11:15:00,67.0,,,,,,8000000354.0,10.0,,
100,4900000998,2023,1,1,0,0,601,,MAT00029,P002,SL01,,,H,USD,59136.0,59136.0,176.0,EA,176.0,EA,,,,,Movement 601 for MAT00029,1000,,,2023,2023-02-06,2023-02-06,WHOUSE01,07:28:00,176.0,,,,,,8000000355.0,10.0,,
100,4900000999,2024,1,1,0,0,601,,MAT00029,P002,SL01,,,H,USD,46888.14,46888.14,94.0,EA,94.0,EA,,,,,Movement 601 for MAT00029,1000,,,2024,2024-08-25,2024-08-25,WHOUSE01,10:19:00,94.0,,,,,,8000000355.0,20.0,,
100,4900001000,2024,1,1,0,0,601,,MAT00029,P002,SL01,,,H,USD,38018.2,38018.2,242.0,EA,242.0,EA,,,,,Movement 601 for MAT00029,1000,,,2024,2024-12-25,2024-12-25,WHOUSE02,14:04:00,242.0,,,,,,8000000356.0,10.0,,
100,4900001001,2023,1,1,0,0,702,,MAT00029,P002,SL01,,,H,USD,24297.32,24297.32,146.0,EA,146.0,EA,,,,,Movement 702 for MAT00029,1000,,,2023,2023-03-07,2023-03-07,WHOUSE01,17:47:00,146.0,,,,,,,,,
100,4900001002,2024,1,1,0,0,201,,MAT00029,P002,SL01,,,H,USD,40095.35,40095.35,85.0,EA,85.0,EA,,,,,Movement 201 for MAT00029,1000,,,2024,2024-10-08,2024-10-08,WHOUSE01,16:31:00,85.0,,,,,,,,,
100,4900001003,2024,1,1,0,0,201,,MAT00029,P002,SL01,,,H,USD,38544.96,38544.96,96.0,EA,96.0,EA,,,,,Movement 201 for MAT00029,1000,,,2024,2024-08-09,2024-08-09,WHOUSE02,11:30:00,96.0,,,,,,,,,
100,4900001004,2023,1,1,0,0,601,,MAT00029,P002,SL01,,,H,USD,10512.5,10512.5,29.0,EA,29.0,EA,,,,,Movement 601 for MAT00029,1000,,,2023,2023-10-31,2023-10-31,WHOUSE01,13:38:00,29.0,,,,,,8000000358.0,20.0,,
100,4900001005,2023,1,1,0,0,601,,MAT00029,P002,SL01,,,H,USD,112992.88,112992.88,238.0,EA,238.0,EA,,,,,Movement 601 for MAT00029,1000,,,2023,2023-02-12,2023-02-12,WHOUSE01,17:26:00,238.0,,,,,,8000000359.0,10.0,,
100,4900001006,2023,1,1,0,0,601,,MAT00029,P002,SL01,,,H,USD,18078.2,18078.2,74.0,EA,74.0,EA,,,,,Movement 601 for MAT00029,1000,,,2023,2023-06-14,2023-06-14,WHOUSE01,14:36:00,74.0,,,,,,8000000359.0,20.0,,
100,4900001007,2023,1,1,0,0,601,,MAT00029,P003,SL01,,,H,USD,7380.48,7380.48,24.0,EA,24.0,EA,,,,,Movement 601 for MAT00029,1000,,,2023,2023-10-23,2023-10-23,WHOUSE02,16:54:00,24.0,,,,,,8000000360.0,10.0,,
100,4900001008,2024,1,1,0,0,261,,MAT00029,P003,SL01,,,H,USD,3566.42,3566.42,43.0,EA,43.0,EA,,,,,Movement 261 for MAT00029,1000,,,2024,2024-05-06,2024-05-06,WHOUSE02,09:33:00,43.0,,,,,,,,,
100,4900001009,2024,1,1,0,0,601,,MAT00029,P003,SL01,,,H,USD,29552.18,29552.18,86.0,EA,86.0,EA,,,,,Movement 601 for MAT00029,1000,,,2024,2024-10-05,2024-10-05,WHOUSE01,12:16:00,86.0,,,,,,8000000362.0,10.0,,
100,4900001010,2024,1,1,0,0,601,,MAT00029,P003,SL01,,,H,USD,74836.5,74836.5,150.0,EA,150.0,EA,,,,,Movement 601 for MAT00029,1000,,,2024,2024-03-02,2024-03-02,WHOUSE02,13:20:00,150.0,,,,,,8000000363.0,10.0,,
100,4900001011,2023,1,1,0,0,601,,MAT00029,P003,SL01,,,H,USD,8821.44,8821.44,144.0,EA,144.0,EA,,,,,Movement 601 for MAT00029,1000,,,2023,2023-11-12,2023-11-12,WHOUSE01,07:32:00,144.0,,,,,,8000000363.0,20.0,,
100,4900001012,2024,1,1,0,0,601,,MAT00029,P003,SL01,,,H,USD,72939.28,72939.28,248.0,EA,248.0,EA,,,,,Movement 601 for MAT00029,1000,,,2024,2024-11-21,2024-11-21,WHOUSE02,12:01:00,248.0,,,,,,8000000364.0,10.0,,
100,4900001013,2023,1,1,0,0,601,,MAT00029,P003,SL01,,,H,USD,56922.84,56922.84,234.0,EA,234.0,EA,,,,,Movement 601 for MAT00029,1000,,,2023,2023-06-23,2023-06-23,WHOUSE01,07:56:00,234.0,,,,,,8000000365.0,10.0,,
100,4900001014,2023,1,1,0,0,701,,MAT00029,P003,SL01,,,S,USD,73800.64,73800.64,167.0,EA,167.0,EA,,,,,Movement 701 for MAT00029,1000,,,2023,2023-12-11,2023-12-11,WHOUSE02,14:54:00,167.0,,,,,,,,,
100,4900001015,2023,1,1,0,0,601,,MAT00029,P003,SL01,,,H,USD,24138.24,24138.24,192.0,EA,192.0,EA,,,,,Movement 601 for MAT00029,1000,,,2023,2023-01-09,2023-01-09,WHOUSE01,10:43:00,192.0,,,,,,8000000366.0,20.0,,
100,4900001016,2023,1,1,0,0,261,,MAT00030,P001,SL02,,,H,USD,101087.64,101087.64,227.0,EA,227.0,EA,,,,,Movement 261 for MAT00030,1000,,,2023,2023-04-10,2023-04-10,WHOUSE02,08:23:00,227.0,,,,,,,,,
100,4900001017,2023,1,1,0,0,601,,MAT00030,P001,SL02,,,H,USD,362.6,362.6,70.0,EA,70.0,EA,,,,,Movement 601 for MAT00030,1000,,,2023,2023-01-01,2023-01-01,WHOUSE01,15:42:00,70.0,,,,,,8000000370.0,10.0,,
100,4900001018,2024,1,1,0,0,702,,MAT00030,P001,SL02,,,H,USD,8201.57,8201.57,211.0,EA,211.0,EA,,,,,Movement 702 for MAT00030,1000,,,2024,2024-11-11,2024-11-11,WHOUSE01,07:40:00,211.0,,,,,,,,,
100,4900001019,2023,1,1,0,0,101,,MAT00030,P001,SL02,,,S,USD,23810.45,23810.45,145.0,EA,145.0,EA,,,V0015,,Movement 101 for MAT00030,1000,,,2023,2023-07-19,2023-07-19,WHOUSE01,08:16:00,145.0,,,,,,,,,
100,4900001020,2023,1,1,0,0,301,,MAT00030,P001,SL02,,,H,USD,33101.82,33101.82,173.0,EA,173.0,EA,,,,,Movement 301 for MAT00030,1000,,,2023,2023-08-26,2023-08-26,WHOUSE02,10:36:00,173.0,,,,,,,,,
100,4900001021,2024,1,1,0,0,601,,MAT00030,P001,SL02,,,H,USD,80035.4,80035.4,230.0,EA,230.0,EA,,,,,Movement 601 for MAT00030,1000,,,2024,2024-03-24,2024-03-24,WHOUSE01,16:20:00,230.0,,,,,,8000000374.0,10.0,,
100,4900001022,2023,1,1,0,0,601,,MAT00030,P001,SL02,,,H,USD,11814.39,11814.39,49.0,EA,49.0,EA,,,,,Movement 601 for MAT00030,1000,,,2023,2023-08-13,2023-08-13,WHOUSE01,11:54:00,49.0,,,,,,8000000375.0,10.0,,
100,4900001023,2024,1,1,0,0,601,,MAT00030,P001,SL02,,,H,USD,26358.42,26358.42,66.0,EA,66.0,EA,,,,,Movement 601 for MAT00030,1000,,,2024,2024-02-07,2024-02-07,WHOUSE02,16:29:00,66.0,,,,,,8000000375.0,20.0,,
100,4900001024,2023,1,1,0,0,601,,MAT00030,P001,SL02,,,H,USD,74964.51,74964.51,279.0,EA,279.0,EA,,,,,Movement 601 for MAT00030,1000,,,2023,2023-12-16,2023-12-16,WHOUSE02,09:44:00,279.0,,,,,,8000000376.0,10.0,,
100,4900001025,2023,1,1,0,0,701,,MAT00030,P001,SL02,,,S,USD,3068.5,3068.5,10.0,EA,10.0,EA,,,,,Movement 701 for MAT00030,1000,,,2023,2023-08-08,2023-08-08,WHOUSE01,16:54:00,10.0,,,,,,,,,
100,4900001026,2023,1,1,0,0,601,,MAT00030,P002,SL03,,,H,USD,123257.7,123257.7,270.0,EA,270.0,EA,,,,,Movement 601 for MAT00030,1000,,,2023,2023-04-26,2023-04-26,WHOUSE02,12:22:00,270.0,,,,,,8000000378.0,10.0,,
100,4900001027,2024,1,1,0,0,261,,MAT00030,P002,SL03,,,H,USD,16879.5,16879.5,99.0,EA,99.0,EA,,,,,Movement 261 for MAT00030,1000,,,2024,2024-04-26,2024-04-26,WHOUSE01,10:31:00,99.0,,,,,,,,,
100,4900001028,2024,1,1,0,0,601,,MAT00030,P002,SL03,,,H,USD,8017.38,8017.38,101.0,EA,101.0,EA,,,,,Movement 601 for MAT00030,1000,,,2024,2024-06-23,2024-06-23,WHOUSE02,13:57:00,101.0,,,,,,8000000379.0,10.0,,
100,4900001029,2024,1,1,0,0,601,,MAT00030,P002,SL03,,,H,USD,81384.81,81384.81,299.0,EA,299.0,EA,,,,,Movement 601 for MAT00030,1000,,,2024,2024-04-12,2024-04-12,WHOUSE01,07:34:00,299.0,,,,,,8000000380.0,10.0,,
100,4900001030,2024,1,1,0,0,261,,MAT00030,P002,SL03,,,H,USD,60674.44,60674.44,167.0,EA,167.0,EA,,,,,Movement 261 for MAT00030,1000,,,2024,2024-07-28,2024-07-28,WHOUSE01,08:13:00,167.0,,,,,,,,,
100,4900001031,2023,1,1,0,0,702,,MAT00030,P002,SL03,,,H,USD,47003.24,47003.24,146.0,EA,146.0,EA,,,,,Movement 702 for MAT00030,1000,,,2023,2023-02-25,2023-02-25,WHOUSE01,17:26:00,146.0,,,,,,,,,
100,4900001032,2024,1,1,0,0,601,,MAT00030,P002,SL03,,,H,USD,45237.96,45237.96,108.0,EA,108.0,EA,,,,,Movement 601 for MAT00030,1000,,,2024,2024-03-21,2024-03-21,WHOUSE02,16:08:00,108.0,,,,,,8000000383.0,10.0,,
100,4900001033,2024,1,1,0,0,601,,MAT00030,P002,SL03,,,H,USD,15443.05,15443.05,35.0,EA,35.0,EA,,,,,Movement 601 for MAT00030,1000,,,2024,2024-12-27,2024-12-27,WHOUSE01,10:11:00,35.0,,,,,,8000000384.0,10.0,,
100,4900001034,2023,1,1,0,0,601,,MAT00030,P002,SL03,,,H,USD,18288.83,18288.83,133.0,EA,133.0,EA,,,,,Movement 601 for MAT00030,1000,,,2023,2023-02-09,2023-02-09,WHOUSE02,07:07:00,133.0,,,,,,8000000385.0,10.0,,
100,4900001035,2023,1,1,0,0,601,,MAT00030,P002,SL03,,,H,USD,31888.23,31888.23,71.0,EA,71.0,EA,,,,,Movement 601 for MAT00030,1000,,,2023,2023-10-29,2023-10-29,WHOUSE01,13:02:00,71.0,,,,,,8000000386.0,10.0,,
100,4900001036,2024,1,1,0,0,601,,MAT00030,P002,SL03,,,H,USD,17412.18,17412.18,58.0,EA,58.0,EA,,,,,Movement 601 for MAT00030,1000,,,2024,2024-06-11,2024-06-11,WHOUSE02,12:53:00,58.0,,,,,,8000000386.0,20.0,,
100,4900001037,2023,1,1,0,0,601,,MAT00030,P002,SL03,,,H,USD,31563.8,31563.8,97.0,EA,97.0,EA,,,,,Movement 601 for MAT00030,1000,,,2023,2023-09-29,2023-09-29,WHOUSE01,10:53:00,97.0,,,,,,8000000387.0,10.0,,
100,4900001038,2024,1,1,0,0,601,,MAT00030,P002,SL03,,,H,USD,7133.76,7133.76,24.0,EA,24.0,EA,,,,,Movement 601 for MAT00030,1000,,,2024,2024-06-01,2024-06-01,WHOUSE01,14:53:00,24.0,,,,,,8000000387.0,20.0,,
100,4900001039,2023,1,1,0,0,601,,MAT00030,P002,SL03,,,H,USD,14782.5,14782.5,73.0,EA,73.0,EA,,,,,Movement 601 for MAT00030,1000,,,2023,2023-12-06,2023-12-06,WHOUSE02,13:25:00,73.0,,,,,,8000000388.0,10.0,,
100,4900001040,2024,1,1,0,0,261,,MAT00030,P002,SL03,,,H,USD,69408.9,69408.9,246.0,EA,246.0,EA,,,,,Movement 261 for MAT00030,1000,,,2024,2024-10-27,2024-10-27,WHOUSE01,14:22:00,246.0,,,,,,,,,
100,4900001041,2023,1,1,0,0,601,,MAT00030,P003,SL02,,,H,USD,6423.75,6423.75,75.0,EA,75.0,EA,,,,,Movement 601 for MAT00030,1000,,,2023,2023-09-05,2023-09-05,WHOUSE02,15:16:00,75.0,,,,,,8000000390.0,10.0,,
100,4900001042,2024,1,1,0,0,301,,MAT00030,P003,SL02,,,H,USD,24421.18,24421.18,62.0,EA,62.0,EA,,,,,Movement 301 for MAT00030,1000,,,2024,2024-11-16,2024-11-16,WHOUSE01,17:55:00,62.0,,,,,,,,,
100,4900001043,2024,1,1,0,0,601,,MAT00030,P003,SL02,,,H,USD,117358.22,117358.22,293.0,EA,293.0,EA,,,,,Movement 601 for MAT00030,1000,,,2024,2024-04-02,2024-04-02,WHOUSE02,13:40:00,293.0,,,,,,8000000391.0,20.0,,
100,4900001044,2023,1,1,0,0,601,,MAT00030,P003,SL02,,,H,USD,44398.6,44398.6,146.0,EA,146.0,EA,,,,,Movement 601 for MAT00030,1000,,,2023,2023-09-04,2023-09-04,WHOUSE01,14:28:00,146.0,,,,,,8000000392.0,10.0,,
100,4900001045,2023,1,1,0,0,601,,MAT00030,P003,SL02,,,H,USD,36707.42,36707.42,214.0,EA,214.0,EA,,,,,Movement 601 for MAT00030,1000,,,2023,2023-12-17,2023-12-17,WHOUSE01,14:23:00,214.0,,,,,,8000000393.0,10.0,,
100,4900001046,2023,1,1,0,0,301,,MAT00030,P003,SL02,,,H,USD,57664.32,57664.32,168.0,EA,168.0,EA,,,,,Movement 301 for MAT00030,1000,,,2023,2023-04-02,2023-04-02,WHOUSE02,10:34:00,168.0,,,,,,,,,
100,4900001047,2024,1,1,0,0,601,,MAT00030,P003,SL02,,,H,USD,13043.42,13043.42,221.0,EA,221.0,EA,,,,,Movement 601 for MAT00030,1000,,,2024,2024-05-01,2024-05-01,WHOUSE02,14:14:00,221.0,,,,,,8000000395.0,10.0,,
100,4900001048,2023,1,1,0,0,601,,MAT00030,P003,SL02,,,H,USD,18892.86,18892.86,42.0,EA,42.0,EA,,,,,Movement 601 for MAT00030,1000,,,2023,2023-09-03,2023-09-03,WHOUSE02,16:55:00,42.0,,,,,,8000000396.0,10.0,,
100,4900001049,2024,1,1,0,0,261,,MAT00030,P003,SL02,,,H,USD,24258.15,24258.15,85.0,EA,85.0,EA,,,,,Movement 261 for MAT00030,1000,,,2024,2024-08-20,2024-08-20,WHOUSE01,12:07:00,85.0,,,,,,,,,
100,4900001050,2024,1,1,0,0,601,,MAT00031,P001,SL02,,,H,USD,72322.56,72322.56,192.0,EA,192.0,EA,,,,,Movement 601 for MAT00031,1000,,,2024,2024-02-19,2024-02-19,WHOUSE01,15:37:00,192.0,,,,,,8000000397.0,20.0,,
100,4900001051,2023,1,1,0,0,601,,MAT00031,P001,SL02,,,H,USD,64269.4,64269.4,130.0,EA,130.0,EA,,,,,Movement 601 for MAT00031,1000,,,2023,2023-07-06,2023-07-06,WHOUSE01,14:47:00,130.0,,,,,,8000000398.0,10.0,,
100,4900001052,2024,1,1,0,0,601,,MAT00031,P001,SL02,,,H,USD,20808.08,20808.08,116.0,EA,116.0,EA,,,,,Movement 601 for MAT00031,1000,,,2024,2024-05-16,2024-05-16,WHOUSE01,10:50:00,116.0,,,,,,8000000399.0,10.0,,
100,4900001053,2024,1,1,0,0,601,,MAT00031,P001,SL02,,,H,USD,17510.4,17510.4,36.0,EA,36.0,EA,,,,,Movement 601 for MAT00031,1000,,,2024,2024-10-27,2024-10-27,WHOUSE02,13:56:00,36.0,,,,,,8000000400.0,10.0,,
100,4900001054,2024,1,1,0,0,601,,MAT00031,P001,SL02,,,H,USD,3111.85,3111.85,7.0,EA,7.0,EA,,,,,Movement 601 for MAT00031,1000,,,2024,2024-09-14,2024-09-14,WHOUSE02,17:42:00,7.0,,,,,,8000000401.0,10.0,,
100,4900001055,2023,1,1,0,0,601,,MAT00031,P001,SL02,,,H,USD,978.25,978.25,43.0,EA,43.0,EA,,,,,Movement 601 for MAT00031,1000,,,2023,2023-02-07,2023-02-07,WHOUSE02,14:42:00,43.0,,,,,,8000000402.0,10.0,,
100,4900001056,2023,1,1,0,0,301,,MAT00031,P002,SL01,,,H,USD,68554.72,68554.72,299.0,EA,299.0,EA,,,,,Movement 301 for MAT00031,1000,,,2023,2023-08-02,2023-08-02,WHOUSE02,09:05:00,299.0,,,,,,,,,
100,4900001057,2024,1,1,0,0,702,,MAT00031,P002,SL01,,,H,USD,8349.42,8349.42,111.0,EA,111.0,EA,,,,,Movement 702 for MAT00031,1000,,,2024,2024-10-19,2024-10-19,WHOUSE01,10:31:00,111.0,,,,,,,,,
100,4900001058,2024,1,1,0,0,702,,MAT00031,P002,SL01,,,H,USD,2590.5,2590.5,25.0,EA,25.0,EA,,,,,Movement 702 for MAT00031,1000,,,2024,2024-09-06,2024-09-06,WHOUSE01,11:58:00,25.0,,,,,,,,,
100,4900001059,2024,1,1,0,0,601,,MAT00031,P002,SL01,,,H,USD,1893.84,1893.84,39.0,EA,39.0,EA,,,,,Movement 601 for MAT00031,1000,,,2024,2024-06-07,2024-06-07,WHOUSE01,07:38:00,39.0,,,,,,8000000405.0,10.0,,
100,4900001060,2023,1,1,0,0,101,,MAT00031,P002,SL01,,,S,USD,6198.96,6198.96,92.0,EA,92.0,EA,,,V0012,,Movement 101 for MAT00031,1000,,,2023,2023-07-19,2023-07-19,WHOUSE02,14:43:00,92.0,,,,,,,,,
100,4900001061,2024,1,1,0,0,601,,MAT00031,P002,SL01,,,H,USD,53996.1,53996.1,190.0,EA,190.0,EA,,,,,Movement 601 for MAT00031,1000,,,2024,2024-05-18,2024-05-18,WHOUSE01,15:07:00,190.0,,,,,,8000000406.0,20.0,,
100,4900001062,2023,1,1,0,0,301,,MAT00031,P002,SL01,,,H,USD,53314.38,53314.38,153.0,EA,153.0,EA,,,,,Movement 301 for MAT00031,1000,,,2023,2023-08-19,2023-08-19,WHOUSE02,17:41:00,153.0,,,,,,,,,
100,4900001063,2023,1,1,0,0,601,,MAT00031,P002,SL01,,,H,USD,25723.74,25723.74,146.0,EA,146.0,EA,,,,,Movement 601 for MAT00031,1000,,,2023,2023-05-25,2023-05-25,WHOUSE01,14:04:00,146.0,,,,,,8000000407.0,20.0,,
100,4900001064,2023,1,1,0,0,601,,MAT00031,P002,SL01,,,H,USD,634.61,634.61,17.0,EA,17.0,EA,,,,,Movement 601 for MAT00031,1000,,,2023,2023-01-29,2023-01-29,WHOUSE01,16:47:00,17.0,,,,,,8000000408.0,10.0,,
100,4900001065,2024,1,1,0,0,601,,MAT00031,P002,SL01,,,H,USD,35880.3,35880.3,274.0,EA,274.0,EA,,,,,Movement 601 for MAT00031,1000,,,2024,2024-05-24,2024-05-24,WHOUSE02,11:30:00,274.0,,,,,,8000000409.0,10.0,,
100,4900001066,2023,1,1,0,0,261,,MAT00031,P002,SL01,,,H,USD,31384.68,31384.68,82.0,EA,82.0,EA,,,,,Movement 261 for MAT00031,1000,,,2023,2023-03-06,2023-03-06,WHOUSE01,09:16:00,82.0,,,,,,,,,
100,4900001067,2023,1,1,0,0,601,,MAT00031,P002,SL01,,,H,USD,58961.28,58961.28,123.0,EA,123.0,EA,,,,,Movement 601 for MAT00031,1000,,,2023,2023-07-15,2023-07-15,WHOUSE02,09:49:00,123.0,,,,,,8000000411.0,10.0,,
100,4900001068,2023,1,1,0,0,601,,MAT00031,P002,SL01,,,H,USD,27646.8,27646.8,120.0,EA,120.0,EA,,,,,Movement 601 for MAT00031,1000,,,2023,2023-01-28,2023-01-28,WHOUSE02,14:23:00,120.0,,,,,,8000000412.0,10.0,,
100,4900001069,2024,1,1,0,0,601,,MAT00031,P002,SL01,,,H,USD,79719.58,79719.58,191.0,EA,191.0,EA,,,,,Movement 601 for MAT00031,1000,,,2024,2024-04-27,2024-04-27,WHOUSE02,11:49:00,191.0,,,,,,8000000412.0,20.0,,
100,4900001070,2024,1,1,0,0,601,,MAT00031,P002,SL01,,,H,USD,97612.8,97612.8,240.0,EA,240.0,EA,,,,,Movement 601 for MAT00031,1000,,,2024,2024-05-26,2024-05-26,WHOUSE02,07:20:00,240.0,,,,,,8000000413.0,10.0,,
100,4900001071,2024,1,1,0,0,601,,MAT00031,P002,SL01,,,H,USD,64977.64,64977.64,182.0,EA,182.0,EA,,,,,Movement 601 for MAT00031,1000,,,2024,2024-04-29,2024-04-29,WHOUSE01,14:15:00,182.0,,,,,,8000000414.0,10.0,,
100,4900001072,2023,1,1,0,0,601,,MAT00031,P002,SL01,,,H,USD,11713.26,11713.26,39.0,EA,39.0,EA,,,,,Movement 601 for MAT00031,1000,,,2023,2023-10-07,2023-10-07,WHOUSE01,17:16:00,39.0,,,,,,8000000417.0,10.0,,
100,4900001073,2023,1,1,0,0,301,,MAT00031,P002,SL01,,,H,USD,22472.64,22472.64,48.0,EA,48.0,EA,,,,,Movement 301 for MAT00031,1000,,,2023,2023-07-18,2023-07-18,WHOUSE02,16:00:00,48.0,,,,,,,,,
100,4900001074,2024,1,1,0,0,601,,MAT00031,P002,SL01,,,H,USD,40073.28,40073.28,96.0,EA,96.0,EA,,,,,Movement 601 for MAT00031,1000,,,2024,2024-11-09,2024-11-09,WHOUSE01,15:25:00,96.0,,,,,,8000000419.0,10.0,,
100,4900001075,2023,1,1,0,0,601,,MAT00031,P002,SL01,,,H,USD,99713.43,99713.43,257.0,EA,257.0,EA,,,,,Movement 601 for MAT00031,1000,,,2023,2023-06-30,2023-06-30,WHOUSE02,11:40:00,257.0,,,,,,8000000420.0,10.0,,
100,4900001076,2023,1,1,0,0,601,,MAT00031,P003,SL03,,,H,USD,3624.7,3624.7,10.0,EA,10.0,EA,,,,,Movement 601 for MAT00031,1000,,,2023,2023-04-01,2023-04-01,WHOUSE01,11:32:00,10.0,,,,,,8000000422.0,10.0,,
100,4900001077,2024,1,1,0,0,601,,MAT00031,P003,SL03,,,H,USD,32747.0,32747.0,286.0,EA,286.0,EA,,,,,Movement 601 for MAT00031,1000,,,2024,2024-05-12,2024-05-12,WHOUSE01,13:14:00,286.0,,,,,,8000000423.0,10.0,,
100,4900001078,2023,1,1,0,0,701,,MAT00031,P003,SL03,,,S,USD,26486.4,26486.4,96.0,EA,96.0,EA,,,,,Movement 701 for MAT00031,1000,,,2023,2023-03-02,2023-03-02,WHOUSE01,17:19:00,96.0,,,,,,,,,
100,4900001079,2024,1,1,0,0,101,,MAT00031,P003,SL03,,,S,USD,15109.5,15109.5,210.0,EA,210.0,EA,,,V0002,,Movement 101 for MAT00031,1000,,,2024,2024-06-20,2024-06-20,WHOUSE01,11:17:00,210.0,,,,,,,,,
100,4900001080,2023,1,1,0,0,601,,MAT00031,P003,SL03,,,H,USD,47248.64,47248.64,128.0,EA,128.0,EA,,,,,Movement 601 for MAT00031,1000,,,2023,2023-10-20,2023-10-20,WHOUSE02,12:34:00,128.0,,,,,,8000000424.0,20.0,,
100,4900001081,2024,1,1,0,0,601,,MAT00031,P003,SL03,,,H,USD,4321.0,4321.0,20.0,EA,20.0,EA,,,,,Movement 601 for MAT00031,1000,,,2024,2024-09-04,2024-09-04,WHOUSE02,14:32:00,20.0,,,,,,8000000425.0,10.0,,
100,4900001082,2023,1,1,0,0,601,,MAT00032,P001,SL02,,,H,USD,43675.6,43675.6,274.0,EA,274.0,EA,,,,,Movement 601 for MAT00032,1000,,,2023,2023-09-22,2023-09-22,WHOUSE02,17:33:00,274.0,,,,,,8000000425.0,20.0,,
100,4900001083,2023,1,1,0,0,601,,MAT00032,P001,SL02,,,H,USD,80301.0,80301.0,174.0,EA,174.0,EA,,,,,Movement 601 for MAT00032,1000,,,2023,2023-10-11,2023-10-11,WHOUSE01,11:42:00,174.0,,,,,,8000000426.0,10.0,,
100,4900001084,2023,1,1,0,0,601,,MAT00032,P001,SL02,,,H,USD,29217.76,29217.76,176.0,EA,176.0,EA,,,,,Movement 601 for MAT00032,1000,,,2023,2023-12-06,2023-12-06,WHOUSE01,09:27:00,176.0,,,,,,8000000427.0,10.0,,
100,4900001085,2024,1,1,0,0,601,,MAT00032,P001,SL02,,,H,USD,43049.55,43049.55,109.0,EA,109.0,EA,,,,,Movement 601 for MAT00032,1000,,,2024,2024-09-08,2024-09-08,WHOUSE01,10:11:00,109.0,,,,,,8000000428.0,10.0,,
100,4900001086,2023,1,1,0,0,261,,MAT00032,P001,SL02,,,H,USD,16315.52,16315.52,212.0,EA,212.0,EA,,,,,Movement 261 for MAT00032,1000,,,2023,2023-11-15,2023-11-15,WHOUSE01,12:38:00,212.0,,,,,,,,,
100,4900001087,2023,1,1,0,0,201,,MAT00032,P001,SL02,,,H,USD,3253.18,3253.18,7.0,EA,7.0,EA,,,,,Movement 201 for MAT00032,1000,,,2023,2023-09-16,2023-09-16,WHOUSE01,12:29:00,7.0,,,,,,,,,
100,4900001088,2024,1,1,0,0,601,,MAT00032,P001,SL02,,,H,USD,12412.35,12412.35,45.0,EA,45.0,EA,,,,,Movement 601 for MAT00032,1000,,,2024,2024-09-03,2024-09-03,WHOUSE02,14:02:00,45.0,,,,,,8000000431.0,10.0,,
100,4900001089,2024,1,1,0,0,261,,MAT00032,P001,SL02,,,H,USD,28620.18,28620.18,141.0,EA,141.0,EA,,,,,Movement 261 for MAT00032,1000,,,2024,2024-01-12,2024-01-12,WHOUSE01,12:44:00,141.0,,,,,,,,,
100,4900001090,2024,1,1,0,0,702,,MAT00032,P001,SL02,,,H,USD,11861.29,11861.29,203.0,EA,203.0,EA,,,,,Movement 702 for MAT00032,1000,,,2024,2024-09-28,2024-09-28,WHOUSE02,16:48:00,203.0,,,,,,,,,
100,4900001091,2023,1,1,0,0,301,,MAT00032,P001,SL02,,,H,USD,72533.22,72533.22,282.0,EA,282.0,EA,,,,,Movement 301 for MAT00032,1000,,,2023,2023-04-02,2023-04-02,WHOUSE01,15:04:00,282.0,,,,,,,,,
100,4900001092,2023,1,1,0,0,601,,MAT00032,P001,SL02,,,H,USD,23228.0,23228.0,50.0,EA,50.0,EA,,,,,Movement 601 for MAT00032,1000,,,2023,2023-06-03,2023-06-03,WHOUSE02,09:26:00,50.0,,,,,,8000000434.0,10.0,,
100,4900001093,2023,1,1,0,0,261,,MAT00032,P001,SL02,,,H,USD,69116.63,69116.63,149.0,EA,149.0,EA,,,,,Movement 261 for MAT00032,1000,,,2023,2023-08-04,2023-08-04,WHOUSE01,08:05:00,149.0,,,,,,,,,
100,4900001094,2023,1,1,0,0,601,,MAT00032,P001,SL02,,,H,USD,31320.27,31320.27,243.0,EA,243.0,EA,,,,,Movement 601 for MAT00032,1000,,,2023,2023-06-05,2023-06-05,WHOUSE01,14:51:00,243.0,,,,,,8000000435.0,20.0,,
100,4900001095,2024,1,1,0,0,702,,MAT00032,P001,SL02,,,H,USD,113440.48,113440.48,236.0,EA,236.0,EA,,,,,Movement 702 for MAT00032,1000,,,2024,2024-03-28,2024-03-28,WHOUSE02,09:07:00,236.0,,,,,,,,,
100,4900001096,2023,1,1,0,0,601,,MAT00032,P001,SL02,,,H,USD,139515.75,139515.75,297.0,EA,297.0,EA,,,,,Movement 601 for MAT00032,1000,,,2023,2023-11-16,2023-11-16,WHOUSE02,09:34:00,297.0,,,,,,8000000439.0,10.0,,
100,4900001097,2024,1,1,0,0,601,,MAT00032,P001,SL02,,,H,USD,100904.44,100904.44,247.0,EA,247.0,EA,,,,,Movement 601 for MAT00032,1000,,,2024,2024-07-26,2024-07-26,WHOUSE02,13:27:00,247.0,,,,,,8000000439.0,20.0,,
100,4900001098,2024,1,1,0,0,601,,MAT00032,P002,SL02,,,H,USD,7112.51,7112.51,37.0,EA,37.0,EA,,,,,Movement 601 for MAT00032,1000,,,2024,2024-11-12,2024-11-12,WHOUSE02,15:07:00,37.0,,,,,,8000000440.0,10.0,,
100,4900001099,2023,1,1,0,0,601,,MAT00032,P002,SL02,,,H,USD,20727.75,20727.75,87.0,EA,87.0,EA,,,,,Movement 601 for MAT00032,1000,,,2023,2023-01-25,2023-01-25,WHOUSE01,15:38:00,87.0,,,,,,8000000441.0,10.0,,
100,4900001100,2024,1,1,0,0,601,,MAT00032,P002,SL02,,,H,USD,12148.08,12148.08,168.0,EA,168.0,EA,,,,,Movement 601 for MAT00032,1000,,,2024,2024-04-09,2024-04-09,WHOUSE01,07:34:00,168.0,,,,,,8000000442.0,10.0,,
100,4900001101,2024,1,1,0,0,701,,MAT00032,P002,SL02,,,S,USD,9067.2,9067.2,40.0,EA,40.0,EA,,,,,Movement 701 for MAT00032,1000,,,2024,2024-03-19,2024-03-19,WHOUSE01,12:27:00,40.0,,,,,,,,,
100,4900001102,2023,1,1,0,0,601,,MAT00032,P002,SL02,,,H,USD,120337.86,120337.86,282.0,EA,282.0,EA,,,,,Movement 601 for MAT00032,1000,,,2023,2023-01-28,2023-01-28,WHOUSE02,13:57:00,282.0,,,,,,8000000443.0,10.0,,
100,4900001103,2023,1,1,0,0,201,,MAT00032,P002,SL02,,,H,USD,6875.54,6875.54,134.0,EA,134.0,EA,,,,,Movement 201 for MAT00032,1000,,,2023,2023-04-08,2023-04-08,WHOUSE01,17:39:00,134.0,,,,,,,,,
100,4900001104,2023,1,1,0,0,601,,MAT00032,P002,SL02,,,H,USD,37854.08,37854.08,283.0,EA,283.0,EA,,,,,Movement 601 for MAT00032,1000,,,2023,2023-06-09,2023-06-09,WHOUSE02,12:49:00,283.0,,,,,,8000000444.0,20.0,,
100,4900001105,2024,1,1,0,0,601,,MAT00032,P003,SL02,,,H,USD,15668.18,15668.18,229.0,EA,229.0,EA,,,,,Movement 601 for MAT00032,1000,,,2024,2024-11-09,2024-11-09,WHOUSE01,08:09:00,229.0,,,,,,8000000445.0,10.0,,
100,4900001106,2024,1,1,0,0,101,,MAT00032,P003,SL02,,,S,USD,82356.96,82356.96,193.0,EA,193.0,EA,,,V0007,,Movement 101 for MAT00032,1000,,,2024,2024-01-08,2024-01-08,WHOUSE02,16:13:00,193.0,,,,,,,,,
100,4900001107,2024,1,1,0,0,601,,MAT00032,P003,SL02,,,H,USD,51062.44,51062.44,113.0,EA,113.0,EA,,,,,Movement 601 for MAT00032,1000,,,2024,2024-09-14,2024-09-14,WHOUSE02,10:52:00,113.0,,,,,,8000000448.0,10.0,,
100,4900001108,2024,1,1,0,0,101,,MAT00032,P003,SL02,,,S,USD,9924.86,9924.86,22.0,EA,22.0,EA,,,V0010,,Movement 101 for MAT00032,1000,,,2024,2024-12-09,2024-12-09,WHOUSE01,16:25:00,22.0,,,,,,,,,
100,4900001109,2024,1,1,0,0,701,,MAT00032,P003,SL02,,,S,USD,12059.55,12059.55,27.0,EA,27.0,EA,,,,,Movement 701 for MAT00032,1000,,,2024,2024-05-06,2024-05-06,WHOUSE01,09:54:00,27.0,,,,,,,,,
100,4900001110,2023,1,1,0,0,601,,MAT00032,P003,SL02,,,H,USD,67686.3,67686.3,159.0,EA,159.0,EA,,,,,Movement 601 for MAT00032,1000,,,2023,2023-12-25,2023-12-25,WHOUSE02,13:46:00,159.0,,,,,,8000000451.0,10.0,,
100,4900001111,2024,1,1,0,0,601,,MAT00032,P003,SL02,,,H,USD,49165.2,49165.2,126.0,EA,126.0,EA,,,,,Movement 601 for MAT00032,1000,,,2024,2024-04-24,2024-04-24,WHOUSE02,15:46:00,126.0,,,,,,8000000452.0,10.0,,
100,4900001112,2023,1,1,0,0,601,,MAT00032,P003,SL02,,,H,USD,120856.32,120856.32,269.0,EA,269.0,EA,,,,,Movement 601 for MAT00032,1000,,,2023,2023-01-16,2023-01-16,WHOUSE01,17:50:00,269.0,,,,,,8000000453.0,10.0,,
100,4900001113,2024,1,1,0,0,601,,MAT00032,P003,SL02,,,H,USD,61507.6,61507.6,220.0,EA,220.0,EA,,,,,Movement 601 for MAT00032,1000,,,2024,2024-03-14,2024-03-14,WHOUSE02,08:05:00,220.0,,,,,,8000000454.0,10.0,,
100,4900001114,2024,1,1,0,0,102,,MAT00032,P003,SL02,,,H,USD,2565.68,2565.68,104.0,EA,104.0,EA,,,,,Movement 102 for MAT00032,1000,,,2024,2024-05-29,2024-05-29,WHOUSE01,09:08:00,104.0,,,,,,,,,
100,4900001115,2024,1,1,0,0,601,,MAT00032,P003,SL02,,,H,USD,21107.79,21107.79,103.0,EA,103.0,EA,,,,,Movement 601 for MAT00032,1000,,,2024,2024-02-18,2024-02-18,WHOUSE01,13:53:00,103.0,,,,,,8000000456.0,10.0,,
100,4900001116,2024,1,1,0,0,301,,MAT00032,P003,SL02,,,H,USD,1334.46,1334.46,23.0,EA,23.0,EA,,,,,Movement 301 for MAT00032,1000,,,2024,2024-10-25,2024-10-25,WHOUSE02,11:21:00,23.0,,,,,,,,,
100,4900001117,2024,1,1,0,0,601,,MAT00033,P001,SL03,,,H,USD,73197.2,73197.2,155.0,EA,155.0,EA,,,,,Movement 601 for MAT00033,1000,,,2024,2024-01-04,2024-01-04,WHOUSE01,16:27:00,155.0,,,,,,8000000457.0,10.0,,
100,4900001118,2023,1,1,0,0,601,,MAT00033,P001,SL03,,,H,USD,20804.65,20804.65,115.0,EA,115.0,EA,,,,,Movement 601 for MAT00033,1000,,,2023,2023-03-13,2023-03-13,WHOUSE02,17:41:00,115.0,,,,,,8000000457.0,20.0,,
100,4900001119,2023,1,1,0,0,301,,MAT00033,P001,SL03,,,H,USD,48357.2,48357.2,212.0,EA,212.0,EA,,,,,Movement 301 for MAT00033,1000,,,2023,2023-08-05,2023-08-05,WHOUSE02,15:28:00,212.0,,,,,,,,,
100,4900001120,2024,1,1,0,0,261,,MAT00033,P001,SL03,,,H,USD,49864.5,49864.5,210.0,EA,210.0,EA,,,,,Movement 261 for MAT00033,1000,,,2024,2024-10-28,2024-10-28,WHOUSE02,12:12:00,210.0,,,,,,,,,
100,4900001121,2024,1,1,0,0,601,,MAT00033,P001,SL03,,,H,USD,131969.63,131969.63,299.0,EA,299.0,EA,,,,,Movement 601 for MAT00033,1000,,,2024,2024-08-18,2024-08-18,WHOUSE01,17:22:00,299.0,,,,,,8000000460.0,10.0,,
100,4900001122,2023,1,1,0,0,601,,MAT00033,P001,SL03,,,H,USD,27599.31,27599.31,69.0,EA,69.0,EA,,,,,Movement 601 for MAT00033,1000,,,2023,2023-10-13,2023-10-13,WHOUSE01,13:35:00,69.0,,,,,,8000000461.0,10.0,,
100,4900001123,2024,1,1,0,0,702,,MAT00033,P002,SL03,,,H,USD,5191.92,5191.92,72.0,EA,72.0,EA,,,,,Movement 702 for MAT00033,1000,,,2024,2024-08-20,2024-08-20,WHOUSE01,17:39:00,72.0,,,,,,,,,
100,4900001124,2023,1,1,0,0,601,,MAT00033,P002,SL03,,,H,USD,13019.55,13019.55,219.0,EA,219.0,EA,,,,,Movement 601 for MAT00033,1000,,,2023,2023-09-30,2023-09-30,WHOUSE02,13:48:00,219.0,,,,,,8000000463.0,10.0,,
100,4900001125,2024,1,1,0,0,261,,MAT00033,P002,SL03,,,H,USD,31977.42,31977.42,183.0,EA,183.0,EA,,,,,Movement 261 for MAT00033,1000,,,2024,2024-05-27,2024-05-27,WHOUSE01,10:51:00,183.0,,,,,,,,,
100,4900001126,2024,1,1,0,0,601,,MAT00033,P002,SL03,,,H,USD,69121.32,69121.32,186.0,EA,186.0,EA,,,,,Movement 601 for MAT00033,1000,,,2024,2024-04-20,2024-04-20,WHOUSE02,12:01:00,186.0,,,,,,8000000465.0,10.0,,
100,4900001127,2024,1,1,0,0,702,,MAT00033,P002,SL03,,,H,USD,3464.82,3464.82,18.0,EA,18.0,EA,,,,,Movement 702 for MAT00033,1000,,,2024,2024-09-05,2024-09-05,WHOUSE02,16:55:00,18.0,,,,,,,,,
100,4900001128,2024,1,1,0,0,601,,MAT00033,P002,SL03,,,H,USD,4657.18,4657.18,11.0,EA,11.0,EA,,,,,Movement 601 for MAT00033,1000,,,2024,2024-03-24,2024-03-24,WHOUSE01,17:53:00,11.0,,,,,,8000000467.0,10.0,,
100,4900001129,2023,1,1,0,0,601,,MAT00033,P002,SL03,,,H,USD,24287.56,24287.56,68.0,EA,68.0,EA,,,,,Movement 601 for MAT00033,1000,,,2023,2023-09-19,2023-09-19,WHOUSE02,10:28:00,68.0,,,,,,8000000468.0,10.0,,
100,4900001130,2024,1,1,0,0,601,,MAT00033,P002,SL03,,,H,USD,82577.8,82577.8,190.0,EA,190.0,EA,,,,,Movement 601 for MAT00033,1000,,,2024,2024-06-03,2024-06-03,WHOUSE02,07:14:00,190.0,,,,,,8000000469.0,10.0,,
100,4900001131,2023,1,1,0,0,601,,MAT00033,P002,SL03,,,H,USD,62725.0,62725.0,193.0,EA,193.0,EA,,,,,Movement 601 for MAT00033,1000,,,2023,2023-12-12,2023-12-12,WHOUSE02,08:48:00,193.0,,,,,,8000000470.0,10.0,,
100,4900001132,2023,1,1,0,0,301,,MAT00033,P002,SL03,,,H,USD,36705.3,36705.3,145.0,EA,145.0,EA,,,,,Movement 301 for MAT00033,1000,,,2023,2023-04-19,2023-04-19,WHOUSE02,07:24:00,145.0,,,,,,,,,
100,4900001133,2023,1,1,0,0,301,,MAT00033,P002,SL03,,,H,USD,25814.01,25814.01,93.0,EA,93.0,EA,,,,,Movement 301 for MAT00033,1000,,,2023,2023-04-17,2023-04-17,WHOUSE02,07:01:00,93.0,,,,,,,,,
100,4900001134,2023,1,1,0,0,601,,MAT00033,P002,SL03,,,H,USD,9170.88,9170.88,82.0,EA,82.0,EA,,,,,Movement 601 for MAT00033,1000,,,2023,2023-12-06,2023-12-06,WHOUSE02,07:53:00,82.0,,,,,,8000000473.0,10.0,,
100,4900001135,2024,1,1,0,0,261,,MAT00033,P002,SL03,,,H,USD,1473.36,1473.36,42.0,EA,42.0,EA,,,,,Movement 261 for MAT00033,1000,,,2024,2024-09-22,2024-09-22,WHOUSE01,09:49:00,42.0,,,,,,,,,
100,4900001136,2024,1,1,0,0,201,,MAT00033,P002,SL03,,,H,USD,3301.2,3301.2,9.0,EA,9.0,EA,,,,,Movement 201 for MAT00033,1000,,,2024,2024-02-19,2024-02-19,WHOUSE02,13:31:00,9.0,,,,,,,,,
100,4900001137,2023,1,1,0,0,601,,MAT00033,P003,SL02,,,H,USD,11004.4,11004.4,44.0,EA,44.0,EA,,,,,Movement 601 for MAT00033,1000,,,2023,2023-01-08,2023-01-08,WHOUSE02,12:59:00,44.0,,,,,,8000000476.0,10.0,,
100,4900001138,2024,1,1,0,0,701,,MAT00033,P003,SL02,,,S,USD,78939.5,78939.5,170.0,EA,170.0,EA,,,,,Movement 701 for MAT00033,1000,,,2024,2024-04-04,2024-04-04,WHOUSE01,14:14:00,170.0,,,,,,,,,
100,4900001139,2023,1,1,0,0,301,,MAT00033,P003,SL02,,,H,USD,12828.15,12828.15,145.0,EA,145.0,EA,,,,,Movement 301 for MAT00033,1000,,,2023,2023-02-13,2023-02-13,WHOUSE02,14:38:00,145.0,,,,,,,,,
100,4900001140,2024,1,1,0,0,261,,MAT00033,P003,SL02,,,H,USD,5925.18,5925.18,157.0,EA,157.0,EA,,,,,Movement 261 for MAT00033,1000,,,2024,2024-12-01,2024-12-01,WHOUSE02,14:30:00,157.0,,,,,,,,,
100,4900001141,2023,1,1,0,0,601,,MAT00033,P003,SL02,,,H,USD,68845.35,68845.35,173.0,EA,173.0,EA,,,,,Movement 601 for MAT00033,1000,,,2023,2023-10-26,2023-10-26,WHOUSE01,15:13:00,173.0,,,,,,8000000478.0,10.0,,
100,4900001142,2024,1,1,0,0,601,,MAT00033,P003,SL02,,,H,USD,32297.72,32297.72,182.0,EA,182.0,EA,,,,,Movement 601 for MAT00033,1000,,,2024,2024-09-19,2024-09-19,WHOUSE01,08:43:00,182.0,,,,,,8000000479.0,10.0,,
100,4900001143,2023,1,1,0,0,702,,MAT00033,P003,SL02,,,H,USD,4499.11,4499.11,11.0,EA,11.0,EA,,,,,Movement 702 for MAT00033,1000,,,2023,2023-05-23,2023-05-23,WHOUSE02,09:17:00,11.0,,,,,,,,,
100,4900001144,2024,1,1,0,0,702,,MAT00033,P003,SL02,,,H,USD,7686.1,7686.1,202.0,EA,202.0,EA,,,,,Movement 702 for MAT00033,1000,,,2024,2024-09-05,2024-09-05,WHOUSE02,17:52:00,202.0,,,,,,,,,
100,4900001145,2024,1,1,0,0,601,,MAT00033,P003,SL02,,,H,USD,39537.1,39537.1,95.0,EA,95.0,EA,,,,,Movement 601 for MAT00033,1000,,,2024,2024-12-15,2024-12-15,WHOUSE02,08:48:00,95.0,,,,,,8000000481.0,10.0,,
100,4900001146,2023,1,1,0,0,601,,MAT00033,P003,SL02,,,H,USD,9505.35,9505.35,135.0,EA,135.0,EA,,,,,Movement 601 for MAT00033,1000,,,2023,2023-08-20,2023-08-20,WHOUSE01,07:34:00,135.0,,,,,,8000000482.0,10.0,,
100,4900001147,2024,1,1,0,0,201,,MAT00033,P003,SL02,,,H,USD,5345.78,5345.78,242.0,EA,242.0,EA,,,,,Movement 201 for MAT00033,1000,,,2024,2024-11-28,2024-11-28,WHOUSE02,16:49:00,242.0,,,,,,,,,
100,4900001148,2024,1,1,0,0,261,,MAT00033,P003,SL02,,,H,USD,13787.9,13787.9,35.0,EA,35.0,EA,,,,,Movement 261 for MAT00033,1000,,,2024,2024-02-18,2024-02-18,WHOUSE02,17:23:00,35.0,,,,,,,,,
100,4900001149,2023,1,1,0,0,261,,MAT00033,P003,SL02,,,H,USD,24504.2,24504.2,230.0,EA,230.0,EA,,,,,Movement 261 for MAT00033,1000,,,2023,2023-12-25,2023-12-25,WHOUSE02,15:25:00,230.0,,,,,,,,,
100,4900001150,2024,1,1,0,0,702,,MAT00033,P003,SL02,,,H,USD,51204.3,51204.3,222.0,EA,222.0,EA,,,,,Movement 702 for MAT00033,1000,,,2024,2024-03-14,2024-03-14,WHOUSE01,16:13:00,222.0,,,,,,,,,
100,4900001151,2023,1,1,0,0,601,,MAT00034,P001,SL03,,,H,USD,4767.08,4767.08,37.0,EA,37.0,EA,,,,,Movement 601 for MAT00034,1000,,,2023,2023-08-18,2023-08-18,WHOUSE01,13:15:00,37.0,,,,,,8000000487.0,10.0,,
100,4900001152,2024,1,1,0,0,601,,MAT00034,P001,SL03,,,H,USD,36431.36,36431.36,128.0,EA,128.0,EA,,,,,Movement 601 for MAT00034,1000,,,2024,2024-01-07,2024-01-07,WHOUSE02,17:10:00,128.0,,,,,,8000000488.0,10.0,,
100,4900001153,2024,1,1,0,0,301,,MAT00034,P001,SL03,,,H,USD,50108.13,50108.13,171.0,EA,171.0,EA,,,,,Movement 301 for MAT00034,1000,,,2024,2024-08-02,2024-08-02,WHOUSE02,10:23:00,171.0,,,,,,,,,
100,4900001154,2024,1,1,0,0,601,,MAT00034,P001,SL03,,,H,USD,15186.94,15186.94,233.0,EA,233.0,EA,,,,,Movement 601 for MAT00034,1000,,,2024,2024-05-22,2024-05-22,WHOUSE02,10:09:00,233.0,,,,,,8000000490.0,10.0,,
100,4900001155,2024,1,1,0,0,601,,MAT00034,P002,SL02,,,H,USD,6621.42,6621.42,39.0,EA,39.0,EA,,,,,Movement 601 for MAT00034,1000,,,2024,2024-12-11,2024-12-11,WHOUSE02,14:29:00,39.0,,,,,,8000000490.0,20.0,,
100,4900001156,2024,1,1,0,0,102,,MAT00034,P002,SL02,,,H,USD,84011.85,84011.85,195.0,EA,195.0,EA,,,,,Movement 102 for MAT00034,1000,,,2024,2024-07-27,2024-07-27,WHOUSE01,17:29:00,195.0,,,,,,,,,
100,4900001157,2024,1,1,0,0,261,,MAT00034,P002,SL02,,,H,USD,89817.0,89817.0,273.0,EA,273.0,EA,,,,,Movement 261 for MAT00034,1000,,,2024,2024-08-09,2024-08-09,WHOUSE01,10:07:00,273.0,,,,,,,,,
100,4900001158,2023,1,1,0,0,601,,MAT00034,P002,SL02,,,H,USD,5174.6,5174.6,20.0,EA,20.0,EA,,,,,Movement 601 for MAT00034,1000,,,2023,2023-12-24,2023-12-24,WHOUSE02,10:15:00,20.0,,,,,,8000000493.0,10.0,,
100,4900001159,2023,1,1,0,0,301,,MAT00034,P002,SL02,,,H,USD,57112.29,57112.29,243.0,EA,243.0,EA,,,,,Movement 301 for MAT00034,1000,,,2023,2023-03-26,2023-03-26,WHOUSE02,17:53:00,243.0,,,,,,,,,
100,4900001160,2024,1,1,0,0,601,,MAT00034,P002,SL02,,,H,USD,38984.66,38984.66,286.0,EA,286.0,EA,,,,,Movement 601 for MAT00034,1000,,,2024,2024-08-13,2024-08-13,WHOUSE02,10:20:00,286.0,,,,,,8000000494.0,10.0,,
100,4900001161,2023,1,1,0,0,601,,MAT00034,P002,SL02,,,H,USD,13613.73,13613.73,39.0,EA,39.0,EA,,,,,Movement 601 for MAT00034,1000,,,2023,2023-06-10,2023-06-10,WHOUSE02,09:46:00,39.0,,,,,,8000000495.0,10.0,,
100,4900001162,2024,1,1,0,0,261,,MAT00034,P002,SL02,,,H,USD,17381.43,17381.43,181.0,EA,181.0,EA,,,,,Movement 261 for MAT00034,1000,,,2024,2024-05-20,2024-05-20,WHOUSE02,17:05:00,181.0,,,,,,,,,
100,4900001163,2023,1,1,0,0,261,,MAT00034,P002,SL02,,,H,USD,7907.46,7907.46,33.0,EA,33.0,EA,,,,,Movement 261 for MAT00034,1000,,,2023,2023-11-18,2023-11-18,WHOUSE01,13:55:00,33.0,,,,,,,,,
100,4900001164,2023,1,1,0,0,601,,MAT00034,P002,SL02,,,H,USD,3477.06,3477.06,137.0,EA,137.0,EA,,,,,Movement 601 for MAT00034,1000,,,2023,2023-11-24,2023-11-24,WHOUSE02,13:16:00,137.0,,,,,,8000000497.0,10.0,,
100,4900001165,2024,1,1,0,0,601,,MAT00034,P002,SL02,,,H,USD,2547.8,2547.8,10.0,EA,10.0,EA,,,,,Movement 601 for MAT00034,1000,,,2024,2024-10-06,2024-10-06,WHOUSE01,16:19:00,10.0,,,,,,8000000498.0,10.0,,
100,4900001166,2023,1,1,0,0,601,,MAT00034,P002,SL02,,,H,USD,78459.42,78459.42,221.0,EA,221.0,EA,,,,,Movement 601 for MAT00034,1000,,,2023,2023-10-25,2023-10-25,WHOUSE01,11:10:00,221.0,,,,,,8000000499.0,10.0,,
100,4900001167,2023,1,1,0,0,601,,MAT00034,P002,SL02,,,H,USD,109434.8,109434.8,235.0,EA,235.0,EA,,,,,Movement 601 for MAT00034,1000,,,2023,2023-10-02,2023-10-02,WHOUSE02,09:25:00,235.0,,,,,,8000000499.0,20.0,,
100,4900001168,2023,1,1,0,0,101,,MAT00034,P002,SL02,,,S,USD,104083.65,104083.65,215.0,EA,215.0,EA,,,V0011,,Movement 101 for MAT00034,1000,,,2023,2023-07-19,2023-07-19,WHOUSE01,14:40:00,215.0,,,,,,,,,
100,4900001169,2024,1,1,0,0,261,,MAT00034,P002,SL02,,,H,USD,53270.0,53270.0,250.0,EA,250.0,EA,,,,,Movement 261 for MAT00034,1000,,,2024,2024-08-08,2024-08-08,WHOUSE02,13:02:00,250.0,,,,,,,,,
100,4900001170,2024,1,1,0,0,201,,MAT00034,P002,SL02,,,H,USD,39711.06,39711.06,162.0,EA,162.0,EA,,,,,Movement 201 for MAT00034,1000,,,2024,2024-08-15,2024-08-15,WHOUSE02,14:13:00,162.0,,,,,,,,,
100,4900001171,2023,1,1,0,0,601,,MAT00034,P003,SL01,,,H,USD,50666.0,50666.0,235.0,EA,235.0,EA,,,,,Movement 601 for MAT00034,1000,,,2023,2023-12-06,2023-12-06,WHOUSE02,07:34:00,235.0,,,,,,8000000002.0,20.0,,
100,4900001172,2024,1,1,0,0,601,,MAT00034,P003,SL01,,,H,USD,93226.0,93226.0,280.0,EA,280.0,EA,,,,,Movement 601 for MAT00034,1000,,,2024,2024-06-16,2024-06-16,WHOUSE01,16:04:00,280.0,,,,,,8000000003.0,10.0,,
100,4900001173,2023,1,1,0,0,601,,MAT00034,P003,SL01,,,H,USD,18280.59,18280.59,37.0,EA,37.0,EA,,,,,Movement 601 for MAT00034,1000,,,2023,2023-06-20,2023-06-20,WHOUSE02,07:15:00,37.0,,,,,,8000000004.0,10.0,,
100,4900001174,2024,1,1,0,0,601,,MAT00034,P003,SL01,,,H,USD,10831.48,10831.48,206.0,EA,206.0,EA,,,,,Movement 601 for MAT00034,1000,,,2024,2024-05-19,2024-05-19,WHOUSE01,11:31:00,206.0,,,,,,8000000005.0,10.0,,
100,4900001175,2023,1,1,0,0,101,,MAT00034,P003,SL01,,,S,USD,58997.3,58997.3,230.0,EA,230.0,EA,,,V0008,,Movement 101 for MAT00034,1000,,,2023,2023-01-01,2023-01-01,WHOUSE01,16:39:00,230.0,,,,,,,,,
100,4900001176,2024,1,1,0,0,601,,MAT00034,P003,SL01,,,H,USD,26516.33,26516.33,127.0,EA,127.0,EA,,,,,Movement 601 for MAT00034,1000,,,2024,2024-07-05,2024-07-05,WHOUSE01,13:19:00,127.0,,,,,,8000000006.0,20.0,,
100,4900001177,2023,1,1,0,0,261,,MAT00034,P003,SL01,,,H,USD,80058.44,80058.44,187.0,EA,187.0,EA,,,,,Movement 261 for MAT00034,1000,,,2023,2023-01-22,2023-01-22,WHOUSE01,14:41:00,187.0,,,,,,,,,
100,4900001178,2023,1,1,0,0,201,,MAT00034,P003,SL01,,,H,USD,7470.0,7470.0,83.0,EA,83.0,EA,,,,,Movement 201 for MAT00034,1000,,,2023,2023-01-11,2023-01-11,WHOUSE02,09:45:00,83.0,,,,,,,,,
100,4900001179,2023,1,1,0,0,102,,MAT00035,P001,SL03,,,H,USD,97387.5,97387.5,294.0,EA,294.0,EA,,,,,Movement 102 for MAT00035,1000,,,2023,2023-11-10,2023-11-10,WHOUSE01,07:05:00,294.0,,,,,,,,,
100,4900001180,2023,1,1,0,0,301,,MAT00035,P001,SL03,,,H,USD,67631.12,67631.12,188.0,EA,188.0,EA,,,,,Movement 301 for MAT00035,1000,,,2023,2023-07-17,2023-07-17,WHOUSE01,10:56:00,188.0,,,,,,,,,
100,4900001181,2024,1,1,0,0,301,,MAT00035,P001,SL03,,,H,USD,42148.62,42148.62,178.0,EA,178.0,EA,,,,,Movement 301 for MAT00035,1000,,,2024,2024-01-03,2024-01-03,WHOUSE01,13:20:00,178.0,,,,,,,,,
100,4900001182,2024,1,1,0,0,101,,MAT00035,P001,SL03,,,S,USD,11848.96,11848.96,64.0,EA,64.0,EA,,,V0014,,Movement 101 for MAT00035,1000,,,2024,2024-01-06,2024-01-06,WHOUSE02,13:26:00,64.0,,,,,,,,,
100,4900001183,2023,1,1,0,0,601,,MAT00035,P001,SL03,,,H,USD,12344.96,12344.96,64.0,EA,64.0,EA,,,,,Movement 601 for MAT00035,1000,,,2023,2023-04-27,2023-04-27,WHOUSE02,15:42:00,64.0,,,,,,8000000011.0,10.0,,
100,4900001184,2023,1,1,0,0,601,,MAT00035,P002,SL02,,,H,USD,22941.88,22941.88,52.0,EA,52.0,EA,,,,,Movement 601 for MAT00035,1000,,,2023,2023-04-28,2023-04-28,WHOUSE01,12:25:00,52.0,,,,,,8000000012.0,10.0,,
100,4900001185,2023,1,1,0,0,601,,MAT00035,P002,SL02,,,H,USD,134450.89,134450.89,287.0,EA,287.0,EA,,,,,Movement 601 for MAT00035,1000,,,2023,2023-10-22,2023-10-22,WHOUSE01,12:53:00,287.0,,,,,,8000000013.0,10.0,,
100,4900001186,2024,1,1,0,0,201,,MAT00035,P002,SL02,,,H,USD,53163.81,53163.81,189.0,EA,189.0,EA,,,,,Movement 201 for MAT00035,1000,,,2024,2024-10-11,2024-10-11,WHOUSE01,09:05:00,189.0,,,,,,,,,
100,4900001187,2024,1,1,0,0,601,,MAT00035,P002,SL02,,,H,USD,1941.12,1941.12,12.0,EA,12.0,EA,,,,,Movement 601 for MAT00035,1000,,,2024,2024-11-12,2024-11-12,WHOUSE02,15:13:00,12.0,,,,,,8000000015.0,10.0,,
100,4900001188,2023,1,1,0,0,702,,MAT00035,P002,SL02,,,H,USD,54175.76,54175.76,199.0,EA,199.0,EA,,,,,Movement 702 for MAT00035,1000,,,2023,2023-02-15,2023-02-15,WHOUSE01,12:47:00,199.0,,,,,,,,,
100,4900001189,2023,1,1,0,0,601,,MAT00035,P002,SL02,,,H,USD,10467.06,10467.06,258.0,EA,258.0,EA,,,,,Movement 601 for MAT00035,1000,,,2023,2023-02-15,2023-02-15,WHOUSE01,13:56:00,258.0,,,,,,8000000016.0,20.0,,
100,4900001190,2023,1,1,0,0,261,,MAT00035,P002,SL02,,,H,USD,41824.8,41824.8,222.0,EA,222.0,EA,,,,,Movement 261 for MAT00035,1000,,,2023,2023-07-03,2023-07-03,WHOUSE01,07:01:00,222.0,,,,,,,,,
100,4900001191,2024,1,1,0,0,601,,MAT00035,P002,SL02,,,H,USD,62029.6,62029.6,170.0,EA,170.0,EA,,,,,Movement 601 for MAT00035,1000,,,2024,2024-12-01,2024-12-01,WHOUSE01,15:18:00,170.0,,,,,,8000000018.0,10.0,,
100,4900001192,2024,1,1,0,0,301,,MAT00035,P002,SL02,,,H,USD,659.54,659.54,14.0,EA,14.0,EA,,,,,Movement 301 for MAT00035,1000,,,2024,2024-07-29,2024-07-29,WHOUSE01,08:05:00,14.0,,,,,,,,,
100,4900001193,2023,1,1,0,0,301,,MAT00035,P002,SL02,,,H,USD,64187.23,64187.23,283.0,EA,283.0,EA,,,,,Movement 301 for MAT00035,1000,,,2023,2023-01-13,2023-01-13,WHOUSE02,07:13:00,283.0,,,,,,,,,
100,4900001194,2024,1,1,0,0,102,,MAT00035,P002,SL02,,,H,USD,91528.5,91528.5,230.0,EA,230.0,EA,,,,,Movement 102 for MAT00035,1000,,,2024,2024-02-11,2024-02-11,WHOUSE01,16:20:00,230.0,,,,,,,,,
100,4900001195,2023,1,1,0,0,601,,MAT00035,P002,SL02,,,H,USD,106950.23,106950.23,289.0,EA,289.0,EA,,,,,Movement 601 for MAT00035,1000,,,2023,2023-10-17,2023-10-17,WHOUSE02,14:22:00,289.0,,,,,,8000000022.0,10.0,,
100,4900001196,2024,1,1,0,0,301,,MAT00035,P002,SL02,,,H,USD,98255.4,98255.4,249.0,EA,249.0,EA,,,,,Movement 301 for MAT00035,1000,,,2024,2024-04-07,2024-04-07,WHOUSE02,09:52:00,249.0,,,,,,,,,
100,4900001197,2024,1,1,0,0,601,,MAT00035,P002,SL02,,,H,USD,7967.96,7967.96,154.0,EA,154.0,EA,,,,,Movement 601 for MAT00035,1000,,,2024,2024-08-26,2024-08-26,WHOUSE02,10:50:00,154.0,,,,,,8000000024.0,10.0,,
100,4900001198,2024,1,1,0,0,102,,MAT00035,P002,SL02,,,H,USD,3730.05,3730.05,9.0,EA,9.0,EA,,,,,Movement 102 for MAT00035,1000,,,2024,2024-02-20,2024-02-20,WHOUSE01,15:50:00,9.0,,,,,,,,,
100,4900001199,2024,1,1,0,0,601,,MAT00035,P002,SL02,,,H,USD,60838.91,60838.91,253.0,EA,253.0,EA,,,,,Movement 601 for MAT00035,1000,,,2024,2024-11-07,2024-11-07,WHOUSE01,17:58:00,253.0,,,,,,8000000025.0,10.0,,
100,4900001200,2023,1,1,0,0,301,,MAT00035,P002,SL02,,,H,USD,119349.4,119349.4,263.0,EA,263.0,EA,,,,,Movement 301 for MAT00035,1000,,,2023,2023-11-26,2023-11-26,WHOUSE02,09:26:00,263.0,,,,,,,,,
100,4900001201,2023,1,1,0,0,601,,MAT00035,P002,SL02,,,H,USD,119463.3,119463.3,242.0,EA,242.0,EA,,,,,Movement 601 for MAT00035,1000,,,2023,2023-01-09,2023-01-09,WHOUSE01,13:28:00,242.0,,,,,,8000000027.0,10.0,,
100,4900001202,2023,1,1,0,0,601,,MAT00035,P002,SL02,,,H,USD,24059.7,24059.7,63.0,EA,63.0,EA,,,,,Movement 601 for MAT00035,1000,,,2023,2023-02-01,2023-02-01,WHOUSE01,09:39:00,63.0,,,,,,8000000028.0,10.0,,
100,4900001203,2023,1,1,0,0,261,,MAT00035,P003,SL03,,,H,USD,33603.12,33603.12,188.0,EA,188.0,EA,,,,,Movement 261 for MAT00035,1000,,,2023,2023-03-14,2023-03-14,WHOUSE02,15:57:00,188.0,,,,,,,,,
100,4900001204,2023,1,1,0,0,101,,MAT00035,P003,SL03,,,S,USD,38011.59,38011.59,171.0,EA,171.0,EA,,,V0008,,Movement 101 for MAT00035,1000,,,2023,2023-03-21,2023-03-21,WHOUSE01,09:55:00,171.0,,,,,,,,,
100,4900001205,2024,1,1,0,0,261,,MAT00035,P003,SL03,,,H,USD,71845.64,71845.64,262.0,EA,262.0,EA,,,,,Movement 261 for MAT00035,1000,,,2024,2024-09-09,2024-09-09,WHOUSE02,13:19:00,262.0,,,,,,,,,
100,4900001206,2024,1,1,0,0,261,,MAT00035,P003,SL03,,,H,USD,79622.56,79622.56,272.0,EA,272.0,EA,,,,,Movement 261 for MAT00035,1000,,,2024,2024-01-15,2024-01-15,WHOUSE01,12:17:00,272.0,,,,,,,,,
100,4900001207,2024,1,1,0,0,101,,MAT00036,P001,SL03,,,S,USD,77683.09,77683.09,293.0,EA,293.0,EA,,,V0009,,Movement 101 for MAT00036,1000,,,2024,2024-04-18,2024-04-18,WHOUSE01,17:28:00,293.0,,,,,,,,,
100,4900001208,2023,1,1,0,0,101,,MAT00036,P001,SL03,,,S,USD,111090.72,111090.72,247.0,EA,247.0,EA,,,V0013,,Movement 101 for MAT00036,1000,,,2023,2023-11-16,2023-11-16,WHOUSE02,14:35:00,247.0,,,,,,,,,
100,4900001209,2024,1,1,0,0,601,,MAT00036,P001,SL03,,,H,USD,90631.38,90631.38,294.0,EA,294.0,EA,,,,,Movement 601 for MAT00036,1000,,,2024,2024-08-03,2024-08-03,WHOUSE01,16:31:00,294.0,,,,,,8000000034.0,10.0,,
100,4900001210,2024,1,1,0,0,101,,MAT00036,P001,SL03,,,S,USD,13276.62,13276.62,287.0,EA,287.0,EA,,,V0014,,Movement 101 for MAT00036,1000,,,2024,2024-04-28,2024-04-28,WHOUSE01,15:53:00,287.0,,,,,,,,,
100,4900001211,2024,1,1,0,0,301,,MAT00036,P001,SL03,,,H,USD,2367.14,2367.14,142.0,EA,142.0,EA,,,,,Movement 301 for MAT00036,1000,,,2024,2024-02-16,2024-02-16,WHOUSE02,17:28:00,142.0,,,,,,,,,
100,4900001212,2024,1,1,0,0,601,,MAT00036,P001,SL03,,,H,USD,1061.91,1061.91,171.0,EA,171.0,EA,,,,,Movement 601 for MAT00036,1000,,,2024,2024-01-10,2024-01-10,WHOUSE02,07:40:00,171.0,,,,,,8000000036.0,20.0,,
100,4900001213,2024,1,1,0,0,201,,MAT00036,P001,SL03,,,H,USD,95099.4,95099.4,220.0,EA,220.0,EA,,,,,Movement 201 for MAT00036,1000,,,2024,2024-06-06,2024-06-06,WHOUSE01,11:58:00,220.0,,,,,,,,,
100,4900001214,2024,1,1,0,0,101,,MAT00036,P002,SL03,,,S,USD,2579.72,2579.72,451.0,EA,451.0,EA,,,V0009,,Movement 101 for MAT00036,1000,,,2024,2024-03-31,2024-03-31,WHOUSE01,07:21:00,451.0,,,,,,,,,
100,4900001215,2023,1,1,0,0,601,,MAT00036,P002,SL03,,,H,USD,63548.1,63548.1,294.0,EA,294.0,EA,,,,,Movement 601 for MAT00036,1000,,,2023,2023-07-16,2023-07-16,WHOUSE02,15:06:00,294.0,,,,,,8000000038.0,20.0,,
100,4900001216,2023,1,1,0,0,261,,MAT00036,P002,SL03,,,H,USD,52841.1,52841.1,195.0,EA,195.0,EA,,,,,Movement 261 for MAT00036,1000,,,2023,2023-07-13,2023-07-13,WHOUSE01,09:21:00,195.0,,,,,,,,,
100,4900001217,2024,1,1,0,0,261,,MAT00036,P003,SL01,,,H,USD,5425.08,5425.08,12.0,EA,12.0,EA,,,,,Movement 261 for MAT00036,1000,,,2024,2024-11-21,2024-11-21,WHOUSE02,14:27:00,12.0,,,,,,,,,
100,4900001218,2024,1,1,0,0,702,,MAT00036,P003,SL01,,,H,USD,102986.96,102986.96,248.0,EA,248.0,EA,,,,,Movement 702 for MAT00036,1000,,,2024,2024-08-02,2024-08-02,WHOUSE01,17:21:00,248.0,,,,,,,,,
100,4900001219,2023,1,1,0,0,601,,MAT00036,P003,SL01,,,H,USD,51448.68,51448.68,241.0,EA,241.0,EA,,,,,Movement 601 for MAT00036,1000,,,2023,2023-04-15,2023-04-15,WHOUSE02,17:41:00,241.0,,,,,,8000000042.0,10.0,,
100,4900001220,2024,1,1,0,0,701,,MAT00036,P003,SL01,,,S,USD,66711.96,66711.96,276.0,EA,276.0,EA,,,,,Movement 701 for MAT00036,1000,,,2024,2024-02-27,2024-02-27,WHOUSE02,17:18:00,276.0,,,,,,,,,
100,4900001221,2023,1,1,0,0,601,,MAT00036,P003,SL01,,,H,USD,96946.92,96946.92,219.0,EA,219.0,EA,,,,,Movement 601 for MAT00036,1000,,,2023,2023-04-24,2023-04-24,WHOUSE02,09:46:00,219.0,,,,,,8000000044.0,10.0,,
100,4900001222,2023,1,1,0,0,601,,MAT00036,P003,SL01,,,H,USD,43270.81,43270.81,121.0,EA,121.0,EA,,,,,Movement 601 for MAT00036,1000,,,2023,2023-10-15,2023-10-15,WHOUSE01,11:21:00,121.0,,,,,,8000000045.0,10.0,,
100,4900001223,2023,1,1,0,0,261,,MAT00036,P003,SL01,,,H,USD,3817.29,3817.29,111.0,EA,111.0,EA,,,,,Movement 261 for MAT00036,1000,,,2023,2023-12-01,2023-12-01,WHOUSE02,14:38:00,111.0,,,,,,,,,
