MANDT,KAPPL,OBJKY,KSCHL,SPRAS,PARNR,PARVW,NACHA,VSTAT,ERUHR,ERDAT,LDDAT,NDZST,TDARMOD,USNAM,DATVR,UHRVR
100,EF,4500000000,NEU,E,V0001,LF,5,1,160634,2024-04-03,2024-04-03,061023,,BUYER03,2024-05-03,061734
100,EF,4500000001,NEU,E,V0013,LF,5,1,170407,2024-04-14,2024-04-14,163547,,BUYER03,2024-05-14,090230
100,EF,4500000002,NEU,E,V0001,LF,5,1,135544,2024-04-24,2024-04-24,073432,,BUYER03,2024-05-24,062831
100,EF,4500000003,NEU,E,V0002,LF,5,1,075440,2024-06-02,2024-06-02,062954,,BUYER01,2024-07-02,115540
100,EF,4500000004,NEU,E,V0003,LF,5,1,091908,2024-08-15,2024-08-15,143213,,BUYER03,2024-09-14,123939
100,EF,4500000005,NEU,E,V0014,LF,5,1,173736,2024-02-29,2024-02-29,115807,,BUYER01,2024-03-30,114959
100,EF,4500000006,NEU,E,V0012,LF,5,1,072524,2024-04-23,2024-04-23,075722,,BUYER01,2024-05-23,063443
100,EF,4500000007,NEU,E,V0007,LF,5,0,080348,2024-05-19,2024-05-19,164614,,BUYER03,2024-06-18,061953
100,EF,4500000008,NEU,E,V0007,LF,6,1,060115,2024-03-14,2024-03-14,145933,,BUYER01,2024-04-13,105814
100,EF,4500000009,NEU,E,V0001,LF,6,0,161200,2024-06-21,2024-06-21,080945,,BUYER02,2024-07-21,084829
100,EF,4500000010,NEU,E,V0001,LF,1,1,065151,2024-08-10,2024-08-10,113031,,BUYER01,2024-09-09,165641
100,EF,4500000011,NEU,E,V0012,LF,5,1,132913,2024-06-01,2024-06-01,162931,,BUYER02,2024-07-01,111919
100,EF,4500000012,NEU,E,V0002,LF,5,1,084402,2024-02-01,2024-02-01,064848,,BUYER02,2024-03-02,143543
100,EF,4500000012,ZNEU,E,V0002,LF,5,1,070904,2024-02-06,2024-02-01,,,BUYER02,2024-03-07,143543
100,EF,4500000013,NEU,E,V0015,LF,1,1,060856,2024-09-05,2024-09-05,143824,,BUYER01,2024-10-05,171701
100,EF,4500000014,NEU,E,V0003,LF,5,1,110200,2024-08-27,2024-08-27,094644,,BUYER01,2024-09-26,152620
100,EF,4500000015,NEU,E,V0004,LF,6,2,161134,2024-03-08,2024-03-08,094729,,BUYER01,2024-04-07,114306
100,EF,4500000016,NEU,E,V0007,LF,5,1,070356,2024-05-05,2024-05-05,113232,,BUYER02,2024-06-04,164429
100,EF,4500000017,NEU,E,V0008,LF,5,1,134632,2024-05-16,2024-05-16,105310,,BUYER02,2024-06-15,150141
100,EF,4500000018,NEU,E,V0010,LF,1,1,114025,2024-04-12,2024-04-12,120856,,BUYER03,2024-05-12,165118
100,EF,4500000019,NEU,E,V0006,LF,1,1,144258,2024-06-25,2024-06-25,155525,,BUYER02,2024-07-25,101823
100,EF,4500000020,NEU,E,V0010,LF,5,1,173202,2024-07-09,2024-07-09,121838,,BUYER02,2024-08-08,142123
100,EF,4500000021,NEU,E,V0003,LF,5,1,072635,2024-08-01,2024-08-01,105807,,BUYER01,2024-08-31,133413
100,EF,4500000022,NEU,E,V0007,LF,5,1,170056,2024-02-22,2024-02-22,082858,,BUYER02,2024-03-23,084221
100,EF,4500000023,NEU,E,V0014,LF,5,1,171308,2024-04-19,2024-04-19,101408,,BUYER02,2024-05-19,160552
100,EF,4500000024,NEU,E,V0005,LF,5,0,091357,2024-01-29,2024-01-29,152420,,BUYER03,2024-02-28,132512
100,EF,4500000025,NEU,E,V0007,LF,5,2,150241,2024-06-25,2024-06-25,110734,,BUYER02,2024-07-25,094021
100,EF,4500000026,NEU,E,V0004,LF,6,1,092720,2024-08-25,2024-08-25,164836,,BUYER03,2024-09-24,134110
100,EF,4500000027,NEU,E,V0004,LF,6,2,142320,2024-06-07,2024-06-07,103936,,BUYER01,2024-07-07,071749
100,EF,4500000028,NEU,E,V0013,LF,5,1,160241,2024-05-11,2024-05-11,172705,,BUYER03,2024-06-10,150452
100,EF,4500000029,NEU,E,V0014,LF,6,1,165518,2024-03-22,2024-03-22,093020,,BUYER02,2024-04-21,165503
100,EF,4500000030,NEU,E,V0008,LF,1,1,144425,2024-06-02,2024-06-02,151927,,BUYER03,2024-07-02,090845
100,EF,4500000031,NEU,E,V0003,LF,5,2,122509,2024-05-20,2024-05-20,132305,,BUYER01,2024-06-19,111831
100,EF,4500000032,NEU,E,V0012,LF,2,1,133228,2024-05-06,2024-05-06,101612,,BUYER01,2024-06-05,133743
100,EF,4500000033,NEU,E,V0003,LF,1,1,111149,2024-07-11,2024-07-11,144002,,BUYER01,2024-08-10,061130
100,EF,4500000034,NEU,E,V0010,LF,1,2,142338,2024-06-13,2024-06-13,162828,,BUYER01,2024-07-13,141716
100,EF,4500000035,NEU,E,V0004,LF,5,1,141657,2024-07-07,2024-07-07,124313,,BUYER02,2024-08-06,152005
100,EF,4500000036,NEU,E,V0002,LF,5,0,162609,2024-06-28,2024-06-28,170222,,BUYER03,2024-07-28,063836
100,EF,4500000037,NEU,E,V0010,LF,6,1,101638,2024-01-21,2024-01-21,163947,,BUYER01,2024-02-20,124732
100,EF,4500000038,NEU,E,V0007,LF,5,1,064829,2024-08-13,2024-08-13,083505,,BUYER03,2024-09-12,130233
100,EF,4500000039,NEU,E,V0006,LF,6,1,132108,2024-08-15,2024-08-15,063031,,BUYER03,2024-09-14,062053
100,EF,4500000040,NEU,E,V0007,LF,1,0,103606,2024-05-21,2024-05-21,121508,,BUYER03,2024-06-20,071519
100,EF,4500000041,NEU,E,V0008,LF,1,1,071011,2024-02-18,2024-02-18,160356,,BUYER02,2024-03-19,140845
100,EF,4500000042,NEU,E,V0005,LF,5,1,153113,2024-06-11,2024-06-11,110407,,BUYER03,2024-07-11,083751
100,EF,4500000043,NEU,E,V0009,LF,6,1,063613,2024-08-16,2024-08-16,085841,,BUYER03,2024-09-15,140941
100,EF,4500000044,NEU,E,V0015,LF,6,0,063758,2024-08-11,2024-08-11,080130,,BUYER02,2024-09-10,173724
100,EF,4500000045,NEU,E,V0014,LF,1,1,070841,2024-05-17,2024-05-17,073158,,BUYER03,2024-06-16,141827
100,EF,4500000046,NEU,E,V0005,LF,1,1,120130,2024-02-14,2024-02-14,123131,,BUYER02,2024-03-15,115207
100,EF,4500000046,ZNEU,E,V0005,LF,1,1,173924,2024-02-18,2024-02-14,,,BUYER02,2024-03-19,115207
100,EF,4500000047,NEU,E,V0009,LF,2,1,090645,2024-02-15,2024-02-15,152509,,BUYER01,2024-03-16,133235
100,EF,4500000048,NEU,E,V0006,LF,1,1,144706,2024-05-19,2024-05-19,131504,,BUYER01,2024-06-18,092146
100,EF,4500000049,NEU,E,V0013,LF,1,1,072101,2024-02-12,2024-02-12,074810,,BUYER02,2024-03-13,123146
100,EF,4500000049,ZNEU,E,V0013,LF,1,1,171245,2024-02-13,2024-02-12,,,BUYER02,2024-03-14,123146
100,EF,4500000050,NEU,E,V0004,LF,1,1,083954,2024-08-21,2024-08-21,061123,,BUYER02,2024-09-20,160719
100,EF,4500000050,ZNEU,E,V0004,LF,1,1,162928,2024-08-22,2024-08-21,,,BUYER02,2024-09-21,160719
100,EF,4500000051,NEU,E,V0002,LF,1,1,120604,2024-07-01,2024-07-01,140849,,BUYER02,2024-07-31,134051
100,EF,4500000052,NEU,E,V0010,LF,5,1,102331,2024-06-06,2024-06-06,123647,,BUYER03,2024-07-06,111038
100,EF,4500000053,NEU,E,V0010,LF,5,1,063847,2024-07-08,2024-07-08,165352,,BUYER02,2024-08-07,114021
100,EF,4500000054,NEU,E,V0011,LF,5,1,133016,2024-01-30,2024-01-30,064210,,BUYER03,2024-02-29,064529
100,EF,4500000055,NEU,E,V0014,LF,5,1,094055,2024-04-14,2024-04-14,104806,,BUYER03,2024-05-14,065603
100,EF,4500000056,NEU,E,V0005,LF,1,1,071242,2024-08-22,2024-08-22,094629,,BUYER02,2024-09-21,125514
100,EF,4500000057,NEU,E,V0004,LF,5,1,133602,2024-01-19,2024-01-19,065014,,BUYER03,2024-02-18,155021
100,EF,4500000058,NEU,E,V0005,LF,5,1,080908,2024-06-05,2024-06-05,070711,,BUYER02,2024-07-05,111646
100,EF,4500000059,NEU,E,V0002,LF,5,1,135507,2024-07-12,2024-07-12,115244,,BUYER01,2024-08-11,144755
100,EF,4500000060,NEU,E,V0011,LF,2,1,080953,2024-04-14,2024-04-14,092750,,BUYER01,2024-05-14,132253
100,EF,4500000061,NEU,E,V0009,LF,1,1,151245,2024-02-26,2024-02-26,175756,,BUYER02,2024-03-27,070637
100,EF,4500000062,NEU,E,V0008,LF,1,1,130707,2024-06-22,2024-06-22,132431,,BUYER01,2024-07-22,154747
100,EF,4500000063,NEU,E,V0010,LF,6,1,163228,2024-06-11,2024-06-11,095959,,BUYER02,2024-07-11,163435
100,EF,4500000064,NEU,E,V0014,LF,6,1,124451,2024-01-16,2024-01-16,102123,,BUYER03,2024-02-15,075741
100,EF,4500000065,NEU,E,V0008,LF,1,1,103347,2024-02-27,2024-02-27,173847,,BUYER03,2024-03-28,120245
100,EF,4500000066,NEU,E,V0008,LF,6,1,175618,2024-06-18,2024-06-18,160141,,BUYER01,2024-07-18,071916
100,EF,4500000067,NEU,E,V0013,LF,6,1,145203,2024-09-06,2024-09-06,090226,,BUYER03,2024-10-06,094421
100,EF,4500000068,NEU,E,V0007,LF,6,1,122757,2024-07-10,2024-07-10,123702,,BUYER02,2024-08-09,093824
100,EF,4500000069,NEU,E,V0008,LF,6,1,111927,2024-03-12,2024-03-12,115455,,BUYER02,2024-04-11,060441
100,EF,4500000070,NEU,E,V0005,LF,6,1,121616,2024-05-08,2024-05-08,072535,,BUYER03,2024-06-07,085737
100,EF,4500000071,NEU,E,V0005,LF,5,1,120300,2024-05-01,2024-05-01,104002,,BUYER02,2024-05-31,165333
100,EF,4500000072,NEU,E,V0012,LF,1,1,085329,2024-08-06,2024-08-06,172020,,BUYER02,2024-09-05,155322
100,EF,4500000072,ZNEU,E,V0012,LF,1,1,145514,2024-08-07,2024-08-06,,,BUYER02,2024-09-06,155322
100,EF,4500000073,NEU,E,V0005,LF,6,1,105922,2024-07-13,2024-07-13,111327,,BUYER03,2024-08-12,065844
100,EF,4500000074,NEU,E,V0007,LF,5,1,071430,2024-02-20,2024-02-20,163001,,BUYER03,2024-03-21,155726
100,EF,4500000075,NEU,E,V0002,LF,1,1,154725,2024-09-27,2024-09-27,095429,,BUYER03,2024-10-27,100404
100,EF,4500000076,NEU,E,V0015,LF,1,1,061026,2024-04-13,2024-04-13,113154,,BUYER01,2024-05-13,090630
100,EF,4500000077,NEU,E,V0009,LF,1,1,142305,2024-01-19,2024-01-19,174210,,BUYER02,2024-02-18,130015
100,EF,4500000078,NEU,E,V0015,LF,6,1,130811,2024-01-26,2024-01-26,125507,,BUYER01,2024-02-25,140434
100,EF,4500000079,NEU,E,V0005,LF,6,1,160226,2024-08-06,2024-08-06,074806,,BUYER01,2024-09-05,144055
100,EF,4500000080,NEU,E,V0005,LF,5,1,110549,2024-08-07,2024-08-07,151300,,BUYER03,2024-09-06,151153
100,EF,4500000081,NEU,E,V0013,LF,5,1,115214,2024-04-17,2024-04-17,063902,,BUYER03,2024-05-17,135244
100,EF,4500000082,NEU,E,V0005,LF,1,1,114821,2024-09-08,2024-09-08,062205,,BUYER02,2024-10-08,175036
100,EF,4500000083,NEU,E,V0014,LF,6,1,094151,2024-04-06,2024-04-06,081230,,BUYER02,2024-05-06,105237
100,EF,4500000084,NEU,E,V0001,LF,6,1,075410,2024-09-14,2024-09-14,113520,,BUYER01,2024-10-14,165741
100,EF,4500000085,NEU,E,V0014,LF,5,1,075114,2024-08-03,2024-08-03,081515,,BUYER01,2024-09-02,144317
100,EF,4500000086,NEU,E,V0005,LF,5,2,121227,2024-01-23,2024-01-23,133902,,BUYER01,2024-02-22,143836
100,EF,4500000087,NEU,E,V0004,LF,5,1,121545,2024-01-26,2024-01-26,111934,,BUYER01,2024-02-25,104013
100,EF,4500000088,NEU,E,V0012,LF,6,1,095003,2024-07-08,2024-07-08,160656,,BUYER03,2024-08-07,111019
100,EF,4500000089,NEU,E,V0010,LF,1,1,164429,2024-08-07,2024-08-07,083947,,BUYER03,2024-09-06,162950
100,EF,4500000090,NEU,E,V0007,LF,1,0,100156,2024-05-16,2024-05-16,160834,,BUYER02,2024-06-15,060056
100,EF,4500000091,NEU,E,V0011,LF,5,1,070611,2024-04-20,2024-04-20,153836,,BUYER03,2024-05-20,162250
100,EF,4500000092,NEU,E,V0012,LF,6,0,153039,2024-02-16,2024-02-16,105014,,BUYER02,2024-03-17,090930
100,EF,4500000093,NEU,E,V0014,LF,6,1,123709,2024-02-18,2024-02-18,095155,,BUYER03,2024-03-19,084818
100,EF,4500000094,NEU,E,V0012,LF,1,0,121946,2024-04-24,2024-04-24,174213,,BUYER01,2024-05-24,122635
100,EF,4500000095,NEU,E,V0012,LF,1,1,152235,2024-08-14,2024-08-14,091215,,BUYER01,2024-09-13,144918
100,EF,4500000096,NEU,E,V0013,LF,5,1,094347,2024-06-21,2024-06-21,105021,,BUYER01,2024-07-21,095737
100,EF,4500000097,NEU,E,V0005,LF,5,1,102943,2024-03-07,2024-03-07,070345,,BUYER03,2024-04-06,144521
100,EF,4500000098,NEU,E,V0008,LF,5,1,130519,2024-08-23,2024-08-23,155140,,BUYER02,2024-09-22,063520
100,EF,4500000099,NEU,E,V0005,LF,5,1,074740,2024-04-28,2024-04-28,145325,,BUYER02,2024-05-28,085125
100,EF,4500000100,NEU,E,V0012,LF,5,2,112924,2024-02-24,2024-02-24,064521,,BUYER02,2024-03-25,163220
100,EF,4500000101,NEU,E,V0008,LF,5,1,164010,2024-05-23,2024-05-23,062709,,BUYER01,2024-06-22,063728
100,EF,4500000102,NEU,E,V0003,LF,5,0,170704,2024-03-01,2024-03-01,165859,,BUYER03,2024-03-31,115307
100,EF,4500000103,NEU,E,V0003,LF,2,1,142831,2024-01-15,2024-01-15,131623,,BUYER03,2024-02-14,062308
100,EF,4500000104,NEU,E,V0014,LF,6,1,154236,2024-01-14,2024-01-14,140611,,BUYER01,2024-02-13,075259
100,EF,4500000105,NEU,E,V0006,LF,5,1,073939,2024-06-05,2024-06-05,141912,,BUYER01,2024-07-05,145248
100,EF,4500000106,NEU,E,V0007,LF,5,1,160841,2024-01-14,2024-01-14,172824,,BUYER01,2024-02-13,131156
100,EF,4500000107,NEU,E,V0013,LF,1,1,152858,2024-07-29,2024-07-29,081504,,BUYER02,2024-08-28,162601
100,EF,4500000108,NEU,E,V0004,LF,5,1,074343,2024-08-29,2024-08-29,101242,,BUYER01,2024-09-28,102312
100,EF,4500000109,NEU,E,V0008,LF,6,1,073954,2024-04-02,2024-04-02,172420,,BUYER02,2024-05-02,123513
100,EF,4500000110,NEU,E,V0009,LF,1,1,095118,2024-01-27,2024-01-27,061638,,BUYER03,2024-02-26,075822
100,EF,4500000111,NEU,E,V0008,LF,5,1,104336,2024-05-08,2024-05-08,095707,,BUYER02,2024-06-07,063821
100,EF,4500000111,ZNEU,E,V0008,LF,5,1,060500,2024-05-12,2024-05-08,,,BUYER02,2024-06-11,063821
100,EF,4500000112,NEU,E,V0003,LF,5,1,091823,2024-09-24,2024-09-24,074625,,BUYER03,2024-10-24,120808
100,EF,4500000113,NEU,E,V0009,LF,5,1,133324,2024-05-26,2024-05-26,085811,,BUYER02,2024-06-25,155911
100,EF,4500000114,NEU,E,V0001,LF,5,2,140808,2024-08-26,2024-08-26,102905,,BUYER02,2024-09-25,171734
100,EF,4500000115,NEU,E,V0004,LF,5,1,135503,2024-03-08,2024-03-08,115125,,BUYER03,2024-04-07,132828
100,EF,4500000116,NEU,E,V0015,LF,1,0,164236,2024-07-10,2024-07-10,111419,,BUYER03,2024-08-09,072709
100,EF,4500000117,NEU,E,V0013,LF,1,1,151719,2024-05-10,2024-05-10,090037,,BUYER03,2024-06-09,142654
100,EF,4500000118,NEU,E,V0009,LF,1,1,172031,2024-07-03,2024-07-03,075106,,BUYER02,2024-08-02,120252
100,EF,4500000119,NEU,E,V0003,LF,5,1,154410,2024-06-10,2024-06-10,142042,,BUYER03,2024-07-10,101938
100,EF,4500000120,NEU,E,V0013,LF,5,1,122820,2024-05-03,2024-05-03,121038,,BUYER03,2024-06-02,114706
100,EF,4500000120,ZNEU,E,V0013,LF,5,1,071404,2024-05-05,2024-05-03,,,BUYER03,2024-06-04,114706
100,EF,4500000121,NEU,E,V0007,LF,5,1,063439,2024-09-17,2024-09-17,140530,,BUYER02,2024-10-17,113724
100,EF,4500000122,NEU,E,V0012,LF,1,1,100808,2024-05-31,2024-05-31,142801,,BUYER03,2024-06-30,122850
100,EF,4500000123,NEU,E,V0002,LF,1,1,152031,2024-09-10,2024-09-10,165741,,BUYER01,2024-10-10,131315
100,EF,4500000124,NEU,E,V0008,LF,1,1,165622,2024-02-24,2024-02-24,104644,,BUYER02,2024-03-25,071134
100,EF,4500000125,NEU,E,V0014,LF,6,0,072105,2024-02-04,2024-02-04,164447,,BUYER03,2024-03-05,163502
100,EF,4500000126,NEU,E,V0002,LF,2,1,065859,2024-07-03,2024-07-03,100445,,BUYER01,2024-08-02,175318
100,EF,4500000127,NEU,E,V0011,LF,5,1,114313,2024-09-16,2024-09-16,122627,,BUYER01,2024-10-16,120133
100,EF,4500000128,NEU,E,V0003,LF,2,0,134906,2024-04-04,2024-04-04,104506,,BUYER02,2024-05-04,072120
100,EF,4500000128,ZNEU,E,V0003,LF,2,1,075333,2024-04-06,2024-04-04,,,BUYER02,2024-05-06,072120
100,EF,4500000129,NEU,E,V0015,LF,5,0,073951,2024-05-18,2024-05-18,091504,,BUYER01,2024-06-17,065929
100,EF,4500000130,NEU,E,V0014,LF,5,1,161427,2024-03-04,2024-03-04,173243,,BUYER02,2024-04-03,114036
100,EF,4500000131,NEU,E,V0011,LF,1,1,145941,2024-07-27,2024-07-27,174914,,BUYER02,2024-08-26,092142
100,EF,4500000132,NEU,E,V0003,LF,6,1,062108,2024-04-13,2024-04-13,111946,,BUYER02,2024-05-13,091549
100,EF,4500000133,NEU,E,V0010,LF,5,0,143235,2024-07-23,2024-07-23,174617,,BUYER01,2024-08-22,172946
100,EF,4500000134,NEU,E,V0003,LF,6,1,074210,2024-05-26,2024-05-26,161738,,BUYER02,2024-06-25,072813
100,EF,4500000135,NEU,E,V0001,LF,5,1,081111,2024-06-27,2024-06-27,154521,,BUYER03,2024-07-27,084247
100,EF,4500000136,NEU,E,V0009,LF,6,1,095437,2024-03-06,2024-03-06,171457,,BUYER03,2024-04-05,122127
100,EF,4500000137,NEU,E,V0015,LF,1,2,165203,2024-03-10,2024-03-10,114425,,BUYER01,2024-04-09,162916
100,EF,4500000138,NEU,E,V0004,LF,5,1,113736,2024-09-15,2024-09-15,151723,,BUYER01,2024-10-15,082442
100,EF,4500000139,NEU,E,V0012,LF,6,1,103858,2024-04-04,2024-04-04,095025,,BUYER01,2024-05-04,144006
100,EF,4500000140,NEU,E,V0007,LF,5,1,112208,2024-02-02,2024-02-02,113909,,BUYER03,2024-03-03,072727
100,EF,4500000141,NEU,E,V0008,LF,2,0,071427,2024-10-06,2024-10-06,110823,,BUYER01,2024-11-05,113632
100,EF,4500000142,NEU,E,V0008,LF,6,1,073732,2024-05-04,2024-05-04,082724,,BUYER02,2024-06-03,140337
100,EF,4500000143,NEU,E,V0008,LF,1,0,124255,2024-06-27,2024-06-27,062253,,BUYER02,2024-07-27,133213
100,EF,4500000144,NEU,E,V0012,LF,5,1,151153,2024-04-16,2024-04-16,084432,,BUYER03,2024-05-16,124151
100,EF,4500000145,NEU,E,V0009,LF,6,1,140003,2024-04-08,2024-04-08,090226,,BUYER02,2024-05-08,162501
100,EF,4500000146,NEU,E,V0012,LF,6,1,121019,2024-04-27,2024-04-27,153009,,BUYER03,2024-05-27,114803
100,EF,4500000147,NEU,E,V0011,LF,5,1,153143,2024-09-29,2024-09-29,142920,,BUYER03,2024-10-29,073443
100,EF,4500000148,NEU,E,V0008,LF,1,1,074232,2024-07-24,2024-07-24,160203,,BUYER01,2024-08-23,104343
100,EF,4500000149,NEU,E,V0008,LF,6,1,163217,2024-04-21,2024-04-21,164106,,BUYER01,2024-05-21,101612
100,EF,4500000150,NEU,E,V0005,LF,6,1,134525,2024-03-26,2024-03-26,063058,,BUYER01,2024-04-25,114736
100,EF,4500000151,NEU,E,V0007,LF,5,1,071223,2024-06-25,2024-06-25,142035,,BUYER01,2024-07-25,161408
100,EF,4500000152,NEU,E,V0015,LF,6,1,094747,2024-01-30,2024-01-30,141342,,BUYER03,2024-02-29,113550
100,EF,4500000153,NEU,E,V0012,LF,1,0,101338,2024-04-12,2024-04-12,111545,,BUYER02,2024-05-12,175437
100,EF,4500000154,NEU,E,V0010,LF,1,0,105703,2024-02-14,2024-02-14,115148,,BUYER01,2024-03-15,070756
100,EF,4500000154,ZNEU,E,V0010,LF,1,1,100734,2024-02-16,2024-02-14,,,BUYER01,2024-03-17,070756
100,EF,4500000155,NEU,E,V0009,LF,2,1,130415,2024-07-15,2024-07-15,060437,,BUYER02,2024-08-14,155340
100,EF,4500000156,NEU,E,V0003,LF,2,1,120445,2024-03-05,2024-03-05,154525,,BUYER01,2024-04-04,113505
100,EF,4500000157,NEU,E,V0004,LF,5,1,163524,2024-06-19,2024-06-19,081249,,BUYER01,2024-07-19,080911
100,EF,4500000158,NEU,E,V0005,LF,5,1,103213,2024-09-01,2024-09-01,071508,,BUYER02,2024-10-01,171627
100,EF,4500000158,ZNEU,E,V0005,LF,5,1,081200,2024-09-04,2024-09-01,,,BUYER02,2024-10-04,171627
100,EF,4500000159,NEU,E,V0011,LF,1,0,080022,2024-04-23,2024-04-23,083509,,BUYER01,2024-05-23,064151
100,EF,4500000159,ZNEU,E,V0011,LF,1,1,082516,2024-04-27,2024-04-23,,,BUYER01,2024-05-27,064151
100,EF,4500000160,NEU,E,V0003,LF,5,1,112420,2024-05-03,2024-05-03,071215,,BUYER03,2024-06-02,170715
100,EF,4500000161,NEU,E,V0009,LF,5,1,104525,2024-04-07,2024-04-07,101931,,BUYER03,2024-05-07,100000
100,EF,4500000162,NEU,E,V0009,LF,5,1,083921,2024-09-30,2024-09-30,074332,,BUYER01,2024-10-30,080452
100,EF,4500000163,NEU,E,V0004,LF,5,1,145359,2024-09-24,2024-09-24,162227,,BUYER01,2024-10-24,145644
100,EF,4500000164,NEU,E,V0004,LF,6,1,090118,2024-09-25,2024-09-25,062624,,BUYER02,2024-10-25,063632
100,EF,4500000165,NEU,E,V0015,LF,1,0,160541,2024-09-13,2024-09-13,102801,,BUYER03,2024-10-13,114414
100,EF,4500000166,NEU,E,V0012,LF,5,0,124336,2024-05-18,2024-05-18,081249,,BUYER03,2024-06-17,093909
100,EF,4500000167,NEU,E,V0003,LF,5,1,171404,2024-08-13,2024-08-13,135344,,BUYER02,2024-09-12,154606
100,EF,4500000168,NEU,E,V0012,LF,1,1,173621,2024-08-27,2024-08-27,061842,,BUYER02,2024-09-26,120226
100,EF,4500000169,NEU,E,V0010,LF,5,1,142320,2024-09-30,2024-09-30,115922,,BUYER01,2024-10-30,172123
100,EF,4500000170,NEU,E,V0012,LF,6,0,142928,2024-05-04,2024-05-04,122539,,BUYER03,2024-06-03,060926
100,EF,4500000171,NEU,E,V0014,LF,1,1,125048,2024-09-15,2024-09-15,143524,,BUYER03,2024-10-15,074818
100,EF,4500000172,NEU,E,V0006,LF,1,1,064325,2024-05-27,2024-05-27,090333,,BUYER03,2024-06-26,162112
100,EF,4500000173,NEU,E,V0014,LF,6,2,094925,2024-07-07,2024-07-07,170756,,BUYER02,2024-08-06,174021
100,EF,4500000174,NEU,E,V0003,LF,6,0,084532,2024-01-07,2024-01-07,113502,,BUYER02,2024-02-06,165529
100,EF,4500000175,NEU,E,V0008,LF,2,1,061549,2024-05-29,2024-05-29,073702,,BUYER01,2024-06-28,140337
100,EF,4500000176,NEU,E,V0010,LF,6,1,172931,2024-04-21,2024-04-21,082742,,BUYER01,2024-05-21,080215
100,EF,4500000177,NEU,E,V0004,LF,6,1,163851,2024-07-07,2024-07-07,161538,,BUYER03,2024-08-06,112816
100,EF,4500000178,NEU,E,V0015,LF,6,1,062312,2024-06-16,2024-06-16,123058,,BUYER01,2024-07-16,082954
100,EF,4500000179,NEU,E,V0005,LF,5,1,135414,2024-04-03,2024-04-03,062442,,BUYER03,2024-05-03,131004
100,EF,4500000180,NEU,E,V0004,LF,6,1,150630,2024-03-11,2024-03-11,070211,,BUYER01,2024-04-10,065148
100,EF,4500000181,NEU,E,V0015,LF,6,1,133209,2024-09-12,2024-09-12,122220,,BUYER03,2024-10-12,101026
100,EF,4500000182,NEU,E,V0004,LF,2,1,145944,2024-04-29,2024-04-29,140456,,BUYER01,2024-05-29,135048
100,EF,4500000183,NEU,E,V0010,LF,6,1,150156,2024-06-15,2024-06-15,145944,,BUYER02,2024-07-15,160449
100,EF,4500000184,NEU,E,V0013,LF,5,1,152839,2024-02-22,2024-02-22,174117,,BUYER02,2024-03-23,083405
100,EF,4500000185,NEU,E,V0001,LF,2,1,111011,2024-04-24,2024-04-24,081942,,BUYER01,2024-05-24,120934
100,EF,4500000186,NEU,E,V0007,LF,6,1,114043,2024-03-10,2024-03-10,121242,,BUYER02,2024-04-09,084859
100,EF,4500000187,NEU,E,V0001,LF,1,1,063402,2024-09-12,2024-09-12,171642,,BUYER02,2024-10-12,070230
100,EF,4500000188,NEU,E,V0008,LF,1,2,101834,2024-09-03,2024-09-03,132820,,BUYER01,2024-10-03,174525
100,EF,4500000189,NEU,E,V0006,LF,6,1,084659,2024-07-23,2024-07-23,122212,,BUYER03,2024-08-22,174740
100,EF,4500000190,NEU,E,V0011,LF,6,1,062409,2024-07-12,2024-07-12,080556,,BUYER02,2024-08-11,132828
100,EF,4500000191,NEU,E,V0009,LF,6,1,113539,2024-04-29,2024-04-29,092657,,BUYER01,2024-05-29,174955
100,EF,4500000191,ZNEU,E,V0009,LF,6,1,153143,2024-04-30,2024-04-29,,,BUYER01,2024-05-30,174955
100,EF,4500000192,NEU,E,V0011,LF,5,1,141734,2024-04-27,2024-04-27,162820,,BUYER02,2024-05-27,141719
100,EF,4500000193,NEU,E,V0001,LF,2,1,165314,2024-01-28,2024-01-28,094906,,BUYER03,2024-02-27,104336
100,EF,4500000194,NEU,E,V0014,LF,6,2,164540,2024-06-01,2024-06-01,084559,,BUYER03,2024-07-01,144351
100,EF,4500000195,NEU,E,V0010,LF,1,1,140133,2024-02-05,2024-02-05,121353,,BUYER01,2024-03-06,060938
100,EF,4500000196,NEU,E,V0009,LF,1,1,113213,2024-04-19,2024-04-19,143709,,BUYER02,2024-05-19,155048
100,EF,4500000197,NEU,E,V0010,LF,6,1,090930,2024-08-23,2024-08-23,065533,,BUYER03,2024-09-22,175151
100,EF,4500000198,NEU,E,V0001,LF,6,1,121115,2024-10-05,2024-10-05,141315,,BUYER02,2024-11-04,170838
100,EF,4500000198,ZNEU,E,V0001,LF,6,1,133602,2024-10-06,2024-10-05,,,BUYER02,2024-11-05,170838
100,EF,4500000199,NEU,E,V0001,LF,6,1,140430,2024-05-28,2024-05-28,115014,,BUYER02,2024-06-27,120415
100,EF,4500000200,NEU,E,V0015,LF,1,0,074551,2024-06-12,2024-06-12,075641,,BUYER03,2024-07-12,174502
100,EF,4500000201,NEU,E,V0001,LF,5,1,170237,2024-07-30,2024-07-30,135707,,BUYER03,2024-08-29,095437
100,EF,4500000202,NEU,E,V0010,LF,5,1,093624,2024-10-01,2024-10-01,061327,,BUYER03,2024-10-31,064859
100,EF,4500000203,NEU,E,V0012,LF,6,0,143258,2024-03-01,2024-03-01,161400,,BUYER03,2024-03-31,164051
100,EF,4500000204,NEU,E,V0011,LF,5,1,121631,2024-03-17,2024-03-17,080526,,BUYER02,2024-04-16,090337
100,EF,4500000205,NEU,E,V0007,LF,6,1,160719,2024-02-01,2024-02-01,150541,,BUYER03,2024-03-02,162357
100,EF,4500000206,NEU,E,V0010,LF,6,1,070945,2024-06-22,2024-06-22,164040,,BUYER03,2024-07-22,090026
100,EF,4500000207,NEU,E,V0003,LF,5,1,060300,2024-06-13,2024-06-13,150956,,BUYER01,2024-07-13,092557
100,EF,4500000208,NEU,E,V0011,LF,6,1,131004,2024-01-10,2024-01-10,124632,,BUYER02,2024-02-09,134647
100,EF,4500000209,NEU,E,V0001,LF,6,1,143702,2024-02-15,2024-02-15,133001,,BUYER01,2024-03-16,152246
100,EF,4500000210,NEU,E,V0011,LF,1,2,165110,2024-06-18,2024-06-18,071853,,BUYER03,2024-07-18,121308
100,EF,4500000210,ZNEU,E,V0011,LF,1,1,094544,2024-06-23,2024-06-18,,,BUYER03,2024-07-23,121308
100,EF,4500000211,NEU,E,V0013,LF,6,1,110115,2024-03-09,2024-03-09,120445,,BUYER01,2024-04-08,061838
100,EF,4500000212,NEU,E,V0015,LF,6,1,073039,2024-09-30,2024-09-30,112338,,BUYER03,2024-10-30,105848
100,EF,4500000213,NEU,E,V0003,LF,5,1,134540,2024-03-11,2024-03-11,163702,,BUYER03,2024-04-10,175637
100,EF,4500000214,NEU,E,V0009,LF,2,1,171345,2024-06-22,2024-06-22,124240,,BUYER01,2024-07-22,131323
100,EF,4500000214,ZNEU,E,V0009,LF,2,1,121545,2024-06-24,2024-06-22,,,BUYER01,2024-07-24,131323
100,EF,4500000215,NEU,E,V0010,LF,5,0,162712,2024-10-04,2024-10-04,072705,,BUYER01,2024-11-03,151549
100,EF,4500000216,NEU,E,V0003,LF,5,1,143013,2024-06-29,2024-06-29,143001,,BUYER02,2024-07-29,120218
100,EF,4500000217,NEU,E,V0003,LF,6,1,130152,2024-06-17,2024-06-17,174951,,BUYER01,2024-07-17,153528
100,EF,4500000217,ZNEU,E,V0003,LF,6,1,061104,2024-06-21,2024-06-17,,,BUYER01,2024-07-21,153528
100,EF,4500000218,NEU,E,V0001,LF,5,1,075552,2024-09-04,2024-09-04,070923,,BUYER01,2024-10-04,170734
100,EF,4500000219,NEU,E,V0009,LF,1,0,173758,2024-04-27,2024-04-27,133754,,BUYER01,2024-05-27,141215
100,EF,4500000219,ZNEU,E,V0009,LF,1,1,110923,2024-04-29,2024-04-27,,,BUYER01,2024-05-29,141215
100,EF,4500000220,NEU,E,V0011,LF,6,1,121953,2024-02-06,2024-02-06,074425,,BUYER03,2024-03-07,134302
100,EF,4500000221,NEU,E,V0001,LF,5,1,111500,2024-06-04,2024-06-04,153643,,BUYER01,2024-07-04,145051
100,EF,4500000222,NEU,E,V0014,LF,5,0,063158,2024-01-11,2024-01-11,134610,,BUYER02,2024-02-10,100056
100,EF,4500000223,NEU,E,V0007,LF,5,1,061538,2024-09-20,2024-09-20,083220,,BUYER03,2024-10-20,125807
100,EF,4500000224,NEU,E,V0002,LF,6,1,133347,2024-06-17,2024-06-17,134343,,BUYER01,2024-07-17,152916
100,EF,4500000225,NEU,E,V0005,LF,1,1,110330,2024-01-18,2024-01-18,174444,,BUYER01,2024-02-17,115222
100,EF,4500000226,NEU,E,V0007,LF,1,1,160407,2024-06-30,2024-06-30,172220,,BUYER01,2024-07-30,083405
100,EF,4500000227,NEU,E,V0014,LF,6,2,120430,2024-05-20,2024-05-20,130126,,BUYER02,2024-06-19,173836
100,EF,4500000228,NEU,E,V0004,LF,6,1,152650,2024-01-22,2024-01-22,120526,,BUYER03,2024-02-21,125552
100,EF,4500000229,NEU,E,V0008,LF,1,1,100934,2024-08-07,2024-08-07,155937,,BUYER03,2024-09-06,165552
100,EF,4500000230,NEU,E,V0005,LF,2,1,073958,2024-01-06,2024-01-06,084051,,BUYER02,2024-02-05,175133
100,EF,4500000231,NEU,E,V0014,LF,6,1,070741,2024-06-12,2024-06-12,171115,,BUYER02,2024-07-12,123851
100,EF,4500000232,NEU,E,V0002,LF,6,1,083420,2024-08-23,2024-08-23,083613,,BUYER03,2024-09-22,160007
100,EF,4500000233,NEU,E,V0011,LF,5,1,152709,2024-04-08,2024-04-08,123754,,BUYER01,2024-05-08,093309
100,EF,4500000234,NEU,E,V0006,LF,5,2,130722,2024-04-06,2024-04-06,082439,,BUYER01,2024-05-06,092108
100,EF,4500000235,NEU,E,V0013,LF,6,1,082620,2024-05-18,2024-05-18,121812,,BUYER02,2024-06-17,135656
100,EF,4500000236,NEU,E,V0014,LF,6,1,153202,2024-04-23,2024-04-23,142127,,BUYER03,2024-05-23,063958
100,EF,4500000237,NEU,E,V0012,LF,2,1,105544,2024-04-21,2024-04-21,111041,,BUYER02,2024-05-21,115733
100,EF,4500000238,NEU,E,V0004,LF,6,1,091038,2024-03-18,2024-03-18,062446,,BUYER03,2024-04-17,105255
100,EF,4500000239,NEU,E,V0015,LF,6,1,100637,2024-05-02,2024-05-02,111608,,BUYER02,2024-06-01,090426
100,EF,4500000240,NEU,E,V0002,LF,1,1,092727,2024-03-15,2024-03-15,080611,,BUYER03,2024-04-14,075603
100,EF,4500000241,NEU,E,V0006,LF,5,0,130823,2024-02-14,2024-02-14,113139,,BUYER03,2024-03-15,122123
100,EF,4500000242,NEU,E,V0002,LF,2,1,063043,2024-05-11,2024-05-11,104506,,BUYER03,2024-06-10,091045
100,EF,4500000243,NEU,E,V0015,LF,2,1,162312,2024-07-25,2024-07-25,091549,,BUYER01,2024-08-24,143947
100,EF,4500000244,NEU,E,V0001,LF,1,0,081823,2024-10-03,2024-10-03,091108,,BUYER02,2024-11-02,164647
100,EF,4500000245,NEU,E,V0004,LF,6,1,093432,2024-07-06,2024-07-06,141742,,BUYER02,2024-08-05,154918
100,EF,4500000246,NEU,E,V0004,LF,1,0,174921,2024-03-23,2024-03-23,133921,,BUYER03,2024-04-22,160126
100,EF,4500000247,NEU,E,V0011,LF,5,1,095452,2024-03-27,2024-03-27,094058,,BUYER03,2024-04-26,154444
100,EF,4500000248,NEU,E,V0006,LF,5,1,151104,2024-10-02,2024-10-02,125941,,BUYER01,2024-11-01,141757
100,EF,4500000249,NEU,E,V0007,LF,5,1,120600,2024-03-23,2024-03-23,150522,,BUYER02,2024-04-22,112316
100,EF,4500000250,NEU,E,V0013,LF,1,1,135340,2024-09-13,2024-09-13,152843,,BUYER01,2024-10-13,135055
100,EF,4500000251,NEU,E,V0003,LF,1,0,061808,2024-03-13,2024-03-13,085518,,BUYER02,2024-04-12,124432
100,EF,4500000252,NEU,E,V0003,LF,1,0,151219,2024-07-06,2024-07-06,172650,,BUYER01,2024-08-05,093005
100,EF,4500000252,ZNEU,E,V0003,LF,1,1,102505,2024-07-08,2024-07-06,,,BUYER01,2024-08-07,093005
100,EF,4500000253,NEU,E,V0006,LF,1,1,101749,2024-09-13,2024-09-13,145144,,BUYER01,2024-10-13,073135
100,EF,4500000254,NEU,E,V0014,LF,5,1,130318,2024-06-09,2024-06-09,125255,,BUYER02,2024-07-09,070726
100,EF,4500000255,NEU,E,V0001,LF,1,0,140619,2024-03-08,2024-03-08,165359,,BUYER01,2024-04-07,141126
100,EF,4500000256,NEU,E,V0003,LF,1,1,073528,2024-02-09,2024-02-09,175537,,BUYER03,2024-03-10,105818
100,EF,4500000256,ZNEU,E,V0003,LF,1,1,101319,2024-02-11,2024-02-09,,,BUYER03,2024-03-12,105818
100,EF,4500000257,NEU,E,V0007,LF,5,1,074243,2024-06-14,2024-06-14,152001,,BUYER01,2024-07-14,074517
100,EF,4500000258,NEU,E,V0014,LF,6,1,135352,2024-08-10,2024-08-10,123124,,BUYER02,2024-09-09,110415
100,EF,4500000259,NEU,E,V0012,LF,1,1,104836,2024-04-21,2024-04-21,154936,,BUYER01,2024-05-21,091749
100,EF,4500000260,NEU,E,V0003,LF,5,2,103120,2024-09-22,2024-09-22,074959,,BUYER01,2024-10-22,164251
100,EF,4500000261,NEU,E,V0014,LF,1,2,154147,2024-03-09,2024-03-09,171011,,BUYER03,2024-04-08,175611
100,EF,4500000262,NEU,E,V0010,LF,1,1,091308,2024-03-30,2024-03-30,072557,,BUYER03,2024-04-29,153524
100,EF,4500000262,ZNEU,E,V0010,LF,1,1,145425,2024-03-31,2024-03-30,,,BUYER03,2024-04-30,153524
100,EF,4500000263,NEU,E,V0006,LF,1,1,155044,2024-05-11,2024-05-11,091857,,BUYER02,2024-06-10,060218
100,EF,4500000264,NEU,E,V0006,LF,5,1,075807,2024-06-09,2024-06-09,165833,,BUYER02,2024-07-09,121304
100,EF,4500000265,NEU,E,V0007,LF,6,1,070415,2024-07-31,2024-07-31,103428,,BUYER03,2024-08-30,172323
100,EF,4500000265,ZNEU,E,V0007,LF,6,1,171130,2024-08-01,2024-07-31,,,BUYER03,2024-08-31,172323
100,EF,4500000266,NEU,E,V0014,LF,6,1,142231,2024-04-19,2024-04-19,140211,,BUYER02,2024-05-19,102846
100,EF,4500000267,NEU,E,V0007,LF,5,1,144714,2024-05-16,2024-05-16,143613,,BUYER01,2024-06-15,155641
100,EF,4500000267,ZNEU,E,V0007,LF,5,1,100437,2024-05-20,2024-05-16,,,BUYER01,2024-06-19,155641
100,EF,4500000268,NEU,E,V0012,LF,6,1,114328,2024-06-12,2024-06-12,133031,,BUYER02,2024-07-12,134602
100,EF,4500000269,NEU,E,V0013,LF,6,1,062416,2024-08-10,2024-08-10,123609,,BUYER02,2024-09-09,152935
100,EF,4500000270,NEU,E,V0005,LF,5,1,092250,2024-01-21,2024-01-21,065425,,BUYER01,2024-02-20,062542
100,EF,4500000270,ZNEU,E,V0005,LF,5,1,080841,2024-01-25,2024-01-21,,,BUYER01,2024-02-24,062542
100,EF,4500000271,NEU,E,V0002,LF,1,1,104644,2024-08-15,2024-08-15,082424,,BUYER02,2024-09-14,151757
100,EF,4500000272,NEU,E,V0004,LF,6,1,170103,2024-03-27,2024-03-27,061846,,BUYER03,2024-04-26,104025
100,EF,4500000273,NEU,E,V0004,LF,6,1,105248,2024-07-23,2024-07-23,112631,,BUYER01,2024-08-22,095633
100,EF,4500000274,NEU,E,V0003,LF,6,1,070953,2024-09-12,2024-09-12,133120,,BUYER03,2024-10-12,152338
100,EF,4500000275,NEU,E,V0008,LF,1,1,062016,2024-04-28,2024-04-28,125410,,BUYER01,2024-05-28,162557
100,EF,4500000276,NEU,E,V0006,LF,5,1,072116,2024-04-05,2024-04-05,084210,,BUYER01,2024-05-05,151916
100,EF,4500000277,NEU,E,V0003,LF,6,1,081908,2024-05-19,2024-05-19,064717,,BUYER01,2024-06-18,173454
100,EF,4500000278,NEU,E,V0014,LF,1,1,070233,2024-04-27,2024-04-27,151712,,BUYER01,2024-05-27,142057
100,EF,4500000279,NEU,E,V0014,LF,1,1,124158,2024-09-03,2024-09-03,093043,,BUYER02,2024-10-03,085159
100,EF,4500000280,NEU,E,V0005,LF,5,0,062457,2024-04-22,2024-04-22,094058,,BUYER01,2024-05-22,105422
100,EF,4500000281,NEU,E,V0015,LF,5,1,074036,2024-08-15,2024-08-15,071349,,BUYER02,2024-09-14,131304
100,EF,4500000282,NEU,E,V0009,LF,1,0,174136,2024-05-16,2024-05-16,063309,,BUYER02,2024-06-15,140938
100,EF,4500000283,NEU,E,V0008,LF,1,1,142531,2024-04-09,2024-04-09,153847,,BUYER03,2024-05-09,162427
100,EF,4500000284,NEU,E,V0011,LF,1,1,110330,2024-04-12,2024-04-12,060318,,BUYER01,2024-05-12,113447
100,EF,4500000285,NEU,E,V0014,LF,5,1,063543,2024-08-17,2024-08-17,112616,,BUYER02,2024-09-16,143413
100,EF,4500000286,NEU,E,V0002,LF,2,1,161738,2024-09-19,2024-09-19,110115,,BUYER02,2024-10-19,073817
100,EF,4500000287,NEU,E,V0014,LF,5,0,132227,2024-07-19,2024-07-19,060348,,BUYER03,2024-08-18,073621
100,EF,4500000288,NEU,E,V0009,LF,5,1,094010,2024-03-28,2024-03-28,132105,,BUYER01,2024-04-27,065540
100,EF,4500000289,NEU,E,V0015,LF,5,1,075826,2024-02-03,2024-02-03,070033,,BUYER01,2024-03-04,111153
100,EF,4500000290,NEU,E,V0008,LF,5,0,080923,2024-03-16,2024-03-16,172954,,BUYER03,2024-04-15,110337
100,EF,4500000291,NEU,E,V0011,LF,1,1,060511,2024-03-22,2024-03-22,090148,,BUYER01,2024-04-21,104702
100,EF,4500000292,NEU,E,V0007,LF,1,1,150026,2024-02-09,2024-02-09,061612,,BUYER01,2024-03-10,075729
100,EF,4500000293,NEU,E,V0007,LF,5,2,130830,2024-05-31,2024-05-31,150615,,BUYER03,2024-06-30,092616
100,EF,4500000294,NEU,E,V0002,LF,5,1,155629,2024-01-11,2024-01-11,162712,,BUYER01,2024-02-10,160330
100,EF,4500000295,NEU,E,V0008,LF,2,1,134821,2024-02-16,2024-02-16,122646,,BUYER01,2024-03-17,092520
100,EF,4500000296,NEU,E,V0002,LF,5,1,151757,2024-03-30,2024-03-30,103524,,BUYER03,2024-04-29,145507
100,EF,4500000297,NEU,E,V0013,LF,1,1,170819,2024-06-12,2024-06-12,060626,,BUYER01,2024-07-12,131604
100,EF,4500000298,NEU,E,V0012,LF,1,1,062705,2024-08-23,2024-08-23,165926,,BUYER03,2024-09-22,155603
100,EF,4500000299,NEU,E,V0011,LF,5,1,112216,2024-02-06,2024-02-06,103736,,BUYER01,2024-03-07,075422
100,EF,4500000300,NEU,E,V0008,LF,5,1,093613,2024-01-24,2024-01-24,090641,,BUYER01,2024-02-23,135603
100,EF,4500000301,NEU,E,V0001,LF,6,1,145856,2024-07-31,2024-07-31,080945,,BUYER02,2024-08-30,162916
100,EF,4500000302,NEU,E,V0009,LF,1,1,104951,2024-08-22,2024-08-22,102650,,BUYER01,2024-09-21,071245
100,EF,4500000303,NEU,E,V0014,LF,6,1,084755,2024-02-12,2024-02-12,134002,,BUYER03,2024-03-13,171357
100,EF,4500000304,NEU,E,V0011,LF,1,0,133158,2024-06-22,2024-06-22,120511,,BUYER02,2024-07-22,062820
100,EF,4500000305,NEU,E,V0002,LF,6,1,073902,2024-04-11,2024-04-11,120400,,BUYER02,2024-05-11,131423
100,EF,4500000306,NEU,E,V0008,LF,6,1,135148,2024-04-21,2024-04-21,072546,,BUYER03,2024-05-21,113909
100,EF,4500000307,NEU,E,V0014,LF,5,1,133909,2024-01-22,2024-01-22,084425,,BUYER01,2024-02-21,123606
100,EF,4500000308,NEU,E,V0013,LF,1,1,133724,2024-08-03,2024-08-03,072001,,BUYER01,2024-09-02,121308
100,EF,4500000309,NEU,E,V0001,LF,6,1,175237,2024-05-06,2024-05-06,094158,,BUYER02,2024-06-05,061545
100,EF,4500000310,NEU,E,V0003,LF,6,1,173520,2024-08-14,2024-08-14,173209,,BUYER01,2024-09-13,070804
100,EF,4500000311,NEU,E,V0014,LF,5,1,120752,2024-08-11,2024-08-11,153747,,BUYER01,2024-09-10,101008
100,EF,4500000312,NEU,E,V0011,LF,1,1,131916,2024-02-05,2024-02-05,114740,,BUYER03,2024-03-06,124225
100,EF,4500000313,NEU,E,V0008,LF,1,1,162216,2024-05-04,2024-05-04,103128,,BUYER01,2024-06-03,071816
100,EF,4500000314,NEU,E,V0013,LF,6,1,134833,2024-05-31,2024-05-31,082454,,BUYER02,2024-06-30,123706
100,EF,4500000315,NEU,E,V0006,LF,1,1,155129,2024-02-08,2024-02-08,095148,,BUYER02,2024-03-09,081215
100,EF,4500000316,NEU,E,V0003,LF,6,1,173843,2024-09-08,2024-09-08,140545,,BUYER03,2024-10-08,131230
100,EF,4500000317,NEU,E,V0007,LF,6,1,060849,2024-04-28,2024-04-28,170052,,BUYER03,2024-05-28,151100
100,EF,4500000318,NEU,E,V0001,LF,1,1,174844,2024-08-26,2024-08-26,075507,,BUYER02,2024-09-25,104128
100,EF,4500000319,NEU,E,V0009,LF,1,0,123658,2024-02-25,2024-02-25,065425,,BUYER03,2024-03-26,154451
100,EF,4500000320,NEU,E,V0013,LF,1,1,060011,2024-09-30,2024-09-30,074217,,BUYER02,2024-10-30,081500
100,EF,4500000321,NEU,E,V0014,LF,1,1,162135,2024-03-13,2024-03-13,140245,,BUYER03,2024-04-12,155644
100,EF,4500000322,NEU,E,V0011,LF,5,1,063917,2024-04-22,2024-04-22,091601,,BUYER03,2024-05-22,101023
100,EF,4500000323,NEU,E,V0003,LF,5,1,132520,2024-05-06,2024-05-06,145252,,BUYER01,2024-06-05,064814
100,EF,4500000324,NEU,E,V0005,LF,5,1,141423,2024-08-01,2024-08-01,123258,,BUYER01,2024-08-31,093654
100,EF,4500000325,NEU,E,V0007,LF,6,1,155344,2024-08-17,2024-08-17,155644,,BUYER03,2024-09-16,172016
100,EF,4500000326,NEU,E,V0002,LF,5,1,095210,2024-08-24,2024-08-24,124602,,BUYER02,2024-09-23,074644
100,EF,4500000326,ZNEU,E,V0002,LF,5,1,163235,2024-08-27,2024-08-24,,,BUYER02,2024-09-26,074644
100,EF,4500000327,NEU,E,V0002,LF,1,0,083539,2024-08-30,2024-08-30,155944,,BUYER03,2024-09-29,120507
100,EF,4500000328,NEU,E,V0008,LF,5,1,124425,2024-06-14,2024-06-14,095140,,BUYER03,2024-07-14,070000
100,EF,4500000329,NEU,E,V0002,LF,5,0,114340,2024-08-09,2024-08-09,165407,,BUYER03,2024-09-08,061353
100,EF,4500000330,NEU,E,V0008,LF,1,1,133435,2024-07-12,2024-07-12,070853,,BUYER01,2024-08-11,162108
100,EF,4500000331,NEU,E,V0004,LF,6,1,114421,2024-03-18,2024-03-18,062246,,BUYER03,2024-04-17,090522
100,EF,4500000332,NEU,E,V0007,LF,5,0,163943,2024-06-26,2024-06-26,111508,,BUYER03,2024-07-26,072131
100,EF,4500000333,NEU,E,V0004,LF,5,2,094744,2024-06-04,2024-06-04,165455,,BUYER01,2024-07-04,092301
100,EF,4500000334,NEU,E,V0014,LF,5,0,143809,2024-06-11,2024-06-11,122012,,BUYER02,2024-07-11,123443
100,EF,4500000335,NEU,E,V0002,LF,1,1,135059,2024-03-30,2024-03-30,104032,,BUYER02,2024-04-29,135036
100,EF,4500000336,NEU,E,V0011,LF,6,1,160000,2024-08-31,2024-08-31,154451,,BUYER03,2024-09-30,124006
100,EF,4500000337,NEU,E,V0012,LF,5,1,080456,2024-06-16,2024-06-16,161519,,BUYER02,2024-07-16,140556
100,EF,4500000338,NEU,E,V0004,LF,6,0,150407,2024-04-24,2024-04-24,152231,,BUYER02,2024-05-24,093939
100,EF,4500000339,NEU,E,V0010,LF,1,1,095607,2024-02-08,2024-02-08,131757,,BUYER01,2024-03-09,154017
100,EF,4500000340,NEU,E,V0006,LF,5,1,133420,2024-02-06,2024-02-06,112142,,BUYER02,2024-03-07,073054
100,EF,4500000341,NEU,E,V0007,LF,5,1,114859,2024-07-14,2024-07-14,142057,,BUYER03,2024-08-13,082346
100,EF,4500000342,NEU,E,V0003,LF,6,1,064514,2024-09-22,2024-09-22,092724,,BUYER03,2024-10-22,101731
100,EF,4500000343,NEU,E,V0011,LF,6,1,135548,2024-06-30,2024-06-30,091727,,BUYER01,2024-07-30,154228
100,EF,4500000344,NEU,E,V0007,LF,5,1,064851,2024-04-28,2024-04-28,134206,,BUYER02,2024-05-28,071842
100,EF,4500000344,ZNEU,E,V0007,LF,5,1,175914,2024-05-03,2024-04-28,,,BUYER02,2024-06-02,071842
100,EF,4500000345,NEU,E,V0012,LF,2,1,090630,2024-09-16,2024-09-16,160218,,BUYER01,2024-10-16,104936
100,EF,4500000346,NEU,E,V0012,LF,1,1,085118,2024-03-07,2024-03-07,120326,,BUYER01,2024-04-06,135826
100,EF,4500000347,NEU,E,V0001,LF,5,1,113539,2024-03-24,2024-03-24,095822,,BUYER02,2024-04-23,150107
100,EF,4500000348,NEU,E,V0001,LF,1,1,145959,2024-04-08,2024-04-08,120030,,BUYER01,2024-05-08,153054
100,EF,4500000348,ZNEU,E,V0001,LF,1,1,073343,2024-04-09,2024-04-08,,,BUYER01,2024-05-09,153054
100,EF,4500000349,NEU,E,V0010,LF,5,1,083039,2024-04-10,2024-04-10,101327,,BUYER03,2024-05-10,060904
100,EF,4500000350,NEU,E,V0014,LF,5,1,171304,2024-03-07,2024-03-07,120345,,BUYER03,2024-04-06,071549
100,EF,4500000351,NEU,E,V0009,LF,6,1,170853,2024-01-07,2024-01-07,173824,,BUYER02,2024-02-06,112016
100,EF,4500000352,NEU,E,V0014,LF,2,1,060437,2024-07-09,2024-07-09,093613,,BUYER01,2024-08-08,160519
100,EF,4500000353,NEU,E,V0011,LF,1,1,131415,2024-07-18,2024-07-18,060830,,BUYER03,2024-08-17,070853
100,EF,4500000354,NEU,E,V0002,LF,5,1,063913,2024-09-12,2024-09-12,101323,,BUYER01,2024-10-12,174732
100,EF,4500000355,NEU,E,V0003,LF,5,1,104036,2024-07-18,2024-07-18,173802,,BUYER01,2024-08-17,114732
100,EF,4500000356,NEU,E,V0007,LF,5,1,083602,2024-05-07,2024-05-07,101916,,BUYER02,2024-06-06,083347
100,EF,4500000356,ZNEU,E,V0007,LF,5,1,082001,2024-05-09,2024-05-07,,,BUYER02,2024-06-08,083347
100,EF,4500000357,NEU,E,V0012,LF,1,1,072450,2024-09-26,2024-09-26,145021,,BUYER01,2024-10-26,131604
100,EF,4500000358,NEU,E,V0006,LF,2,1,120707,2024-06-10,2024-06-10,061519,,BUYER03,2024-07-10,123335
100,EF,4500000358,ZNEU,E,V0006,LF,2,1,132050,2024-06-12,2024-06-10,,,BUYER03,2024-07-12,123335
100,EF,4500000359,NEU,E,V0002,LF,6,1,104929,2024-07-03,2024-07-03,160400,,BUYER01,2024-08-02,092446
100,EF,4500000359,ZNEU,E,V0002,LF,6,1,123558,2024-07-08,2024-07-03,,,BUYER01,2024-08-07,092446
100,EF,4500000360,NEU,E,V0007,LF,5,1,133539,2024-08-18,2024-08-18,125729,,BUYER01,2024-09-17,082142
100,EF,4500000361,NEU,E,V0008,LF,6,1,100426,2024-09-21,2024-09-21,165348,,BUYER03,2024-10-21,065714
100,EF,4500000361,ZNEU,E,V0008,LF,6,1,112420,2024-09-25,2024-09-21,,,BUYER03,2024-10-25,065714
100,EF,4500000362,NEU,E,V0011,LF,5,0,121823,2024-09-09,2024-09-09,161638,,BUYER02,2024-10-09,095537
100,EF,4500000363,NEU,E,V0007,LF,1,1,122550,2024-07-21,2024-07-21,082928,,BUYER01,2024-08-20,173724
100,EF,4500000364,NEU,E,V0007,LF,1,1,133113,2024-01-06,2024-01-06,170707,,BUYER01,2024-02-05,091749
100,EF,4500000365,NEU,E,V0013,LF,1,1,111011,2024-10-06,2024-10-06,171445,,BUYER01,2024-11-05,122639
100,EF,4500000366,NEU,E,V0013,LF,1,1,114047,2024-03-04,2024-03-04,160500,,BUYER03,2024-04-03,172901
100,EF,4500000367,NEU,E,V0007,LF,5,1,160819,2024-08-23,2024-08-23,103624,,BUYER02,2024-09-22,170749
100,EF,4500000368,NEU,E,V0014,LF,5,1,101604,2024-03-07,2024-03-07,131019,,BUYER01,2024-04-06,175814
100,EF,4500000369,NEU,E,V0015,LF,1,1,070337,2024-06-06,2024-06-06,115203,,BUYER03,2024-07-06,155703
100,EF,4500000370,NEU,E,V0011,LF,5,1,094606,2024-07-13,2024-07-13,103439,,BUYER02,2024-08-12,061227
100,EF,4500000371,NEU,E,V0004,LF,1,1,171957,2024-03-04,2024-03-04,062746,,BUYER01,2024-04-03,075040
100,EF,4500000372,NEU,E,V0001,LF,6,1,090953,2024-09-29,2024-09-29,161846,,BUYER01,2024-10-29,145059
100,EF,4500000372,ZNEU,E,V0001,LF,6,1,153209,2024-10-02,2024-09-29,,,BUYER01,2024-11-01,145059
100,EF,4500000373,NEU,E,V0010,LF,5,1,152323,2024-06-04,2024-06-04,075729,,BUYER01,2024-07-04,155006
100,EF,4500000374,NEU,E,V0006,LF,6,0,114659,2024-06-25,2024-06-25,095733,,BUYER02,2024-07-25,160915
100,EF,4500000375,NEU,E,V0001,LF,6,1,162312,2024-02-07,2024-02-07,104936,,BUYER02,2024-03-08,130030
100,EF,4500000376,NEU,E,V0012,LF,6,1,061801,2024-08-12,2024-08-12,114821,,BUYER01,2024-09-11,091746
100,EF,4500000377,NEU,E,V0013,LF,6,1,161938,2024-06-02,2024-06-02,145225,,BUYER01,2024-07-02,112524
100,EF,4500000378,NEU,E,V0011,LF,6,1,131734,2024-09-20,2024-09-20,113309,,BUYER02,2024-10-20,160341
100,EF,4500000379,NEU,E,V0002,LF,1,1,164021,2024-07-26,2024-07-26,105948,,BUYER03,2024-08-25,091857
100,EF,4500000380,NEU,E,V0002,LF,6,1,142127,2024-04-23,2024-04-23,121549,,BUYER01,2024-05-23,085429
100,EF,4500000381,NEU,E,V0006,LF,1,1,083024,2024-02-26,2024-02-26,082916,,BUYER02,2024-03-27,172605
100,EF,4500000382,NEU,E,V0012,LF,6,2,144336,2024-03-15,2024-03-15,144128,,BUYER01,2024-04-14,102809
100,EF,4500000382,ZNEU,E,V0012,LF,6,1,114559,2024-03-20,2024-03-15,,,BUYER01,2024-04-19,102809
100,EF,4500000383,NEU,E,V0008,LF,1,2,062750,2024-06-01,2024-06-01,145922,,BUYER02,2024-07-01,155003
100,EF,4500000384,NEU,E,V0014,LF,5,1,141849,2024-09-30,2024-09-30,115829,,BUYER03,2024-10-30,063602
100,EF,4500000384,ZNEU,E,V0014,LF,5,1,123858,2024-10-04,2024-09-30,,,BUYER03,2024-11-03,063602
100,EF,4500000385,NEU,E,V0008,LF,2,1,130704,2024-08-31,2024-08-31,130915,,BUYER03,2024-09-30,142238
100,EF,4500000385,ZNEU,E,V0008,LF,2,1,140033,2024-09-05,2024-08-31,,,BUYER03,2024-10-05,142238
100,EF,4500000386,NEU,E,V0008,LF,5,1,095422,2024-01-26,2024-01-26,174136,,BUYER01,2024-02-25,082705
100,EF,4500000387,NEU,E,V0008,LF,5,1,085741,2024-08-18,2024-08-18,122705,,BUYER02,2024-09-17,102442
100,EF,4500000388,NEU,E,V0006,LF,1,1,171338,2024-01-04,2024-01-04,155051,,BUYER01,2024-02-03,100926
100,EF,4500000388,ZNEU,E,V0006,LF,1,1,162554,2024-01-06,2024-01-04,,,BUYER01,2024-02-05,100926
100,EF,4500000389,NEU,E,V0001,LF,2,1,120834,2024-09-25,2024-09-25,152257,,BUYER02,2024-10-25,065741
100,EF,4500000390,NEU,E,V0003,LF,5,0,154810,2024-08-12,2024-08-12,155626,,BUYER03,2024-09-11,151719
100,EF,4500000391,NEU,E,V0013,LF,1,1,110437,2024-05-05,2024-05-05,165729,,BUYER01,2024-06-04,132305
100,EF,4500000392,NEU,E,V0005,LF,6,1,153943,2024-01-22,2024-01-22,094921,,BUYER02,2024-02-21,174351
100,EF,4500000393,NEU,E,V0003,LF,1,0,065807,2024-06-20,2024-06-20,060726,,BUYER03,2024-07-20,111823
100,EF,4500000394,NEU,E,V0001,LF,5,0,103317,2024-07-08,2024-07-08,150530,,BUYER03,2024-08-07,153550
100,EF,4500000395,NEU,E,V0003,LF,6,1,150430,2024-09-21,2024-09-21,151557,,BUYER02,2024-10-21,142053
100,EF,4500000395,ZNEU,E,V0003,LF,6,1,112401,2024-09-23,2024-09-21,,,BUYER02,2024-10-23,142053
100,EF,4500000396,NEU,E,V0005,LF,1,1,153101,2024-07-01,2024-07-01,093309,,BUYER01,2024-07-31,145355
100,EF,4500000397,NEU,E,V0004,LF,2,1,091804,2024-05-28,2024-05-28,083954,,BUYER01,2024-06-27,121916
100,EF,4500000397,ZNEU,E,V0004,LF,2,1,114043,2024-06-02,2024-05-28,,,BUYER01,2024-07-02,121916
100,EF,4500000398,NEU,E,V0007,LF,6,1,150207,2024-04-25,2024-04-25,124632,,BUYER01,2024-05-25,074414
100,EF,4500000399,NEU,E,V0014,LF,6,1,123428,2024-03-05,2024-03-05,163413,,BUYER03,2024-04-04,064236
100,EF,4500000400,NEU,E,V0008,LF,1,1,093020,2024-06-03,2024-06-03,102416,,BUYER03,2024-07-03,083617
100,EF,4500000401,NEU,E,V0007,LF,5,1,091953,2024-06-25,2024-06-25,105744,,BUYER01,2024-07-25,100722
100,EF,4500000402,NEU,E,V0014,LF,5,1,145811,2024-04-29,2024-04-29,064202,,BUYER03,2024-05-29,105507
100,EF,4500000403,NEU,E,V0012,LF,1,1,144840,2024-08-28,2024-08-28,170148,,BUYER03,2024-09-27,173821
100,EF,4500000404,NEU,E,V0004,LF,1,1,094036,2024-05-14,2024-05-14,140318,,BUYER01,2024-06-13,064110
100,EF,4500000405,NEU,E,V0010,LF,1,1,143250,2024-08-30,2024-08-30,115237,,BUYER03,2024-09-29,142946
100,EF,4500000406,NEU,E,V0008,LF,5,1,172027,2024-08-29,2024-08-29,100152,,BUYER01,2024-09-28,082843
100,EF,4500000407,NEU,E,V0008,LF,5,1,065656,2024-07-24,2024-07-24,103702,,BUYER02,2024-08-23,094644
100,EF,4500000407,ZNEU,E,V0008,LF,5,1,080945,2024-07-26,2024-07-24,,,BUYER02,2024-08-25,094644
100,EF,4500000408,NEU,E,V0004,LF,6,1,060630,2024-08-03,2024-08-03,162253,,BUYER01,2024-09-02,085136
100,EF,4500000409,NEU,E,V0012,LF,6,1,173505,2024-05-08,2024-05-08,061253,,BUYER03,2024-06-07,081557
100,EF,4500000410,NEU,E,V0005,LF,6,1,114903,2024-02-23,2024-02-23,102008,,BUYER01,2024-03-24,080819
100,EF,4500000411,NEU,E,V0011,LF,6,1,084147,2024-10-02,2024-10-02,133428,,BUYER03,2024-11-01,165807
100,EF,4500000412,NEU,E,V0011,LF,1,2,070245,2024-03-31,2024-03-31,062454,,BUYER01,2024-04-30,102223
100,EF,4500000413,NEU,E,V0002,LF,5,1,125533,2024-03-18,2024-03-18,085644,,BUYER01,2024-04-17,071108
100,EF,4500000414,NEU,E,V0013,LF,1,1,155948,2024-04-09,2024-04-09,140711,,BUYER03,2024-05-09,062046
100,EF,4500000415,NEU,E,V0011,LF,5,2,063058,2024-02-25,2024-02-25,111134,,BUYER02,2024-03-26,121919
100,EF,4500000416,NEU,E,V0002,LF,5,1,072442,2024-09-26,2024-09-26,152831,,BUYER01,2024-10-26,082731
100,EF,4500000417,NEU,E,V0011,LF,2,1,095622,2024-09-13,2024-09-13,150826,,BUYER01,2024-10-13,083917
100,EF,4500000418,NEU,E,V0001,LF,5,1,152023,2024-02-09,2024-02-09,123001,,BUYER02,2024-03-10,060245
100,EF,4500000419,NEU,E,V0004,LF,5,0,112557,2024-03-12,2024-03-12,062809,,BUYER03,2024-04-11,161041
100,EF,4500000419,ZNEU,E,V0004,LF,5,1,085425,2024-03-16,2024-03-12,,,BUYER03,2024-04-15,161041
100,EF,4500000420,NEU,E,V0011,LF,1,1,104921,2024-08-12,2024-08-12,155507,,BUYER02,2024-09-11,110626
100,EF,4500000421,NEU,E,V0003,LF,6,1,082416,2024-10-03,2024-10-03,073706,,BUYER02,2024-11-02,145844
100,EF,4500000422,NEU,E,V0004,LF,5,1,171053,2024-09-07,2024-09-07,173906,,BUYER01,2024-10-07,120456
100,EF,4500000423,NEU,E,V0003,LF,5,1,061219,2024-03-19,2024-03-19,075151,,BUYER02,2024-04-18,161746
100,EF,4500000424,NEU,E,V0013,LF,5,1,174721,2024-02-13,2024-02-13,103520,,BUYER01,2024-03-14,154810
100,EF,4500000425,NEU,E,V0014,LF,5,1,154818,2024-06-06,2024-06-06,090030,,BUYER01,2024-07-06,082416
100,EF,4500000425,ZNEU,E,V0014,LF,5,1,071627,2024-06-08,2024-06-06,,,BUYER01,2024-07-08,082416
100,EF,4500000426,NEU,E,V0002,LF,5,1,130137,2024-02-08,2024-02-08,082913,,BUYER03,2024-03-09,141504
100,EF,4500000427,NEU,E,V0015,LF,5,1,065414,2024-01-26,2024-01-26,113428,,BUYER03,2024-02-25,155310
100,EF,4500000428,NEU,E,V0014,LF,5,1,071500,2024-07-23,2024-07-23,081026,,BUYER01,2024-08-22,100456
100,EF,4500000429,NEU,E,V0006,LF,1,1,145136,2024-05-03,2024-05-03,092038,,BUYER01,2024-06-02,125829
100,EF,4500000430,NEU,E,V0012,LF,1,1,075818,2024-06-10,2024-06-10,080130,,BUYER03,2024-07-10,115918
100,EF,4500000431,NEU,E,V0005,LF,5,0,101212,2024-03-18,2024-03-18,162446,,BUYER03,2024-04-17,081523
100,EF,4500000432,NEU,E,V0001,LF,5,1,072909,2024-04-23,2024-04-23,092116,,BUYER02,2024-05-23,171742
100,EF,4500000433,NEU,E,V0007,LF,5,1,100704,2024-07-18,2024-07-18,112828,,BUYER02,2024-08-17,062746
100,EF,4500000434,NEU,E,V0010,LF,6,1,152257,2024-05-27,2024-05-27,060152,,BUYER02,2024-06-26,140530
100,EF,4500000435,NEU,E,V0007,LF,5,1,112157,2024-06-14,2024-06-14,135537,,BUYER01,2024-07-14,154614
100,EF,4500000436,NEU,E,V0002,LF,6,1,140704,2024-02-15,2024-02-15,135525,,BUYER01,2024-03-16,064340
100,EF,4500000437,NEU,E,V0008,LF,6,1,120715,2024-01-30,2024-01-30,171731,,BUYER02,2024-02-29,172935
100,EF,4500000438,NEU,E,V0010,LF,5,0,172701,2024-03-14,2024-03-14,155233,,BUYER03,2024-04-13,101253
100,EF,4500000439,NEU,E,V0012,LF,1,1,113013,2024-02-17,2024-02-17,150137,,BUYER01,2024-03-18,144440
100,EF,4500000440,NEU,E,V0013,LF,5,1,070511,2024-08-05,2024-08-05,111126,,BUYER02,2024-09-04,080111
100,EF,4500000441,NEU,E,V0002,LF,5,1,161842,2024-08-07,2024-08-07,124547,,BUYER03,2024-09-06,085729
100,EF,4500000442,NEU,E,V0009,LF,1,1,150133,2024-04-07,2024-04-07,144706,,BUYER02,2024-05-07,161657
100,EF,4500000443,NEU,E,V0015,LF,1,2,170222,2024-05-28,2024-05-28,145233,,BUYER01,2024-06-27,151108
100,EF,4500000443,ZNEU,E,V0015,LF,1,1,131534,2024-05-29,2024-05-28,,,BUYER01,2024-06-28,151108
100,EF,4500000444,NEU,E,V0007,LF,1,1,082701,2024-06-05,2024-06-05,154117,,BUYER03,2024-07-05,075929
100,EF,4500000445,NEU,E,V0008,LF,1,1,145941,2024-06-10,2024-06-10,102627,,BUYER03,2024-07-10,075510
100,EF,4500000445,ZNEU,E,V0008,LF,1,1,140726,2024-06-12,2024-06-10,,,BUYER03,2024-07-12,075510
100,EF,4500000446,NEU,E,V0004,LF,5,1,144959,2024-08-15,2024-08-15,061330,,BUYER03,2024-09-14,143513
100,EF,4500000447,NEU,E,V0005,LF,5,1,154447,2024-08-10,2024-08-10,101530,,BUYER02,2024-09-09,095303
100,EF,4500000448,NEU,E,V0014,LF,5,1,152409,2024-06-19,2024-06-19,101345,,BUYER02,2024-07-19,110737
100,EF,4500000448,ZNEU,E,V0014,LF,5,1,080345,2024-06-23,2024-06-19,,,BUYER02,2024-07-23,110737
100,EF,4500000449,NEU,E,V0006,LF,6,1,105533,2024-07-18,2024-07-18,160511,,BUYER01,2024-08-17,122520
100,EF,4500000449,ZNEU,E,V0006,LF,6,1,113213,2024-07-20,2024-07-18,,,BUYER01,2024-08-19,122520
100,EF,4500000450,NEU,E,V0015,LF,6,1,163843,2024-05-12,2024-05-12,080345,,BUYER02,2024-06-11,080045
100,EF,4500000451,NEU,E,V0015,LF,2,2,101134,2024-06-19,2024-06-19,175829,,BUYER01,2024-07-19,122850
100,EF,4500000452,NEU,E,V0008,LF,5,1,150207,2024-01-17,2024-01-17,112850,,BUYER02,2024-02-16,131219
100,EF,4500000453,NEU,E,V0009,LF,6,1,113747,2024-03-21,2024-03-21,173050,,BUYER01,2024-04-20,113724
100,EF,4500000454,NEU,E,V0009,LF,5,1,080938,2024-05-07,2024-05-07,150722,,BUYER02,2024-06-06,140203
100,EF,4500000455,NEU,E,V0001,LF,1,1,062401,2024-08-10,2024-08-10,090534,,BUYER02,2024-09-09,102112
100,EF,4500000456,NEU,E,V0010,LF,5,0,100037,2024-03-09,2024-03-09,095614,,BUYER02,2024-04-08,095025
100,EF,4500000457,NEU,E,V0002,LF,6,1,090307,2024-07-08,2024-07-08,072146,,BUYER01,2024-08-07,132928
100,EF,4500000457,ZNEU,E,V0002,LF,6,1,105914,2024-07-10,2024-07-08,,,BUYER01,2024-08-09,132928
100,EF,4500000458,NEU,E,V0005,LF,5,1,084429,2024-10-03,2024-10-03,081912,,BUYER01,2024-11-02,105718
100,EF,4500000459,NEU,E,V0013,LF,6,1,090745,2024-06-12,2024-06-12,130326,,BUYER02,2024-07-12,155518
100,EF,4500000460,NEU,E,V0013,LF,6,1,105737,2024-07-03,2024-07-03,144806,,BUYER02,2024-08-02,072924
100,EF,4500000461,NEU,E,V0012,LF,5,1,063154,2024-01-27,2024-01-27,093647,,BUYER02,2024-02-26,060211
100,EF,4500000462,NEU,E,V0002,LF,5,1,144536,2024-02-08,2024-02-08,103624,,BUYER02,2024-03-09,141642
100,EF,4500000463,NEU,E,V0003,LF,5,1,113450,2024-07-03,2024-07-03,152958,,BUYER03,2024-08-02,160534
100,EF,4500000464,NEU,E,V0006,LF,5,1,085240,2024-04-17,2024-04-17,114959,,BUYER02,2024-05-17,141056
100,EF,4500000465,NEU,E,V0005,LF,1,1,080730,2024-07-09,2024-07-09,174502,,BUYER03,2024-08-08,132828
100,EF,4500000466,NEU,E,V0014,LF,5,1,110048,2024-04-29,2024-04-29,093439,,BUYER03,2024-05-29,111857
100,EF,4500000467,NEU,E,V0001,LF,6,1,082750,2024-09-10,2024-09-10,162123,,BUYER02,2024-10-10,130722
100,EF,4500000468,NEU,E,V0003,LF,6,1,172646,2024-06-18,2024-06-18,084206,,BUYER01,2024-07-18,113043
100,EF,4500000469,NEU,E,V0015,LF,1,1,132801,2024-08-03,2024-08-03,165837,,BUYER01,2024-09-02,074555
100,EF,4500000470,NEU,E,V0014,LF,2,1,090652,2024-05-03,2024-05-03,160811,,BUYER01,2024-06-02,175933
100,EF,4500000471,NEU,E,V0003,LF,2,1,083043,2024-09-15,2024-09-15,102831,,BUYER03,2024-10-15,133405
100,EF,4500000471,ZNEU,E,V0003,LF,2,1,115252,2024-09-17,2024-09-15,,,BUYER03,2024-10-17,133405
100,EF,4500000472,NEU,E,V0007,LF,5,1,134951,2024-05-18,2024-05-18,173046,,BUYER03,2024-06-17,093928
100,EF,4500000473,NEU,E,V0005,LF,6,0,111842,2024-08-23,2024-08-23,065903,,BUYER01,2024-09-22,103143
100,EF,4500000474,NEU,E,V0008,LF,6,1,114351,2024-02-16,2024-02-16,175155,,BUYER03,2024-03-17,173505
100,EF,4500000475,NEU,E,V0012,LF,6,1,105252,2024-05-20,2024-05-20,064525,,BUYER01,2024-06-19,134313
100,EF,4500000476,NEU,E,V0002,LF,1,1,170856,2024-02-11,2024-02-11,142138,,BUYER01,2024-03-12,074525
100,EF,4500000477,NEU,E,V0012,LF,6,1,113113,2024-07-25,2024-07-25,152609,,BUYER02,2024-08-24,130800
100,EF,4500000478,NEU,E,V0003,LF,1,1,160303,2024-08-16,2024-08-16,124651,,BUYER03,2024-09-15,150348
100,EF,4500000478,ZNEU,E,V0003,LF,1,1,173143,2024-08-21,2024-08-16,,,BUYER03,2024-09-20,150348
100,EF,4500000479,NEU,E,V0003,LF,2,2,065944,2024-04-29,2024-04-29,160652,,BUYER01,2024-05-29,171934
100,EF,4500000480,NEU,E,V0008,LF,5,1,145318,2024-07-01,2024-07-01,140052,,BUYER01,2024-07-31,110118
100,EF,4500000481,NEU,E,V0006,LF,6,0,084340,2024-02-23,2024-02-23,165059,,BUYER03,2024-03-24,110700
100,EF,4500000481,ZNEU,E,V0006,LF,6,1,125259,2024-02-26,2024-02-23,,,BUYER03,2024-03-27,110700
100,EF,4500000482,NEU,E,V0004,LF,1,0,075452,2024-08-21,2024-08-21,075603,,BUYER03,2024-09-20,115121
100,EF,4500000483,NEU,E,V0015,LF,5,1,144451,2024-09-14,2024-09-14,100241,,BUYER03,2024-10-14,144358
100,EF,4500000484,NEU,E,V0013,LF,6,1,112435,2024-06-28,2024-06-28,114025,,BUYER01,2024-07-28,134844
100,EF,4500000484,ZNEU,E,V0013,LF,6,1,065307,2024-07-01,2024-06-28,,,BUYER01,2024-07-31,134844
100,EF,4500000485,NEU,E,V0012,LF,6,1,115852,2024-06-13,2024-06-13,120449,,BUYER02,2024-07-13,085744
100,EF,4500000485,ZNEU,E,V0012,LF,6,1,171846,2024-06-18,2024-06-13,,,BUYER02,2024-07-18,085744
100,EF,4500000486,NEU,E,V0014,LF,1,1,164410,2024-03-29,2024-03-29,120419,,BUYER03,2024-04-28,133350
100,EF,4500000487,NEU,E,V0005,LF,5,0,112431,2024-09-20,2024-09-20,095121,,BUYER03,2024-10-20,083951
100,EF,4500000488,NEU,E,V0012,LF,1,1,173513,2024-05-25,2024-05-25,161427,,BUYER03,2024-06-24,121141
100,EF,4500000489,NEU,E,V0002,LF,1,1,104632,2024-04-29,2024-04-29,090011,,BUYER02,2024-05-29,112524
100,EF,4500000490,NEU,E,V0003,LF,5,1,090656,2024-03-27,2024-03-27,092928,,BUYER02,2024-04-26,134002
100,EF,4500000491,NEU,E,V0009,LF,6,1,165348,2024-04-26,2024-04-26,165348,,BUYER02,2024-05-26,085136
100,EF,4500000492,NEU,E,V0008,LF,6,1,151227,2024-07-11,2024-07-11,084933,,BUYER02,2024-08-10,103046
100,EF,4500000493,NEU,E,V0005,LF,1,0,143454,2024-09-12,2024-09-12,165310,,BUYER01,2024-10-12,142650
100,EF,4500000494,NEU,E,V0002,LF,2,1,133447,2024-08-10,2024-08-10,123258,,BUYER02,2024-09-09,175203
100,EF,4500000495,NEU,E,V0012,LF,5,1,125233,2024-04-25,2024-04-25,145418,,BUYER03,2024-05-25,145926
100,EF,4500000495,ZNEU,E,V0012,LF,5,1,074343,2024-04-29,2024-04-25,,,BUYER03,2024-05-29,145926
100,EF,4500000496,NEU,E,V0014,LF,6,1,102431,2024-08-16,2024-08-16,151212,,BUYER03,2024-09-15,131126
100,EF,4500000497,NEU,E,V0002,LF,5,1,110904,2024-08-19,2024-08-19,161119,,BUYER03,2024-09-18,120048
100,EF,4500000498,NEU,E,V0014,LF,5,2,165048,2024-09-01,2024-09-01,090400,,BUYER01,2024-10-01,072150
100,EF,4500000498,ZNEU,E,V0014,LF,5,1,155826,2024-09-05,2024-09-01,,,BUYER01,2024-10-05,072150
100,EF,4500000499,NEU,E,V0001,LF,2,1,142701,2024-08-26,2024-08-26,103143,,BUYER01,2024-09-25,060956
100,EF,4500000499,ZNEU,E,V0001,LF,2,1,074844,2024-08-28,2024-08-26,,,BUYER01,2024-09-27,060956
100,V1,1000000000,BA00,E,C00008,AG,5,1,084918,2024-04-02,2024-04-02,154210,,SALEUSER1,2024-05-02,083324
100,V1,1000000000,ZACK,E,C00008,WE,6,1,102757,2024-04-02,2024-04-02,,,SALEUSER1,2024-05-02,083324
100,V1,1000000001,BA00,E,C00001,AG,1,2,151342,2024-03-27,2024-03-27,172116,,SALEUSER3,2024-04-26,161134
100,V1,1000000001,ZACK,E,C00001,WE,6,1,061842,2024-03-27,2024-03-27,,,SALEUSER3,2024-04-26,161134
100,V1,1000000002,BA00,E,C00008,AG,1,1,072431,2024-02-23,2024-02-23,103539,,SALEUSER3,2024-03-24,121912
100,V1,1000000002,ZACK,E,C00008,WE,6,1,070741,2024-02-23,2024-02-23,,,SALEUSER3,2024-03-24,121912
100,V1,1000000003,BA00,E,C00008,AG,1,1,094343,2024-06-20,2024-06-20,121056,,SALEUSER2,2024-07-20,101723
100,V1,1000000003,ZACK,E,C00008,WE,6,1,132546,2024-06-20,2024-06-20,,,SALEUSER2,2024-07-20,101723
100,V1,1000000004,BA00,E,C00003,AG,5,1,101019,2024-02-22,2024-02-22,160853,,SALEUSER3,2024-03-23,145729
100,V1,1000000004,ZACK,E,C00003,WE,6,1,085418,2024-02-22,2024-02-22,,,SALEUSER3,2024-03-23,145729
100,V1,1000000005,BA00,E,C00003,AG,6,2,101100,2024-05-03,2024-05-03,124459,,SALEUSER1,2024-06-02,090649
100,V1,1000000005,ZACK,E,C00003,WE,6,1,151949,2024-05-03,2024-05-03,,,SALEUSER1,2024-06-02,090649
100,V1,1000000006,BA00,E,C00004,AG,5,1,105544,2024-05-11,2024-05-11,151327,,SALEUSER3,2024-06-10,060811
100,V1,1000000006,ZACK,E,C00004,WE,6,1,174317,2024-05-11,2024-05-11,,,SALEUSER3,2024-06-10,060811
100,V1,1000000007,BA00,E,C00008,AG,6,1,174132,2024-06-14,2024-06-14,125514,,SALEUSER1,2024-07-14,110245
100,V1,1000000007,ZACK,E,C00008,WE,6,1,161816,2024-06-14,2024-06-14,,,SALEUSER1,2024-07-14,110245
100,V1,1000000008,BA00,E,C00004,AG,2,1,063339,2024-02-14,2024-02-14,114636,,SALEUSER2,2024-03-15,094232
100,V1,1000000008,ZACK,E,C00004,WE,6,1,162754,2024-02-14,2024-02-14,,,SALEUSER2,2024-03-15,094232
100,V1,1000000009,BA00,E,C00010,AG,6,0,115252,2024-08-15,2024-08-15,145522,,SALEUSER2,2024-09-14,160333
100,V1,1000000009,ZACK,E,C00010,WE,6,1,075444,2024-08-15,2024-08-15,,,SALEUSER2,2024-09-14,160333
100,V1,1000000010,BA00,E,C00009,AG,5,1,132709,2024-02-26,2024-02-26,175029,,SALEUSER1,2024-03-27,160641
100,V1,1000000010,ZACK,E,C00009,WE,6,1,083647,2024-02-26,2024-02-26,,,SALEUSER1,2024-03-27,160641
100,V1,1000000011,BA00,E,C00008,AG,5,1,083443,2024-02-28,2024-02-28,100704,,SALEUSER3,2024-03-29,143654
100,V1,1000000011,ZACK,E,C00008,WE,6,1,071849,2024-02-28,2024-02-28,,,SALEUSER3,2024-03-29,143654
100,V1,1000000012,BA00,E,C00014,AG,1,1,093813,2024-04-25,2024-04-25,175051,,SALEUSER2,2024-05-25,113450
100,V1,1000000012,ZACK,E,C00014,WE,6,1,144158,2024-04-25,2024-04-25,,,SALEUSER2,2024-05-25,113450
100,V1,1000000013,BA00,E,C00013,AG,5,1,164410,2024-06-08,2024-06-08,142609,,SALEUSER2,2024-07-08,091257
100,V1,1000000013,ZACK,E,C00013,WE,6,1,101646,2024-06-08,2024-06-08,,,SALEUSER2,2024-07-08,091257
100,V1,1000000014,BA00,E,C00010,AG,5,1,162142,2024-05-13,2024-05-13,171453,,SALEUSER2,2024-06-12,101104
100,V1,1000000014,ZACK,E,C00010,WE,6,1,062331,2024-05-13,2024-05-13,,,SALEUSER2,2024-06-12,101104
100,V1,1000000015,BA00,E,C00009,AG,5,0,130645,2024-02-16,2024-02-16,135633,,SALEUSER2,2024-03-17,175021
100,V1,1000000015,ZACK,E,C00009,WE,6,1,142635,2024-02-16,2024-02-16,,,SALEUSER2,2024-03-17,175021
100,V1,1000000016,BA00,E,C00012,AG,5,1,074814,2024-03-02,2024-03-02,160203,,SALEUSER2,2024-04-01,103654
100,V1,1000000016,ZACK,E,C00012,WE,6,1,120400,2024-03-02,2024-03-02,,,SALEUSER2,2024-04-01,103654
100,V1,1000000017,BA00,E,C00012,AG,1,0,092105,2024-09-04,2024-09-04,151708,,SALEUSER3,2024-10-04,123028
100,V1,1000000017,ZACK,E,C00012,WE,6,1,094903,2024-09-04,2024-09-04,,,SALEUSER3,2024-10-04,123028
100,V1,1000000018,BA00,E,C00003,AG,5,1,135225,2024-04-02,2024-04-02,170904,,SALEUSER2,2024-05-02,092739
100,V1,1000000018,ZACK,E,C00003,WE,6,1,145822,2024-04-02,2024-04-02,,,SALEUSER2,2024-05-02,092739
100,V1,1000000019,BA00,E,C00006,AG,1,1,073220,2024-03-13,2024-03-13,085429,,SALEUSER3,2024-04-12,124851
100,V1,1000000019,ZACK,E,C00006,WE,6,1,122138,2024-03-13,2024-03-13,,,SALEUSER3,2024-04-12,124851
100,V1,1000000020,BA00,E,C00004,AG,6,1,124614,2024-03-14,2024-03-14,121816,,SALEUSER3,2024-04-13,063913
100,V1,1000000020,ZACK,E,C00004,WE,6,1,084855,2024-03-14,2024-03-14,,,SALEUSER3,2024-04-13,063913
100,V1,1000000021,BA00,E,C00005,AG,2,1,152539,2024-04-30,2024-04-30,080838,,SALEUSER2,2024-05-30,104933
100,V1,1000000021,ZACK,E,C00005,WE,6,1,130330,2024-04-30,2024-04-30,,,SALEUSER2,2024-05-30,104933
100,V1,1000000022,BA00,E,C00011,AG,1,1,094536,2024-01-12,2024-01-12,061738,,SALEUSER2,2024-02-11,172050
100,V1,1000000022,ZACK,E,C00011,WE,6,1,152338,2024-01-12,2024-01-12,,,SALEUSER2,2024-02-11,172050
100,V1,1000000023,BA00,E,C00003,AG,5,1,093358,2024-01-21,2024-01-21,075607,,SALEUSER1,2024-02-20,062731
100,V1,1000000023,ZACK,E,C00003,WE,6,1,105222,2024-01-21,2024-01-21,,,SALEUSER1,2024-02-20,062731
100,V1,1000000024,BA00,E,C00012,AG,1,1,123343,2024-08-04,2024-08-04,062108,,SALEUSER1,2024-09-03,135418
100,V1,1000000024,ZACK,E,C00012,WE,6,1,172954,2024-08-04,2024-08-04,,,SALEUSER1,2024-09-03,135418
100,V1,1000000025,BA00,E,C00008,AG,6,1,091519,2024-04-02,2024-04-02,125537,,SALEUSER1,2024-05-02,122157
100,V1,1000000025,ZACK,E,C00008,WE,6,1,115252,2024-04-02,2024-04-02,,,SALEUSER1,2024-05-02,122157
100,V1,1000000026,BA00,E,C00013,AG,1,0,072931,2024-09-07,2024-09-07,103728,,SALEUSER1,2024-10-07,095629
100,V1,1000000026,ZACK,E,C00013,WE,6,1,101349,2024-09-07,2024-09-07,,,SALEUSER1,2024-10-07,095629
100,V1,1000000027,BA00,E,C00013,AG,1,1,115214,2024-04-24,2024-04-24,101908,,SALEUSER3,2024-05-24,065459
100,V1,1000000027,ZACK,E,C00013,WE,6,1,083609,2024-04-24,2024-04-24,,,SALEUSER3,2024-05-24,065459
100,V1,1000000028,BA00,E,C00012,AG,6,1,101804,2024-05-18,2024-05-18,093317,,SALEUSER1,2024-06-17,063217
100,V1,1000000028,ZACK,E,C00012,WE,6,1,160230,2024-05-18,2024-05-18,,,SALEUSER1,2024-06-17,063217
100,V1,1000000029,BA00,E,C00010,AG,6,1,092038,2024-08-19,2024-08-19,104106,,SALEUSER1,2024-09-18,123902
100,V1,1000000029,ZACK,E,C00010,WE,6,1,111619,2024-08-19,2024-08-19,,,SALEUSER1,2024-09-18,123902
100,V1,1000000030,BA00,E,C00007,AG,1,1,132157,2024-08-11,2024-08-11,153046,,SALEUSER2,2024-09-10,121056
100,V1,1000000030,ZACK,E,C00007,WE,6,1,175522,2024-08-11,2024-08-11,,,SALEUSER2,2024-09-10,121056
100,V1,1000000031,BA00,E,C00001,AG,2,1,085703,2024-09-25,2024-09-25,122750,,SALEUSER1,2024-10-25,071719
100,V1,1000000031,ZACK,E,C00001,WE,6,1,115106,2024-09-25,2024-09-25,,,SALEUSER1,2024-10-25,071719
100,V1,1000000032,BA00,E,C00002,AG,1,1,080949,2024-06-27,2024-06-27,064514,,SALEUSER1,2024-07-27,093532
100,V1,1000000032,ZACK,E,C00002,WE,6,1,085707,2024-06-27,2024-06-27,,,SALEUSER1,2024-07-27,093532
100,V1,1000000033,BA00,E,C00002,AG,6,1,132208,2024-07-13,2024-07-13,151415,,SALEUSER1,2024-08-12,074517
100,V1,1000000033,ZACK,E,C00002,WE,6,1,163817,2024-07-13,2024-07-13,,,SALEUSER1,2024-08-12,074517
100,V1,1000000034,BA00,E,C00011,AG,1,1,084158,2024-02-15,2024-02-15,080215,,SALEUSER2,2024-03-16,152201
100,V1,1000000034,ZACK,E,C00011,WE,6,1,105010,2024-02-15,2024-02-15,,,SALEUSER2,2024-03-16,152201
100,V1,1000000035,BA00,E,C00003,AG,5,1,135918,2024-09-15,2024-09-15,070300,,SALEUSER3,2024-10-15,062316
100,V1,1000000035,ZACK,E,C00003,WE,6,1,082439,2024-09-15,2024-09-15,,,SALEUSER3,2024-10-15,062316
100,V1,1000000036,BA00,E,C00006,AG,2,1,133209,2024-02-16,2024-02-16,060611,,SALEUSER1,2024-03-17,073951
100,V1,1000000036,ZACK,E,C00006,WE,6,1,073328,2024-02-16,2024-02-16,,,SALEUSER1,2024-03-17,073951
100,V1,1000000037,BA00,E,C00005,AG,5,1,065155,2024-04-25,2024-04-25,173554,,SALEUSER2,2024-05-25,072409
100,V1,1000000037,ZACK,E,C00005,WE,6,1,060911,2024-04-25,2024-04-25,,,SALEUSER2,2024-05-25,072409
100,V1,1000000038,BA00,E,C00014,AG,5,1,141126,2024-02-18,2024-02-18,065552,,SALEUSER2,2024-03-19,153639
100,V1,1000000038,ZACK,E,C00014,WE,6,1,120345,2024-02-18,2024-02-18,,,SALEUSER2,2024-03-19,153639
100,V1,1000000039,BA00,E,C00015,AG,1,0,110045,2024-01-26,2024-01-26,084225,,SALEUSER1,2024-02-25,153131
100,V1,1000000039,ZACK,E,C00015,WE,6,1,124506,2024-01-26,2024-01-26,,,SALEUSER1,2024-02-25,153131
100,V1,1000000040,BA00,E,C00012,AG,6,1,071708,2024-04-17,2024-04-17,063954,,SALEUSER1,2024-05-17,103706
100,V1,1000000040,ZACK,E,C00012,WE,6,1,130241,2024-04-17,2024-04-17,,,SALEUSER1,2024-05-17,103706
100,V1,1000000041,BA00,E,C00012,AG,6,1,105244,2024-06-29,2024-06-29,121512,,SALEUSER3,2024-07-29,172616
100,V1,1000000041,ZACK,E,C00012,WE,6,1,070030,2024-06-29,2024-06-29,,,SALEUSER3,2024-07-29,172616
100,V1,1000000042,BA00,E,C00013,AG,5,1,100056,2024-07-07,2024-07-07,061545,,SALEUSER3,2024-08-06,140552
100,V1,1000000042,ZACK,E,C00013,WE,6,1,064025,2024-07-07,2024-07-07,,,SALEUSER3,2024-08-06,140552
100,V1,1000000043,BA00,E,C00003,AG,6,0,080711,2024-04-27,2024-04-27,152928,,SALEUSER2,2024-05-27,102316
100,V1,1000000043,ZACK,E,C00003,WE,6,1,162958,2024-04-27,2024-04-27,,,SALEUSER2,2024-05-27,102316
100,V1,1000000044,BA00,E,C00013,AG,5,1,093736,2024-07-16,2024-07-16,130415,,SALEUSER1,2024-08-15,115148
100,V1,1000000044,ZACK,E,C00013,WE,6,1,075437,2024-07-16,2024-07-16,,,SALEUSER1,2024-08-15,115148
100,V1,1000000045,BA00,E,C00013,AG,5,1,072542,2024-09-19,2024-09-19,104621,,SALEUSER3,2024-10-19,074714
100,V1,1000000045,ZACK,E,C00013,WE,6,1,170507,2024-09-19,2024-09-19,,,SALEUSER3,2024-10-19,074714
100,V1,1000000046,BA00,E,C00012,AG,5,1,160949,2024-05-29,2024-05-29,153754,,SALEUSER3,2024-06-28,151553
100,V1,1000000046,ZACK,E,C00012,WE,6,1,105055,2024-05-29,2024-05-29,,,SALEUSER3,2024-06-28,151553
100,V1,1000000047,BA00,E,C00002,AG,5,2,163902,2024-08-10,2024-08-10,132050,,SALEUSER2,2024-09-09,175303
100,V1,1000000047,ZACK,E,C00002,WE,6,1,155014,2024-08-10,2024-08-10,,,SALEUSER2,2024-09-09,175303
100,V1,1000000048,BA00,E,C00013,AG,6,1,152038,2024-09-23,2024-09-23,064255,,SALEUSER2,2024-10-23,084803
100,V1,1000000048,ZACK,E,C00013,WE,6,1,090015,2024-09-23,2024-09-23,,,SALEUSER2,2024-10-23,084803
100,V1,1000000049,BA00,E,C00003,AG,1,1,130041,2024-02-12,2024-02-12,152235,,SALEUSER2,2024-03-13,121604
100,V1,1000000049,ZACK,E,C00003,WE,6,1,090904,2024-02-12,2024-02-12,,,SALEUSER2,2024-03-13,121604
100,V1,1000000050,BA00,E,C00009,AG,5,1,164232,2024-01-14,2024-01-14,103424,,SALEUSER1,2024-02-13,144855
100,V1,1000000050,ZACK,E,C00009,WE,6,1,102205,2024-01-14,2024-01-14,,,SALEUSER1,2024-02-13,144855
100,V1,1000000051,BA00,E,C00001,AG,5,1,115548,2024-06-14,2024-06-14,145914,,SALEUSER1,2024-07-14,063543
100,V1,1000000051,ZACK,E,C00001,WE,6,1,150823,2024-06-14,2024-06-14,,,SALEUSER1,2024-07-14,063543
100,V1,1000000052,BA00,E,C00009,AG,5,1,171746,2024-01-28,2024-01-28,084358,,SALEUSER3,2024-02-27,122020
100,V1,1000000052,ZACK,E,C00009,WE,6,1,163228,2024-01-28,2024-01-28,,,SALEUSER3,2024-02-27,122020
100,V1,1000000053,BA00,E,C00001,AG,6,1,143309,2024-03-28,2024-03-28,081030,,SALEUSER1,2024-04-27,065552
100,V1,1000000053,ZACK,E,C00001,WE,6,1,072650,2024-03-28,2024-03-28,,,SALEUSER1,2024-04-27,065552
100,V1,1000000054,BA00,E,C00014,AG,6,1,064021,2024-05-15,2024-05-15,173305,,SALEUSER1,2024-06-14,075407
100,V1,1000000054,ZACK,E,C00014,WE,6,1,142035,2024-05-15,2024-05-15,,,SALEUSER1,2024-06-14,075407
100,V1,1000000055,BA00,E,C00014,AG,5,1,101453,2024-07-12,2024-07-12,143250,,SALEUSER2,2024-08-11,120630
100,V1,1000000055,ZACK,E,C00014,WE,6,1,085322,2024-07-12,2024-07-12,,,SALEUSER2,2024-08-11,120630
100,V1,1000000056,BA00,E,C00012,AG,1,1,173309,2024-03-17,2024-03-17,081223,,SALEUSER2,2024-04-16,122916
100,V1,1000000056,ZACK,E,C00012,WE,6,1,080256,2024-03-17,2024-03-17,,,SALEUSER2,2024-04-16,122916
100,V1,1000000057,BA00,E,C00011,AG,5,1,144555,2024-02-28,2024-02-28,165803,,SALEUSER1,2024-03-29,132654
100,V1,1000000057,ZACK,E,C00011,WE,6,1,085136,2024-02-28,2024-02-28,,,SALEUSER1,2024-03-29,132654
100,V1,1000000058,BA00,E,C00011,AG,5,1,155244,2024-09-12,2024-09-12,100522,,SALEUSER1,2024-10-12,173339
100,V1,1000000058,ZACK,E,C00011,WE,6,1,125859,2024-09-12,2024-09-12,,,SALEUSER1,2024-10-12,173339
100,V1,1000000059,BA00,E,C00015,AG,5,1,062157,2024-04-15,2024-04-15,134051,,SALEUSER3,2024-05-15,070441
100,V1,1000000059,ZACK,E,C00015,WE,6,1,091000,2024-04-15,2024-04-15,,,SALEUSER3,2024-05-15,070441
100,V1,1000000060,BA00,E,C00002,AG,5,1,114117,2024-08-12,2024-08-12,113109,,SALEUSER2,2024-09-11,135818
100,V1,1000000060,ZACK,E,C00002,WE,6,1,080845,2024-08-12,2024-08-12,,,SALEUSER2,2024-09-11,135818
100,V1,1000000061,BA00,E,C00005,AG,1,0,103243,2024-05-24,2024-05-24,101100,,SALEUSER3,2024-06-23,150226
100,V1,1000000061,ZACK,E,C00005,WE,6,1,063143,2024-05-24,2024-05-24,,,SALEUSER3,2024-06-23,150226
100,V1,1000000062,BA00,E,C00014,AG,1,1,174021,2024-05-15,2024-05-15,063743,,SALEUSER3,2024-06-14,064006
100,V1,1000000062,ZACK,E,C00014,WE,6,1,163728,2024-05-15,2024-05-15,,,SALEUSER3,2024-06-14,064006
100,V1,1000000063,BA00,E,C00006,AG,1,1,145352,2024-09-28,2024-09-28,131727,,SALEUSER1,2024-10-28,103209
100,V1,1000000063,ZACK,E,C00006,WE,6,1,145922,2024-09-28,2024-09-28,,,SALEUSER1,2024-10-28,103209
100,V1,1000000064,BA00,E,C00005,AG,1,2,093902,2024-04-04,2024-04-04,175055,,SALEUSER2,2024-05-04,132935
100,V1,1000000064,ZACK,E,C00005,WE,6,1,173120,2024-04-04,2024-04-04,,,SALEUSER2,2024-05-04,132935
100,V1,1000000065,BA00,E,C00009,AG,1,0,144402,2024-06-22,2024-06-22,144440,,SALEUSER1,2024-07-22,132046
100,V1,1000000065,ZACK,E,C00009,WE,6,1,142931,2024-06-22,2024-06-22,,,SALEUSER1,2024-07-22,132046
100,V1,1000000066,BA00,E,C00002,AG,5,1,105714,2024-04-10,2024-04-10,153854,,SALEUSER1,2024-05-10,143420
100,V1,1000000066,ZACK,E,C00002,WE,6,1,090445,2024-04-10,2024-04-10,,,SALEUSER1,2024-05-10,143420
100,V1,1000000067,BA00,E,C00008,AG,5,1,171742,2024-06-17,2024-06-17,091430,,SALEUSER2,2024-07-17,162701
100,V1,1000000067,ZACK,E,C00008,WE,6,1,141400,2024-06-17,2024-06-17,,,SALEUSER2,2024-07-17,162701
100,V1,1000000068,BA00,E,C00009,AG,5,0,080911,2024-01-08,2024-01-08,160626,,SALEUSER2,2024-02-07,153554
100,V1,1000000068,ZACK,E,C00009,WE,6,1,150307,2024-01-08,2024-01-08,,,SALEUSER2,2024-02-07,153554
100,V1,1000000069,BA00,E,C00014,AG,5,1,144510,2024-02-12,2024-02-12,060233,,SALEUSER1,2024-03-13,085329
100,V1,1000000069,ZACK,E,C00014,WE,6,1,095537,2024-02-12,2024-02-12,,,SALEUSER1,2024-03-13,085329
100,V1,1000000070,BA00,E,C00001,AG,6,1,060641,2024-09-04,2024-09-04,062357,,SALEUSER2,2024-10-04,171553
100,V1,1000000070,ZACK,E,C00001,WE,6,1,125255,2024-09-04,2024-09-04,,,SALEUSER2,2024-10-04,171553
100,V1,1000000071,BA00,E,C00014,AG,6,1,172939,2024-02-03,2024-02-03,103135,,SALEUSER2,2024-03-04,144158
100,V1,1000000071,ZACK,E,C00014,WE,6,1,093435,2024-02-03,2024-02-03,,,SALEUSER2,2024-03-04,144158
100,V1,1000000072,BA00,E,C00003,AG,6,1,134040,2024-05-24,2024-05-24,082212,,SALEUSER2,2024-06-23,155841
100,V1,1000000072,ZACK,E,C00003,WE,6,1,173628,2024-05-24,2024-05-24,,,SALEUSER2,2024-06-23,155841
100,V1,1000000073,BA00,E,C00012,AG,2,1,074321,2024-07-22,2024-07-22,154559,,SALEUSER2,2024-08-21,173702
100,V1,1000000073,ZACK,E,C00012,WE,6,1,061023,2024-07-22,2024-07-22,,,SALEUSER2,2024-08-21,173702
100,V1,1000000074,BA00,E,C00004,AG,5,1,062405,2024-05-06,2024-05-06,070752,,SALEUSER2,2024-06-05,081104
100,V1,1000000074,ZACK,E,C00004,WE,6,1,140938,2024-05-06,2024-05-06,,,SALEUSER2,2024-06-05,081104
100,V1,1000000075,BA00,E,C00004,AG,1,1,152331,2024-06-15,2024-06-15,093046,,SALEUSER3,2024-07-15,170749
100,V1,1000000075,ZACK,E,C00004,WE,6,1,095744,2024-06-15,2024-06-15,,,SALEUSER3,2024-07-15,170749
100,V1,1000000076,BA00,E,C00008,AG,1,1,142342,2024-03-22,2024-03-22,165818,,SALEUSER2,2024-04-21,122253
100,V1,1000000076,ZACK,E,C00008,WE,6,1,080830,2024-03-22,2024-03-22,,,SALEUSER2,2024-04-21,122253
100,V1,1000000077,BA00,E,C00015,AG,1,1,074840,2024-02-16,2024-02-16,131115,,SALEUSER3,2024-03-17,093713
100,V1,1000000077,ZACK,E,C00015,WE,6,1,090007,2024-02-16,2024-02-16,,,SALEUSER3,2024-03-17,093713
100,V1,1000000078,BA00,E,C00006,AG,6,1,153213,2024-08-20,2024-08-20,115644,,SALEUSER2,2024-09-19,141223
100,V1,1000000078,ZACK,E,C00006,WE,6,1,122958,2024-08-20,2024-08-20,,,SALEUSER2,2024-09-19,141223
100,V1,1000000079,BA00,E,C00006,AG,2,1,153617,2024-03-23,2024-03-23,141949,,SALEUSER3,2024-04-22,064255
100,V1,1000000079,ZACK,E,C00006,WE,6,1,145559,2024-03-23,2024-03-23,,,SALEUSER3,2024-04-22,064255
100,V1,1000000080,BA00,E,C00014,AG,2,1,130656,2024-04-23,2024-04-23,065752,,SALEUSER3,2024-05-23,154406
100,V1,1000000080,ZACK,E,C00014,WE,6,1,085629,2024-04-23,2024-04-23,,,SALEUSER3,2024-05-23,154406
100,V1,1000000081,BA00,E,C00012,AG,5,1,173443,2024-01-12,2024-01-12,064206,,SALEUSER1,2024-02-11,175459
100,V1,1000000081,ZACK,E,C00012,WE,6,1,083651,2024-01-12,2024-01-12,,,SALEUSER1,2024-02-11,175459
100,V1,1000000082,BA00,E,C00014,AG,5,1,152816,2024-02-08,2024-02-08,130322,,SALEUSER1,2024-03-09,154459
100,V1,1000000082,ZACK,E,C00014,WE,6,1,063724,2024-02-08,2024-02-08,,,SALEUSER1,2024-03-09,154459
100,V1,1000000083,BA00,E,C00004,AG,5,2,140126,2024-09-12,2024-09-12,065029,,SALEUSER2,2024-10-12,112854
100,V1,1000000083,ZACK,E,C00004,WE,6,1,070641,2024-09-12,2024-09-12,,,SALEUSER2,2024-10-12,112854
100,V1,1000000084,BA00,E,C00006,AG,5,1,090637,2024-02-23,2024-02-23,060007,,SALEUSER3,2024-03-24,071827
100,V1,1000000084,ZACK,E,C00006,WE,6,1,122858,2024-02-23,2024-02-23,,,SALEUSER3,2024-03-24,071827
100,V1,1000000085,BA00,E,C00009,AG,5,1,123432,2024-02-22,2024-02-22,120756,,SALEUSER1,2024-03-23,105559
100,V1,1000000085,ZACK,E,C00009,WE,6,1,174829,2024-02-22,2024-02-22,,,SALEUSER1,2024-03-23,105559
100,V1,1000000086,BA00,E,C00004,AG,1,1,101053,2024-09-08,2024-09-08,072112,,SALEUSER1,2024-10-08,123031
100,V1,1000000086,ZACK,E,C00004,WE,6,1,162757,2024-09-08,2024-09-08,,,SALEUSER1,2024-10-08,123031
100,V1,1000000087,BA00,E,C00002,AG,6,1,083502,2024-01-07,2024-01-07,144321,,SALEUSER2,2024-02-06,084321
100,V1,1000000087,ZACK,E,C00002,WE,6,1,105826,2024-01-07,2024-01-07,,,SALEUSER2,2024-02-06,084321
100,V1,1000000088,BA00,E,C00011,AG,1,1,100700,2024-09-14,2024-09-14,122657,,SALEUSER1,2024-10-14,140200
100,V1,1000000088,ZACK,E,C00011,WE,6,1,163806,2024-09-14,2024-09-14,,,SALEUSER1,2024-10-14,140200
100,V1,1000000089,BA00,E,C00001,AG,1,1,115248,2024-09-09,2024-09-09,093046,,SALEUSER1,2024-10-09,135807
100,V1,1000000089,ZACK,E,C00001,WE,6,1,113320,2024-09-09,2024-09-09,,,SALEUSER1,2024-10-09,135807
100,V1,1000000090,BA00,E,C00003,AG,1,1,160507,2024-09-28,2024-09-28,131657,,SALEUSER1,2024-10-28,095203
100,V1,1000000090,ZACK,E,C00003,WE,6,1,104321,2024-09-28,2024-09-28,,,SALEUSER1,2024-10-28,095203
100,V1,1000000091,BA00,E,C00007,AG,5,2,153658,2024-04-03,2024-04-03,103951,,SALEUSER3,2024-05-03,142716
100,V1,1000000091,ZACK,E,C00007,WE,6,1,083458,2024-04-03,2024-04-03,,,SALEUSER3,2024-05-03,142716
100,V1,1000000092,BA00,E,C00006,AG,5,1,063539,2024-08-02,2024-08-02,061638,,SALEUSER2,2024-09-01,110956
100,V1,1000000093,BA00,E,C00001,AG,5,1,133721,2024-09-14,2024-09-14,140938,,SALEUSER2,2024-10-14,154402
100,V1,1000000093,ZACK,E,C00001,WE,6,1,113243,2024-09-14,2024-09-14,,,SALEUSER2,2024-10-14,154402
100,V1,1000000094,BA00,E,C00008,AG,1,1,114855,2024-09-26,2024-09-26,111149,,SALEUSER1,2024-10-26,151545
100,V1,1000000094,ZACK,E,C00008,WE,6,1,144043,2024-09-26,2024-09-26,,,SALEUSER1,2024-10-26,151545
100,V1,1000000095,BA00,E,C00005,AG,5,1,115225,2024-09-08,2024-09-08,141653,,SALEUSER2,2024-10-08,110456
100,V1,1000000095,ZACK,E,C00005,WE,6,1,105903,2024-09-08,2024-09-08,,,SALEUSER2,2024-10-08,110456
100,V1,1000000096,BA00,E,C00007,AG,5,1,125144,2024-01-23,2024-01-23,092716,,SALEUSER1,2024-02-22,161712
100,V1,1000000096,ZACK,E,C00007,WE,6,1,131604,2024-01-23,2024-01-23,,,SALEUSER1,2024-02-22,161712
100,V1,1000000097,BA00,E,C00008,AG,2,1,134632,2024-08-14,2024-08-14,082946,,SALEUSER1,2024-09-13,070118
100,V1,1000000097,ZACK,E,C00008,WE,6,1,082431,2024-08-14,2024-08-14,,,SALEUSER1,2024-09-13,070118
100,V1,1000000098,BA00,E,C00001,AG,1,1,165729,2024-01-09,2024-01-09,135603,,SALEUSER2,2024-02-08,085544
100,V1,1000000098,ZACK,E,C00001,WE,6,1,090915,2024-01-09,2024-01-09,,,SALEUSER2,2024-02-08,085544
100,V1,1000000099,BA00,E,C00015,AG,1,1,145937,2024-08-05,2024-08-05,132142,,SALEUSER2,2024-09-04,164232
100,V1,1000000099,ZACK,E,C00015,WE,6,1,083924,2024-08-05,2024-08-05,,,SALEUSER2,2024-09-04,164232
100,V1,1000000100,BA00,E,C00015,AG,1,1,152123,2024-03-19,2024-03-19,145841,,SALEUSER2,2024-04-18,101657
100,V1,1000000100,ZACK,E,C00015,WE,6,1,151500,2024-03-19,2024-03-19,,,SALEUSER2,2024-04-18,101657
100,V1,1000000101,BA00,E,C00008,AG,6,1,074302,2024-03-17,2024-03-17,104617,,SALEUSER3,2024-04-16,121727
100,V1,1000000101,ZACK,E,C00008,WE,6,1,172431,2024-03-17,2024-03-17,,,SALEUSER3,2024-04-16,121727
100,V1,1000000102,BA00,E,C00004,AG,5,1,132150,2024-06-05,2024-06-05,120130,,SALEUSER2,2024-07-05,083939
100,V1,1000000102,ZACK,E,C00004,WE,6,1,165848,2024-06-05,2024-06-05,,,SALEUSER2,2024-07-05,083939
100,V1,1000000103,BA00,E,C00005,AG,5,1,123247,2024-02-21,2024-02-21,135829,,SALEUSER1,2024-03-22,153613
100,V1,1000000103,ZACK,E,C00005,WE,6,1,141008,2024-02-21,2024-02-21,,,SALEUSER1,2024-03-22,153613
100,V1,1000000104,BA00,E,C00002,AG,5,0,072505,2024-07-29,2024-07-29,172705,,SALEUSER2,2024-08-28,094610
100,V1,1000000104,ZACK,E,C00002,WE,6,1,100445,2024-07-29,2024-07-29,,,SALEUSER2,2024-08-28,094610
100,V1,1000000105,BA00,E,C00004,AG,1,1,173235,2024-02-02,2024-02-02,142505,,SALEUSER2,2024-03-03,085952
100,V1,1000000105,ZACK,E,C00004,WE,6,1,124258,2024-02-02,2024-02-02,,,SALEUSER2,2024-03-03,085952
100,V1,1000000106,BA00,E,C00009,AG,1,1,072712,2024-03-07,2024-03-07,143539,,SALEUSER2,2024-04-06,081808
100,V1,1000000106,ZACK,E,C00009,WE,6,1,173643,2024-03-07,2024-03-07,,,SALEUSER2,2024-04-06,081808
100,V1,1000000107,BA00,E,C00011,AG,5,1,090026,2024-01-15,2024-01-15,161338,,SALEUSER2,2024-02-14,091534
100,V1,1000000107,ZACK,E,C00011,WE,6,1,114606,2024-01-15,2024-01-15,,,SALEUSER2,2024-02-14,091534
100,V1,1000000108,BA00,E,C00014,AG,5,1,171708,2024-03-26,2024-03-26,172639,,SALEUSER3,2024-04-25,111908
100,V1,1000000108,ZACK,E,C00014,WE,6,1,133228,2024-03-26,2024-03-26,,,SALEUSER3,2024-04-25,111908
100,V1,1000000109,BA00,E,C00011,AG,5,0,162627,2024-04-05,2024-04-05,110452,,SALEUSER2,2024-05-05,145607
100,V1,1000000109,ZACK,E,C00011,WE,6,1,115644,2024-04-05,2024-04-05,,,SALEUSER2,2024-05-05,145607
100,V1,1000000110,BA00,E,C00003,AG,5,1,132142,2024-06-23,2024-06-23,080630,,SALEUSER3,2024-07-23,064918
100,V1,1000000110,ZACK,E,C00003,WE,6,1,075726,2024-06-23,2024-06-23,,,SALEUSER3,2024-07-23,064918
100,V1,1000000111,BA00,E,C00002,AG,6,0,171138,2024-06-03,2024-06-03,155118,,SALEUSER3,2024-07-03,160953
100,V1,1000000111,ZACK,E,C00002,WE,6,1,102809,2024-06-03,2024-06-03,,,SALEUSER3,2024-07-03,160953
100,V1,1000000112,BA00,E,C00009,AG,1,1,100752,2024-09-15,2024-09-15,122138,,SALEUSER3,2024-10-15,154132
100,V1,1000000112,ZACK,E,C00009,WE,6,1,131819,2024-09-15,2024-09-15,,,SALEUSER3,2024-10-15,154132
100,V1,1000000113,BA00,E,C00013,AG,5,1,131649,2024-08-09,2024-08-09,151857,,SALEUSER3,2024-09-08,134036
100,V1,1000000113,ZACK,E,C00013,WE,6,1,172212,2024-08-09,2024-08-09,,,SALEUSER3,2024-09-08,134036
100,V1,1000000114,BA00,E,C00015,AG,6,1,080849,2024-03-02,2024-03-02,124058,,SALEUSER3,2024-04-01,093539
100,V1,1000000114,ZACK,E,C00015,WE,6,1,090126,2024-03-02,2024-03-02,,,SALEUSER3,2024-04-01,093539
100,V1,1000000115,BA00,E,C00014,AG,5,1,081126,2024-07-20,2024-07-20,070823,,SALEUSER2,2024-08-19,153921
100,V1,1000000115,ZACK,E,C00014,WE,6,1,142323,2024-07-20,2024-07-20,,,SALEUSER2,2024-08-19,153921
100,V1,1000000116,BA00,E,C00013,AG,5,1,121927,2024-07-15,2024-07-15,142012,,SALEUSER3,2024-08-14,125756
100,V1,1000000116,ZACK,E,C00013,WE,6,1,060656,2024-07-15,2024-07-15,,,SALEUSER3,2024-08-14,125756
100,V1,1000000117,BA00,E,C00012,AG,6,0,100426,2024-01-14,2024-01-14,173858,,SALEUSER2,2024-02-13,085844
100,V1,1000000117,ZACK,E,C00012,WE,6,1,080930,2024-01-14,2024-01-14,,,SALEUSER2,2024-02-13,085844
100,V1,1000000118,BA00,E,C00008,AG,1,2,140537,2024-01-05,2024-01-05,080530,,SALEUSER2,2024-02-04,165907
100,V1,1000000118,ZACK,E,C00008,WE,6,1,102201,2024-01-05,2024-01-05,,,SALEUSER2,2024-02-04,165907
100,V1,1000000119,BA00,E,C00011,AG,6,1,092253,2024-06-16,2024-06-16,060645,,SALEUSER2,2024-07-16,124644
100,V1,1000000119,ZACK,E,C00011,WE,6,1,143654,2024-06-16,2024-06-16,,,SALEUSER2,2024-07-16,124644
100,V1,1000000120,BA00,E,C00006,AG,6,1,132850,2024-07-16,2024-07-16,092305,,SALEUSER1,2024-08-15,141404
100,V1,1000000120,ZACK,E,C00006,WE,6,1,115911,2024-07-16,2024-07-16,,,SALEUSER1,2024-08-15,141404
100,V1,1000000121,BA00,E,C00012,AG,1,2,131000,2024-08-01,2024-08-01,172746,,SALEUSER3,2024-08-31,164421
100,V1,1000000121,ZACK,E,C00012,WE,6,1,090141,2024-08-01,2024-08-01,,,SALEUSER3,2024-08-31,164421
100,V1,1000000122,BA00,E,C00008,AG,5,1,075525,2024-04-03,2024-04-03,172112,,SALEUSER2,2024-05-03,140200
100,V1,1000000122,ZACK,E,C00008,WE,6,1,162839,2024-04-03,2024-04-03,,,SALEUSER2,2024-05-03,140200
100,V1,1000000123,BA00,E,C00006,AG,5,1,160838,2024-03-19,2024-03-19,141704,,SALEUSER3,2024-04-18,143606
100,V1,1000000123,ZACK,E,C00006,WE,6,1,100711,2024-03-19,2024-03-19,,,SALEUSER3,2024-04-18,143606
100,V1,1000000124,BA00,E,C00008,AG,6,1,073202,2024-05-27,2024-05-27,111000,,SALEUSER3,2024-06-26,092350
100,V1,1000000124,ZACK,E,C00008,WE,6,1,072231,2024-05-27,2024-05-27,,,SALEUSER3,2024-06-26,092350
100,V1,1000000125,BA00,E,C00014,AG,5,1,092323,2024-06-16,2024-06-16,172350,,SALEUSER3,2024-07-16,094444
100,V1,1000000125,ZACK,E,C00014,WE,6,1,122858,2024-06-16,2024-06-16,,,SALEUSER3,2024-07-16,094444
100,V1,1000000126,BA00,E,C00010,AG,5,1,164744,2024-06-22,2024-06-22,074432,,SALEUSER2,2024-07-22,103224
100,V1,1000000126,ZACK,E,C00010,WE,6,1,175637,2024-06-22,2024-06-22,,,SALEUSER2,2024-07-22,103224
100,V1,1000000127,BA00,E,C00006,AG,6,1,111357,2024-08-16,2024-08-16,161515,,SALEUSER1,2024-09-15,062450
100,V1,1000000127,ZACK,E,C00006,WE,6,1,081838,2024-08-16,2024-08-16,,,SALEUSER1,2024-09-15,062450
100,V1,1000000128,BA00,E,C00008,AG,1,1,083116,2024-05-01,2024-05-01,065359,,SALEUSER1,2024-05-31,094151
100,V1,1000000128,ZACK,E,C00008,WE,6,1,122250,2024-05-01,2024-05-01,,,SALEUSER1,2024-05-31,094151
100,V1,1000000129,BA00,E,C00009,AG,1,1,171438,2024-08-31,2024-08-31,145129,,SALEUSER3,2024-09-30,160130
100,V1,1000000129,ZACK,E,C00009,WE,6,1,103702,2024-08-31,2024-08-31,,,SALEUSER3,2024-09-30,160130
100,V1,1000000130,BA00,E,C00002,AG,1,1,142242,2024-06-25,2024-06-25,085229,,SALEUSER1,2024-07-25,172958
100,V1,1000000130,ZACK,E,C00002,WE,6,1,162601,2024-06-25,2024-06-25,,,SALEUSER1,2024-07-25,172958
100,V1,1000000131,BA00,E,C00010,AG,6,1,120719,2024-07-25,2024-07-25,090456,,SALEUSER1,2024-08-24,094536
100,V1,1000000131,ZACK,E,C00010,WE,6,1,155922,2024-07-25,2024-07-25,,,SALEUSER1,2024-08-24,094536
100,V1,1000000132,BA00,E,C00006,AG,6,1,170504,2024-09-22,2024-09-22,173651,,SALEUSER3,2024-10-22,162142
100,V1,1000000132,ZACK,E,C00006,WE,6,1,161045,2024-09-22,2024-09-22,,,SALEUSER3,2024-10-22,162142
100,V1,1000000133,BA00,E,C00009,AG,6,1,134351,2024-04-23,2024-04-23,071801,,SALEUSER2,2024-05-23,084158
100,V1,1000000133,ZACK,E,C00009,WE,6,1,062016,2024-04-23,2024-04-23,,,SALEUSER2,2024-05-23,084158
100,V1,1000000134,BA00,E,C00011,AG,5,1,065129,2024-05-23,2024-05-23,075633,,SALEUSER2,2024-06-22,150900
100,V1,1000000134,ZACK,E,C00011,WE,6,1,103706,2024-05-23,2024-05-23,,,SALEUSER2,2024-06-22,150900
100,V1,1000000135,BA00,E,C00014,AG,1,0,131634,2024-08-13,2024-08-13,094532,,SALEUSER3,2024-09-12,093743
100,V1,1000000135,ZACK,E,C00014,WE,6,1,093602,2024-08-13,2024-08-13,,,SALEUSER3,2024-09-12,093743
100,V1,1000000136,BA00,E,C00003,AG,1,1,141834,2024-05-18,2024-05-18,140849,,SALEUSER2,2024-06-17,110415
100,V1,1000000136,ZACK,E,C00003,WE,6,1,060808,2024-05-18,2024-05-18,,,SALEUSER2,2024-06-17,110415
100,V1,1000000137,BA00,E,C00003,AG,5,1,090949,2024-04-04,2024-04-04,164451,,SALEUSER1,2024-05-04,131204
100,V1,1000000137,ZACK,E,C00003,WE,6,1,172416,2024-04-04,2024-04-04,,,SALEUSER1,2024-05-04,131204
100,V1,1000000138,BA00,E,C00010,AG,1,1,113747,2024-06-19,2024-06-19,114306,,SALEUSER1,2024-07-19,130419
100,V1,1000000138,ZACK,E,C00010,WE,6,1,111804,2024-06-19,2024-06-19,,,SALEUSER1,2024-07-19,130419
100,V1,1000000139,BA00,E,C00015,AG,5,1,070941,2024-07-12,2024-07-12,170515,,SALEUSER3,2024-08-11,112201
100,V1,1000000139,ZACK,E,C00015,WE,6,1,060926,2024-07-12,2024-07-12,,,SALEUSER3,2024-08-11,112201
100,V1,1000000140,BA00,E,C00001,AG,6,1,090152,2024-06-05,2024-06-05,155044,,SALEUSER2,2024-07-05,130634
100,V1,1000000140,ZACK,E,C00001,WE,6,1,095756,2024-06-05,2024-06-05,,,SALEUSER2,2024-07-05,130634
100,V1,1000000141,BA00,E,C00015,AG,5,1,145255,2024-01-10,2024-01-10,164051,,SALEUSER2,2024-02-09,081849
100,V1,1000000141,ZACK,E,C00015,WE,6,1,131612,2024-01-10,2024-01-10,,,SALEUSER2,2024-02-09,081849
100,V1,1000000142,BA00,E,C00011,AG,2,1,165422,2024-03-02,2024-03-02,142312,,SALEUSER2,2024-04-01,174806
100,V1,1000000142,ZACK,E,C00011,WE,6,1,150052,2024-03-02,2024-03-02,,,SALEUSER2,2024-04-01,174806
100,V1,1000000143,BA00,E,C00005,AG,1,1,171108,2024-06-07,2024-06-07,114921,,SALEUSER2,2024-07-07,093632
100,V1,1000000143,ZACK,E,C00005,WE,6,1,140745,2024-06-07,2024-06-07,,,SALEUSER2,2024-07-07,093632
100,V1,1000000144,BA00,E,C00006,AG,6,0,064447,2024-06-08,2024-06-08,140348,,SALEUSER1,2024-07-08,135036
100,V1,1000000144,ZACK,E,C00006,WE,6,1,152709,2024-06-08,2024-06-08,,,SALEUSER1,2024-07-08,135036
100,V1,1000000145,BA00,E,C00015,AG,1,1,151242,2024-08-07,2024-08-07,095714,,SALEUSER1,2024-09-06,161642
100,V1,1000000145,ZACK,E,C00015,WE,6,1,125711,2024-08-07,2024-08-07,,,SALEUSER1,2024-09-06,161642
100,V1,1000000146,BA00,E,C00015,AG,1,1,130600,2024-07-13,2024-07-13,070326,,SALEUSER2,2024-08-12,174032
100,V1,1000000146,ZACK,E,C00015,WE,6,1,111045,2024-07-13,2024-07-13,,,SALEUSER2,2024-08-12,174032
100,V1,1000000147,BA00,E,C00009,AG,1,1,161612,2024-07-17,2024-07-17,144732,,SALEUSER2,2024-08-16,091601
100,V1,1000000147,ZACK,E,C00009,WE,6,1,080337,2024-07-17,2024-07-17,,,SALEUSER2,2024-08-16,091601
100,V1,1000000148,BA00,E,C00001,AG,6,0,161642,2024-04-01,2024-04-01,171130,,SALEUSER1,2024-05-01,174410
100,V1,1000000148,ZACK,E,C00001,WE,6,1,150434,2024-04-01,2024-04-01,,,SALEUSER1,2024-05-01,174410
100,V1,1000000149,BA00,E,C00014,AG,5,1,083217,2024-08-02,2024-08-02,102527,,SALEUSER3,2024-09-01,073120
100,V1,1000000149,ZACK,E,C00014,WE,6,1,120634,2024-08-02,2024-08-02,,,SALEUSER3,2024-09-01,073120
100,V1,1000000150,BA00,E,C00006,AG,5,1,112038,2024-08-21,2024-08-21,111049,,SALEUSER2,2024-09-20,071200
100,V1,1000000150,ZACK,E,C00006,WE,6,1,075652,2024-08-21,2024-08-21,,,SALEUSER2,2024-09-20,071200
100,V1,1000000151,BA00,E,C00007,AG,2,1,132650,2024-06-03,2024-06-03,063921,,SALEUSER3,2024-07-03,153832
100,V1,1000000151,ZACK,E,C00007,WE,6,1,144655,2024-06-03,2024-06-03,,,SALEUSER3,2024-07-03,153832
100,V1,1000000152,BA00,E,C00004,AG,5,1,145607,2024-06-08,2024-06-08,124325,,SALEUSER3,2024-07-08,081953
100,V1,1000000152,ZACK,E,C00004,WE,6,1,075714,2024-06-08,2024-06-08,,,SALEUSER3,2024-07-08,081953
100,V1,1000000153,BA00,E,C00014,AG,2,1,122050,2024-02-15,2024-02-15,172050,,SALEUSER3,2024-03-16,085355
100,V1,1000000153,ZACK,E,C00014,WE,6,1,103713,2024-02-15,2024-02-15,,,SALEUSER3,2024-03-16,085355
100,V1,1000000154,BA00,E,C00012,AG,5,1,071500,2024-08-17,2024-08-17,134306,,SALEUSER1,2024-09-16,122754
100,V1,1000000154,ZACK,E,C00012,WE,6,1,064710,2024-08-17,2024-08-17,,,SALEUSER1,2024-09-16,122754
100,V1,1000000155,BA00,E,C00006,AG,5,1,061904,2024-07-25,2024-07-25,125514,,SALEUSER3,2024-08-24,160315
100,V1,1000000155,ZACK,E,C00006,WE,6,1,072920,2024-07-25,2024-07-25,,,SALEUSER3,2024-08-24,160315
100,V1,1000000156,BA00,E,C00008,AG,1,1,123532,2024-04-29,2024-04-29,073902,,SALEUSER1,2024-05-29,080641
100,V1,1000000156,ZACK,E,C00008,WE,6,1,164155,2024-04-29,2024-04-29,,,SALEUSER1,2024-05-29,080641
100,V1,1000000157,BA00,E,C00006,AG,5,1,123135,2024-07-07,2024-07-07,171130,,SALEUSER3,2024-08-06,140526
100,V1,1000000157,ZACK,E,C00006,WE,6,1,092342,2024-07-07,2024-07-07,,,SALEUSER3,2024-08-06,140526
100,V1,1000000158,BA00,E,C00011,AG,5,1,095922,2024-05-02,2024-05-02,114544,,SALEUSER2,2024-06-01,063517
100,V1,1000000158,ZACK,E,C00011,WE,6,1,143131,2024-05-02,2024-05-02,,,SALEUSER2,2024-06-01,063517
100,V1,1000000159,BA00,E,C00011,AG,5,1,131704,2024-03-09,2024-03-09,155337,,SALEUSER1,2024-04-08,141104
100,V1,1000000159,ZACK,E,C00011,WE,6,1,091204,2024-03-09,2024-03-09,,,SALEUSER1,2024-04-08,141104
100,V1,1000000160,BA00,E,C00002,AG,6,1,103758,2024-09-06,2024-09-06,151753,,SALEUSER3,2024-10-06,151115
100,V1,1000000160,ZACK,E,C00002,WE,6,1,060704,2024-09-06,2024-09-06,,,SALEUSER3,2024-10-06,151115
100,V1,1000000161,BA00,E,C00008,AG,1,1,123009,2024-04-14,2024-04-14,154910,,SALEUSER2,2024-05-14,140426
100,V1,1000000161,ZACK,E,C00008,WE,6,1,113839,2024-04-14,2024-04-14,,,SALEUSER2,2024-05-14,140426
100,V1,1000000162,BA00,E,C00012,AG,6,1,090449,2024-06-16,2024-06-16,131442,,SALEUSER1,2024-07-16,142620
100,V1,1000000162,ZACK,E,C00012,WE,6,1,121145,2024-06-16,2024-06-16,,,SALEUSER1,2024-07-16,142620
100,V1,1000000163,BA00,E,C00004,AG,5,1,171904,2024-09-11,2024-09-11,084325,,SALEUSER1,2024-10-11,105952
100,V1,1000000163,ZACK,E,C00004,WE,6,1,070619,2024-09-11,2024-09-11,,,SALEUSER1,2024-10-11,105952
100,V1,1000000164,BA00,E,C00003,AG,5,1,121619,2024-01-07,2024-01-07,061108,,SALEUSER1,2024-02-06,142450
100,V1,1000000164,ZACK,E,C00003,WE,6,1,134755,2024-01-07,2024-01-07,,,SALEUSER1,2024-02-06,142450
100,V1,1000000165,BA00,E,C00007,AG,1,0,060515,2024-07-02,2024-07-02,100704,,SALEUSER1,2024-08-01,084213
100,V1,1000000165,ZACK,E,C00007,WE,6,1,085626,2024-07-02,2024-07-02,,,SALEUSER1,2024-08-01,084213
100,V1,1000000166,BA00,E,C00008,AG,5,1,084429,2024-07-04,2024-07-04,151049,,SALEUSER3,2024-08-03,150630
100,V1,1000000166,ZACK,E,C00008,WE,6,1,143643,2024-07-04,2024-07-04,,,SALEUSER3,2024-08-03,150630
100,V1,1000000167,BA00,E,C00010,AG,1,1,094844,2024-04-14,2024-04-14,114459,,SALEUSER1,2024-05-14,145322
100,V1,1000000167,ZACK,E,C00010,WE,6,1,130445,2024-04-14,2024-04-14,,,SALEUSER1,2024-05-14,145322
100,V1,1000000168,BA00,E,C00007,AG,6,1,145422,2024-03-12,2024-03-12,124436,,SALEUSER3,2024-04-11,160752
100,V1,1000000168,ZACK,E,C00007,WE,6,1,143239,2024-03-12,2024-03-12,,,SALEUSER3,2024-04-11,160752
100,V1,1000000169,BA00,E,C00011,AG,5,0,081227,2024-02-28,2024-02-28,090734,,SALEUSER3,2024-03-29,074514
100,V1,1000000169,ZACK,E,C00011,WE,6,1,143232,2024-02-28,2024-02-28,,,SALEUSER3,2024-03-29,074514
100,V1,1000000170,BA00,E,C00015,AG,5,1,163702,2024-03-10,2024-03-10,155844,,SALEUSER2,2024-04-09,082705
100,V1,1000000170,ZACK,E,C00015,WE,6,1,082427,2024-03-10,2024-03-10,,,SALEUSER2,2024-04-09,082705
100,V1,1000000171,BA00,E,C00008,AG,1,1,151642,2024-02-23,2024-02-23,110137,,SALEUSER3,2024-03-24,105629
100,V1,1000000171,ZACK,E,C00008,WE,6,1,062316,2024-02-23,2024-02-23,,,SALEUSER3,2024-03-24,105629
100,V1,1000000172,BA00,E,C00013,AG,2,1,172824,2024-05-03,2024-05-03,063624,,SALEUSER3,2024-06-02,122005
100,V1,1000000173,BA00,E,C00007,AG,1,1,133428,2024-07-07,2024-07-07,152650,,SALEUSER1,2024-08-06,112435
100,V1,1000000173,ZACK,E,C00007,WE,6,1,165659,2024-07-07,2024-07-07,,,SALEUSER1,2024-08-06,112435
100,V1,1000000174,BA00,E,C00003,AG,1,1,080456,2024-03-29,2024-03-29,150541,,SALEUSER3,2024-04-28,173809
100,V1,1000000174,ZACK,E,C00003,WE,6,1,061749,2024-03-29,2024-03-29,,,SALEUSER3,2024-04-28,173809
100,V1,1000000175,BA00,E,C00007,AG,1,1,094806,2024-02-05,2024-02-05,072705,,SALEUSER1,2024-03-06,173213
100,V1,1000000175,ZACK,E,C00007,WE,6,1,102901,2024-02-05,2024-02-05,,,SALEUSER1,2024-03-06,173213
100,V1,1000000176,BA00,E,C00004,AG,5,1,160745,2024-07-27,2024-07-27,075741,,SALEUSER1,2024-08-26,062512
100,V1,1000000176,ZACK,E,C00004,WE,6,1,152301,2024-07-27,2024-07-27,,,SALEUSER1,2024-08-26,062512
100,V1,1000000177,BA00,E,C00004,AG,1,1,095633,2024-06-12,2024-06-12,064636,,SALEUSER2,2024-07-12,164121
100,V1,1000000177,ZACK,E,C00004,WE,6,1,063305,2024-06-12,2024-06-12,,,SALEUSER2,2024-07-12,164121
100,V1,1000000178,BA00,E,C00004,AG,1,1,121053,2024-04-01,2024-04-01,152146,,SALEUSER2,2024-05-01,163354
100,V1,1000000178,ZACK,E,C00004,WE,6,1,165252,2024-04-01,2024-04-01,,,SALEUSER2,2024-05-01,163354
100,V1,1000000179,BA00,E,C00001,AG,1,1,150549,2024-07-13,2024-07-13,171126,,SALEUSER1,2024-08-12,060949
100,V1,1000000179,ZACK,E,C00001,WE,6,1,151153,2024-07-13,2024-07-13,,,SALEUSER1,2024-08-12,060949
100,V1,1000000180,BA00,E,C00013,AG,1,1,151442,2024-05-22,2024-05-22,074840,,SALEUSER1,2024-06-21,101612
100,V1,1000000180,ZACK,E,C00013,WE,6,1,155648,2024-05-22,2024-05-22,,,SALEUSER1,2024-06-21,101612
100,V1,1000000181,BA00,E,C00006,AG,5,0,160904,2024-06-01,2024-06-01,090011,,SALEUSER3,2024-07-01,124903
100,V1,1000000181,ZACK,E,C00006,WE,6,1,084113,2024-06-01,2024-06-01,,,SALEUSER3,2024-07-01,124903
100,V1,1000000182,BA00,E,C00001,AG,5,0,073939,2024-04-15,2024-04-15,062657,,SALEUSER3,2024-05-15,164121
100,V1,1000000182,ZACK,E,C00001,WE,6,1,061949,2024-04-15,2024-04-15,,,SALEUSER3,2024-05-15,164121
100,V1,1000000183,BA00,E,C00006,AG,5,1,134925,2024-07-09,2024-07-09,154532,,SALEUSER3,2024-08-08,175337
100,V1,1000000184,BA00,E,C00015,AG,5,0,060003,2024-09-29,2024-09-29,101149,,SALEUSER2,2024-10-29,104444
100,V1,1000000184,ZACK,E,C00015,WE,6,1,075718,2024-09-29,2024-09-29,,,SALEUSER2,2024-10-29,104444
100,V1,1000000185,BA00,E,C00008,AG,6,1,103921,2024-04-19,2024-04-19,071708,,SALEUSER2,2024-05-19,114929
100,V1,1000000185,ZACK,E,C00008,WE,6,1,080926,2024-04-19,2024-04-19,,,SALEUSER2,2024-05-19,114929
100,V1,1000000186,BA00,E,C00004,AG,5,1,111942,2024-05-06,2024-05-06,171519,,SALEUSER3,2024-06-05,134625
100,V1,1000000186,ZACK,E,C00004,WE,6,1,125110,2024-05-06,2024-05-06,,,SALEUSER3,2024-06-05,134625
100,V1,1000000187,BA00,E,C00001,AG,1,1,174459,2024-04-20,2024-04-20,165929,,SALEUSER3,2024-05-20,084240
100,V1,1000000187,ZACK,E,C00001,WE,6,1,145455,2024-04-20,2024-04-20,,,SALEUSER3,2024-05-20,084240
100,V1,1000000188,BA00,E,C00007,AG,5,0,064343,2024-06-20,2024-06-20,065937,,SALEUSER1,2024-07-20,115611
100,V1,1000000188,ZACK,E,C00007,WE,6,1,131115,2024-06-20,2024-06-20,,,SALEUSER1,2024-07-20,115611
100,V1,1000000189,BA00,E,C00004,AG,6,1,120853,2024-08-11,2024-08-11,060707,,SALEUSER2,2024-09-10,154028
100,V1,1000000189,ZACK,E,C00004,WE,6,1,091242,2024-08-11,2024-08-11,,,SALEUSER2,2024-09-10,154028
100,V1,1000000190,BA00,E,C00005,AG,5,1,093747,2024-04-09,2024-04-09,134047,,SALEUSER2,2024-05-09,125811
100,V1,1000000190,ZACK,E,C00005,WE,6,1,123250,2024-04-09,2024-04-09,,,SALEUSER2,2024-05-09,125811
100,V1,1000000191,BA00,E,C00001,AG,5,1,123005,2024-04-23,2024-04-23,141708,,SALEUSER2,2024-05-23,121053
100,V1,1000000191,ZACK,E,C00001,WE,6,1,090630,2024-04-23,2024-04-23,,,SALEUSER2,2024-05-23,121053
100,V1,1000000192,BA00,E,C00013,AG,5,1,155903,2024-05-18,2024-05-18,142250,,SALEUSER2,2024-06-17,171449
100,V1,1000000192,ZACK,E,C00013,WE,6,1,123554,2024-05-18,2024-05-18,,,SALEUSER2,2024-06-17,171449
100,V1,1000000193,BA00,E,C00012,AG,1,1,155006,2024-09-24,2024-09-24,140856,,SALEUSER2,2024-10-24,172035
100,V1,1000000193,ZACK,E,C00012,WE,6,1,093109,2024-09-24,2024-09-24,,,SALEUSER2,2024-10-24,172035
100,V1,1000000194,BA00,E,C00013,AG,5,1,125352,2024-05-31,2024-05-31,141249,,SALEUSER3,2024-06-30,124410
100,V1,1000000194,ZACK,E,C00013,WE,6,1,140507,2024-05-31,2024-05-31,,,SALEUSER3,2024-06-30,124410
100,V1,1000000195,BA00,E,C00006,AG,1,1,115759,2024-05-01,2024-05-01,062435,,SALEUSER2,2024-05-31,082609
100,V1,1000000195,ZACK,E,C00006,WE,6,1,134818,2024-05-01,2024-05-01,,,SALEUSER2,2024-05-31,082609
100,V1,1000000196,BA00,E,C00006,AG,6,1,163909,2024-04-29,2024-04-29,172950,,SALEUSER1,2024-05-29,162046
100,V1,1000000196,ZACK,E,C00006,WE,6,1,122316,2024-04-29,2024-04-29,,,SALEUSER1,2024-05-29,162046
100,V1,1000000197,BA00,E,C00015,AG,1,1,062142,2024-06-20,2024-06-20,132554,,SALEUSER1,2024-07-20,152601
100,V1,1000000197,ZACK,E,C00015,WE,6,1,080941,2024-06-20,2024-06-20,,,SALEUSER1,2024-07-20,152601
100,V1,1000000198,BA00,E,C00006,AG,6,1,155603,2024-08-10,2024-08-10,094110,,SALEUSER3,2024-09-09,142016
100,V1,1000000198,ZACK,E,C00006,WE,6,1,152731,2024-08-10,2024-08-10,,,SALEUSER3,2024-09-09,142016
100,V1,1000000199,BA00,E,C00015,AG,5,0,080711,2024-03-02,2024-03-02,120033,,SALEUSER2,2024-04-01,154243
100,V1,1000000199,ZACK,E,C00015,WE,6,1,140611,2024-03-02,2024-03-02,,,SALEUSER2,2024-04-01,154243
100,V1,1000000200,BA00,E,C00013,AG,2,1,123524,2024-02-15,2024-02-15,074202,,SALEUSER1,2024-03-16,124514
100,V1,1000000200,ZACK,E,C00013,WE,6,1,075733,2024-02-15,2024-02-15,,,SALEUSER1,2024-03-16,124514
100,V1,1000000201,BA00,E,C00011,AG,6,1,125151,2024-09-16,2024-09-16,120103,,SALEUSER1,2024-10-16,154255
100,V1,1000000201,ZACK,E,C00011,WE,6,1,062157,2024-09-16,2024-09-16,,,SALEUSER1,2024-10-16,154255
100,V1,1000000202,BA00,E,C00013,AG,6,1,101723,2024-06-29,2024-06-29,105210,,SALEUSER3,2024-07-29,173858
100,V1,1000000202,ZACK,E,C00013,WE,6,1,114121,2024-06-29,2024-06-29,,,SALEUSER3,2024-07-29,173858
100,V1,1000000203,BA00,E,C00008,AG,5,1,082108,2024-05-20,2024-05-20,154833,,SALEUSER2,2024-06-19,152439
100,V1,1000000203,ZACK,E,C00008,WE,6,1,120456,2024-05-20,2024-05-20,,,SALEUSER2,2024-06-19,152439
100,V1,1000000204,BA00,E,C00012,AG,6,1,091853,2024-07-02,2024-07-02,155856,,SALEUSER1,2024-08-01,141138
100,V1,1000000204,ZACK,E,C00012,WE,6,1,094243,2024-07-02,2024-07-02,,,SALEUSER1,2024-08-01,141138
100,V1,1000000205,BA00,E,C00004,AG,5,1,111931,2024-05-18,2024-05-18,175952,,SALEUSER2,2024-06-17,174006
100,V1,1000000205,ZACK,E,C00004,WE,6,1,115136,2024-05-18,2024-05-18,,,SALEUSER2,2024-06-17,174006
100,V1,1000000206,BA00,E,C00014,AG,6,1,132231,2024-09-01,2024-09-01,114313,,SALEUSER2,2024-10-01,102854
100,V1,1000000206,ZACK,E,C00014,WE,6,1,060507,2024-09-01,2024-09-01,,,SALEUSER2,2024-10-01,102854
100,V1,1000000207,BA00,E,C00004,AG,5,1,145303,2024-01-24,2024-01-24,065714,,SALEUSER2,2024-02-23,151130
100,V1,1000000207,ZACK,E,C00004,WE,6,1,155629,2024-01-24,2024-01-24,,,SALEUSER2,2024-02-23,151130
100,V1,1000000208,BA00,E,C00015,AG,6,1,083543,2024-08-20,2024-08-20,142305,,SALEUSER3,2024-09-19,144202
100,V1,1000000208,ZACK,E,C00015,WE,6,1,104610,2024-08-20,2024-08-20,,,SALEUSER3,2024-09-19,144202
100,V1,1000000209,BA00,E,C00011,AG,5,1,133158,2024-07-09,2024-07-09,070015,,SALEUSER1,2024-08-08,152650
100,V1,1000000209,ZACK,E,C00011,WE,6,1,081708,2024-07-09,2024-07-09,,,SALEUSER1,2024-08-08,152650
100,V1,1000000210,BA00,E,C00004,AG,6,1,165807,2024-01-23,2024-01-23,101345,,SALEUSER1,2024-02-22,085937
100,V1,1000000210,ZACK,E,C00004,WE,6,1,133350,2024-01-23,2024-01-23,,,SALEUSER1,2024-02-22,085937
100,V1,1000000211,BA00,E,C00007,AG,6,0,170630,2024-01-28,2024-01-28,141946,,SALEUSER2,2024-02-27,111149
100,V1,1000000211,ZACK,E,C00007,WE,6,1,121646,2024-01-28,2024-01-28,,,SALEUSER2,2024-02-27,111149
100,V1,1000000212,BA00,E,C00004,AG,5,0,065711,2024-09-12,2024-09-12,061934,,SALEUSER2,2024-10-12,175348
100,V1,1000000212,ZACK,E,C00004,WE,6,1,102242,2024-09-12,2024-09-12,,,SALEUSER2,2024-10-12,175348
100,V1,1000000213,BA00,E,C00014,AG,1,1,124313,2024-05-26,2024-05-26,145714,,SALEUSER2,2024-06-25,143806
100,V1,1000000213,ZACK,E,C00014,WE,6,1,070641,2024-05-26,2024-05-26,,,SALEUSER2,2024-06-25,143806
100,V1,1000000214,BA00,E,C00005,AG,2,1,174559,2024-02-19,2024-02-19,155911,,SALEUSER1,2024-03-20,105222
100,V1,1000000214,ZACK,E,C00005,WE,6,1,083702,2024-02-19,2024-02-19,,,SALEUSER1,2024-03-20,105222
100,V1,1000000215,BA00,E,C00002,AG,1,1,125859,2024-05-18,2024-05-18,104818,,SALEUSER1,2024-06-17,163921
100,V1,1000000215,ZACK,E,C00002,WE,6,1,123420,2024-05-18,2024-05-18,,,SALEUSER1,2024-06-17,163921
100,V1,1000000216,BA00,E,C00003,AG,5,1,151449,2024-06-16,2024-06-16,165136,,SALEUSER3,2024-07-16,074517
100,V1,1000000216,ZACK,E,C00003,WE,6,1,173502,2024-06-16,2024-06-16,,,SALEUSER3,2024-07-16,074517
100,V1,1000000217,BA00,E,C00015,AG,6,1,145014,2024-08-06,2024-08-06,134321,,SALEUSER3,2024-09-05,141108
100,V1,1000000217,ZACK,E,C00015,WE,6,1,144451,2024-08-06,2024-08-06,,,SALEUSER3,2024-09-05,141108
100,V1,1000000218,BA00,E,C00010,AG,5,1,060704,2024-09-29,2024-09-29,130422,,SALEUSER3,2024-10-29,150230
100,V1,1000000218,ZACK,E,C00010,WE,6,1,155518,2024-09-29,2024-09-29,,,SALEUSER3,2024-10-29,150230
100,V1,1000000219,BA00,E,C00003,AG,1,1,145652,2024-07-24,2024-07-24,162754,,SALEUSER2,2024-08-23,105103
100,V1,1000000220,BA00,E,C00002,AG,6,1,110719,2024-06-15,2024-06-15,073328,,SALEUSER2,2024-07-15,150853
100,V1,1000000220,ZACK,E,C00002,WE,6,1,131719,2024-06-15,2024-06-15,,,SALEUSER2,2024-07-15,150853
100,V1,1000000221,BA00,E,C00004,AG,1,1,082120,2024-05-31,2024-05-31,172801,,SALEUSER2,2024-06-30,073128
100,V1,1000000222,BA00,E,C00006,AG,5,1,131056,2024-03-25,2024-03-25,154236,,SALEUSER3,2024-04-24,092616
100,V1,1000000222,ZACK,E,C00006,WE,6,1,111627,2024-03-25,2024-03-25,,,SALEUSER3,2024-04-24,092616
100,V1,1000000223,BA00,E,C00014,AG,6,0,110441,2024-05-24,2024-05-24,160300,,SALEUSER1,2024-06-23,140207
100,V1,1000000223,ZACK,E,C00014,WE,6,1,174028,2024-05-24,2024-05-24,,,SALEUSER1,2024-06-23,140207
100,V1,1000000224,BA00,E,C00015,AG,6,1,144829,2024-05-24,2024-05-24,075622,,SALEUSER1,2024-06-23,075207
100,V1,1000000224,ZACK,E,C00015,WE,6,1,124625,2024-05-24,2024-05-24,,,SALEUSER1,2024-06-23,075207
100,V1,1000000225,BA00,E,C00014,AG,5,0,094136,2024-05-10,2024-05-10,155648,,SALEUSER1,2024-06-09,170600
100,V1,1000000225,ZACK,E,C00014,WE,6,1,065229,2024-05-10,2024-05-10,,,SALEUSER1,2024-06-09,170600
100,V1,1000000226,BA00,E,C00004,AG,5,1,173031,2024-08-04,2024-08-04,154136,,SALEUSER3,2024-09-03,075003
100,V1,1000000226,ZACK,E,C00004,WE,6,1,140519,2024-08-04,2024-08-04,,,SALEUSER3,2024-09-03,075003
100,V1,1000000227,BA00,E,C00004,AG,6,1,152950,2024-05-23,2024-05-23,143413,,SALEUSER2,2024-06-22,171627
100,V1,1000000227,ZACK,E,C00004,WE,6,1,165114,2024-05-23,2024-05-23,,,SALEUSER2,2024-06-22,171627
100,V1,1000000228,BA00,E,C00004,AG,1,1,151704,2024-01-15,2024-01-15,160322,,SALEUSER1,2024-02-14,062746
100,V1,1000000228,ZACK,E,C00004,WE,6,1,062531,2024-01-15,2024-01-15,,,SALEUSER1,2024-02-14,062746
100,V1,1000000229,BA00,E,C00008,AG,5,1,080626,2024-08-25,2024-08-25,090507,,SALEUSER2,2024-09-24,150000
100,V1,1000000229,ZACK,E,C00008,WE,6,1,134310,2024-08-25,2024-08-25,,,SALEUSER2,2024-09-24,150000
100,V1,1000000230,BA00,E,C00003,AG,2,1,141434,2024-08-15,2024-08-15,115525,,SALEUSER2,2024-09-14,141453
100,V1,1000000230,ZACK,E,C00003,WE,6,1,104355,2024-08-15,2024-08-15,,,SALEUSER2,2024-09-14,141453
100,V1,1000000231,BA00,E,C00009,AG,6,2,073843,2024-09-10,2024-09-10,140756,,SALEUSER2,2024-10-10,125537
100,V1,1000000231,ZACK,E,C00009,WE,6,1,075318,2024-09-10,2024-09-10,,,SALEUSER2,2024-10-10,125537
100,V1,1000000232,BA00,E,C00004,AG,6,1,101438,2024-07-17,2024-07-17,150649,,SALEUSER3,2024-08-16,075629
100,V1,1000000232,ZACK,E,C00004,WE,6,1,115952,2024-07-17,2024-07-17,,,SALEUSER3,2024-08-16,075629
100,V1,1000000233,BA00,E,C00008,AG,1,1,131008,2024-08-26,2024-08-26,080252,,SALEUSER2,2024-09-25,170908
100,V1,1000000233,ZACK,E,C00008,WE,6,1,084258,2024-08-26,2024-08-26,,,SALEUSER2,2024-09-25,170908
100,V1,1000000234,BA00,E,C00006,AG,5,1,170904,2024-01-27,2024-01-27,160941,,SALEUSER2,2024-02-26,121627
100,V1,1000000234,ZACK,E,C00006,WE,6,1,114444,2024-01-27,2024-01-27,,,SALEUSER2,2024-02-26,121627
100,V1,1000000235,BA00,E,C00011,AG,6,1,142631,2024-08-03,2024-08-03,101616,,SALEUSER3,2024-09-02,134544
100,V1,1000000235,ZACK,E,C00011,WE,6,1,174514,2024-08-03,2024-08-03,,,SALEUSER3,2024-09-02,134544
100,V1,1000000236,BA00,E,C00001,AG,6,1,091149,2024-08-12,2024-08-12,070026,,SALEUSER3,2024-09-11,062727
100,V1,1000000236,ZACK,E,C00001,WE,6,1,155418,2024-08-12,2024-08-12,,,SALEUSER3,2024-09-11,062727
100,V1,1000000237,BA00,E,C00010,AG,5,1,103532,2024-02-22,2024-02-22,140400,,SALEUSER2,2024-03-23,101423
100,V1,1000000237,ZACK,E,C00010,WE,6,1,131634,2024-02-22,2024-02-22,,,SALEUSER2,2024-03-23,101423
100,V1,1000000238,BA00,E,C00011,AG,5,1,104032,2024-01-19,2024-01-19,173843,,SALEUSER3,2024-02-18,153239
100,V1,1000000238,ZACK,E,C00011,WE,6,1,142146,2024-01-19,2024-01-19,,,SALEUSER3,2024-02-18,153239
100,V1,1000000239,BA00,E,C00002,AG,6,1,134310,2024-08-20,2024-08-20,100437,,SALEUSER3,2024-09-19,071801
100,V1,1000000239,ZACK,E,C00002,WE,6,1,132720,2024-08-20,2024-08-20,,,SALEUSER3,2024-09-19,071801
100,V1,1000000240,BA00,E,C00010,AG,6,1,161549,2024-04-10,2024-04-10,142646,,SALEUSER1,2024-05-10,070926
100,V1,1000000240,ZACK,E,C00010,WE,6,1,101141,2024-04-10,2024-04-10,,,SALEUSER1,2024-05-10,070926
100,V1,1000000241,BA00,E,C00003,AG,6,1,070000,2024-09-11,2024-09-11,102001,,SALEUSER3,2024-10-11,105333
100,V1,1000000241,ZACK,E,C00003,WE,6,1,164459,2024-09-11,2024-09-11,,,SALEUSER3,2024-10-11,105333
100,V1,1000000242,BA00,E,C00002,AG,1,1,101515,2024-06-10,2024-06-10,084040,,SALEUSER1,2024-07-10,153554
100,V1,1000000242,ZACK,E,C00002,WE,6,1,161904,2024-06-10,2024-06-10,,,SALEUSER1,2024-07-10,153554
100,V1,1000000243,BA00,E,C00010,AG,5,1,154906,2024-08-11,2024-08-11,074821,,SALEUSER2,2024-09-10,080333
100,V1,1000000243,ZACK,E,C00010,WE,6,1,160003,2024-08-11,2024-08-11,,,SALEUSER2,2024-09-10,080333
100,V1,1000000244,BA00,E,C00011,AG,5,1,142657,2024-01-08,2024-01-08,075455,,SALEUSER3,2024-02-07,105529
100,V1,1000000244,ZACK,E,C00011,WE,6,1,131308,2024-01-08,2024-01-08,,,SALEUSER3,2024-02-07,105529
100,V1,1000000245,BA00,E,C00009,AG,1,1,165259,2024-05-08,2024-05-08,090130,,SALEUSER1,2024-06-07,142331
100,V1,1000000245,ZACK,E,C00009,WE,6,1,072101,2024-05-08,2024-05-08,,,SALEUSER1,2024-06-07,142331
100,V1,1000000246,BA00,E,C00007,AG,5,0,102420,2024-08-05,2024-08-05,083105,,SALEUSER3,2024-09-04,071138
100,V1,1000000246,ZACK,E,C00007,WE,6,1,141512,2024-08-05,2024-08-05,,,SALEUSER3,2024-09-04,071138
100,V1,1000000247,BA00,E,C00006,AG,1,1,125422,2024-08-05,2024-08-05,084529,,SALEUSER2,2024-09-04,113624
100,V1,1000000247,ZACK,E,C00006,WE,6,1,092650,2024-08-05,2024-08-05,,,SALEUSER2,2024-09-04,113624
100,V1,1000000248,BA00,E,C00004,AG,6,1,113324,2024-08-24,2024-08-24,060156,,SALEUSER2,2024-09-23,134302
100,V1,1000000248,ZACK,E,C00004,WE,6,1,111627,2024-08-24,2024-08-24,,,SALEUSER2,2024-09-23,134302
100,V1,1000000249,BA00,E,C00012,AG,5,1,092824,2024-06-22,2024-06-22,080256,,SALEUSER2,2024-07-22,090315
100,V1,1000000249,ZACK,E,C00012,WE,6,1,143854,2024-06-22,2024-06-22,,,SALEUSER2,2024-07-22,090315
100,V1,1000000250,BA00,E,C00004,AG,5,0,152757,2024-08-02,2024-08-02,124121,,SALEUSER1,2024-09-01,063109
100,V1,1000000250,ZACK,E,C00004,WE,6,1,120704,2024-08-02,2024-08-02,,,SALEUSER1,2024-09-01,063109
100,V1,1000000251,BA00,E,C00008,AG,6,1,112839,2024-04-20,2024-04-20,124655,,SALEUSER2,2024-05-20,121156
100,V1,1000000251,ZACK,E,C00008,WE,6,1,082731,2024-04-20,2024-04-20,,,SALEUSER2,2024-05-20,121156
100,V1,1000000252,BA00,E,C00014,AG,1,1,150800,2024-06-28,2024-06-28,102524,,SALEUSER1,2024-07-28,121827
100,V1,1000000252,ZACK,E,C00014,WE,6,1,092627,2024-06-28,2024-06-28,,,SALEUSER1,2024-07-28,121827
100,V1,1000000253,BA00,E,C00005,AG,5,1,065540,2024-06-01,2024-06-01,155903,,SALEUSER3,2024-07-01,094540
100,V1,1000000253,ZACK,E,C00005,WE,6,1,080941,2024-06-01,2024-06-01,,,SALEUSER3,2024-07-01,094540
100,V1,1000000254,BA00,E,C00009,AG,5,1,074740,2024-09-27,2024-09-27,125522,,SALEUSER1,2024-10-27,102501
100,V1,1000000254,ZACK,E,C00009,WE,6,1,093124,2024-09-27,2024-09-27,,,SALEUSER1,2024-10-27,102501
100,V1,1000000255,BA00,E,C00008,AG,1,1,160830,2024-05-25,2024-05-25,163854,,SALEUSER2,2024-06-24,123728
100,V1,1000000255,ZACK,E,C00008,WE,6,1,112828,2024-05-25,2024-05-25,,,SALEUSER2,2024-06-24,123728
100,V1,1000000256,BA00,E,C00006,AG,5,1,142958,2024-03-31,2024-03-31,154355,,SALEUSER3,2024-04-30,095207
100,V1,1000000256,ZACK,E,C00006,WE,6,1,112616,2024-03-31,2024-03-31,,,SALEUSER3,2024-04-30,095207
100,V1,1000000257,BA00,E,C00005,AG,6,2,075722,2024-02-04,2024-02-04,083332,,SALEUSER1,2024-03-05,121857
100,V1,1000000257,ZACK,E,C00005,WE,6,1,163806,2024-02-04,2024-02-04,,,SALEUSER1,2024-03-05,121857
100,V1,1000000258,BA00,E,C00002,AG,1,1,081553,2024-03-16,2024-03-16,095841,,SALEUSER3,2024-04-15,165322
100,V1,1000000258,ZACK,E,C00002,WE,6,1,081349,2024-03-16,2024-03-16,,,SALEUSER3,2024-04-15,165322
100,V1,1000000259,BA00,E,C00006,AG,6,1,074744,2024-05-28,2024-05-28,074006,,SALEUSER3,2024-06-27,132835
100,V1,1000000259,ZACK,E,C00006,WE,6,1,110749,2024-05-28,2024-05-28,,,SALEUSER3,2024-06-27,132835
100,V1,1000000260,BA00,E,C00011,AG,1,1,173939,2024-06-03,2024-06-03,070504,,SALEUSER2,2024-07-03,122242
100,V1,1000000260,ZACK,E,C00011,WE,6,1,141430,2024-06-03,2024-06-03,,,SALEUSER2,2024-07-03,122242
100,V1,1000000261,BA00,E,C00004,AG,1,1,091312,2024-07-31,2024-07-31,072958,,SALEUSER1,2024-08-30,103851
100,V1,1000000261,ZACK,E,C00004,WE,6,1,113402,2024-07-31,2024-07-31,,,SALEUSER1,2024-08-30,103851
100,V1,1000000262,BA00,E,C00001,AG,1,1,165756,2024-09-18,2024-09-18,111430,,SALEUSER3,2024-10-18,065826
100,V1,1000000262,ZACK,E,C00001,WE,6,1,175344,2024-09-18,2024-09-18,,,SALEUSER3,2024-10-18,065826
100,V1,1000000263,BA00,E,C00003,AG,1,2,075252,2024-09-06,2024-09-06,144851,,SALEUSER2,2024-10-06,141530
100,V1,1000000263,ZACK,E,C00003,WE,6,1,093832,2024-09-06,2024-09-06,,,SALEUSER2,2024-10-06,141530
100,V1,1000000264,BA00,E,C00013,AG,1,1,161234,2024-04-22,2024-04-22,100626,,SALEUSER2,2024-05-22,082123
100,V1,1000000264,ZACK,E,C00013,WE,6,1,140911,2024-04-22,2024-04-22,,,SALEUSER2,2024-05-22,082123
100,V1,1000000265,BA00,E,C00013,AG,5,1,061104,2024-04-07,2024-04-07,072123,,SALEUSER3,2024-05-07,083105
100,V1,1000000265,ZACK,E,C00013,WE,6,1,140834,2024-04-07,2024-04-07,,,SALEUSER3,2024-05-07,083105
100,V1,1000000266,BA00,E,C00015,AG,5,1,125040,2024-07-21,2024-07-21,062053,,SALEUSER2,2024-08-20,073617
100,V1,1000000266,ZACK,E,C00015,WE,6,1,115518,2024-07-21,2024-07-21,,,SALEUSER2,2024-08-20,073617
100,V1,1000000267,BA00,E,C00010,AG,5,1,151708,2024-08-31,2024-08-31,140652,,SALEUSER1,2024-09-30,144632
100,V1,1000000267,ZACK,E,C00010,WE,6,1,091442,2024-08-31,2024-08-31,,,SALEUSER1,2024-09-30,144632
100,V1,1000000268,BA00,E,C00015,AG,6,1,175844,2024-04-15,2024-04-15,155555,,SALEUSER3,2024-05-15,123943
100,V1,1000000268,ZACK,E,C00015,WE,6,1,144125,2024-04-15,2024-04-15,,,SALEUSER3,2024-05-15,123943
100,V1,1000000269,BA00,E,C00002,AG,5,1,171353,2024-01-21,2024-01-21,171542,,SALEUSER2,2024-02-20,131312
100,V1,1000000269,ZACK,E,C00002,WE,6,1,125510,2024-01-21,2024-01-21,,,SALEUSER2,2024-02-20,131312
100,V1,1000000270,BA00,E,C00008,AG,5,1,095329,2024-06-26,2024-06-26,074940,,SALEUSER1,2024-07-26,112746
100,V1,1000000270,ZACK,E,C00008,WE,6,1,060041,2024-06-26,2024-06-26,,,SALEUSER1,2024-07-26,112746
100,V1,1000000271,BA00,E,C00002,AG,6,2,080923,2024-05-01,2024-05-01,075010,,SALEUSER1,2024-05-31,081212
100,V1,1000000271,ZACK,E,C00002,WE,6,1,142924,2024-05-01,2024-05-01,,,SALEUSER1,2024-05-31,081212
100,V1,1000000272,BA00,E,C00002,AG,5,0,123317,2024-07-17,2024-07-17,130218,,SALEUSER2,2024-08-16,164417
100,V1,1000000272,ZACK,E,C00002,WE,6,1,165029,2024-07-17,2024-07-17,,,SALEUSER2,2024-08-16,164417
100,V1,1000000273,BA00,E,C00007,AG,6,1,133721,2024-06-08,2024-06-08,111812,,SALEUSER1,2024-07-08,173354
100,V1,1000000273,ZACK,E,C00007,WE,6,1,072424,2024-06-08,2024-06-08,,,SALEUSER1,2024-07-08,173354
100,V1,1000000274,BA00,E,C00007,AG,5,1,080652,2024-06-27,2024-06-27,091538,,SALEUSER1,2024-07-27,121230
100,V1,1000000274,ZACK,E,C00007,WE,6,1,094032,2024-06-27,2024-06-27,,,SALEUSER1,2024-07-27,121230
100,V1,1000000275,BA00,E,C00014,AG,5,1,095144,2024-03-25,2024-03-25,114855,,SALEUSER1,2024-04-24,102839
100,V1,1000000275,ZACK,E,C00014,WE,6,1,071842,2024-03-25,2024-03-25,,,SALEUSER1,2024-04-24,102839
100,V1,1000000276,BA00,E,C00010,AG,5,1,121223,2024-05-06,2024-05-06,115255,,SALEUSER3,2024-06-05,173050
100,V1,1000000276,ZACK,E,C00010,WE,6,1,150400,2024-05-06,2024-05-06,,,SALEUSER3,2024-06-05,173050
100,V1,1000000277,BA00,E,C00003,AG,1,1,142616,2024-01-25,2024-01-25,152012,,SALEUSER1,2024-02-24,073324
100,V1,1000000277,ZACK,E,C00003,WE,6,1,161738,2024-01-25,2024-01-25,,,SALEUSER1,2024-02-24,073324
100,V1,1000000278,BA00,E,C00007,AG,5,0,105248,2024-02-28,2024-02-28,125025,,SALEUSER3,2024-03-29,142246
100,V1,1000000278,ZACK,E,C00007,WE,6,1,152735,2024-02-28,2024-02-28,,,SALEUSER3,2024-03-29,142246
100,V1,1000000279,BA00,E,C00005,AG,5,1,141457,2024-03-06,2024-03-06,115044,,SALEUSER3,2024-04-05,113743
100,V1,1000000279,ZACK,E,C00005,WE,6,1,111334,2024-03-06,2024-03-06,,,SALEUSER3,2024-04-05,113743
100,V1,1000000280,BA00,E,C00006,AG,5,1,124310,2024-02-14,2024-02-14,123813,,SALEUSER2,2024-03-15,174347
100,V1,1000000280,ZACK,E,C00006,WE,6,1,134925,2024-02-14,2024-02-14,,,SALEUSER2,2024-03-15,174347
100,V1,1000000281,BA00,E,C00013,AG,5,1,170815,2024-04-10,2024-04-10,151111,,SALEUSER3,2024-05-10,082253
100,V1,1000000281,ZACK,E,C00013,WE,6,1,152320,2024-04-10,2024-04-10,,,SALEUSER3,2024-05-10,082253
100,V1,1000000282,BA00,E,C00013,AG,6,1,130103,2024-07-04,2024-07-04,064621,,SALEUSER2,2024-08-03,110926
100,V1,1000000282,ZACK,E,C00013,WE,6,1,174751,2024-07-04,2024-07-04,,,SALEUSER2,2024-08-03,110926
100,V1,1000000283,BA00,E,C00004,AG,1,1,130333,2024-08-09,2024-08-09,091130,,SALEUSER3,2024-09-08,123824
100,V1,1000000283,ZACK,E,C00004,WE,6,1,140656,2024-08-09,2024-08-09,,,SALEUSER3,2024-09-08,123824
100,V1,1000000284,BA00,E,C00013,AG,5,1,102546,2024-02-27,2024-02-27,163847,,SALEUSER2,2024-03-28,085337
100,V1,1000000284,ZACK,E,C00013,WE,6,1,061108,2024-02-27,2024-02-27,,,SALEUSER2,2024-03-28,085337
100,V1,1000000285,BA00,E,C00004,AG,5,1,082705,2024-06-23,2024-06-23,084540,,SALEUSER1,2024-07-23,131827
100,V1,1000000285,ZACK,E,C00004,WE,6,1,173205,2024-06-23,2024-06-23,,,SALEUSER1,2024-07-23,131827
100,V1,1000000286,BA00,E,C00002,AG,5,1,100400,2024-02-14,2024-02-14,105744,,SALEUSER1,2024-03-15,124803
100,V1,1000000286,ZACK,E,C00002,WE,6,1,082939,2024-02-14,2024-02-14,,,SALEUSER1,2024-03-15,124803
100,V1,1000000287,BA00,E,C00007,AG,5,1,135010,2024-02-25,2024-02-25,174336,,SALEUSER1,2024-03-26,125425
100,V1,1000000287,ZACK,E,C00007,WE,6,1,124929,2024-02-25,2024-02-25,,,SALEUSER1,2024-03-26,125425
100,V1,1000000288,BA00,E,C00006,AG,6,1,085722,2024-09-12,2024-09-12,065759,,SALEUSER1,2024-10-12,102839
100,V1,1000000288,ZACK,E,C00006,WE,6,1,110923,2024-09-12,2024-09-12,,,SALEUSER1,2024-10-12,102839
100,V1,1000000289,BA00,E,C00003,AG,6,1,132301,2024-02-05,2024-02-05,125148,,SALEUSER1,2024-03-06,101523
100,V1,1000000289,ZACK,E,C00003,WE,6,1,161704,2024-02-05,2024-02-05,,,SALEUSER1,2024-03-06,101523
100,V1,1000000290,BA00,E,C00011,AG,6,1,065129,2024-05-01,2024-05-01,151115,,SALEUSER2,2024-05-31,155952
100,V1,1000000290,ZACK,E,C00011,WE,6,1,162820,2024-05-01,2024-05-01,,,SALEUSER2,2024-05-31,155952
100,V1,1000000291,BA00,E,C00005,AG,2,1,125218,2024-06-10,2024-06-10,103205,,SALEUSER1,2024-07-10,095726
100,V1,1000000291,ZACK,E,C00005,WE,6,1,171604,2024-06-10,2024-06-10,,,SALEUSER1,2024-07-10,095726
100,V1,1000000292,BA00,E,C00014,AG,6,1,132909,2024-08-11,2024-08-11,165259,,SALEUSER1,2024-09-10,105203
100,V1,1000000292,ZACK,E,C00014,WE,6,1,112431,2024-08-11,2024-08-11,,,SALEUSER1,2024-09-10,105203
100,V1,1000000293,BA00,E,C00013,AG,5,1,110645,2024-01-10,2024-01-10,100452,,SALEUSER3,2024-02-09,164406
100,V1,1000000293,ZACK,E,C00013,WE,6,1,113405,2024-01-10,2024-01-10,,,SALEUSER3,2024-02-09,164406
100,V1,1000000294,BA00,E,C00012,AG,1,1,061523,2024-05-28,2024-05-28,104559,,SALEUSER1,2024-06-27,160200
100,V1,1000000294,ZACK,E,C00012,WE,6,1,114202,2024-05-28,2024-05-28,,,SALEUSER1,2024-06-27,160200
100,V1,1000000295,BA00,E,C00015,AG,1,1,070834,2024-03-04,2024-03-04,155729,,SALEUSER3,2024-04-03,101053
100,V1,1000000295,ZACK,E,C00015,WE,6,1,102601,2024-03-04,2024-03-04,,,SALEUSER3,2024-04-03,101053
100,V1,1000000296,BA00,E,C00012,AG,6,1,095752,2024-04-16,2024-04-16,080611,,SALEUSER1,2024-05-16,151500
100,V1,1000000296,ZACK,E,C00012,WE,6,1,161731,2024-04-16,2024-04-16,,,SALEUSER1,2024-05-16,151500
100,V1,1000000297,BA00,E,C00006,AG,6,1,105518,2024-09-24,2024-09-24,154459,,SALEUSER1,2024-10-24,061123
100,V1,1000000297,ZACK,E,C00006,WE,6,1,175714,2024-09-24,2024-09-24,,,SALEUSER1,2024-10-24,061123
100,V1,1000000298,BA00,E,C00010,AG,5,1,134818,2024-01-07,2024-01-07,124948,,SALEUSER3,2024-02-06,101408
100,V1,1000000298,ZACK,E,C00010,WE,6,1,155637,2024-01-07,2024-01-07,,,SALEUSER3,2024-02-06,101408
100,V1,1000000299,BA00,E,C00005,AG,2,1,151638,2024-09-18,2024-09-18,071230,,SALEUSER1,2024-10-18,173502
100,V1,1000000299,ZACK,E,C00005,WE,6,1,135748,2024-09-18,2024-09-18,,,SALEUSER1,2024-10-18,173502
100,V1,1000000300,BA00,E,C00003,AG,5,1,131819,2024-07-29,2024-07-29,113146,,SALEUSER2,2024-08-28,091034
100,V1,1000000300,ZACK,E,C00003,WE,6,1,142035,2024-07-29,2024-07-29,,,SALEUSER2,2024-08-28,091034
100,V1,1000000301,BA00,E,C00005,AG,5,1,172038,2024-06-13,2024-06-13,170152,,SALEUSER1,2024-07-13,092008
100,V1,1000000301,ZACK,E,C00005,WE,6,1,104036,2024-06-13,2024-06-13,,,SALEUSER1,2024-07-13,092008
100,V1,1000000302,BA00,E,C00008,AG,1,1,124251,2024-03-26,2024-03-26,160626,,SALEUSER2,2024-04-25,082705
100,V1,1000000302,ZACK,E,C00008,WE,6,1,153717,2024-03-26,2024-03-26,,,SALEUSER2,2024-04-25,082705
100,V1,1000000303,BA00,E,C00011,AG,6,0,142924,2024-03-04,2024-03-04,121753,,SALEUSER2,2024-04-03,085048
100,V1,1000000303,ZACK,E,C00011,WE,6,1,160711,2024-03-04,2024-03-04,,,SALEUSER2,2024-04-03,085048
100,V1,1000000304,BA00,E,C00007,AG,1,1,123520,2024-04-27,2024-04-27,102535,,SALEUSER3,2024-05-27,170015
100,V1,1000000304,ZACK,E,C00007,WE,6,1,141223,2024-04-27,2024-04-27,,,SALEUSER3,2024-05-27,170015
100,V1,1000000305,BA00,E,C00006,AG,1,1,071238,2024-09-19,2024-09-19,164325,,SALEUSER3,2024-10-19,160015
100,V1,1000000305,ZACK,E,C00006,WE,6,1,171000,2024-09-19,2024-09-19,,,SALEUSER3,2024-10-19,160015
100,V1,1000000306,BA00,E,C00005,AG,1,1,125125,2024-04-04,2024-04-04,084517,,SALEUSER3,2024-05-04,110130
100,V1,1000000306,ZACK,E,C00005,WE,6,1,113120,2024-04-04,2024-04-04,,,SALEUSER3,2024-05-04,110130
100,V1,1000000307,BA00,E,C00009,AG,1,1,164258,2024-04-25,2024-04-25,062150,,SALEUSER3,2024-05-25,092601
100,V1,1000000307,ZACK,E,C00009,WE,6,1,175040,2024-04-25,2024-04-25,,,SALEUSER3,2024-05-25,092601
100,V1,1000000308,BA00,E,C00010,AG,5,1,150256,2024-05-13,2024-05-13,122616,,SALEUSER3,2024-06-12,091738
100,V1,1000000308,ZACK,E,C00010,WE,6,1,123220,2024-05-13,2024-05-13,,,SALEUSER3,2024-06-12,091738
100,V1,1000000309,BA00,E,C00013,AG,5,1,130026,2024-09-06,2024-09-06,082401,,SALEUSER3,2024-10-06,072120
100,V1,1000000309,ZACK,E,C00013,WE,6,1,072727,2024-09-06,2024-09-06,,,SALEUSER3,2024-10-06,072120
100,V1,1000000310,BA00,E,C00012,AG,6,1,063505,2024-04-10,2024-04-10,081549,,SALEUSER1,2024-05-10,112627
100,V1,1000000310,ZACK,E,C00012,WE,6,1,150953,2024-04-10,2024-04-10,,,SALEUSER1,2024-05-10,112627
100,V1,1000000311,BA00,E,C00001,AG,6,0,104355,2024-08-18,2024-08-18,124629,,SALEUSER3,2024-09-17,060307
100,V1,1000000311,ZACK,E,C00001,WE,6,1,152809,2024-08-18,2024-08-18,,,SALEUSER3,2024-09-17,060307
100,V1,1000000312,BA00,E,C00007,AG,5,1,133517,2024-04-21,2024-04-21,102639,,SALEUSER1,2024-05-21,105021
100,V1,1000000312,ZACK,E,C00007,WE,6,1,101557,2024-04-21,2024-04-21,,,SALEUSER1,2024-05-21,105021
100,V1,1000000313,BA00,E,C00013,AG,5,1,060956,2024-07-07,2024-07-07,163213,,SALEUSER1,2024-08-06,125933
100,V1,1000000313,ZACK,E,C00013,WE,6,1,114036,2024-07-07,2024-07-07,,,SALEUSER1,2024-08-06,125933
100,V1,1000000314,BA00,E,C00013,AG,5,1,153854,2024-03-12,2024-03-12,120348,,SALEUSER3,2024-04-11,074951
100,V1,1000000314,ZACK,E,C00013,WE,6,1,123220,2024-03-12,2024-03-12,,,SALEUSER3,2024-04-11,074951
100,V1,1000000315,BA00,E,C00004,AG,6,2,120419,2024-01-19,2024-01-19,143651,,SALEUSER1,2024-02-18,074251
100,V1,1000000315,ZACK,E,C00004,WE,6,1,075259,2024-01-19,2024-01-19,,,SALEUSER1,2024-02-18,074251
100,V1,1000000316,BA00,E,C00003,AG,6,1,134355,2024-04-21,2024-04-21,174013,,SALEUSER3,2024-05-21,111723
100,V1,1000000316,ZACK,E,C00003,WE,6,1,064959,2024-04-21,2024-04-21,,,SALEUSER3,2024-05-21,111723
100,V1,1000000317,BA00,E,C00002,AG,1,1,101400,2024-03-19,2024-03-19,152050,,SALEUSER1,2024-04-18,113821
100,V1,1000000317,ZACK,E,C00002,WE,6,1,090522,2024-03-19,2024-03-19,,,SALEUSER1,2024-04-18,113821
100,V1,1000000318,BA00,E,C00004,AG,1,1,100715,2024-09-27,2024-09-27,074829,,SALEUSER3,2024-10-27,161716
100,V1,1000000318,ZACK,E,C00004,WE,6,1,102609,2024-09-27,2024-09-27,,,SALEUSER3,2024-10-27,161716
100,V1,1000000319,BA00,E,C00014,AG,1,1,063909,2024-09-03,2024-09-03,161731,,SALEUSER2,2024-10-03,092742
100,V1,1000000319,ZACK,E,C00014,WE,6,1,170719,2024-09-03,2024-09-03,,,SALEUSER2,2024-10-03,092742
100,V1,1000000320,BA00,E,C00004,AG,5,1,125759,2024-09-19,2024-09-19,081942,,SALEUSER3,2024-10-19,154406
100,V1,1000000320,ZACK,E,C00004,WE,6,1,130041,2024-09-19,2024-09-19,,,SALEUSER3,2024-10-19,154406
100,V1,1000000321,BA00,E,C00005,AG,1,1,155848,2024-07-30,2024-07-30,132242,,SALEUSER3,2024-08-29,070511
100,V1,1000000321,ZACK,E,C00005,WE,6,1,121708,2024-07-30,2024-07-30,,,SALEUSER3,2024-08-29,070511
100,V1,1000000322,BA00,E,C00002,AG,5,1,134606,2024-06-05,2024-06-05,155618,,SALEUSER2,2024-07-05,082120
100,V1,1000000322,ZACK,E,C00002,WE,6,1,152943,2024-06-05,2024-06-05,,,SALEUSER2,2024-07-05,082120
100,V1,1000000323,BA00,E,C00011,AG,6,1,144755,2024-06-17,2024-06-17,171442,,SALEUSER3,2024-07-17,154729
100,V1,1000000323,ZACK,E,C00011,WE,6,1,092212,2024-06-17,2024-06-17,,,SALEUSER3,2024-07-17,154729
100,V1,1000000324,BA00,E,C00013,AG,5,1,103713,2024-02-07,2024-02-07,132416,,SALEUSER3,2024-03-08,073713
100,V1,1000000324,ZACK,E,C00013,WE,6,1,145741,2024-02-07,2024-02-07,,,SALEUSER3,2024-03-08,073713
100,V1,1000000325,BA00,E,C00010,AG,6,1,092146,2024-04-21,2024-04-21,113420,,SALEUSER3,2024-05-21,065903
100,V1,1000000325,ZACK,E,C00010,WE,6,1,143606,2024-04-21,2024-04-21,,,SALEUSER3,2024-05-21,065903
100,V1,1000000326,BA00,E,C00009,AG,2,1,125259,2024-08-05,2024-08-05,122020,,SALEUSER3,2024-09-04,155929
100,V1,1000000327,BA00,E,C00004,AG,6,1,152931,2024-05-04,2024-05-04,061323,,SALEUSER2,2024-06-03,114532
100,V1,1000000327,ZACK,E,C00004,WE,6,1,071134,2024-05-04,2024-05-04,,,SALEUSER2,2024-06-03,114532
100,V1,1000000328,BA00,E,C00012,AG,1,1,174559,2024-03-03,2024-03-03,105859,,SALEUSER1,2024-04-02,162446
100,V1,1000000328,ZACK,E,C00012,WE,6,1,173558,2024-03-03,2024-03-03,,,SALEUSER1,2024-04-02,162446
100,V1,1000000329,BA00,E,C00013,AG,1,1,062501,2024-05-06,2024-05-06,133505,,SALEUSER2,2024-06-05,145025
100,V1,1000000329,ZACK,E,C00013,WE,6,1,100800,2024-05-06,2024-05-06,,,SALEUSER2,2024-06-05,145025
100,V1,1000000330,BA00,E,C00011,AG,5,1,095318,2024-09-14,2024-09-14,080052,,SALEUSER1,2024-10-14,143109
100,V1,1000000330,ZACK,E,C00011,WE,6,1,072431,2024-09-14,2024-09-14,,,SALEUSER1,2024-10-14,143109
100,V1,1000000331,BA00,E,C00007,AG,5,1,081219,2024-04-14,2024-04-14,080345,,SALEUSER3,2024-05-14,060949
100,V1,1000000331,ZACK,E,C00007,WE,6,1,090656,2024-04-14,2024-04-14,,,SALEUSER3,2024-05-14,060949
100,V1,1000000332,BA00,E,C00013,AG,5,1,135533,2024-03-19,2024-03-19,064540,,SALEUSER3,2024-04-18,115118
100,V1,1000000332,ZACK,E,C00013,WE,6,1,135310,2024-03-19,2024-03-19,,,SALEUSER3,2024-04-18,115118
100,V1,1000000333,BA00,E,C00012,AG,1,1,084803,2024-07-29,2024-07-29,112554,,SALEUSER3,2024-08-28,065729
100,V1,1000000333,ZACK,E,C00012,WE,6,1,064414,2024-07-29,2024-07-29,,,SALEUSER3,2024-08-28,065729
100,V1,1000000334,BA00,E,C00012,AG,1,1,113302,2024-06-09,2024-06-09,140626,,SALEUSER1,2024-07-09,131242
100,V1,1000000334,ZACK,E,C00012,WE,6,1,123643,2024-06-09,2024-06-09,,,SALEUSER1,2024-07-09,131242
100,V1,1000000335,BA00,E,C00006,AG,5,2,143009,2024-09-26,2024-09-26,153754,,SALEUSER1,2024-10-26,104459
100,V1,1000000335,ZACK,E,C00006,WE,6,1,060826,2024-09-26,2024-09-26,,,SALEUSER1,2024-10-26,104459
100,V1,1000000336,BA00,E,C00003,AG,1,1,093447,2024-02-07,2024-02-07,125252,,SALEUSER3,2024-03-08,063624
100,V1,1000000336,ZACK,E,C00003,WE,6,1,062405,2024-02-07,2024-02-07,,,SALEUSER3,2024-03-08,063624
100,V1,1000000337,BA00,E,C00010,AG,6,1,085110,2024-03-09,2024-03-09,084547,,SALEUSER3,2024-04-08,112312
100,V1,1000000338,BA00,E,C00002,AG,6,1,115148,2024-06-16,2024-06-16,132824,,SALEUSER3,2024-07-16,144702
100,V1,1000000338,ZACK,E,C00002,WE,6,1,111757,2024-06-16,2024-06-16,,,SALEUSER3,2024-07-16,144702
100,V1,1000000339,BA00,E,C00007,AG,5,1,171130,2024-09-09,2024-09-09,095229,,SALEUSER1,2024-10-09,133951
100,V1,1000000339,ZACK,E,C00007,WE,6,1,075318,2024-09-09,2024-09-09,,,SALEUSER1,2024-10-09,133951
100,V1,1000000340,BA00,E,C00006,AG,5,2,064525,2024-04-15,2024-04-15,121408,,SALEUSER2,2024-05-15,131353
100,V1,1000000340,ZACK,E,C00006,WE,6,1,151415,2024-04-15,2024-04-15,,,SALEUSER2,2024-05-15,131353
100,V1,1000000341,BA00,E,C00012,AG,6,1,075614,2024-03-12,2024-03-12,065048,,SALEUSER2,2024-04-11,091342
100,V1,1000000341,ZACK,E,C00012,WE,6,1,093202,2024-03-12,2024-03-12,,,SALEUSER2,2024-04-11,091342
100,V1,1000000342,BA00,E,C00002,AG,5,0,083951,2024-05-02,2024-05-02,115633,,SALEUSER1,2024-06-01,095348
100,V1,1000000342,ZACK,E,C00002,WE,6,1,163828,2024-05-02,2024-05-02,,,SALEUSER1,2024-06-01,095348
100,V1,1000000343,BA00,E,C00010,AG,5,1,133124,2024-01-11,2024-01-11,125151,,SALEUSER2,2024-02-10,112712
100,V1,1000000343,ZACK,E,C00010,WE,6,1,070048,2024-01-11,2024-01-11,,,SALEUSER2,2024-02-10,112712
100,V1,1000000344,BA00,E,C00012,AG,5,0,061804,2024-02-04,2024-02-04,083109,,SALEUSER1,2024-03-05,141746
100,V1,1000000344,ZACK,E,C00012,WE,6,1,163713,2024-02-04,2024-02-04,,,SALEUSER1,2024-03-05,141746
100,V1,1000000345,BA00,E,C00008,AG,6,1,145233,2024-02-24,2024-02-24,092150,,SALEUSER2,2024-03-25,151701
100,V1,1000000345,ZACK,E,C00008,WE,6,1,122138,2024-02-24,2024-02-24,,,SALEUSER2,2024-03-25,151701
100,V1,1000000346,BA00,E,C00010,AG,5,1,144855,2024-06-18,2024-06-18,102253,,SALEUSER1,2024-07-18,114355
100,V1,1000000346,ZACK,E,C00010,WE,6,1,134432,2024-06-18,2024-06-18,,,SALEUSER1,2024-07-18,114355
100,V1,1000000347,BA00,E,C00002,AG,1,1,083458,2024-03-29,2024-03-29,104602,,SALEUSER1,2024-04-28,124936
100,V1,1000000347,ZACK,E,C00002,WE,6,1,084514,2024-03-29,2024-03-29,,,SALEUSER1,2024-04-28,124936
100,V1,1000000348,BA00,E,C00008,AG,6,0,175025,2024-05-02,2024-05-02,140141,,SALEUSER3,2024-06-01,083854
100,V1,1000000348,ZACK,E,C00008,WE,6,1,164051,2024-05-02,2024-05-02,,,SALEUSER3,2024-06-01,083854
100,V1,1000000349,BA00,E,C00008,AG,6,1,112253,2024-05-25,2024-05-25,133131,,SALEUSER1,2024-06-24,122312
100,V1,1000000349,ZACK,E,C00008,WE,6,1,074521,2024-05-25,2024-05-25,,,SALEUSER1,2024-06-24,122312
100,V1,1000000350,BA00,E,C00015,AG,5,0,151527,2024-05-29,2024-05-29,074047,,SALEUSER2,2024-06-28,155911
100,V1,1000000350,ZACK,E,C00015,WE,6,1,132813,2024-05-29,2024-05-29,,,SALEUSER2,2024-06-28,155911
100,V1,1000000351,BA00,E,C00013,AG,1,1,131746,2024-05-17,2024-05-17,104447,,SALEUSER3,2024-06-16,170245
100,V1,1000000351,ZACK,E,C00013,WE,6,1,065540,2024-05-17,2024-05-17,,,SALEUSER3,2024-06-16,170245
100,V1,1000000352,BA00,E,C00013,AG,6,1,164536,2024-02-17,2024-02-17,072520,,SALEUSER2,2024-03-18,113420
100,V1,1000000352,ZACK,E,C00013,WE,6,1,151853,2024-02-17,2024-02-17,,,SALEUSER2,2024-03-18,113420
100,V1,1000000353,BA00,E,C00006,AG,6,1,081423,2024-04-22,2024-04-22,102850,,SALEUSER3,2024-05-22,080330
100,V1,1000000353,ZACK,E,C00006,WE,6,1,082754,2024-04-22,2024-04-22,,,SALEUSER3,2024-05-22,080330
100,V1,1000000354,BA00,E,C00003,AG,5,1,102854,2024-08-15,2024-08-15,060348,,SALEUSER3,2024-09-14,112824
100,V1,1000000354,ZACK,E,C00003,WE,6,1,171657,2024-08-15,2024-08-15,,,SALEUSER3,2024-09-14,112824
100,V1,1000000355,BA00,E,C00004,AG,6,1,142409,2024-05-10,2024-05-10,092235,,SALEUSER2,2024-06-09,143936
100,V1,1000000355,ZACK,E,C00004,WE,6,1,081004,2024-05-10,2024-05-10,,,SALEUSER2,2024-06-09,143936
100,V1,1000000356,BA00,E,C00014,AG,5,1,152954,2024-08-07,2024-08-07,102639,,SALEUSER2,2024-09-06,120619
100,V1,1000000356,ZACK,E,C00014,WE,6,1,100404,2024-08-07,2024-08-07,,,SALEUSER2,2024-09-06,120619
100,V1,1000000357,BA00,E,C00012,AG,1,1,174510,2024-08-25,2024-08-25,165003,,SALEUSER2,2024-09-24,120211
100,V1,1000000357,ZACK,E,C00012,WE,6,1,173213,2024-08-25,2024-08-25,,,SALEUSER2,2024-09-24,120211
100,V1,1000000358,BA00,E,C00009,AG,1,1,152201,2024-09-06,2024-09-06,162442,,SALEUSER3,2024-10-06,125933
100,V1,1000000358,ZACK,E,C00009,WE,6,1,150222,2024-09-06,2024-09-06,,,SALEUSER3,2024-10-06,125933
100,V1,1000000359,BA00,E,C00012,AG,6,1,131338,2024-08-06,2024-08-06,174136,,SALEUSER2,2024-09-05,172950
100,V1,1000000359,ZACK,E,C00012,WE,6,1,111123,2024-08-06,2024-08-06,,,SALEUSER2,2024-09-05,172950
100,V1,1000000360,BA00,E,C00015,AG,5,1,121542,2024-01-18,2024-01-18,163247,,SALEUSER2,2024-02-17,083409
100,V1,1000000360,ZACK,E,C00015,WE,6,1,160530,2024-01-18,2024-01-18,,,SALEUSER2,2024-02-17,083409
100,V1,1000000361,BA00,E,C00013,AG,6,1,152831,2024-06-11,2024-06-11,105555,,SALEUSER2,2024-07-11,093309
100,V1,1000000361,ZACK,E,C00013,WE,6,1,102516,2024-06-11,2024-06-11,,,SALEUSER2,2024-07-11,093309
100,V1,1000000362,BA00,E,C00010,AG,6,1,152735,2024-01-07,2024-01-07,173847,,SALEUSER2,2024-02-06,173131
100,V1,1000000362,ZACK,E,C00010,WE,6,1,070911,2024-01-07,2024-01-07,,,SALEUSER2,2024-02-06,173131
100,V1,1000000363,BA00,E,C00009,AG,5,1,084544,2024-04-05,2024-04-05,155014,,SALEUSER1,2024-05-05,174036
100,V1,1000000363,ZACK,E,C00009,WE,6,1,082512,2024-04-05,2024-04-05,,,SALEUSER1,2024-05-05,174036
100,V1,1000000364,BA00,E,C00007,AG,2,1,093143,2024-08-30,2024-08-30,153405,,SALEUSER3,2024-09-29,094228
100,V1,1000000365,BA00,E,C00002,AG,6,1,115959,2024-08-06,2024-08-06,130511,,SALEUSER2,2024-09-05,112909
100,V1,1000000365,ZACK,E,C00002,WE,6,1,133754,2024-08-06,2024-08-06,,,SALEUSER2,2024-09-05,112909
100,V1,1000000366,BA00,E,C00002,AG,6,0,105826,2024-04-27,2024-04-27,064406,,SALEUSER1,2024-05-27,111134
100,V1,1000000366,ZACK,E,C00002,WE,6,1,072308,2024-04-27,2024-04-27,,,SALEUSER1,2024-05-27,111134
100,V1,1000000367,BA00,E,C00005,AG,5,2,174510,2024-06-03,2024-06-03,165318,,SALEUSER3,2024-07-03,073550
100,V1,1000000367,ZACK,E,C00005,WE,6,1,151156,2024-06-03,2024-06-03,,,SALEUSER3,2024-07-03,073550
100,V1,1000000368,BA00,E,C00007,AG,6,1,165325,2024-02-15,2024-02-15,133439,,SALEUSER1,2024-03-16,143647
100,V1,1000000368,ZACK,E,C00007,WE,6,1,144555,2024-02-15,2024-02-15,,,SALEUSER1,2024-03-16,143647
100,V1,1000000369,BA00,E,C00011,AG,2,1,090800,2024-08-11,2024-08-11,151442,,SALEUSER3,2024-09-10,074255
100,V1,1000000369,ZACK,E,C00011,WE,6,1,120615,2024-08-11,2024-08-11,,,SALEUSER3,2024-09-10,074255
100,V1,1000000370,BA00,E,C00004,AG,5,1,122801,2024-09-25,2024-09-25,121846,,SALEUSER3,2024-10-25,160534
100,V1,1000000370,ZACK,E,C00004,WE,6,1,063558,2024-09-25,2024-09-25,,,SALEUSER3,2024-10-25,160534
100,V1,1000000371,BA00,E,C00002,AG,6,1,125318,2024-04-26,2024-04-26,092620,,SALEUSER3,2024-05-26,163554
100,V1,1000000371,ZACK,E,C00002,WE,6,1,071542,2024-04-26,2024-04-26,,,SALEUSER3,2024-05-26,163554
100,V1,1000000372,BA00,E,C00003,AG,1,1,160248,2024-07-19,2024-07-19,113028,,SALEUSER3,2024-08-18,144559
100,V1,1000000372,ZACK,E,C00003,WE,6,1,105136,2024-07-19,2024-07-19,,,SALEUSER3,2024-08-18,144559
100,V1,1000000373,BA00,E,C00004,AG,1,1,165314,2024-04-24,2024-04-24,175926,,SALEUSER2,2024-05-24,113802
100,V1,1000000373,ZACK,E,C00004,WE,6,1,062020,2024-04-24,2024-04-24,,,SALEUSER2,2024-05-24,113802
100,V1,1000000374,BA00,E,C00012,AG,5,2,071030,2024-07-13,2024-07-13,060500,,SALEUSER2,2024-08-12,071831
100,V1,1000000374,ZACK,E,C00012,WE,6,1,173717,2024-07-13,2024-07-13,,,SALEUSER2,2024-08-12,071831
100,V1,1000000375,BA00,E,C00003,AG,6,1,101523,2024-02-08,2024-02-08,082554,,SALEUSER3,2024-03-09,110711
100,V1,1000000375,ZACK,E,C00003,WE,6,1,085741,2024-02-08,2024-02-08,,,SALEUSER3,2024-03-09,110711
100,V1,1000000376,BA00,E,C00003,AG,5,1,152412,2024-02-04,2024-02-04,124032,,SALEUSER3,2024-03-05,135837
100,V1,1000000376,ZACK,E,C00003,WE,6,1,094232,2024-02-04,2024-02-04,,,SALEUSER3,2024-03-05,135837
100,V1,1000000377,BA00,E,C00013,AG,1,1,115944,2024-07-06,2024-07-06,143858,,SALEUSER2,2024-08-05,071238
100,V1,1000000378,BA00,E,C00006,AG,5,2,091823,2024-03-25,2024-03-25,125603,,SALEUSER3,2024-04-24,124514
100,V1,1000000378,ZACK,E,C00006,WE,6,1,114906,2024-03-25,2024-03-25,,,SALEUSER3,2024-04-24,124514
100,V1,1000000379,BA00,E,C00014,AG,5,2,063428,2024-02-22,2024-02-22,115340,,SALEUSER2,2024-03-23,070200
100,V1,1000000379,ZACK,E,C00014,WE,6,1,111908,2024-02-22,2024-02-22,,,SALEUSER2,2024-03-23,070200
100,V1,1000000380,BA00,E,C00005,AG,5,1,113528,2024-08-05,2024-08-05,131819,,SALEUSER2,2024-09-04,140552
100,V1,1000000380,ZACK,E,C00005,WE,6,1,170949,2024-08-05,2024-08-05,,,SALEUSER2,2024-09-04,140552
100,V1,1000000381,BA00,E,C00013,AG,5,1,141716,2024-09-23,2024-09-23,073632,,SALEUSER1,2024-10-23,164859
100,V1,1000000381,ZACK,E,C00013,WE,6,1,165648,2024-09-23,2024-09-23,,,SALEUSER1,2024-10-23,164859
100,V1,1000000382,BA00,E,C00005,AG,6,1,104655,2024-01-26,2024-01-26,164544,,SALEUSER1,2024-02-25,173435
100,V1,1000000382,ZACK,E,C00005,WE,6,1,121315,2024-01-26,2024-01-26,,,SALEUSER1,2024-02-25,173435
100,V1,1000000383,BA00,E,C00001,AG,6,0,063005,2024-08-25,2024-08-25,175448,,SALEUSER1,2024-09-24,120333
100,V1,1000000383,ZACK,E,C00001,WE,6,1,134914,2024-08-25,2024-08-25,,,SALEUSER1,2024-09-24,120333
100,V1,1000000384,BA00,E,C00006,AG,5,1,164002,2024-05-28,2024-05-28,155355,,SALEUSER2,2024-06-27,173258
100,V1,1000000384,ZACK,E,C00006,WE,6,1,072720,2024-05-28,2024-05-28,,,SALEUSER2,2024-06-27,173258
100,V1,1000000385,BA00,E,C00014,AG,1,1,150422,2024-01-24,2024-01-24,124432,,SALEUSER3,2024-02-23,085814
100,V1,1000000385,ZACK,E,C00014,WE,6,1,094933,2024-01-24,2024-01-24,,,SALEUSER3,2024-02-23,085814
100,V1,1000000386,BA00,E,C00013,AG,5,1,075903,2024-07-06,2024-07-06,113743,,SALEUSER1,2024-08-05,112524
100,V1,1000000386,ZACK,E,C00013,WE,6,1,151415,2024-07-06,2024-07-06,,,SALEUSER1,2024-08-05,112524
100,V1,1000000387,BA00,E,C00015,AG,1,1,095752,2024-07-04,2024-07-04,142735,,SALEUSER2,2024-08-03,124455
100,V1,1000000387,ZACK,E,C00015,WE,6,1,155407,2024-07-04,2024-07-04,,,SALEUSER2,2024-08-03,124455
100,V1,1000000388,BA00,E,C00004,AG,1,1,152850,2024-03-14,2024-03-14,150808,,SALEUSER1,2024-04-13,165637
100,V1,1000000388,ZACK,E,C00004,WE,6,1,153554,2024-03-14,2024-03-14,,,SALEUSER1,2024-04-13,165637
100,V1,1000000389,BA00,E,C00004,AG,5,1,094358,2024-09-26,2024-09-26,091534,,SALEUSER3,2024-10-26,075433
100,V1,1000000389,ZACK,E,C00004,WE,6,1,071153,2024-09-26,2024-09-26,,,SALEUSER3,2024-10-26,075433
100,V1,1000000390,BA00,E,C00011,AG,6,1,112242,2024-04-01,2024-04-01,142305,,SALEUSER3,2024-05-01,062546
100,V1,1000000391,BA00,E,C00011,AG,5,1,112257,2024-03-18,2024-03-18,160804,,SALEUSER3,2024-04-17,073135
100,V1,1000000391,ZACK,E,C00011,WE,6,1,160900,2024-03-18,2024-03-18,,,SALEUSER3,2024-04-17,073135
100,V1,1000000392,BA00,E,C00012,AG,1,1,133702,2024-06-16,2024-06-16,083624,,SALEUSER1,2024-07-16,100726
100,V1,1000000392,ZACK,E,C00012,WE,6,1,102546,2024-06-16,2024-06-16,,,SALEUSER1,2024-07-16,100726
100,V1,1000000393,BA00,E,C00010,AG,6,1,132542,2024-04-07,2024-04-07,130522,,SALEUSER3,2024-05-07,121746
100,V1,1000000393,ZACK,E,C00010,WE,6,1,073917,2024-04-07,2024-04-07,,,SALEUSER3,2024-05-07,121746
100,V1,1000000394,BA00,E,C00002,AG,2,1,080615,2024-07-11,2024-07-11,100137,,SALEUSER2,2024-08-10,094221
100,V1,1000000394,ZACK,E,C00002,WE,6,1,070730,2024-07-11,2024-07-11,,,SALEUSER2,2024-08-10,094221
100,V1,1000000395,BA00,E,C00014,AG,1,1,164358,2024-06-09,2024-06-09,100930,,SALEUSER2,2024-07-09,165352
100,V1,1000000395,ZACK,E,C00014,WE,6,1,145148,2024-06-09,2024-06-09,,,SALEUSER2,2024-07-09,165352
100,V1,1000000396,BA00,E,C00003,AG,6,1,105514,2024-06-08,2024-06-08,153405,,SALEUSER1,2024-07-08,074502
100,V1,1000000396,ZACK,E,C00003,WE,6,1,085748,2024-06-08,2024-06-08,,,SALEUSER1,2024-07-08,074502
100,V1,1000000397,BA00,E,C00014,AG,5,1,164240,2024-01-11,2024-01-11,164247,,SALEUSER3,2024-02-10,110103
100,V1,1000000397,ZACK,E,C00014,WE,6,1,071427,2024-01-11,2024-01-11,,,SALEUSER3,2024-02-10,110103
100,V1,1000000398,BA00,E,C00005,AG,5,1,145437,2024-04-12,2024-04-12,061123,,SALEUSER2,2024-05-12,164432
100,V1,1000000398,ZACK,E,C00005,WE,6,1,120215,2024-04-12,2024-04-12,,,SALEUSER2,2024-05-12,164432
100,V1,1000000399,BA00,E,C00003,AG,6,1,075444,2024-04-08,2024-04-08,082431,,SALEUSER3,2024-05-08,162357
100,V1,1000000399,ZACK,E,C00003,WE,6,1,083609,2024-04-08,2024-04-08,,,SALEUSER3,2024-05-08,162357
100,V1,1000000400,BA00,E,C00014,AG,1,1,151249,2024-06-26,2024-06-26,103532,,SALEUSER3,2024-07-26,152005
100,V1,1000000400,ZACK,E,C00014,WE,6,1,084844,2024-06-26,2024-06-26,,,SALEUSER3,2024-07-26,152005
100,V1,1000000401,BA00,E,C00003,AG,5,0,104340,2024-02-18,2024-02-18,100607,,SALEUSER1,2024-03-19,062127
100,V1,1000000401,ZACK,E,C00003,WE,6,1,101530,2024-02-18,2024-02-18,,,SALEUSER1,2024-03-19,062127
100,V1,1000000402,BA00,E,C00009,AG,6,1,114106,2024-02-25,2024-02-25,144903,,SALEUSER3,2024-03-26,115552
100,V1,1000000402,ZACK,E,C00009,WE,6,1,132639,2024-02-25,2024-02-25,,,SALEUSER3,2024-03-26,115552
100,V1,1000000403,BA00,E,C00012,AG,1,0,152601,2024-06-07,2024-06-07,092709,,SALEUSER1,2024-07-07,111542
100,V1,1000000404,BA00,E,C00015,AG,1,1,060622,2024-05-20,2024-05-20,154258,,SALEUSER3,2024-06-19,140752
100,V1,1000000404,ZACK,E,C00015,WE,6,1,133806,2024-05-20,2024-05-20,,,SALEUSER3,2024-06-19,140752
100,V1,1000000405,BA00,E,C00005,AG,5,1,165859,2024-02-15,2024-02-15,091938,,SALEUSER3,2024-03-16,150318
100,V1,1000000405,ZACK,E,C00005,WE,6,1,103317,2024-02-15,2024-02-15,,,SALEUSER3,2024-03-16,150318
100,V1,1000000406,BA00,E,C00004,AG,1,1,124933,2024-01-22,2024-01-22,171534,,SALEUSER1,2024-02-21,113146
100,V1,1000000406,ZACK,E,C00004,WE,6,1,093939,2024-01-22,2024-01-22,,,SALEUSER1,2024-02-21,113146
100,V1,1000000407,BA00,E,C00003,AG,1,1,061200,2024-04-02,2024-04-02,082046,,SALEUSER3,2024-05-02,172016
100,V1,1000000407,ZACK,E,C00003,WE,6,1,170118,2024-04-02,2024-04-02,,,SALEUSER3,2024-05-02,172016
100,V1,1000000408,BA00,E,C00005,AG,1,0,074751,2024-01-30,2024-01-30,173213,,SALEUSER2,2024-02-29,072457
100,V1,1000000408,ZACK,E,C00005,WE,6,1,075744,2024-01-30,2024-01-30,,,SALEUSER2,2024-02-29,072457
100,V1,1000000409,BA00,E,C00013,AG,6,1,154551,2024-03-15,2024-03-15,102253,,SALEUSER2,2024-04-14,171404
100,V1,1000000409,ZACK,E,C00013,WE,6,1,141023,2024-03-15,2024-03-15,,,SALEUSER2,2024-04-14,171404
100,V1,1000000410,BA00,E,C00007,AG,1,1,110356,2024-02-11,2024-02-11,090315,,SALEUSER1,2024-03-12,110904
100,V1,1000000410,ZACK,E,C00007,WE,6,1,132854,2024-02-11,2024-02-11,,,SALEUSER1,2024-03-12,110904
100,V1,1000000411,BA00,E,C00012,AG,5,1,142035,2024-01-28,2024-01-28,083458,,SALEUSER3,2024-02-27,092153
100,V1,1000000411,ZACK,E,C00012,WE,6,1,093621,2024-01-28,2024-01-28,,,SALEUSER3,2024-02-27,092153
100,V1,1000000412,BA00,E,C00013,AG,5,1,074202,2024-03-06,2024-03-06,123651,,SALEUSER1,2024-04-05,074721
100,V1,1000000412,ZACK,E,C00013,WE,6,1,061627,2024-03-06,2024-03-06,,,SALEUSER1,2024-04-05,074721
100,V1,1000000413,BA00,E,C00003,AG,6,1,175626,2024-08-27,2024-08-27,134651,,SALEUSER2,2024-09-26,141308
100,V1,1000000413,ZACK,E,C00003,WE,6,1,104647,2024-08-27,2024-08-27,,,SALEUSER2,2024-09-26,141308
100,V1,1000000414,BA00,E,C00001,AG,6,1,065722,2024-05-05,2024-05-05,161115,,SALEUSER2,2024-06-04,163954
100,V1,1000000414,ZACK,E,C00001,WE,6,1,094021,2024-05-05,2024-05-05,,,SALEUSER2,2024-06-04,163954
100,V1,1000000415,BA00,E,C00010,AG,2,1,101245,2024-04-17,2024-04-17,165933,,SALEUSER3,2024-05-17,064151
100,V1,1000000415,ZACK,E,C00010,WE,6,1,172639,2024-04-17,2024-04-17,,,SALEUSER3,2024-05-17,064151
100,V1,1000000416,BA00,E,C00013,AG,5,1,121230,2024-01-21,2024-01-21,115352,,SALEUSER2,2024-02-20,155210
100,V1,1000000416,ZACK,E,C00013,WE,6,1,141938,2024-01-21,2024-01-21,,,SALEUSER2,2024-02-20,155210
100,V1,1000000417,BA00,E,C00012,AG,1,1,162320,2024-05-29,2024-05-29,151731,,SALEUSER3,2024-06-28,083658
100,V1,1000000418,BA00,E,C00009,AG,2,1,144706,2024-06-21,2024-06-21,070604,,SALEUSER1,2024-07-21,093413
100,V1,1000000418,ZACK,E,C00009,WE,6,1,121901,2024-06-21,2024-06-21,,,SALEUSER1,2024-07-21,093413
100,V1,1000000419,BA00,E,C00007,AG,5,1,121746,2024-01-28,2024-01-28,101638,,SALEUSER2,2024-02-27,162501
100,V1,1000000419,ZACK,E,C00007,WE,6,1,085006,2024-01-28,2024-01-28,,,SALEUSER2,2024-02-27,162501
100,V1,1000000420,BA00,E,C00003,AG,6,1,065410,2024-09-16,2024-09-16,145218,,SALEUSER1,2024-10-16,093217
100,V1,1000000420,ZACK,E,C00003,WE,6,1,115006,2024-09-16,2024-09-16,,,SALEUSER1,2024-10-16,093217
100,V1,1000000421,BA00,E,C00005,AG,5,1,060404,2024-04-06,2024-04-06,133924,,SALEUSER3,2024-05-06,171204
100,V1,1000000421,ZACK,E,C00005,WE,6,1,123458,2024-04-06,2024-04-06,,,SALEUSER3,2024-05-06,171204
100,V1,1000000422,BA00,E,C00010,AG,5,1,102023,2024-01-28,2024-01-28,102442,,SALEUSER2,2024-02-27,092835
100,V1,1000000422,ZACK,E,C00010,WE,6,1,075444,2024-01-28,2024-01-28,,,SALEUSER2,2024-02-27,092835
100,V1,1000000423,BA00,E,C00012,AG,6,1,174058,2024-01-30,2024-01-30,080956,,SALEUSER1,2024-02-29,082016
100,V1,1000000423,ZACK,E,C00012,WE,6,1,083724,2024-01-30,2024-01-30,,,SALEUSER1,2024-02-29,082016
100,V1,1000000424,BA00,E,C00005,AG,5,1,143728,2024-03-19,2024-03-19,175922,,SALEUSER1,2024-04-18,122035
100,V1,1000000424,ZACK,E,C00005,WE,6,1,142105,2024-03-19,2024-03-19,,,SALEUSER1,2024-04-18,122035
100,V1,1000000425,BA00,E,C00006,AG,5,1,090000,2024-09-19,2024-09-19,155929,,SALEUSER3,2024-10-19,124814
100,V1,1000000425,ZACK,E,C00006,WE,6,1,170333,2024-09-19,2024-09-19,,,SALEUSER3,2024-10-19,124814
100,V1,1000000426,BA00,E,C00010,AG,6,1,070026,2024-01-18,2024-01-18,082535,,SALEUSER1,2024-02-17,153039
100,V1,1000000426,ZACK,E,C00010,WE,6,1,081831,2024-01-18,2024-01-18,,,SALEUSER1,2024-02-17,153039
100,V1,1000000427,BA00,E,C00013,AG,6,1,144332,2024-08-30,2024-08-30,104117,,SALEUSER3,2024-09-29,081812
100,V1,1000000427,ZACK,E,C00013,WE,6,1,063954,2024-08-30,2024-08-30,,,SALEUSER3,2024-09-29,081812
100,V1,1000000428,BA00,E,C00006,AG,5,1,125552,2024-03-08,2024-03-08,112539,,SALEUSER1,2024-04-07,075240
100,V1,1000000428,ZACK,E,C00006,WE,6,1,125407,2024-03-08,2024-03-08,,,SALEUSER1,2024-04-07,075240
100,V1,1000000429,BA00,E,C00013,AG,5,2,121034,2024-09-13,2024-09-13,061215,,SALEUSER2,2024-10-13,125048
100,V1,1000000429,ZACK,E,C00013,WE,6,1,154228,2024-09-13,2024-09-13,,,SALEUSER2,2024-10-13,125048
100,V1,1000000430,BA00,E,C00008,AG,5,2,142012,2024-04-11,2024-04-11,080252,,SALEUSER2,2024-05-11,150526
100,V1,1000000430,ZACK,E,C00008,WE,6,1,115044,2024-04-11,2024-04-11,,,SALEUSER2,2024-05-11,150526
100,V1,1000000431,BA00,E,C00013,AG,5,1,120552,2024-03-23,2024-03-23,121045,,SALEUSER1,2024-04-22,080856
100,V1,1000000431,ZACK,E,C00013,WE,6,1,125222,2024-03-23,2024-03-23,,,SALEUSER1,2024-04-22,080856
100,V1,1000000432,BA00,E,C00005,AG,1,1,074406,2024-07-29,2024-07-29,173232,,SALEUSER3,2024-08-28,122454
100,V1,1000000432,ZACK,E,C00005,WE,6,1,082238,2024-07-29,2024-07-29,,,SALEUSER3,2024-08-28,122454
100,V1,1000000433,BA00,E,C00014,AG,1,1,060215,2024-08-13,2024-08-13,145033,,SALEUSER2,2024-09-12,115818
100,V1,1000000433,ZACK,E,C00014,WE,6,1,072427,2024-08-13,2024-08-13,,,SALEUSER2,2024-09-12,115818
100,V1,1000000434,BA00,E,C00006,AG,6,1,100100,2024-01-23,2024-01-23,100737,,SALEUSER1,2024-02-22,161004
100,V1,1000000434,ZACK,E,C00006,WE,6,1,172020,2024-01-23,2024-01-23,,,SALEUSER1,2024-02-22,161004
100,V1,1000000435,BA00,E,C00008,AG,6,1,164032,2024-07-01,2024-07-01,123217,,SALEUSER3,2024-07-31,114903
100,V1,1000000435,ZACK,E,C00008,WE,6,1,174436,2024-07-01,2024-07-01,,,SALEUSER3,2024-07-31,114903
100,V1,1000000436,BA00,E,C00011,AG,6,1,165633,2024-07-30,2024-07-30,142654,,SALEUSER1,2024-08-29,120938
100,V1,1000000436,ZACK,E,C00011,WE,6,1,113505,2024-07-30,2024-07-30,,,SALEUSER1,2024-08-29,120938
100,V1,1000000437,BA00,E,C00005,AG,5,0,144251,2024-04-29,2024-04-29,154117,,SALEUSER3,2024-05-29,083547
100,V1,1000000437,ZACK,E,C00005,WE,6,1,115837,2024-04-29,2024-04-29,,,SALEUSER3,2024-05-29,083547
100,V1,1000000438,BA00,E,C00003,AG,1,1,100726,2024-01-18,2024-01-18,070949,,SALEUSER2,2024-02-17,062635
100,V1,1000000438,ZACK,E,C00003,WE,6,1,142238,2024-01-18,2024-01-18,,,SALEUSER2,2024-02-17,062635
100,V1,1000000439,BA00,E,C00011,AG,1,1,144933,2024-02-28,2024-02-28,065114,,SALEUSER3,2024-03-29,060226
100,V1,1000000439,ZACK,E,C00011,WE,6,1,154459,2024-02-28,2024-02-28,,,SALEUSER3,2024-03-29,060226
100,V1,1000000440,BA00,E,C00015,AG,5,1,082105,2024-03-23,2024-03-23,123654,,SALEUSER3,2024-04-22,070649
100,V1,1000000440,ZACK,E,C00015,WE,6,1,171819,2024-03-23,2024-03-23,,,SALEUSER3,2024-04-22,070649
100,V1,1000000441,BA00,E,C00011,AG,1,1,081500,2024-03-02,2024-03-02,101053,,SALEUSER3,2024-04-01,110604
100,V1,1000000441,ZACK,E,C00011,WE,6,1,090111,2024-03-02,2024-03-02,,,SALEUSER3,2024-04-01,110604
100,V1,1000000442,BA00,E,C00005,AG,1,1,111642,2024-03-20,2024-03-20,142950,,SALEUSER3,2024-04-19,125429
100,V1,1000000442,ZACK,E,C00005,WE,6,1,063535,2024-03-20,2024-03-20,,,SALEUSER3,2024-04-19,125429
100,V1,1000000443,BA00,E,C00005,AG,1,1,135318,2024-07-31,2024-07-31,081538,,SALEUSER3,2024-08-30,103339
100,V1,1000000443,ZACK,E,C00005,WE,6,1,084121,2024-07-31,2024-07-31,,,SALEUSER3,2024-08-30,103339
100,V1,1000000444,BA00,E,C00010,AG,6,1,083009,2024-03-05,2024-03-05,071527,,SALEUSER2,2024-04-04,175355
100,V1,1000000444,ZACK,E,C00010,WE,6,1,152442,2024-03-05,2024-03-05,,,SALEUSER2,2024-04-04,175355
100,V1,1000000445,BA00,E,C00015,AG,1,1,135233,2024-07-03,2024-07-03,113836,,SALEUSER2,2024-08-02,104651
100,V1,1000000445,ZACK,E,C00015,WE,6,1,162657,2024-07-03,2024-07-03,,,SALEUSER2,2024-08-02,104651
100,V1,1000000446,BA00,E,C00008,AG,1,1,155203,2024-01-14,2024-01-14,163654,,SALEUSER3,2024-02-13,143158
100,V1,1000000446,ZACK,E,C00008,WE,6,1,175036,2024-01-14,2024-01-14,,,SALEUSER3,2024-02-13,143158
100,V1,1000000447,BA00,E,C00002,AG,5,1,173250,2024-01-08,2024-01-08,144510,,SALEUSER2,2024-02-07,064221
100,V1,1000000447,ZACK,E,C00002,WE,6,1,063558,2024-01-08,2024-01-08,,,SALEUSER2,2024-02-07,064221
100,V1,1000000448,BA00,E,C00012,AG,6,1,085656,2024-02-13,2024-02-13,083717,,SALEUSER2,2024-03-14,063606
100,V1,1000000448,ZACK,E,C00012,WE,6,1,174729,2024-02-13,2024-02-13,,,SALEUSER2,2024-03-14,063606
100,V1,1000000449,BA00,E,C00006,AG,5,1,162612,2024-09-23,2024-09-23,172901,,SALEUSER2,2024-10-23,175733
100,V1,1000000449,ZACK,E,C00006,WE,6,1,165014,2024-09-23,2024-09-23,,,SALEUSER2,2024-10-23,175733
100,V1,1000000450,BA00,E,C00007,AG,1,1,113128,2024-07-10,2024-07-10,092858,,SALEUSER1,2024-08-09,082809
100,V1,1000000450,ZACK,E,C00007,WE,6,1,111708,2024-07-10,2024-07-10,,,SALEUSER1,2024-08-09,082809
100,V1,1000000451,BA00,E,C00006,AG,5,1,061223,2024-02-06,2024-02-06,094810,,SALEUSER3,2024-03-07,110430
100,V1,1000000451,ZACK,E,C00006,WE,6,1,125448,2024-02-06,2024-02-06,,,SALEUSER3,2024-03-07,110430
100,V1,1000000452,BA00,E,C00003,AG,5,1,170007,2024-05-27,2024-05-27,172331,,SALEUSER1,2024-06-26,145814
100,V1,1000000452,ZACK,E,C00003,WE,6,1,115437,2024-05-27,2024-05-27,,,SALEUSER1,2024-06-26,145814
100,V1,1000000453,BA00,E,C00001,AG,1,1,064351,2024-04-25,2024-04-25,145637,,SALEUSER1,2024-05-25,100734
100,V1,1000000453,ZACK,E,C00001,WE,6,1,144502,2024-04-25,2024-04-25,,,SALEUSER1,2024-05-25,100734
100,V1,1000000454,BA00,E,C00009,AG,5,1,104555,2024-09-28,2024-09-28,092601,,SALEUSER1,2024-10-28,084213
100,V1,1000000454,ZACK,E,C00009,WE,6,1,145244,2024-09-28,2024-09-28,,,SALEUSER1,2024-10-28,084213
100,V1,1000000455,BA00,E,C00006,AG,6,1,163854,2024-04-20,2024-04-20,155425,,SALEUSER3,2024-05-20,102431
100,V1,1000000455,ZACK,E,C00006,WE,6,1,133424,2024-04-20,2024-04-20,,,SALEUSER3,2024-05-20,102431
100,V1,1000000456,BA00,E,C00011,AG,5,1,125021,2024-02-04,2024-02-04,125911,,SALEUSER2,2024-03-05,084455
100,V1,1000000456,ZACK,E,C00011,WE,6,1,155133,2024-02-04,2024-02-04,,,SALEUSER2,2024-03-05,084455
100,V1,1000000457,BA00,E,C00001,AG,1,2,065055,2024-04-26,2024-04-26,121453,,SALEUSER2,2024-05-26,163209
100,V1,1000000457,ZACK,E,C00001,WE,6,1,083305,2024-04-26,2024-04-26,,,SALEUSER2,2024-05-26,163209
100,V1,1000000458,BA00,E,C00005,AG,5,1,133247,2024-01-08,2024-01-08,170607,,SALEUSER1,2024-02-07,174143
100,V1,1000000458,ZACK,E,C00005,WE,6,1,142338,2024-01-08,2024-01-08,,,SALEUSER1,2024-02-07,174143
100,V1,1000000459,BA00,E,C00006,AG,5,1,081227,2024-08-05,2024-08-05,075359,,SALEUSER3,2024-09-04,150849
100,V1,1000000459,ZACK,E,C00006,WE,6,1,164121,2024-08-05,2024-08-05,,,SALEUSER3,2024-09-04,150849
100,V1,1000000460,BA00,E,C00008,AG,5,1,174617,2024-07-25,2024-07-25,154317,,SALEUSER2,2024-08-24,083458
100,V1,1000000460,ZACK,E,C00008,WE,6,1,072238,2024-07-25,2024-07-25,,,SALEUSER2,2024-08-24,083458
100,V1,1000000461,BA00,E,C00009,AG,6,1,122427,2024-08-22,2024-08-22,154332,,SALEUSER2,2024-09-21,070252
100,V1,1000000461,ZACK,E,C00009,WE,6,1,124113,2024-08-22,2024-08-22,,,SALEUSER2,2024-09-21,070252
100,V1,1000000462,BA00,E,C00014,AG,6,1,173432,2024-05-14,2024-05-14,174117,,SALEUSER1,2024-06-13,112854
100,V1,1000000462,ZACK,E,C00014,WE,6,1,080133,2024-05-14,2024-05-14,,,SALEUSER1,2024-06-13,112854
100,V1,1000000463,BA00,E,C00003,AG,2,2,133031,2024-09-30,2024-09-30,111215,,SALEUSER1,2024-10-30,110218
100,V1,1000000463,ZACK,E,C00003,WE,6,1,113913,2024-09-30,2024-09-30,,,SALEUSER1,2024-10-30,110218
100,V1,1000000464,BA00,E,C00005,AG,1,1,074536,2024-09-08,2024-09-08,142646,,SALEUSER1,2024-10-08,123758
100,V1,1000000464,ZACK,E,C00005,WE,6,1,153509,2024-09-08,2024-09-08,,,SALEUSER1,2024-10-08,123758
100,V1,1000000465,BA00,E,C00013,AG,6,0,140230,2024-01-29,2024-01-29,114655,,SALEUSER3,2024-02-28,093647
100,V1,1000000465,ZACK,E,C00013,WE,6,1,122835,2024-01-29,2024-01-29,,,SALEUSER3,2024-02-28,093647
100,V1,1000000466,BA00,E,C00014,AG,2,1,070326,2024-07-17,2024-07-17,145714,,SALEUSER3,2024-08-16,173224
100,V1,1000000466,ZACK,E,C00014,WE,6,1,125852,2024-07-17,2024-07-17,,,SALEUSER3,2024-08-16,173224
100,V1,1000000467,BA00,E,C00012,AG,5,1,103409,2024-09-03,2024-09-03,135048,,SALEUSER3,2024-10-03,174644
100,V1,1000000467,ZACK,E,C00012,WE,6,1,113713,2024-09-03,2024-09-03,,,SALEUSER3,2024-10-03,174644
100,V1,1000000468,BA00,E,C00002,AG,1,1,093602,2024-01-11,2024-01-11,122108,,SALEUSER1,2024-02-10,154121
100,V1,1000000468,ZACK,E,C00002,WE,6,1,155003,2024-01-11,2024-01-11,,,SALEUSER1,2024-02-10,154121
100,V1,1000000469,BA00,E,C00014,AG,6,0,074517,2024-04-21,2024-04-21,065110,,SALEUSER2,2024-05-21,175611
100,V1,1000000469,ZACK,E,C00014,WE,6,1,083443,2024-04-21,2024-04-21,,,SALEUSER2,2024-05-21,175611
100,V1,1000000470,BA00,E,C00010,AG,5,1,150530,2024-08-31,2024-08-31,070415,,SALEUSER3,2024-09-30,140245
100,V1,1000000470,ZACK,E,C00010,WE,6,1,132301,2024-08-31,2024-08-31,,,SALEUSER3,2024-09-30,140245
100,V1,1000000471,BA00,E,C00013,AG,1,1,101957,2024-05-20,2024-05-20,123736,,SALEUSER2,2024-06-19,164117
100,V1,1000000471,ZACK,E,C00013,WE,6,1,161323,2024-05-20,2024-05-20,,,SALEUSER2,2024-06-19,164117
100,V1,1000000472,BA00,E,C00008,AG,6,1,150449,2024-01-25,2024-01-25,082609,,SALEUSER2,2024-02-24,100549
100,V1,1000000472,ZACK,E,C00008,WE,6,1,110545,2024-01-25,2024-01-25,,,SALEUSER2,2024-02-24,100549
100,V1,1000000473,BA00,E,C00001,AG,1,1,120737,2024-08-14,2024-08-14,111638,,SALEUSER1,2024-09-13,111408
100,V1,1000000473,ZACK,E,C00001,WE,6,1,153402,2024-08-14,2024-08-14,,,SALEUSER1,2024-09-13,111408
100,V1,1000000474,BA00,E,C00007,AG,1,1,133917,2024-08-15,2024-08-15,154632,,SALEUSER3,2024-09-14,102253
100,V1,1000000474,ZACK,E,C00007,WE,6,1,155325,2024-08-15,2024-08-15,,,SALEUSER3,2024-09-14,102253
100,V1,1000000475,BA00,E,C00015,AG,6,1,134529,2024-07-18,2024-07-18,171916,,SALEUSER2,2024-08-17,080607
100,V1,1000000475,ZACK,E,C00015,WE,6,1,171623,2024-07-18,2024-07-18,,,SALEUSER2,2024-08-17,080607
100,V1,1000000476,BA00,E,C00006,AG,6,1,171134,2024-01-11,2024-01-11,174647,,SALEUSER1,2024-02-10,080000
100,V1,1000000476,ZACK,E,C00006,WE,6,1,115914,2024-01-11,2024-01-11,,,SALEUSER1,2024-02-10,080000
100,V1,1000000477,BA00,E,C00013,AG,5,1,095722,2024-09-03,2024-09-03,135533,,SALEUSER3,2024-10-03,111823
100,V1,1000000477,ZACK,E,C00013,WE,6,1,145233,2024-09-03,2024-09-03,,,SALEUSER3,2024-10-03,111823
100,V1,1000000478,BA00,E,C00006,AG,5,1,130115,2024-05-24,2024-05-24,154121,,SALEUSER1,2024-06-23,061445
100,V1,1000000478,ZACK,E,C00006,WE,6,1,151415,2024-05-24,2024-05-24,,,SALEUSER1,2024-06-23,061445
100,V1,1000000479,BA00,E,C00005,AG,1,1,112257,2024-06-09,2024-06-09,174410,,SALEUSER3,2024-07-09,140103
100,V1,1000000479,ZACK,E,C00005,WE,6,1,083432,2024-06-09,2024-06-09,,,SALEUSER3,2024-07-09,140103
100,V1,1000000480,BA00,E,C00013,AG,6,0,065344,2024-04-12,2024-04-12,164659,,SALEUSER1,2024-05-12,114313
100,V1,1000000480,ZACK,E,C00013,WE,6,1,170256,2024-04-12,2024-04-12,,,SALEUSER1,2024-05-12,114313
100,V1,1000000481,BA00,E,C00010,AG,6,0,130630,2024-02-06,2024-02-06,163547,,SALEUSER2,2024-03-07,152712
100,V1,1000000481,ZACK,E,C00010,WE,6,1,162431,2024-02-06,2024-02-06,,,SALEUSER2,2024-03-07,152712
100,V1,1000000482,BA00,E,C00003,AG,1,1,160200,2024-08-03,2024-08-03,111512,,SALEUSER1,2024-09-02,131919
100,V1,1000000482,ZACK,E,C00003,WE,6,1,060303,2024-08-03,2024-08-03,,,SALEUSER1,2024-09-02,131919
100,V1,1000000483,BA00,E,C00004,AG,6,2,121942,2024-01-22,2024-01-22,100722,,SALEUSER2,2024-02-21,093220
100,V1,1000000483,ZACK,E,C00004,WE,6,1,083113,2024-01-22,2024-01-22,,,SALEUSER2,2024-02-21,093220
100,V1,1000000484,BA00,E,C00007,AG,5,1,154047,2024-03-02,2024-03-02,133858,,SALEUSER1,2024-04-01,125237
100,V1,1000000484,ZACK,E,C00007,WE,6,1,070022,2024-03-02,2024-03-02,,,SALEUSER1,2024-04-01,125237
100,V1,1000000485,BA00,E,C00015,AG,1,1,165652,2024-03-08,2024-03-08,160003,,SALEUSER3,2024-04-07,134851
100,V1,1000000485,ZACK,E,C00015,WE,6,1,125833,2024-03-08,2024-03-08,,,SALEUSER3,2024-04-07,134851
100,V1,1000000486,BA00,E,C00006,AG,1,1,163909,2024-02-26,2024-02-26,084213,,SALEUSER2,2024-03-27,174221
100,V1,1000000486,ZACK,E,C00006,WE,6,1,152020,2024-02-26,2024-02-26,,,SALEUSER2,2024-03-27,174221
100,V1,1000000487,BA00,E,C00015,AG,1,1,155114,2024-05-08,2024-05-08,070045,,SALEUSER1,2024-06-07,162212
100,V1,1000000487,ZACK,E,C00015,WE,6,1,123154,2024-05-08,2024-05-08,,,SALEUSER1,2024-06-07,162212
100,V1,1000000488,BA00,E,C00010,AG,1,1,094310,2024-06-06,2024-06-06,120519,,SALEUSER2,2024-07-06,114321
100,V1,1000000488,ZACK,E,C00010,WE,6,1,170711,2024-06-06,2024-06-06,,,SALEUSER2,2024-07-06,114321
100,V1,1000000489,BA00,E,C00002,AG,5,1,131353,2024-09-25,2024-09-25,125926,,SALEUSER3,2024-10-25,162920
100,V1,1000000489,ZACK,E,C00002,WE,6,1,080111,2024-09-25,2024-09-25,,,SALEUSER3,2024-10-25,162920
100,V1,1000000490,BA00,E,C00004,AG,2,1,165718,2024-02-23,2024-02-23,092716,,SALEUSER2,2024-03-24,134002
100,V1,1000000490,ZACK,E,C00004,WE,6,1,091545,2024-02-23,2024-02-23,,,SALEUSER2,2024-03-24,134002
100,V1,1000000491,BA00,E,C00003,AG,1,0,095918,2024-08-14,2024-08-14,085033,,SALEUSER3,2024-09-13,120511
100,V1,1000000491,ZACK,E,C00003,WE,6,1,114818,2024-08-14,2024-08-14,,,SALEUSER3,2024-09-13,120511
100,V1,1000000492,BA00,E,C00007,AG,2,1,085711,2024-02-11,2024-02-11,152616,,SALEUSER2,2024-03-12,123806
100,V1,1000000492,ZACK,E,C00007,WE,6,1,135903,2024-02-11,2024-02-11,,,SALEUSER2,2024-03-12,123806
100,V1,1000000493,BA00,E,C00010,AG,5,1,140015,2024-09-10,2024-09-10,092601,,SALEUSER2,2024-10-10,094836
100,V1,1000000493,ZACK,E,C00010,WE,6,1,142950,2024-09-10,2024-09-10,,,SALEUSER2,2024-10-10,094836
100,V1,1000000494,BA00,E,C00010,AG,1,1,121008,2024-02-18,2024-02-18,104058,,SALEUSER1,2024-03-19,095259
100,V1,1000000494,ZACK,E,C00010,WE,6,1,103250,2024-02-18,2024-02-18,,,SALEUSER1,2024-03-19,095259
100,V1,1000000495,BA00,E,C00002,AG,6,1,143235,2024-09-29,2024-09-29,114647,,SALEUSER3,2024-10-29,160056
100,V1,1000000495,ZACK,E,C00002,WE,6,1,115618,2024-09-29,2024-09-29,,,SALEUSER3,2024-10-29,160056
100,V1,1000000496,BA00,E,C00008,AG,6,1,161704,2024-05-07,2024-05-07,112012,,SALEUSER1,2024-06-06,152639
100,V1,1000000496,ZACK,E,C00008,WE,6,1,141245,2024-05-07,2024-05-07,,,SALEUSER1,2024-06-06,152639
100,V1,1000000497,BA00,E,C00007,AG,2,1,063031,2024-05-30,2024-05-30,141026,,SALEUSER2,2024-06-29,124336
100,V1,1000000497,ZACK,E,C00007,WE,6,1,121742,2024-05-30,2024-05-30,,,SALEUSER2,2024-06-29,124336
100,V1,1000000498,BA00,E,C00004,AG,1,1,112327,2024-01-16,2024-01-16,081423,,SALEUSER2,2024-02-15,173302
100,V1,1000000498,ZACK,E,C00004,WE,6,1,074955,2024-01-16,2024-01-16,,,SALEUSER2,2024-02-15,173302
100,V1,1000000499,BA00,E,C00007,AG,5,1,084210,2024-05-27,2024-05-27,145741,,SALEUSER2,2024-06-26,121608
100,V1,1000000499,ZACK,E,C00007,WE,6,1,113335,2024-05-27,2024-05-27,,,SALEUSER2,2024-06-26,121608
100,V2,8000000000,LD00,E,C00008,AG,6,1,110552,2024-04-28,2024-04-28,101942,,WHOUSE01,2024-05-28,070930
100,V2,8000000000,PACK,E,C00008,AG,1,1,090326,2024-04-28,2024-04-28,,,WHOUSE01,2024-05-28,070930
100,V2,8000000001,LD00,E,C00001,AG,1,1,084803,2024-04-12,2024-04-12,151327,,WHOUSE01,2024-05-12,112709
100,V2,8000000001,PACK,E,C00001,AG,1,1,094951,2024-04-12,2024-04-12,,,WHOUSE01,2024-05-12,112709
100,V2,8000000002,LD00,E,C00008,AG,5,1,163547,2024-03-10,2024-03-10,151034,,WHOUSE02,2024-04-09,115807
100,V2,8000000002,PACK,E,C00008,AG,1,1,133817,2024-03-10,2024-03-10,,,WHOUSE01,2024-04-09,115807
100,V2,8000000003,LD00,E,C00008,AG,1,1,134625,2024-07-22,2024-07-22,135229,,WHOUSE02,2024-08-21,064258
100,V2,8000000003,PACK,E,C00008,AG,1,1,153858,2024-07-22,2024-07-22,,,WHOUSE01,2024-08-21,064258
100,V2,8000000004,LD00,E,C00003,AG,5,1,172939,2024-03-10,2024-03-10,123305,,WHOUSE02,2024-04-09,113443
100,V2,8000000004,PACK,E,C00003,AG,1,1,171345,2024-03-10,2024-03-10,,,WHOUSE01,2024-04-09,113443
100,V2,8000000005,LD00,E,C00003,AG,1,1,125737,2024-05-20,2024-05-20,170652,,WHOUSE02,2024-06-19,105222
100,V2,8000000005,PACK,E,C00003,AG,1,1,080303,2024-05-20,2024-05-20,,,WHOUSE01,2024-06-19,105222
100,V2,8000000006,LD00,E,C00004,AG,5,1,164247,2024-05-21,2024-05-21,114644,,WHOUSE02,2024-06-20,071427
100,V2,8000000006,PACK,E,C00004,AG,1,1,161430,2024-05-21,2024-05-21,,,WHOUSE01,2024-06-20,071427
100,V2,8000000007,LD00,E,C00008,AG,5,2,084602,2024-06-25,2024-06-25,085140,,WHOUSE02,2024-07-25,155255
100,V2,8000000007,PACK,E,C00008,AG,1,1,162839,2024-06-25,2024-06-25,,,WHOUSE01,2024-07-25,155255
100,V2,8000000008,LD00,E,C00004,AG,5,1,082342,2024-03-03,2024-03-03,152516,,WHOUSE01,2024-04-02,154444
100,V2,8000000008,PACK,E,C00004,AG,1,1,161923,2024-03-03,2024-03-03,,,WHOUSE01,2024-04-02,154444
100,V2,8000000009,LD00,E,C00010,AG,6,1,164155,2024-08-24,2024-08-24,075614,,WHOUSE02,2024-09-23,175044
100,V2,8000000009,PACK,E,C00010,AG,1,1,164321,2024-08-24,2024-08-24,,,WHOUSE01,2024-09-23,175044
100,V2,8000000010,LD00,E,C00009,AG,5,1,061549,2024-03-13,2024-03-13,104321,,WHOUSE01,2024-04-12,104047
100,V2,8000000010,PACK,E,C00009,AG,1,1,132605,2024-03-13,2024-03-13,,,WHOUSE01,2024-04-12,104047
100,V2,8000000011,LD00,E,C00008,AG,6,0,081234,2024-03-22,2024-03-22,083054,,WHOUSE01,2024-04-21,065422
100,V2,8000000011,PACK,E,C00008,AG,1,1,132828,2024-03-22,2024-03-22,,,WHOUSE01,2024-04-21,065422
100,V2,8000000012,LD00,E,C00014,AG,1,0,073713,2024-05-05,2024-05-05,141449,,WHOUSE02,2024-06-04,151000
100,V2,8000000012,PACK,E,C00014,AG,1,1,090100,2024-05-05,2024-05-05,,,WHOUSE01,2024-06-04,151000
100,V2,8000000013,LD00,E,C00013,AG,6,0,112357,2024-06-26,2024-06-26,111631,,WHOUSE01,2024-07-26,133906
100,V2,8000000013,PACK,E,C00013,AG,1,1,152201,2024-06-26,2024-06-26,,,WHOUSE01,2024-07-26,133906
100,V2,8000000014,LD00,E,C00010,AG,6,1,144559,2024-06-08,2024-06-08,103046,,WHOUSE01,2024-07-08,115259
100,V2,8000000014,PACK,E,C00010,AG,1,1,100148,2024-06-08,2024-06-08,,,WHOUSE01,2024-07-08,115259
100,V2,8000000015,LD00,E,C00009,AG,5,1,094818,2024-02-23,2024-02-23,083435,,WHOUSE01,2024-03-24,175752
100,V2,8000000015,PACK,E,C00009,AG,1,1,145233,2024-02-23,2024-02-23,,,WHOUSE01,2024-03-24,175752
100,V2,8000000016,LD00,E,C00012,AG,5,1,165006,2024-03-18,2024-03-18,155307,,WHOUSE02,2024-04-17,083250
100,V2,8000000016,PACK,E,C00012,AG,1,1,095652,2024-03-18,2024-03-18,,,WHOUSE01,2024-04-17,083250
100,V2,8000000017,LD00,E,C00012,AG,6,1,124140,2024-09-17,2024-09-17,065452,,WHOUSE01,2024-10-17,153558
100,V2,8000000017,PACK,E,C00012,AG,1,1,103247,2024-09-17,2024-09-17,,,WHOUSE01,2024-10-17,153558
100,V2,8000000018,LD00,E,C00003,AG,6,1,122631,2024-05-18,2024-05-18,141608,,WHOUSE02,2024-06-17,175656
100,V2,8000000018,PACK,E,C00003,AG,1,1,074429,2024-05-18,2024-05-18,,,WHOUSE01,2024-06-17,175656
100,V2,8000000020,LD00,E,C00004,AG,5,1,123724,2024-04-10,2024-04-10,103728,,WHOUSE01,2024-05-10,151423
100,V2,8000000020,PACK,E,C00004,AG,1,1,080011,2024-04-10,2024-04-10,,,WHOUSE01,2024-05-10,151423
100,V2,8000000021,LD00,E,C00005,AG,1,1,060626,2024-06-11,2024-06-11,154110,,WHOUSE01,2024-07-11,090256
100,V2,8000000021,PACK,E,C00005,AG,1,1,101819,2024-06-11,2024-06-11,,,WHOUSE01,2024-07-11,090256
100,V2,8000000022,LD00,E,C00011,AG,6,1,140022,2024-02-05,2024-02-05,083001,,WHOUSE01,2024-03-06,150207
100,V2,8000000022,PACK,E,C00011,AG,1,1,101119,2024-02-05,2024-02-05,,,WHOUSE01,2024-03-06,150207
100,V2,8000000023,LD00,E,C00003,AG,6,1,143305,2024-02-08,2024-02-08,095544,,WHOUSE02,2024-03-09,084325
100,V2,8000000023,PACK,E,C00003,AG,1,1,142820,2024-02-08,2024-02-08,,,WHOUSE01,2024-03-09,084325
100,V2,8000000024,LD00,E,C00012,AG,1,1,115937,2024-09-02,2024-09-02,170237,,WHOUSE02,2024-10-02,103235
100,V2,8000000024,PACK,E,C00012,AG,1,1,085425,2024-09-02,2024-09-02,,,WHOUSE01,2024-10-02,103235
100,V2,8000000025,LD00,E,C00008,AG,5,1,165340,2024-04-28,2024-04-28,152338,,WHOUSE02,2024-05-28,165726
100,V2,8000000025,PACK,E,C00008,AG,1,1,085355,2024-04-28,2024-04-28,,,WHOUSE01,2024-05-28,165726
100,V2,8000000026,LD00,E,C00013,AG,5,1,121801,2024-10-19,2024-10-19,112620,,WHOUSE02,2024-11-18,154851
100,V2,8000000026,PACK,E,C00013,AG,1,1,091104,2024-10-19,2024-10-19,,,WHOUSE01,2024-11-18,154851
100,V2,8000000027,LD00,E,C00013,AG,1,1,144410,2024-05-21,2024-05-21,090911,,WHOUSE02,2024-06-20,160834
100,V2,8000000027,PACK,E,C00013,AG,1,1,132208,2024-05-21,2024-05-21,,,WHOUSE01,2024-06-20,160834
100,V2,8000000028,LD00,E,C00012,AG,6,1,061634,2024-06-05,2024-06-05,113146,,WHOUSE02,2024-07-05,140834
100,V2,8000000028,PACK,E,C00012,AG,1,1,171949,2024-06-05,2024-06-05,,,WHOUSE01,2024-07-05,140834
100,V2,8000000029,LD00,E,C00010,AG,1,1,133806,2024-09-11,2024-09-11,114706,,WHOUSE02,2024-10-11,071823
100,V2,8000000029,PACK,E,C00010,AG,1,1,151119,2024-09-11,2024-09-11,,,WHOUSE01,2024-10-11,071823
100,V2,8000000030,LD00,E,C00007,AG,5,0,132550,2024-09-01,2024-09-01,150200,,WHOUSE02,2024-10-01,121912
100,V2,8000000030,PACK,E,C00007,AG,1,1,063013,2024-09-01,2024-09-01,,,WHOUSE01,2024-10-01,121912
100,V2,8000000031,LD00,E,C00001,AG,6,1,150333,2024-10-01,2024-10-01,114702,,WHOUSE02,2024-10-31,140000
100,V2,8000000031,PACK,E,C00001,AG,1,1,160148,2024-10-01,2024-10-01,,,WHOUSE01,2024-10-31,140000
100,V2,8000000032,LD00,E,C00002,AG,1,1,103713,2024-07-08,2024-07-08,100722,,WHOUSE01,2024-08-07,153502
100,V2,8000000032,PACK,E,C00002,AG,1,1,080000,2024-07-08,2024-07-08,,,WHOUSE01,2024-08-07,153502
100,V2,8000000033,LD00,E,C00002,AG,5,1,141549,2024-07-30,2024-07-30,085748,,WHOUSE02,2024-08-29,101300
100,V2,8000000033,PACK,E,C00002,AG,1,1,174106,2024-07-30,2024-07-30,,,WHOUSE01,2024-08-29,101300
100,V2,8000000034,LD00,E,C00011,AG,1,1,113817,2024-03-13,2024-03-13,125252,,WHOUSE01,2024-04-12,132409
100,V2,8000000034,PACK,E,C00011,AG,1,1,123050,2024-03-13,2024-03-13,,,WHOUSE01,2024-04-12,132409
100,V2,8000000035,LD00,E,C00003,AG,6,1,114551,2024-10-13,2024-10-13,091908,,WHOUSE02,2024-11-12,070515
100,V2,8000000035,PACK,E,C00003,AG,1,1,143258,2024-10-13,2024-10-13,,,WHOUSE01,2024-11-12,070515
100,V2,8000000036,LD00,E,C00006,AG,6,0,135222,2024-03-13,2024-03-13,114525,,WHOUSE01,2024-04-12,174544
100,V2,8000000036,PACK,E,C00006,AG,1,1,105741,2024-03-13,2024-03-13,,,WHOUSE01,2024-04-12,174544
100,V2,8000000037,LD00,E,C00005,AG,1,1,145929,2024-05-09,2024-05-09,075848,,WHOUSE02,2024-06-08,142353
100,V2,8000000037,PACK,E,C00005,AG,1,1,144121,2024-05-09,2024-05-09,,,WHOUSE01,2024-06-08,142353
100,V2,8000000038,LD00,E,C00014,AG,5,1,163313,2024-02-25,2024-02-25,092720,,WHOUSE01,2024-03-26,070841
100,V2,8000000038,PACK,E,C00014,AG,1,1,123435,2024-02-25,2024-02-25,,,WHOUSE01,2024-03-26,070841
100,V2,8000000039,LD00,E,C00015,AG,5,1,080445,2024-02-19,2024-02-19,091234,,WHOUSE02,2024-03-20,172350
100,V2,8000000039,PACK,E,C00015,AG,1,1,074547,2024-02-19,2024-02-19,,,WHOUSE01,2024-03-20,172350
100,V2,8000000040,LD00,E,C00012,AG,5,1,095510,2024-05-01,2024-05-01,133713,,WHOUSE01,2024-05-31,140611
100,V2,8000000040,PACK,E,C00012,AG,1,1,161808,2024-05-01,2024-05-01,,,WHOUSE01,2024-05-31,140611
100,V2,8000000041,LD00,E,C00012,AG,1,1,155210,2024-08-11,2024-08-11,070211,,WHOUSE01,2024-09-10,155722
100,V2,8000000041,PACK,E,C00012,AG,1,1,114310,2024-08-11,2024-08-11,,,WHOUSE01,2024-09-10,155722
100,V2,8000000042,LD00,E,C00013,AG,1,1,173943,2024-08-26,2024-08-26,074525,,WHOUSE01,2024-09-25,094147
100,V2,8000000042,PACK,E,C00013,AG,1,1,124918,2024-08-26,2024-08-26,,,WHOUSE01,2024-09-25,094147
100,V2,8000000043,LD00,E,C00003,AG,1,1,121746,2024-05-20,2024-05-20,145140,,WHOUSE02,2024-06-19,104910
100,V2,8000000043,PACK,E,C00003,AG,1,1,131519,2024-05-20,2024-05-20,,,WHOUSE01,2024-06-19,104910
100,V2,8000000044,LD00,E,C00013,AG,1,1,083250,2024-08-09,2024-08-09,091204,,WHOUSE01,2024-09-08,131912
100,V2,8000000044,PACK,E,C00013,AG,1,1,092320,2024-08-09,2024-08-09,,,WHOUSE01,2024-09-08,131912
100,V2,8000000045,LD00,E,C00013,AG,5,2,165129,2024-10-29,2024-10-29,102223,,WHOUSE02,2024-11-28,163609
100,V2,8000000045,PACK,E,C00013,AG,1,1,072242,2024-10-29,2024-10-29,,,WHOUSE01,2024-11-28,163609
100,V2,8000000046,LD00,E,C00012,AG,5,1,140737,2024-06-24,2024-06-24,145448,,WHOUSE02,2024-07-24,122516
100,V2,8000000046,PACK,E,C00012,AG,1,1,084836,2024-06-24,2024-06-24,,,WHOUSE01,2024-07-24,122516
100,V2,8000000048,LD00,E,C00013,AG,5,2,174317,2024-10-12,2024-10-12,070915,,WHOUSE02,2024-11-11,112231
100,V2,8000000048,PACK,E,C00013,AG,1,1,073354,2024-10-12,2024-10-12,,,WHOUSE01,2024-11-11,112231
100,V2,8000000049,LD00,E,C00003,AG,6,2,102427,2024-03-07,2024-03-07,060849,,WHOUSE02,2024-04-06,060356
100,V2,8000000049,PACK,E,C00003,AG,1,1,165021,2024-03-07,2024-03-07,,,WHOUSE01,2024-04-06,060356
100,V2,8000000050,LD00,E,C00009,AG,6,1,080934,2024-01-25,2024-01-25,171156,,WHOUSE02,2024-02-24,165926
100,V2,8000000050,PACK,E,C00009,AG,1,1,115444,2024-01-25,2024-01-25,,,WHOUSE01,2024-02-24,165926
100,V2,8000000051,LD00,E,C00001,AG,2,1,075614,2024-07-07,2024-07-07,161134,,WHOUSE01,2024-08-06,063258
100,V2,8000000051,PACK,E,C00001,AG,1,1,104559,2024-07-07,2024-07-07,,,WHOUSE01,2024-08-06,063258
100,V2,8000000052,LD00,E,C00009,AG,6,1,150207,2024-02-22,2024-02-22,101449,,WHOUSE02,2024-03-23,061500
100,V2,8000000052,PACK,E,C00009,AG,1,1,115559,2024-02-22,2024-02-22,,,WHOUSE01,2024-03-23,061500
100,V2,8000000053,LD00,E,C00001,AG,6,1,132116,2024-04-25,2024-04-25,134051,,WHOUSE01,2024-05-25,130726
100,V2,8000000053,PACK,E,C00001,AG,1,1,174444,2024-04-25,2024-04-25,,,WHOUSE01,2024-05-25,130726
100,V2,8000000055,LD00,E,C00014,AG,5,1,100445,2024-07-25,2024-07-25,090000,,WHOUSE01,2024-08-24,174929
100,V2,8000000055,PACK,E,C00014,AG,1,1,164751,2024-07-25,2024-07-25,,,WHOUSE01,2024-08-24,174929
100,V2,8000000056,LD00,E,C00012,AG,6,1,130604,2024-04-18,2024-04-18,082731,,WHOUSE02,2024-05-18,173558
100,V2,8000000056,PACK,E,C00012,AG,1,1,070311,2024-04-18,2024-04-18,,,WHOUSE01,2024-05-18,173558
100,V2,8000000057,LD00,E,C00011,AG,6,0,121938,2024-03-18,2024-03-18,070622,,WHOUSE02,2024-04-17,162920
100,V2,8000000057,PACK,E,C00011,AG,1,1,090333,2024-03-18,2024-03-18,,,WHOUSE01,2024-04-17,162920
100,V2,8000000058,LD00,E,C00011,AG,5,1,114432,2024-10-13,2024-10-13,085959,,WHOUSE01,2024-11-12,170437
100,V2,8000000058,PACK,E,C00011,AG,1,1,164721,2024-10-13,2024-10-13,,,WHOUSE01,2024-11-12,170437
100,V2,8000000059,LD00,E,C00015,AG,6,1,145040,2024-05-06,2024-05-06,133928,,WHOUSE02,2024-06-05,095252
100,V2,8000000059,PACK,E,C00015,AG,1,1,073632,2024-05-06,2024-05-06,,,WHOUSE01,2024-06-05,095252
100,V2,8000000060,LD00,E,C00002,AG,5,0,174228,2024-08-25,2024-08-25,121041,,WHOUSE02,2024-09-24,062801
100,V2,8000000060,PACK,E,C00002,AG,1,1,061812,2024-08-25,2024-08-25,,,WHOUSE01,2024-09-24,062801
100,V2,8000000061,LD00,E,C00005,AG,6,1,140749,2024-06-20,2024-06-20,140934,,WHOUSE01,2024-07-20,135503
100,V2,8000000061,PACK,E,C00005,AG,1,1,091846,2024-06-20,2024-06-20,,,WHOUSE01,2024-07-20,135503
100,V2,8000000062,LD00,E,C00014,AG,1,1,083647,2024-06-02,2024-06-02,110923,,WHOUSE02,2024-07-02,103847
100,V2,8000000062,PACK,E,C00014,AG,1,1,120634,2024-06-02,2024-06-02,,,WHOUSE01,2024-07-02,103847
100,V2,8000000063,LD00,E,C00006,AG,2,1,122357,2024-10-13,2024-10-13,083343,,WHOUSE01,2024-11-12,072601
100,V2,8000000063,PACK,E,C00006,AG,1,1,095711,2024-10-13,2024-10-13,,,WHOUSE01,2024-11-12,072601
100,V2,8000000064,LD00,E,C00005,AG,1,1,063217,2024-04-24,2024-04-24,171527,,WHOUSE01,2024-05-24,125752
100,V2,8000000064,PACK,E,C00005,AG,1,1,093609,2024-04-24,2024-04-24,,,WHOUSE01,2024-05-24,125752
100,V2,8000000065,LD00,E,C00009,AG,5,1,165155,2024-07-14,2024-07-14,160741,,WHOUSE01,2024-08-13,173243
100,V2,8000000065,PACK,E,C00009,AG,1,1,110719,2024-07-14,2024-07-14,,,WHOUSE01,2024-08-13,173243
100,V2,8000000066,LD00,E,C00002,AG,1,1,121549,2024-05-10,2024-05-10,165656,,WHOUSE01,2024-06-09,095644
100,V2,8000000066,PACK,E,C00002,AG,1,1,114210,2024-05-10,2024-05-10,,,WHOUSE01,2024-06-09,095644
100,V2,8000000067,LD00,E,C00008,AG,6,1,133509,2024-07-06,2024-07-06,112338,,WHOUSE01,2024-08-05,174525
100,V2,8000000067,PACK,E,C00008,AG,1,1,161634,2024-07-06,2024-07-06,,,WHOUSE01,2024-08-05,174525
100,V2,8000000068,LD00,E,C00009,AG,5,1,114636,2024-01-30,2024-01-30,160348,,WHOUSE01,2024-02-29,093654
100,V2,8000000068,PACK,E,C00009,AG,1,1,090949,2024-01-30,2024-01-30,,,WHOUSE01,2024-02-29,093654
100,V2,8000000069,LD00,E,C00014,AG,5,2,130622,2024-02-17,2024-02-17,150237,,WHOUSE02,2024-03-18,095229
100,V2,8000000069,PACK,E,C00014,AG,1,1,112550,2024-02-17,2024-02-17,,,WHOUSE01,2024-03-18,095229
100,V2,8000000070,LD00,E,C00001,AG,5,0,091642,2024-09-27,2024-09-27,084551,,WHOUSE01,2024-10-27,092712
100,V2,8000000070,PACK,E,C00001,AG,1,1,081245,2024-09-27,2024-09-27,,,WHOUSE01,2024-10-27,092712
100,V2,8000000071,LD00,E,C00014,AG,6,1,142512,2024-03-02,2024-03-02,160018,,WHOUSE01,2024-04-01,132439
100,V2,8000000071,PACK,E,C00014,AG,1,1,123105,2024-03-02,2024-03-02,,,WHOUSE01,2024-04-01,132439
100,V2,8000000072,LD00,E,C00003,AG,5,1,061749,2024-06-04,2024-06-04,105603,,WHOUSE01,2024-07-04,153658
100,V2,8000000072,PACK,E,C00003,AG,1,1,073636,2024-06-04,2024-06-04,,,WHOUSE01,2024-07-04,153658
100,V2,8000000073,LD00,E,C00012,AG,6,0,172046,2024-08-03,2024-08-03,061253,,WHOUSE01,2024-09-02,095726
100,V2,8000000073,PACK,E,C00012,AG,1,1,061842,2024-08-03,2024-08-03,,,WHOUSE01,2024-09-02,095726
100,V2,8000000074,LD00,E,C00004,AG,1,0,075548,2024-06-02,2024-06-02,124840,,WHOUSE02,2024-07-02,124302
100,V2,8000000074,PACK,E,C00004,AG,1,1,160003,2024-06-02,2024-06-02,,,WHOUSE01,2024-07-02,124302
100,V2,8000000075,LD00,E,C00004,AG,6,1,085237,2024-07-15,2024-07-15,121053,,WHOUSE01,2024-08-14,064621
100,V2,8000000075,PACK,E,C00004,AG,1,1,131627,2024-07-15,2024-07-15,,,WHOUSE01,2024-08-14,064621
100,V2,8000000076,LD00,E,C00008,AG,5,1,074032,2024-04-04,2024-04-04,143713,,WHOUSE02,2024-05-04,082142
100,V2,8000000076,PACK,E,C00008,AG,1,1,123120,2024-04-04,2024-04-04,,,WHOUSE01,2024-05-04,082142
100,V2,8000000077,LD00,E,C00015,AG,1,0,173813,2024-03-29,2024-03-29,095110,,WHOUSE02,2024-04-28,133424
100,V2,8000000077,PACK,E,C00015,AG,1,1,101227,2024-03-29,2024-03-29,,,WHOUSE01,2024-04-28,133424
100,V2,8000000078,LD00,E,C00006,AG,5,1,094855,2024-09-12,2024-09-12,132858,,WHOUSE02,2024-10-12,085533
100,V2,8000000078,PACK,E,C00006,AG,1,1,093632,2024-09-12,2024-09-12,,,WHOUSE01,2024-10-12,085533
100,V2,8000000079,LD00,E,C00006,AG,5,1,141338,2024-04-12,2024-04-12,093639,,WHOUSE02,2024-05-12,162020
100,V2,8000000079,PACK,E,C00006,AG,1,1,134055,2024-04-12,2024-04-12,,,WHOUSE01,2024-05-12,162020
100,V2,8000000080,LD00,E,C00014,AG,5,1,170441,2024-05-17,2024-05-17,071719,,WHOUSE02,2024-06-16,104058
100,V2,8000000080,PACK,E,C00014,AG,1,1,095403,2024-05-17,2024-05-17,,,WHOUSE01,2024-06-16,104058
100,V2,8000000081,LD00,E,C00012,AG,5,1,084243,2024-01-23,2024-01-23,083643,,WHOUSE02,2024-02-22,094951
100,V2,8000000081,PACK,E,C00012,AG,1,1,140700,2024-01-23,2024-01-23,,,WHOUSE01,2024-02-22,094951
100,V2,8000000082,LD00,E,C00014,AG,6,1,074317,2024-02-25,2024-02-25,114751,,WHOUSE01,2024-03-26,100237
100,V2,8000000082,PACK,E,C00014,AG,1,1,143817,2024-02-25,2024-02-25,,,WHOUSE01,2024-03-26,100237
100,V2,8000000083,LD00,E,C00004,AG,6,1,151119,2024-09-21,2024-09-21,140823,,WHOUSE02,2024-10-21,171004
100,V2,8000000083,PACK,E,C00004,AG,1,1,144721,2024-09-21,2024-09-21,,,WHOUSE01,2024-10-21,171004
100,V2,8000000084,LD00,E,C00006,AG,1,1,175944,2024-03-11,2024-03-11,131631,,WHOUSE02,2024-04-10,150252
100,V2,8000000084,PACK,E,C00006,AG,1,1,103120,2024-03-11,2024-03-11,,,WHOUSE01,2024-04-10,150252
100,V2,8000000085,LD00,E,C00009,AG,1,1,163558,2024-03-04,2024-03-04,074136,,WHOUSE02,2024-04-03,170649
100,V2,8000000085,PACK,E,C00009,AG,1,1,151557,2024-03-04,2024-03-04,,,WHOUSE01,2024-04-03,170649
100,V2,8000000086,LD00,E,C00004,AG,5,1,114617,2024-10-06,2024-10-06,095648,,WHOUSE02,2024-11-05,101708
100,V2,8000000086,PACK,E,C00004,AG,1,1,132212,2024-10-06,2024-10-06,,,WHOUSE01,2024-11-05,101708
100,V2,8000000087,LD00,E,C00002,AG,5,1,175818,2024-02-13,2024-02-13,143305,,WHOUSE01,2024-03-14,123921
100,V2,8000000087,PACK,E,C00002,AG,1,1,112238,2024-02-13,2024-02-13,,,WHOUSE01,2024-03-14,123921
100,V2,8000000088,LD00,E,C00011,AG,2,1,153628,2024-09-30,2024-09-30,123951,,WHOUSE01,2024-10-30,175611
100,V2,8000000088,PACK,E,C00011,AG,1,1,112546,2024-09-30,2024-09-30,,,WHOUSE01,2024-10-30,175611
100,V2,8000000089,LD00,E,C00001,AG,2,1,091634,2024-10-01,2024-10-01,065507,,WHOUSE02,2024-10-31,110419
100,V2,8000000089,PACK,E,C00001,AG,1,1,103135,2024-10-01,2024-10-01,,,WHOUSE01,2024-10-31,110419
100,V2,8000000090,LD00,E,C00003,AG,6,1,172605,2024-11-04,2024-11-04,145741,,WHOUSE01,2024-12-04,071430
100,V2,8000000090,PACK,E,C00003,AG,1,1,165452,2024-11-04,2024-11-04,,,WHOUSE01,2024-12-04,071430
100,V2,8000000091,LD00,E,C00007,AG,6,1,141200,2024-05-10,2024-05-10,082457,,WHOUSE01,2024-06-09,141457
100,V2,8000000091,PACK,E,C00007,AG,1,1,085752,2024-05-10,2024-05-10,,,WHOUSE01,2024-06-09,141457
100,V2,8000000093,LD00,E,C00001,AG,5,1,072153,2024-10-06,2024-10-06,153105,,WHOUSE02,2024-11-05,142720
100,V2,8000000093,PACK,E,C00001,AG,1,1,150626,2024-10-06,2024-10-06,,,WHOUSE01,2024-11-05,142720
100,V2,8000000094,LD00,E,C00008,AG,1,1,135518,2024-10-20,2024-10-20,104455,,WHOUSE01,2024-11-19,151719
100,V2,8000000094,PACK,E,C00008,AG,1,1,165759,2024-10-20,2024-10-20,,,WHOUSE01,2024-11-19,151719
100,V2,8000000095,LD00,E,C00005,AG,6,1,172750,2024-09-28,2024-09-28,100307,,WHOUSE01,2024-10-28,124714
100,V2,8000000095,PACK,E,C00005,AG,1,1,123320,2024-09-28,2024-09-28,,,WHOUSE01,2024-10-28,124714
100,V2,8000000096,LD00,E,C00007,AG,5,1,161942,2024-02-13,2024-02-13,135314,,WHOUSE02,2024-03-14,113143
100,V2,8000000096,PACK,E,C00007,AG,1,1,160804,2024-02-13,2024-02-13,,,WHOUSE01,2024-03-14,113143
100,V2,8000000097,LD00,E,C00008,AG,1,1,111616,2024-08-25,2024-08-25,151438,,WHOUSE02,2024-09-24,113343
100,V2,8000000097,PACK,E,C00008,AG,1,1,084429,2024-08-25,2024-08-25,,,WHOUSE01,2024-09-24,113343
100,V2,8000000098,LD00,E,C00001,AG,5,1,073424,2024-01-16,2024-01-16,171557,,WHOUSE01,2024-02-15,140800
100,V2,8000000098,PACK,E,C00001,AG,1,1,083524,2024-01-16,2024-01-16,,,WHOUSE01,2024-02-15,140800
100,V2,8000000099,LD00,E,C00015,AG,6,1,092346,2024-08-23,2024-08-23,071608,,WHOUSE01,2024-09-22,122253
100,V2,8000000099,PACK,E,C00015,AG,1,1,145907,2024-08-23,2024-08-23,,,WHOUSE01,2024-09-22,122253
100,V2,8000000100,LD00,E,C00015,AG,2,1,172527,2024-03-25,2024-03-25,163250,,WHOUSE02,2024-04-24,092542
100,V2,8000000100,PACK,E,C00015,AG,1,1,075233,2024-03-25,2024-03-25,,,WHOUSE01,2024-04-24,092542
100,V2,8000000101,LD00,E,C00008,AG,1,1,125722,2024-05-02,2024-05-02,091604,,WHOUSE01,2024-06-01,083924
100,V2,8000000101,PACK,E,C00008,AG,1,1,063932,2024-05-02,2024-05-02,,,WHOUSE01,2024-06-01,083924
100,V2,8000000102,LD00,E,C00004,AG,6,1,090045,2024-07-14,2024-07-14,132905,,WHOUSE01,2024-08-13,094432
100,V2,8000000102,PACK,E,C00004,AG,1,1,124725,2024-07-14,2024-07-14,,,WHOUSE01,2024-08-13,094432
100,V2,8000000103,LD00,E,C00005,AG,5,1,060637,2024-03-09,2024-03-09,093332,,WHOUSE01,2024-04-08,083936
100,V2,8000000103,PACK,E,C00005,AG,1,1,145522,2024-03-09,2024-03-09,,,WHOUSE01,2024-04-08,083936
100,V2,8000000104,LD00,E,C00002,AG,5,1,162609,2024-08-15,2024-08-15,110449,,WHOUSE01,2024-09-14,065110
100,V2,8000000104,PACK,E,C00002,AG,1,1,131342,2024-08-15,2024-08-15,,,WHOUSE01,2024-09-14,065110
100,V2,8000000105,LD00,E,C00004,AG,5,1,060730,2024-03-04,2024-03-04,115325,,WHOUSE02,2024-04-03,095733
100,V2,8000000105,PACK,E,C00004,AG,1,1,085718,2024-03-04,2024-03-04,,,WHOUSE01,2024-04-03,095733
100,V2,8000000106,LD00,E,C00009,AG,1,1,093632,2024-04-03,2024-04-03,090211,,WHOUSE02,2024-05-03,160545
100,V2,8000000106,PACK,E,C00009,AG,1,1,174732,2024-04-03,2024-04-03,,,WHOUSE01,2024-05-03,160545
100,V2,8000000107,LD00,E,C00011,AG,5,1,163535,2024-01-28,2024-01-28,174058,,WHOUSE01,2024-02-27,120715
100,V2,8000000107,PACK,E,C00011,AG,1,1,131000,2024-01-28,2024-01-28,,,WHOUSE01,2024-02-27,120715
100,V2,8000000108,LD00,E,C00014,AG,5,1,065922,2024-05-03,2024-05-03,065437,,WHOUSE02,2024-06-02,143443
100,V2,8000000108,PACK,E,C00014,AG,1,1,063928,2024-05-03,2024-05-03,,,WHOUSE01,2024-06-02,143443
100,V2,8000000109,LD00,E,C00011,AG,1,1,102612,2024-04-20,2024-04-20,111934,,WHOUSE01,2024-05-20,163535
100,V2,8000000109,PACK,E,C00011,AG,1,1,165048,2024-04-20,2024-04-20,,,WHOUSE01,2024-05-20,163535
100,V2,8000000111,LD00,E,C00002,AG,1,1,134347,2024-06-16,2024-06-16,103532,,WHOUSE02,2024-07-16,061041
100,V2,8000000111,PACK,E,C00002,AG,1,1,103817,2024-06-16,2024-06-16,,,WHOUSE01,2024-07-16,061041
100,V2,8000000112,LD00,E,C00009,AG,6,1,100419,2024-10-02,2024-10-02,120649,,WHOUSE01,2024-11-01,083924
100,V2,8000000112,PACK,E,C00009,AG,1,1,113128,2024-10-02,2024-10-02,,,WHOUSE01,2024-11-01,083924
100,V2,8000000113,LD00,E,C00013,AG,5,1,111404,2024-08-24,2024-08-24,083954,,WHOUSE02,2024-09-23,174755
100,V2,8000000113,PACK,E,C00013,AG,1,1,080056,2024-08-24,2024-08-24,,,WHOUSE01,2024-09-23,174755
100,V2,8000000114,LD00,E,C00015,AG,5,1,100652,2024-03-07,2024-03-07,091234,,WHOUSE02,2024-04-06,104951
100,V2,8000000114,PACK,E,C00015,AG,1,1,152123,2024-03-07,2024-03-07,,,WHOUSE01,2024-04-06,104951
100,V2,8000000116,LD00,E,C00013,AG,6,1,142327,2024-08-16,2024-08-16,152027,,WHOUSE02,2024-09-15,151138
100,V2,8000000116,PACK,E,C00013,AG,1,1,112205,2024-08-16,2024-08-16,,,WHOUSE01,2024-09-15,151138
100,V2,8000000118,LD00,E,C00008,AG,1,1,111200,2024-01-29,2024-01-29,172250,,WHOUSE02,2024-02-28,092405
100,V2,8000000118,PACK,E,C00008,AG,1,1,084113,2024-01-29,2024-01-29,,,WHOUSE01,2024-02-28,092405
100,V2,8000000119,LD00,E,C00011,AG,1,1,073320,2024-07-09,2024-07-09,140449,,WHOUSE02,2024-08-08,104921
100,V2,8000000119,PACK,E,C00011,AG,1,1,140011,2024-07-09,2024-07-09,,,WHOUSE01,2024-08-08,104921
100,V2,8000000120,LD00,E,C00006,AG,1,1,171126,2024-08-18,2024-08-18,165907,,WHOUSE01,2024-09-17,100348
100,V2,8000000120,PACK,E,C00006,AG,1,1,103951,2024-08-18,2024-08-18,,,WHOUSE01,2024-09-17,100348
100,V2,8000000121,LD00,E,C00012,AG,1,1,155140,2024-08-25,2024-08-25,132442,,WHOUSE01,2024-09-24,085340
100,V2,8000000121,PACK,E,C00012,AG,1,1,123854,2024-08-25,2024-08-25,,,WHOUSE01,2024-09-24,085340
100,V2,8000000122,LD00,E,C00008,AG,1,1,174017,2024-04-25,2024-04-25,062612,,WHOUSE01,2024-05-25,113317
100,V2,8000000122,PACK,E,C00008,AG,1,1,144402,2024-04-25,2024-04-25,,,WHOUSE01,2024-05-25,113317
100,V2,8000000123,LD00,E,C00006,AG,5,1,144514,2024-04-01,2024-04-01,073702,,WHOUSE02,2024-05-01,101100
100,V2,8000000123,PACK,E,C00006,AG,1,1,140956,2024-04-01,2024-04-01,,,WHOUSE01,2024-05-01,101100
100,V2,8000000124,LD00,E,C00008,AG,6,1,064532,2024-06-25,2024-06-25,111315,,WHOUSE01,2024-07-25,122320
100,V2,8000000124,PACK,E,C00008,AG,1,1,070619,2024-06-25,2024-06-25,,,WHOUSE01,2024-07-25,122320
100,V2,8000000125,LD00,E,C00014,AG,6,1,103016,2024-06-23,2024-06-23,124906,,WHOUSE01,2024-07-23,102535
100,V2,8000000125,PACK,E,C00014,AG,1,1,171330,2024-06-23,2024-06-23,,,WHOUSE01,2024-07-23,102535
100,V2,8000000126,LD00,E,C00010,AG,6,1,081849,2024-07-14,2024-07-14,072057,,WHOUSE01,2024-08-13,122150
100,V2,8000000126,PACK,E,C00010,AG,1,1,162409,2024-07-14,2024-07-14,,,WHOUSE01,2024-08-13,122150
100,V2,8000000127,LD00,E,C00006,AG,5,1,065051,2024-09-07,2024-09-07,145044,,WHOUSE01,2024-10-07,153951
100,V2,8000000127,PACK,E,C00006,AG,1,1,152108,2024-09-07,2024-09-07,,,WHOUSE01,2024-10-07,153951
100,V2,8000000128,LD00,E,C00008,AG,6,1,140600,2024-06-05,2024-06-05,154559,,WHOUSE02,2024-07-05,123809
100,V2,8000000128,PACK,E,C00008,AG,1,1,091853,2024-06-05,2024-06-05,,,WHOUSE01,2024-07-05,123809
100,V2,8000000129,LD00,E,C00009,AG,2,1,121842,2024-09-19,2024-09-19,104617,,WHOUSE02,2024-10-19,124651
100,V2,8000000129,PACK,E,C00009,AG,1,1,141953,2024-09-19,2024-09-19,,,WHOUSE01,2024-10-19,124651
100,V2,8000000130,LD00,E,C00002,AG,5,1,131500,2024-07-25,2024-07-25,161712,,WHOUSE02,2024-08-24,092435
100,V2,8000000130,PACK,E,C00002,AG,1,1,091204,2024-07-25,2024-07-25,,,WHOUSE01,2024-08-24,092435
100,V2,8000000131,LD00,E,C00010,AG,6,1,133417,2024-08-06,2024-08-06,123143,,WHOUSE01,2024-09-05,061415
100,V2,8000000131,PACK,E,C00010,AG,1,1,170904,2024-08-06,2024-08-06,,,WHOUSE01,2024-09-05,061415
100,V2,8000000132,LD00,E,C00006,AG,1,1,075433,2024-10-16,2024-10-16,143628,,WHOUSE01,2024-11-15,071134
100,V2,8000000132,PACK,E,C00006,AG,1,1,152053,2024-10-16,2024-10-16,,,WHOUSE01,2024-11-15,071134
100,V2,8000000133,LD00,E,C00009,AG,6,1,082909,2024-05-05,2024-05-05,060156,,WHOUSE02,2024-06-04,165021
100,V2,8000000133,PACK,E,C00009,AG,1,1,155714,2024-05-05,2024-05-05,,,WHOUSE01,2024-06-04,165021
100,V2,8000000134,LD00,E,C00011,AG,1,1,120103,2024-06-15,2024-06-15,063658,,WHOUSE01,2024-07-15,161219
100,V2,8000000134,PACK,E,C00011,AG,1,1,170237,2024-06-15,2024-06-15,,,WHOUSE01,2024-07-15,161219
100,V2,8000000135,LD00,E,C00014,AG,6,1,140537,2024-09-14,2024-09-14,141353,,WHOUSE02,2024-10-14,101119
100,V2,8000000135,PACK,E,C00014,AG,1,1,104814,2024-09-14,2024-09-14,,,WHOUSE01,2024-10-14,101119
100,V2,8000000136,LD00,E,C00003,AG,1,1,161631,2024-06-02,2024-06-02,172943,,WHOUSE01,2024-07-02,072928
100,V2,8000000136,PACK,E,C00003,AG,1,1,131019,2024-06-02,2024-06-02,,,WHOUSE01,2024-07-02,072928
100,V2,8000000137,LD00,E,C00003,AG,6,1,074036,2024-05-13,2024-05-13,130200,,WHOUSE01,2024-06-12,150141
100,V2,8000000137,PACK,E,C00003,AG,1,1,170434,2024-05-13,2024-05-13,,,WHOUSE01,2024-06-12,150141
100,V2,8000000138,LD00,E,C00010,AG,1,1,060923,2024-07-11,2024-07-11,091442,,WHOUSE01,2024-08-10,104036
100,V2,8000000138,PACK,E,C00010,AG,1,1,105403,2024-07-11,2024-07-11,,,WHOUSE01,2024-08-10,104036
100,V2,8000000139,LD00,E,C00015,AG,6,1,114710,2024-08-05,2024-08-05,135533,,WHOUSE02,2024-09-04,162913
100,V2,8000000139,PACK,E,C00015,AG,1,1,075737,2024-08-05,2024-08-05,,,WHOUSE01,2024-09-04,162913
100,V2,8000000140,LD00,E,C00001,AG,5,1,161357,2024-06-18,2024-06-18,170148,,WHOUSE02,2024-07-18,122958
100,V2,8000000140,PACK,E,C00001,AG,1,1,090500,2024-06-18,2024-06-18,,,WHOUSE01,2024-07-18,122958
100,V2,8000000141,LD00,E,C00015,AG,6,1,061445,2024-01-29,2024-01-29,171731,,WHOUSE02,2024-02-28,072757
100,V2,8000000141,PACK,E,C00015,AG,1,1,122346,2024-01-29,2024-01-29,,,WHOUSE01,2024-02-28,072757
100,V2,8000000142,LD00,E,C00011,AG,1,0,161812,2024-03-23,2024-03-23,110441,,WHOUSE01,2024-04-22,092516
100,V2,8000000142,PACK,E,C00011,AG,1,1,124010,2024-03-23,2024-03-23,,,WHOUSE01,2024-04-22,092516
100,V2,8000000143,LD00,E,C00005,AG,5,1,140853,2024-07-05,2024-07-05,174814,,WHOUSE02,2024-08-04,120337
100,V2,8000000143,PACK,E,C00005,AG,1,1,101038,2024-07-05,2024-07-05,,,WHOUSE01,2024-08-04,120337
100,V2,8000000144,LD00,E,C00006,AG,5,1,123458,2024-06-20,2024-06-20,105244,,WHOUSE01,2024-07-20,110122
100,V2,8000000144,PACK,E,C00006,AG,1,1,092338,2024-06-20,2024-06-20,,,WHOUSE01,2024-07-20,110122
100,V2,8000000145,LD00,E,C00015,AG,6,0,151438,2024-09-04,2024-09-04,150530,,WHOUSE02,2024-10-04,155244
100,V2,8000000145,PACK,E,C00015,AG,1,1,175744,2024-09-04,2024-09-04,,,WHOUSE01,2024-10-04,155244
100,V2,8000000146,LD00,E,C00015,AG,5,1,141119,2024-07-21,2024-07-21,112223,,WHOUSE01,2024-08-20,061538
100,V2,8000000146,PACK,E,C00015,AG,1,1,155937,2024-07-21,2024-07-21,,,WHOUSE01,2024-08-20,061538
100,V2,8000000147,LD00,E,C00009,AG,5,1,171938,2024-08-02,2024-08-02,100726,,WHOUSE02,2024-09-01,072427
100,V2,8000000147,PACK,E,C00009,AG,1,1,064606,2024-08-02,2024-08-02,,,WHOUSE01,2024-09-01,072427
100,V2,8000000148,LD00,E,C00001,AG,5,1,130752,2024-04-20,2024-04-20,132539,,WHOUSE02,2024-05-20,152839
100,V2,8000000148,PACK,E,C00001,AG,1,1,143843,2024-04-20,2024-04-20,,,WHOUSE01,2024-05-20,152839
100,V2,8000000149,LD00,E,C00014,AG,6,0,082416,2024-08-30,2024-08-30,130445,,WHOUSE02,2024-09-29,095140
100,V2,8000000149,PACK,E,C00014,AG,1,1,145637,2024-08-30,2024-08-30,,,WHOUSE01,2024-09-29,095140
100,V2,8000000150,LD00,E,C00006,AG,5,1,060045,2024-09-15,2024-09-15,093524,,WHOUSE01,2024-10-15,160148
100,V2,8000000150,PACK,E,C00006,AG,1,1,060333,2024-09-15,2024-09-15,,,WHOUSE01,2024-10-15,160148
100,V2,8000000151,LD00,E,C00007,AG,1,1,112253,2024-06-17,2024-06-17,064455,,WHOUSE02,2024-07-17,111119
100,V2,8000000151,PACK,E,C00007,AG,1,1,152724,2024-06-17,2024-06-17,,,WHOUSE01,2024-07-17,111119
100,V2,8000000152,LD00,E,C00004,AG,1,1,104818,2024-06-18,2024-06-18,090056,,WHOUSE02,2024-07-18,144406
100,V2,8000000152,PACK,E,C00004,AG,1,1,154236,2024-06-18,2024-06-18,,,WHOUSE01,2024-07-18,144406
100,V2,8000000153,LD00,E,C00014,AG,1,1,062253,2024-03-13,2024-03-13,105540,,WHOUSE01,2024-04-12,155759
100,V2,8000000153,PACK,E,C00014,AG,1,1,081519,2024-03-13,2024-03-13,,,WHOUSE01,2024-04-12,155759
100,V2,8000000154,LD00,E,C00012,AG,1,1,175303,2024-08-30,2024-08-30,084547,,WHOUSE01,2024-09-29,141138
100,V2,8000000154,PACK,E,C00012,AG,1,1,171000,2024-08-30,2024-08-30,,,WHOUSE01,2024-09-29,141138
100,V2,8000000155,LD00,E,C00006,AG,1,1,095310,2024-08-10,2024-08-10,133058,,WHOUSE02,2024-09-09,112924
100,V2,8000000155,PACK,E,C00006,AG,1,1,105059,2024-08-10,2024-08-10,,,WHOUSE01,2024-09-09,112924
100,V2,8000000156,LD00,E,C00008,AG,1,1,060430,2024-05-16,2024-05-16,111334,,WHOUSE01,2024-06-15,110056
100,V2,8000000156,PACK,E,C00008,AG,1,1,100133,2024-05-16,2024-05-16,,,WHOUSE01,2024-06-15,110056
100,V2,8000000157,LD00,E,C00006,AG,5,1,155403,2024-07-30,2024-07-30,081527,,WHOUSE02,2024-08-29,135856
100,V2,8000000157,PACK,E,C00006,AG,1,1,175744,2024-07-30,2024-07-30,,,WHOUSE01,2024-08-29,135856
100,V2,8000000158,LD00,E,C00011,AG,1,1,102242,2024-05-29,2024-05-29,083847,,WHOUSE01,2024-06-28,172958
100,V2,8000000158,PACK,E,C00011,AG,1,1,074002,2024-05-29,2024-05-29,,,WHOUSE01,2024-06-28,172958
100,V2,8000000160,LD00,E,C00002,AG,6,1,105859,2024-10-01,2024-10-01,120030,,WHOUSE02,2024-10-31,081126
100,V2,8000000160,PACK,E,C00002,AG,1,1,170345,2024-10-01,2024-10-01,,,WHOUSE01,2024-10-31,081126
100,V2,8000000161,LD00,E,C00008,AG,1,2,122342,2024-05-07,2024-05-07,111919,,WHOUSE01,2024-06-06,122231
100,V2,8000000161,PACK,E,C00008,AG,1,1,061838,2024-05-07,2024-05-07,,,WHOUSE01,2024-06-06,122231
100,V2,8000000162,LD00,E,C00012,AG,5,1,072123,2024-07-04,2024-07-04,142008,,WHOUSE02,2024-08-03,115714
100,V2,8000000162,PACK,E,C00012,AG,1,1,102246,2024-07-04,2024-07-04,,,WHOUSE01,2024-08-03,115714
100,V2,8000000163,LD00,E,C00004,AG,5,1,175514,2024-09-30,2024-09-30,065325,,WHOUSE02,2024-10-30,110926
100,V2,8000000163,PACK,E,C00004,AG,1,1,065922,2024-09-30,2024-09-30,,,WHOUSE01,2024-10-30,110926
100,V2,8000000164,LD00,E,C00003,AG,5,1,130645,2024-01-19,2024-01-19,111315,,WHOUSE01,2024-02-18,144721
100,V2,8000000164,PACK,E,C00003,AG,1,1,080934,2024-01-19,2024-01-19,,,WHOUSE01,2024-02-18,144721
100,V2,8000000165,LD00,E,C00007,AG,5,1,082316,2024-07-11,2024-07-11,095907,,WHOUSE02,2024-08-10,090804
100,V2,8000000165,PACK,E,C00007,AG,1,1,095444,2024-07-11,2024-07-11,,,WHOUSE01,2024-08-10,090804
100,V2,8000000166,LD00,E,C00008,AG,6,1,175926,2024-07-15,2024-07-15,124317,,WHOUSE02,2024-08-14,121104
100,V2,8000000166,PACK,E,C00008,AG,1,1,101619,2024-07-15,2024-07-15,,,WHOUSE01,2024-08-14,121104
100,V2,8000000167,LD00,E,C00010,AG,5,1,061638,2024-04-29,2024-04-29,070634,,WHOUSE01,2024-05-29,131619
100,V2,8000000167,PACK,E,C00010,AG,1,1,161731,2024-04-29,2024-04-29,,,WHOUSE01,2024-05-29,131619
100,V2,8000000168,LD00,E,C00007,AG,6,1,060507,2024-03-25,2024-03-25,080007,,WHOUSE02,2024-04-24,141415
100,V2,8000000168,PACK,E,C00007,AG,1,1,162854,2024-03-25,2024-03-25,,,WHOUSE01,2024-04-24,141415
100,V2,8000000169,LD00,E,C00011,AG,1,2,085403,2024-03-18,2024-03-18,151931,,WHOUSE01,2024-04-17,123105
100,V2,8000000169,PACK,E,C00011,AG,1,1,093947,2024-03-18,2024-03-18,,,WHOUSE01,2024-04-17,123105
100,V2,8000000170,LD00,E,C00015,AG,6,1,101646,2024-03-21,2024-03-21,092401,,WHOUSE02,2024-04-20,142350
100,V2,8000000170,PACK,E,C00015,AG,1,1,152342,2024-03-21,2024-03-21,,,WHOUSE01,2024-04-20,142350
100,V2,8000000171,LD00,E,C00008,AG,6,1,153313,2024-03-07,2024-03-07,152257,,WHOUSE02,2024-04-06,172357
100,V2,8000000171,PACK,E,C00008,AG,1,1,154151,2024-03-07,2024-03-07,,,WHOUSE01,2024-04-06,172357
100,V2,8000000173,LD00,E,C00007,AG,5,1,123824,2024-08-04,2024-08-04,115648,,WHOUSE01,2024-09-03,075818
100,V2,8000000173,PACK,E,C00007,AG,1,1,125540,2024-08-04,2024-08-04,,,WHOUSE01,2024-09-03,075818
100,V2,8000000174,LD00,E,C00003,AG,5,0,112850,2024-04-23,2024-04-23,112350,,WHOUSE01,2024-05-23,120000
100,V2,8000000174,PACK,E,C00003,AG,1,1,145941,2024-04-23,2024-04-23,,,WHOUSE01,2024-05-23,120000
100,V2,8000000175,LD00,E,C00007,AG,6,0,091415,2024-03-03,2024-03-03,094410,,WHOUSE02,2024-04-02,141427
100,V2,8000000175,PACK,E,C00007,AG,1,1,175952,2024-03-03,2024-03-03,,,WHOUSE01,2024-04-02,141427
100,V2,8000000176,LD00,E,C00004,AG,6,1,113751,2024-08-17,2024-08-17,095110,,WHOUSE01,2024-09-16,162316
100,V2,8000000176,PACK,E,C00004,AG,1,1,145155,2024-08-17,2024-08-17,,,WHOUSE01,2024-09-16,162316
100,V2,8000000177,LD00,E,C00004,AG,5,1,063020,2024-06-19,2024-06-19,111215,,WHOUSE01,2024-07-19,062809
100,V2,8000000177,PACK,E,C00004,AG,1,1,172227,2024-06-19,2024-06-19,,,WHOUSE01,2024-07-19,062809
100,V2,8000000178,LD00,E,C00004,AG,1,2,154006,2024-04-09,2024-04-09,121916,,WHOUSE01,2024-05-09,150900
100,V2,8000000178,PACK,E,C00004,AG,1,1,081653,2024-04-09,2024-04-09,,,WHOUSE01,2024-05-09,150900
100,V2,8000000179,LD00,E,C00001,AG,5,1,080426,2024-08-06,2024-08-06,111819,,WHOUSE02,2024-09-05,123747
100,V2,8000000179,PACK,E,C00001,AG,1,1,104132,2024-08-06,2024-08-06,,,WHOUSE01,2024-09-05,123747
100,V2,8000000180,LD00,E,C00013,AG,6,0,145248,2024-06-16,2024-06-16,174744,,WHOUSE01,2024-07-16,162605
100,V2,8000000180,PACK,E,C00013,AG,1,1,144732,2024-06-16,2024-06-16,,,WHOUSE01,2024-07-16,162605
100,V2,8000000181,LD00,E,C00006,AG,1,1,160419,2024-06-21,2024-06-21,093239,,WHOUSE02,2024-07-21,072446
100,V2,8000000181,PACK,E,C00006,AG,1,1,083101,2024-06-21,2024-06-21,,,WHOUSE01,2024-07-21,072446
100,V2,8000000182,LD00,E,C00001,AG,5,1,082335,2024-04-26,2024-04-26,134632,,WHOUSE02,2024-05-26,164247
100,V2,8000000182,PACK,E,C00001,AG,1,1,072008,2024-04-26,2024-04-26,,,WHOUSE01,2024-05-26,164247
100,V2,8000000183,LD00,E,C00006,AG,5,1,094429,2024-08-05,2024-08-05,073502,,WHOUSE01,2024-09-04,125437
100,V2,8000000183,PACK,E,C00006,AG,1,1,134132,2024-08-05,2024-08-05,,,WHOUSE01,2024-09-04,125437
100,V2,8000000184,LD00,E,C00015,AG,5,1,124251,2024-10-13,2024-10-13,080607,,WHOUSE01,2024-11-12,163302
100,V2,8000000184,PACK,E,C00015,AG,1,1,081304,2024-10-13,2024-10-13,,,WHOUSE01,2024-11-12,163302
100,V2,8000000185,LD00,E,C00008,AG,5,1,162208,2024-05-29,2024-05-29,082123,,WHOUSE01,2024-06-28,131408
100,V2,8000000185,PACK,E,C00008,AG,1,1,104948,2024-05-29,2024-05-29,,,WHOUSE01,2024-06-28,131408
100,V2,8000000186,LD00,E,C00004,AG,1,1,173128,2024-06-07,2024-06-07,151126,,WHOUSE01,2024-07-07,160504
100,V2,8000000186,PACK,E,C00004,AG,1,1,143643,2024-06-07,2024-06-07,,,WHOUSE01,2024-07-07,160504
100,V2,8000000187,LD00,E,C00001,AG,1,1,124918,2024-05-17,2024-05-17,123813,,WHOUSE02,2024-06-16,131349
100,V2,8000000187,PACK,E,C00001,AG,1,1,093454,2024-05-17,2024-05-17,,,WHOUSE01,2024-06-16,131349
100,V2,8000000188,LD00,E,C00007,AG,1,1,062401,2024-06-29,2024-06-29,144606,,WHOUSE01,2024-07-29,123547
100,V2,8000000188,PACK,E,C00007,AG,1,1,123405,2024-06-29,2024-06-29,,,WHOUSE01,2024-07-29,123547
100,V2,8000000191,LD00,E,C00001,AG,5,1,083328,2024-05-21,2024-05-21,104355,,WHOUSE02,2024-06-20,101904
100,V2,8000000191,PACK,E,C00001,AG,1,1,065437,2024-05-21,2024-05-21,,,WHOUSE01,2024-06-20,101904
100,V2,8000000192,LD00,E,C00013,AG,5,0,155641,2024-06-06,2024-06-06,101831,,WHOUSE01,2024-07-06,163113
100,V2,8000000192,PACK,E,C00013,AG,1,1,172924,2024-06-06,2024-06-06,,,WHOUSE01,2024-07-06,163113
100,V2,8000000194,LD00,E,C00013,AG,2,1,123513,2024-06-25,2024-06-25,091230,,WHOUSE02,2024-07-25,172742
100,V2,8000000194,PACK,E,C00013,AG,1,1,100337,2024-06-25,2024-06-25,,,WHOUSE01,2024-07-25,172742
100,V2,8000000195,LD00,E,C00006,AG,6,1,120326,2024-05-14,2024-05-14,111923,,WHOUSE01,2024-06-13,143839
100,V2,8000000195,PACK,E,C00006,AG,1,1,143254,2024-05-14,2024-05-14,,,WHOUSE01,2024-06-13,143839
100,V2,8000000196,LD00,E,C00006,AG,5,1,101634,2024-06-03,2024-06-03,105259,,WHOUSE02,2024-07-03,063858
100,V2,8000000196,PACK,E,C00006,AG,1,1,171538,2024-06-03,2024-06-03,,,WHOUSE01,2024-07-03,063858
100,V2,8000000198,LD00,E,C00006,AG,5,1,150841,2024-09-07,2024-09-07,113509,,WHOUSE02,2024-10-07,120407
100,V2,8000000198,PACK,E,C00006,AG,1,1,071612,2024-09-07,2024-09-07,,,WHOUSE01,2024-10-07,120407
100,V2,8000000199,LD00,E,C00015,AG,1,0,121053,2024-03-17,2024-03-17,092101,,WHOUSE02,2024-04-16,112123
100,V2,8000000199,PACK,E,C00015,AG,1,1,085325,2024-03-17,2024-03-17,,,WHOUSE01,2024-04-16,112123
100,V2,8000000200,LD00,E,C00013,AG,1,1,131638,2024-03-05,2024-03-05,175926,,WHOUSE02,2024-04-04,065626
100,V2,8000000200,PACK,E,C00013,AG,1,1,070522,2024-03-05,2024-03-05,,,WHOUSE01,2024-04-04,065626
100,V2,8000000201,LD00,E,C00011,AG,6,1,170549,2024-09-28,2024-09-28,072712,,WHOUSE02,2024-10-28,115151
100,V2,8000000201,PACK,E,C00011,AG,1,1,131530,2024-09-28,2024-09-28,,,WHOUSE01,2024-10-28,115151
100,V2,8000000202,LD00,E,C00013,AG,6,1,115852,2024-07-09,2024-07-09,164714,,WHOUSE02,2024-08-08,092120
100,V2,8000000202,PACK,E,C00013,AG,1,1,143320,2024-07-09,2024-07-09,,,WHOUSE01,2024-08-08,092120
100,V2,8000000203,LD00,E,C00008,AG,5,1,123402,2024-06-13,2024-06-13,132242,,WHOUSE01,2024-07-13,075741
100,V2,8000000203,PACK,E,C00008,AG,1,1,162323,2024-06-13,2024-06-13,,,WHOUSE01,2024-07-13,075741
100,V2,8000000205,LD00,E,C00004,AG,1,1,072420,2024-06-16,2024-06-16,135225,,WHOUSE01,2024-07-16,135407
100,V2,8000000205,PACK,E,C00004,AG,1,1,175352,2024-06-16,2024-06-16,,,WHOUSE01,2024-07-16,135407
100,V2,8000000206,LD00,E,C00014,AG,5,0,172316,2024-09-30,2024-09-30,090745,,WHOUSE01,2024-10-30,122735
100,V2,8000000206,PACK,E,C00014,AG,1,1,164510,2024-09-30,2024-09-30,,,WHOUSE01,2024-10-30,122735
100,V2,8000000207,LD00,E,C00004,AG,6,1,092650,2024-02-25,2024-02-25,081530,,WHOUSE01,2024-03-26,071327
100,V2,8000000207,PACK,E,C00004,AG,1,1,163332,2024-02-25,2024-02-25,,,WHOUSE01,2024-03-26,071327
100,V2,8000000208,LD00,E,C00015,AG,5,1,093039,2024-09-16,2024-09-16,122250,,WHOUSE02,2024-10-16,132238
100,V2,8000000208,PACK,E,C00015,AG,1,1,133232,2024-09-16,2024-09-16,,,WHOUSE01,2024-10-16,132238
100,V2,8000000209,LD00,E,C00011,AG,6,1,074110,2024-07-28,2024-07-28,153358,,WHOUSE02,2024-08-27,073739
100,V2,8000000209,PACK,E,C00011,AG,1,1,132401,2024-07-28,2024-07-28,,,WHOUSE01,2024-08-27,073739
100,V2,8000000210,LD00,E,C00004,AG,1,0,122846,2024-02-03,2024-02-03,061534,,WHOUSE02,2024-03-04,094602
100,V2,8000000210,PACK,E,C00004,AG,1,1,131634,2024-02-03,2024-02-03,,,WHOUSE01,2024-03-04,094602
100,V2,8000000211,LD00,E,C00007,AG,1,1,143428,2024-02-15,2024-02-15,124221,,WHOUSE02,2024-03-16,143420
100,V2,8000000211,PACK,E,C00007,AG,1,1,142057,2024-02-15,2024-02-15,,,WHOUSE01,2024-03-16,143420
100,V2,8000000213,LD00,E,C00014,AG,6,0,160445,2024-06-16,2024-06-16,160915,,WHOUSE02,2024-07-16,134021
100,V2,8000000213,PACK,E,C00014,AG,1,1,105448,2024-06-16,2024-06-16,,,WHOUSE01,2024-07-16,134021
100,V2,8000000214,LD00,E,C00005,AG,1,1,082038,2024-03-07,2024-03-07,081115,,WHOUSE02,2024-04-06,165248
100,V2,8000000214,PACK,E,C00005,AG,1,1,080045,2024-03-07,2024-03-07,,,WHOUSE01,2024-04-06,165248
100,V2,8000000215,LD00,E,C00002,AG,5,1,095437,2024-07-02,2024-07-02,175448,,WHOUSE01,2024-08-01,122257
100,V2,8000000215,PACK,E,C00002,AG,1,1,150545,2024-07-02,2024-07-02,,,WHOUSE01,2024-08-01,122257
100,V2,8000000216,LD00,E,C00003,AG,2,1,075103,2024-07-03,2024-07-03,090322,,WHOUSE02,2024-08-02,080938
100,V2,8000000216,PACK,E,C00003,AG,1,1,092120,2024-07-03,2024-07-03,,,WHOUSE01,2024-08-02,080938
100,V2,8000000217,LD00,E,C00015,AG,1,0,171908,2024-08-23,2024-08-23,100711,,WHOUSE01,2024-09-22,104918
100,V2,8000000217,PACK,E,C00015,AG,1,1,131330,2024-08-23,2024-08-23,,,WHOUSE01,2024-09-22,104918
100,V2,8000000218,LD00,E,C00010,AG,5,1,152053,2024-10-25,2024-10-25,134821,,WHOUSE01,2024-11-24,120649
100,V2,8000000218,PACK,E,C00010,AG,1,1,134644,2024-10-25,2024-10-25,,,WHOUSE01,2024-11-24,120649
100,V2,8000000219,LD00,E,C00003,AG,5,1,115133,2024-08-18,2024-08-18,134906,,WHOUSE02,2024-09-17,065121
100,V2,8000000219,PACK,E,C00003,AG,1,1,100441,2024-08-18,2024-08-18,,,WHOUSE01,2024-09-17,065121
100,V2,8000000220,LD00,E,C00002,AG,1,1,140011,2024-07-13,2024-07-13,173717,,WHOUSE01,2024-08-12,091953
100,V2,8000000220,PACK,E,C00002,AG,1,1,141223,2024-07-13,2024-07-13,,,WHOUSE01,2024-08-12,091953
100,V2,8000000221,LD00,E,C00004,AG,5,1,144532,2024-06-27,2024-06-27,122008,,WHOUSE01,2024-07-27,123101
100,V2,8000000221,PACK,E,C00004,AG,1,1,102612,2024-06-27,2024-06-27,,,WHOUSE01,2024-07-27,123101
100,V2,8000000222,LD00,E,C00006,AG,5,1,122939,2024-04-19,2024-04-19,105929,,WHOUSE02,2024-05-19,153739
100,V2,8000000222,PACK,E,C00006,AG,1,1,155340,2024-04-19,2024-04-19,,,WHOUSE01,2024-05-19,153739
100,V2,8000000223,LD00,E,C00014,AG,6,0,101738,2024-06-13,2024-06-13,063113,,WHOUSE02,2024-07-13,091312
100,V2,8000000223,PACK,E,C00014,AG,1,1,115229,2024-06-13,2024-06-13,,,WHOUSE01,2024-07-13,091312
100,V2,8000000224,LD00,E,C00015,AG,1,1,082524,2024-06-09,2024-06-09,100030,,WHOUSE02,2024-07-09,070041
100,V2,8000000224,PACK,E,C00015,AG,1,1,103143,2024-06-09,2024-06-09,,,WHOUSE01,2024-07-09,070041
100,V2,8000000225,LD00,E,C00014,AG,5,1,161504,2024-05-20,2024-05-20,125010,,WHOUSE01,2024-06-19,094859
100,V2,8000000225,PACK,E,C00014,AG,1,1,091204,2024-05-20,2024-05-20,,,WHOUSE01,2024-06-19,094859
100,V2,8000000226,LD00,E,C00004,AG,1,0,144747,2024-08-27,2024-08-27,174425,,WHOUSE01,2024-09-26,103924
100,V2,8000000226,PACK,E,C00004,AG,1,1,115629,2024-08-27,2024-08-27,,,WHOUSE01,2024-09-26,103924
100,V2,8000000228,LD00,E,C00004,AG,5,1,174447,2024-02-11,2024-02-11,075533,,WHOUSE01,2024-03-12,121723
100,V2,8000000228,PACK,E,C00004,AG,1,1,133921,2024-02-11,2024-02-11,,,WHOUSE01,2024-03-12,121723
100,V2,8000000229,LD00,E,C00008,AG,1,1,071938,2024-09-14,2024-09-14,120923,,WHOUSE01,2024-10-14,135203
100,V2,8000000229,PACK,E,C00008,AG,1,1,104744,2024-09-14,2024-09-14,,,WHOUSE01,2024-10-14,135203
100,V2,8000000230,LD00,E,C00003,AG,1,1,151111,2024-09-03,2024-09-03,090307,,WHOUSE01,2024-10-03,121801
100,V2,8000000230,PACK,E,C00003,AG,1,1,144547,2024-09-03,2024-09-03,,,WHOUSE01,2024-10-03,121801
100,V2,8000000231,LD00,E,C00009,AG,5,1,174659,2024-09-30,2024-09-30,140834,,WHOUSE01,2024-10-30,123024
100,V2,8000000231,PACK,E,C00009,AG,1,1,163628,2024-09-30,2024-09-30,,,WHOUSE01,2024-10-30,123024
100,V2,8000000232,LD00,E,C00004,AG,6,0,095956,2024-07-29,2024-07-29,140507,,WHOUSE02,2024-08-28,121038
100,V2,8000000232,PACK,E,C00004,AG,1,1,160511,2024-07-29,2024-07-29,,,WHOUSE01,2024-08-28,121038
100,V2,8000000233,LD00,E,C00008,AG,6,1,144655,2024-09-20,2024-09-20,074436,,WHOUSE02,2024-10-20,104940
100,V2,8000000233,PACK,E,C00008,AG,1,1,085148,2024-09-20,2024-09-20,,,WHOUSE01,2024-10-20,104940
100,V2,8000000234,LD00,E,C00006,AG,6,1,101345,2024-02-15,2024-02-15,122227,,WHOUSE01,2024-03-16,080203
100,V2,8000000234,PACK,E,C00006,AG,1,1,132531,2024-02-15,2024-02-15,,,WHOUSE01,2024-03-16,080203
100,V2,8000000235,LD00,E,C00011,AG,1,1,132839,2024-08-15,2024-08-15,100622,,WHOUSE02,2024-09-14,091427
100,V2,8000000235,PACK,E,C00011,AG,1,1,122205,2024-08-15,2024-08-15,,,WHOUSE01,2024-09-14,091427
100,V2,8000000236,LD00,E,C00001,AG,6,1,135914,2024-09-18,2024-09-18,163824,,WHOUSE02,2024-10-18,075722
100,V2,8000000236,PACK,E,C00001,AG,1,1,094910,2024-09-18,2024-09-18,,,WHOUSE01,2024-10-18,075722
100,V2,8000000237,LD00,E,C00010,AG,5,1,170345,2024-03-05,2024-03-05,125355,,WHOUSE01,2024-04-04,101653
100,V2,8000000237,PACK,E,C00010,AG,1,1,165922,2024-03-05,2024-03-05,,,WHOUSE01,2024-04-04,101653
100,V2,8000000238,LD00,E,C00011,AG,5,1,075959,2024-02-18,2024-02-18,083709,,WHOUSE01,2024-03-19,095937
100,V2,8000000238,PACK,E,C00011,AG,1,1,171019,2024-02-18,2024-02-18,,,WHOUSE01,2024-03-19,095937
100,V2,8000000239,LD00,E,C00002,AG,5,1,112850,2024-08-31,2024-08-31,174803,,WHOUSE01,2024-09-30,072631
100,V2,8000000239,PACK,E,C00002,AG,1,1,090908,2024-08-31,2024-08-31,,,WHOUSE01,2024-09-30,072631
100,V2,8000000240,LD00,E,C00010,AG,1,1,095637,2024-05-10,2024-05-10,145144,,WHOUSE01,2024-06-09,102801
100,V2,8000000240,PACK,E,C00010,AG,1,1,162320,2024-05-10,2024-05-10,,,WHOUSE01,2024-06-09,102801
100,V2,8000000241,LD00,E,C00003,AG,1,0,065703,2024-10-10,2024-10-10,084825,,WHOUSE01,2024-11-09,095807
100,V2,8000000241,PACK,E,C00003,AG,1,1,083828,2024-10-10,2024-10-10,,,WHOUSE01,2024-11-09,095807
100,V2,8000000242,LD00,E,C00002,AG,1,1,061816,2024-06-25,2024-06-25,101342,,WHOUSE01,2024-07-25,123817
100,V2,8000000242,PACK,E,C00002,AG,1,1,090003,2024-06-25,2024-06-25,,,WHOUSE01,2024-07-25,123817
100,V2,8000000243,LD00,E,C00010,AG,1,1,120437,2024-08-31,2024-08-31,082146,,WHOUSE02,2024-09-30,074759
100,V2,8000000243,PACK,E,C00010,AG,1,1,124959,2024-08-31,2024-08-31,,,WHOUSE01,2024-09-30,074759
100,V2,8000000244,LD00,E,C00011,AG,6,1,120252,2024-01-23,2024-01-23,162654,,WHOUSE02,2024-02-22,145911
100,V2,8000000244,PACK,E,C00011,AG,1,1,162909,2024-01-23,2024-01-23,,,WHOUSE01,2024-02-22,145911
100,V2,8000000245,LD00,E,C00009,AG,5,1,063324,2024-06-03,2024-06-03,094536,,WHOUSE01,2024-07-03,114343
100,V2,8000000245,PACK,E,C00009,AG,1,1,061827,2024-06-03,2024-06-03,,,WHOUSE01,2024-07-03,114343
100,V2,8000000246,LD00,E,C00007,AG,2,0,150515,2024-09-03,2024-09-03,070830,,WHOUSE01,2024-10-03,061419
100,V2,8000000246,PACK,E,C00007,AG,1,1,101045,2024-09-03,2024-09-03,,,WHOUSE01,2024-10-03,061419
100,V2,8000000247,LD00,E,C00006,AG,5,1,063632,2024-08-13,2024-08-13,081823,,WHOUSE01,2024-09-12,135259
100,V2,8000000247,PACK,E,C00006,AG,1,1,115133,2024-08-13,2024-08-13,,,WHOUSE01,2024-09-12,135259
100,V2,8000000248,LD00,E,C00004,AG,6,1,122605,2024-09-14,2024-09-14,130118,,WHOUSE02,2024-10-14,122101
100,V2,8000000248,PACK,E,C00004,AG,1,1,175025,2024-09-14,2024-09-14,,,WHOUSE01,2024-10-14,122101
100,V2,8000000249,LD00,E,C00012,AG,2,1,083647,2024-07-18,2024-07-18,120222,,WHOUSE02,2024-08-17,094632
100,V2,8000000249,PACK,E,C00012,AG,1,1,160211,2024-07-18,2024-07-18,,,WHOUSE01,2024-08-17,094632
100,V2,8000000250,LD00,E,C00004,AG,5,1,065240,2024-09-17,2024-09-17,173213,,WHOUSE01,2024-10-17,094836
100,V2,8000000250,PACK,E,C00004,AG,1,1,071130,2024-09-17,2024-09-17,,,WHOUSE01,2024-10-17,094836
100,V2,8000000251,LD00,E,C00008,AG,6,1,125207,2024-05-15,2024-05-15,062335,,WHOUSE01,2024-06-14,125252
100,V2,8000000251,PACK,E,C00008,AG,1,1,092801,2024-05-15,2024-05-15,,,WHOUSE01,2024-06-14,125252
100,V2,8000000252,LD00,E,C00014,AG,1,1,171349,2024-07-25,2024-07-25,143420,,WHOUSE02,2024-08-24,063954
100,V2,8000000252,PACK,E,C00014,AG,1,1,090356,2024-07-25,2024-07-25,,,WHOUSE01,2024-08-24,063954
100,V2,8000000253,LD00,E,C00005,AG,5,1,085537,2024-06-15,2024-06-15,114451,,WHOUSE02,2024-07-15,111319
100,V2,8000000253,PACK,E,C00005,AG,1,1,154128,2024-06-15,2024-06-15,,,WHOUSE01,2024-07-15,111319
100,V2,8000000254,LD00,E,C00009,AG,5,2,105826,2024-10-15,2024-10-15,115418,,WHOUSE02,2024-11-14,070726
100,V2,8000000254,PACK,E,C00009,AG,1,1,114032,2024-10-15,2024-10-15,,,WHOUSE01,2024-11-14,070726
100,V2,8000000255,LD00,E,C00008,AG,5,1,174258,2024-06-20,2024-06-20,111334,,WHOUSE01,2024-07-20,065711
100,V2,8000000255,PACK,E,C00008,AG,1,1,122342,2024-06-20,2024-06-20,,,WHOUSE01,2024-07-20,065711
100,V2,8000000256,LD00,E,C00006,AG,1,1,171500,2024-04-18,2024-04-18,094859,,WHOUSE01,2024-05-18,162646
100,V2,8000000256,PACK,E,C00006,AG,1,1,070145,2024-04-18,2024-04-18,,,WHOUSE01,2024-05-18,162646
100,V2,8000000257,LD00,E,C00005,AG,5,1,084021,2024-03-10,2024-03-10,130604,,WHOUSE01,2024-04-09,151449
100,V2,8000000257,PACK,E,C00005,AG,1,1,175911,2024-03-10,2024-03-10,,,WHOUSE01,2024-04-09,151449
100,V2,8000000258,LD00,E,C00002,AG,5,0,110611,2024-04-03,2024-04-03,164125,,WHOUSE02,2024-05-03,171245
100,V2,8000000258,PACK,E,C00002,AG,1,1,121034,2024-04-03,2024-04-03,,,WHOUSE01,2024-05-03,171245
100,V2,8000000259,LD00,E,C00006,AG,6,1,175329,2024-06-17,2024-06-17,090445,,WHOUSE01,2024-07-17,084351
100,V2,8000000259,PACK,E,C00006,AG,1,1,132427,2024-06-17,2024-06-17,,,WHOUSE01,2024-07-17,084351
100,V2,8000000260,LD00,E,C00011,AG,1,1,175452,2024-06-29,2024-06-29,165540,,WHOUSE02,2024-07-29,064255
100,V2,8000000260,PACK,E,C00011,AG,1,1,070007,2024-06-29,2024-06-29,,,WHOUSE01,2024-07-29,064255
100,V2,8000000261,LD00,E,C00004,AG,5,1,094803,2024-08-16,2024-08-16,071111,,WHOUSE01,2024-09-15,072427
100,V2,8000000261,PACK,E,C00004,AG,1,1,165129,2024-08-16,2024-08-16,,,WHOUSE01,2024-09-15,072427
100,V2,8000000262,LD00,E,C00001,AG,6,1,081719,2024-09-29,2024-09-29,120145,,WHOUSE02,2024-10-29,093339
100,V2,8000000262,PACK,E,C00001,AG,1,1,102227,2024-09-29,2024-09-29,,,WHOUSE01,2024-10-29,093339
100,V2,8000000263,LD00,E,C00003,AG,6,1,150426,2024-09-25,2024-09-25,064536,,WHOUSE02,2024-10-25,104140
100,V2,8000000263,PACK,E,C00003,AG,1,1,121153,2024-09-25,2024-09-25,,,WHOUSE01,2024-10-25,104140
100,V2,8000000264,LD00,E,C00013,AG,1,1,131338,2024-05-15,2024-05-15,094729,,WHOUSE02,2024-06-14,150022
100,V2,8000000264,PACK,E,C00013,AG,1,1,084444,2024-05-15,2024-05-15,,,WHOUSE01,2024-06-14,150022
100,V2,8000000265,LD00,E,C00013,AG,5,1,083354,2024-05-07,2024-05-07,102709,,WHOUSE01,2024-06-06,084814
100,V2,8000000265,PACK,E,C00013,AG,1,1,062346,2024-05-07,2024-05-07,,,WHOUSE01,2024-06-06,084814
100,V2,8000000266,LD00,E,C00015,AG,1,1,061623,2024-08-23,2024-08-23,165440,,WHOUSE01,2024-09-22,113717
100,V2,8000000266,PACK,E,C00015,AG,1,1,085756,2024-08-23,2024-08-23,,,WHOUSE01,2024-09-22,113717
100,V2,8000000267,LD00,E,C00010,AG,1,1,065733,2024-09-19,2024-09-19,080045,,WHOUSE02,2024-10-19,175726
100,V2,8000000267,PACK,E,C00010,AG,1,1,125807,2024-09-19,2024-09-19,,,WHOUSE01,2024-10-19,175726
100,V2,8000000268,LD00,E,C00015,AG,6,1,144055,2024-05-03,2024-05-03,082835,,WHOUSE01,2024-06-02,172839
100,V2,8000000268,PACK,E,C00015,AG,1,1,164614,2024-05-03,2024-05-03,,,WHOUSE01,2024-06-02,172839
100,V2,8000000269,LD00,E,C00002,AG,1,1,073654,2024-02-05,2024-02-05,172512,,WHOUSE02,2024-03-06,165359
100,V2,8000000269,PACK,E,C00002,AG,1,1,085525,2024-02-05,2024-02-05,,,WHOUSE01,2024-03-06,165359
100,V2,8000000270,LD00,E,C00008,AG,6,1,145344,2024-07-16,2024-07-16,114614,,WHOUSE02,2024-08-15,091308
100,V2,8000000270,PACK,E,C00008,AG,1,1,103339,2024-07-16,2024-07-16,,,WHOUSE01,2024-08-15,091308
100,V2,8000000271,LD00,E,C00002,AG,1,1,132305,2024-06-04,2024-06-04,082320,,WHOUSE02,2024-07-04,114421
100,V2,8000000271,PACK,E,C00002,AG,1,1,124721,2024-06-04,2024-06-04,,,WHOUSE01,2024-07-04,114421
100,V2,8000000272,LD00,E,C00002,AG,1,1,114647,2024-08-03,2024-08-03,062305,,WHOUSE01,2024-09-02,114814
100,V2,8000000272,PACK,E,C00002,AG,1,1,110637,2024-08-03,2024-08-03,,,WHOUSE01,2024-09-02,114814
100,V2,8000000274,LD00,E,C00007,AG,1,1,133713,2024-07-26,2024-07-26,122105,,WHOUSE01,2024-08-25,134903
100,V2,8000000274,PACK,E,C00007,AG,1,1,084102,2024-07-26,2024-07-26,,,WHOUSE01,2024-08-25,134903
100,V2,8000000275,LD00,E,C00014,AG,5,0,171727,2024-04-18,2024-04-18,132035,,WHOUSE01,2024-05-18,163843
100,V2,8000000275,PACK,E,C00014,AG,1,1,060348,2024-04-18,2024-04-18,,,WHOUSE01,2024-05-18,163843
100,V2,8000000276,LD00,E,C00010,AG,1,1,082950,2024-05-19,2024-05-19,130756,,WHOUSE02,2024-06-18,132657
100,V2,8000000276,PACK,E,C00010,AG,1,1,135148,2024-05-19,2024-05-19,,,WHOUSE01,2024-06-18,132657
100,V2,8000000277,LD00,E,C00003,AG,5,1,090056,2024-02-02,2024-02-02,103339,,WHOUSE02,2024-03-03,140730
100,V2,8000000277,PACK,E,C00003,AG,1,1,123417,2024-02-02,2024-02-02,,,WHOUSE01,2024-03-03,140730
100,V2,8000000278,LD00,E,C00007,AG,5,1,164632,2024-03-21,2024-03-21,131312,,WHOUSE02,2024-04-20,073943
100,V2,8000000278,PACK,E,C00007,AG,1,1,060330,2024-03-21,2024-03-21,,,WHOUSE01,2024-04-20,073943
100,V2,8000000279,LD00,E,C00005,AG,5,1,110404,2024-03-10,2024-03-10,141738,,WHOUSE01,2024-04-09,110156
100,V2,8000000279,PACK,E,C00005,AG,1,1,064213,2024-03-10,2024-03-10,,,WHOUSE01,2024-04-09,110156
100,V2,8000000280,LD00,E,C00006,AG,5,1,082227,2024-03-02,2024-03-02,090904,,WHOUSE02,2024-04-01,060237
100,V2,8000000280,PACK,E,C00006,AG,1,1,120311,2024-03-02,2024-03-02,,,WHOUSE01,2024-04-01,060237
100,V2,8000000281,LD00,E,C00013,AG,2,1,132843,2024-04-29,2024-04-29,090048,,WHOUSE01,2024-05-29,152601
100,V2,8000000281,PACK,E,C00013,AG,1,1,165118,2024-04-29,2024-04-29,,,WHOUSE01,2024-05-29,152601
100,V2,8000000282,LD00,E,C00013,AG,5,2,175233,2024-07-27,2024-07-27,134629,,WHOUSE01,2024-08-26,173821
100,V2,8000000282,PACK,E,C00013,AG,1,1,172116,2024-07-27,2024-07-27,,,WHOUSE01,2024-08-26,173821
100,V2,8000000283,LD00,E,C00004,AG,1,1,135459,2024-08-15,2024-08-15,081653,,WHOUSE02,2024-09-14,092108
100,V2,8000000283,PACK,E,C00004,AG,1,1,141827,2024-08-15,2024-08-15,,,WHOUSE01,2024-09-14,092108
100,V2,8000000284,LD00,E,C00013,AG,5,1,092824,2024-03-12,2024-03-12,143254,,WHOUSE01,2024-04-11,065614
100,V2,8000000284,PACK,E,C00013,AG,1,1,113947,2024-03-12,2024-03-12,,,WHOUSE01,2024-04-11,065614
100,V2,8000000285,LD00,E,C00004,AG,5,1,111723,2024-07-26,2024-07-26,124502,,WHOUSE02,2024-08-25,082446
100,V2,8000000285,PACK,E,C00004,AG,1,1,132257,2024-07-26,2024-07-26,,,WHOUSE01,2024-08-25,082446
100,V2,8000000286,LD00,E,C00002,AG,2,1,114429,2024-03-05,2024-03-05,154936,,WHOUSE01,2024-04-04,100430
100,V2,8000000286,PACK,E,C00002,AG,1,1,073632,2024-03-05,2024-03-05,,,WHOUSE01,2024-04-04,100430
100,V2,8000000287,LD00,E,C00007,AG,6,1,140537,2024-03-02,2024-03-02,132527,,WHOUSE01,2024-04-01,171949
100,V2,8000000287,PACK,E,C00007,AG,1,1,065626,2024-03-02,2024-03-02,,,WHOUSE01,2024-04-01,171949
100,V2,8000000288,LD00,E,C00006,AG,5,1,113220,2024-10-06,2024-10-06,123747,,WHOUSE02,2024-11-05,064402
100,V2,8000000288,PACK,E,C00006,AG,1,1,101008,2024-10-06,2024-10-06,,,WHOUSE01,2024-11-05,064402
100,V2,8000000289,LD00,E,C00003,AG,1,1,144202,2024-02-28,2024-02-28,121253,,WHOUSE01,2024-03-29,085440
100,V2,8000000289,PACK,E,C00003,AG,1,1,085210,2024-02-28,2024-02-28,,,WHOUSE01,2024-03-29,085440
100,V2,8000000290,LD00,E,C00011,AG,6,1,062731,2024-06-03,2024-06-03,133120,,WHOUSE02,2024-07-03,114255
100,V2,8000000290,PACK,E,C00011,AG,1,1,135518,2024-06-03,2024-06-03,,,WHOUSE01,2024-07-03,114255
100,V2,8000000291,LD00,E,C00005,AG,1,1,094959,2024-06-20,2024-06-20,105444,,WHOUSE02,2024-07-20,170811
100,V2,8000000291,PACK,E,C00005,AG,1,1,150256,2024-06-20,2024-06-20,,,WHOUSE01,2024-07-20,170811
100,V2,8000000292,LD00,E,C00014,AG,1,1,124340,2024-08-16,2024-08-16,170549,,WHOUSE01,2024-09-15,072835
100,V2,8000000292,PACK,E,C00014,AG,1,1,160137,2024-08-16,2024-08-16,,,WHOUSE01,2024-09-15,072835
100,V2,8000000293,LD00,E,C00013,AG,5,1,150949,2024-01-25,2024-01-25,083109,,WHOUSE01,2024-02-24,061515
100,V2,8000000293,PACK,E,C00013,AG,1,1,110419,2024-01-25,2024-01-25,,,WHOUSE01,2024-02-24,061515
100,V2,8000000294,LD00,E,C00012,AG,5,1,072739,2024-06-13,2024-06-13,093924,,WHOUSE02,2024-07-13,135937
100,V2,8000000294,PACK,E,C00012,AG,1,1,063532,2024-06-13,2024-06-13,,,WHOUSE01,2024-07-13,135937
100,V2,8000000295,LD00,E,C00015,AG,5,1,120137,2024-03-25,2024-03-25,065136,,WHOUSE02,2024-04-24,082108
100,V2,8000000295,PACK,E,C00015,AG,1,1,071204,2024-03-25,2024-03-25,,,WHOUSE01,2024-04-24,082108
100,V2,8000000296,LD00,E,C00012,AG,5,1,124151,2024-05-07,2024-05-07,160326,,WHOUSE02,2024-06-06,141353
100,V2,8000000296,PACK,E,C00012,AG,1,1,103654,2024-05-07,2024-05-07,,,WHOUSE01,2024-06-06,141353
100,V2,8000000297,LD00,E,C00006,AG,5,1,063358,2024-10-19,2024-10-19,102709,,WHOUSE01,2024-11-18,173354
100,V2,8000000297,PACK,E,C00006,AG,1,1,131049,2024-10-19,2024-10-19,,,WHOUSE01,2024-11-18,173354
100,V2,8000000298,LD00,E,C00010,AG,5,1,112520,2024-02-01,2024-02-01,081904,,WHOUSE01,2024-03-02,144929
100,V2,8000000298,PACK,E,C00010,AG,1,1,150830,2024-02-01,2024-02-01,,,WHOUSE01,2024-03-02,144929
100,V2,8000000299,LD00,E,C00005,AG,1,1,171400,2024-09-28,2024-09-28,145051,,WHOUSE01,2024-10-28,163539
100,V2,8000000299,PACK,E,C00005,AG,1,1,155544,2024-09-28,2024-09-28,,,WHOUSE01,2024-10-28,163539
100,V2,8000000300,LD00,E,C00003,AG,2,1,104121,2024-08-19,2024-08-19,103420,,WHOUSE01,2024-09-18,071623
100,V2,8000000300,PACK,E,C00003,AG,1,1,153921,2024-08-19,2024-08-19,,,WHOUSE01,2024-09-18,071623
100,V2,8000000301,LD00,E,C00005,AG,5,1,103721,2024-08-05,2024-08-05,083046,,WHOUSE02,2024-09-04,060145
100,V2,8000000301,PACK,E,C00005,AG,1,1,080352,2024-08-05,2024-08-05,,,WHOUSE01,2024-09-04,060145
100,V2,8000000302,LD00,E,C00008,AG,5,1,145956,2024-04-09,2024-04-09,162357,,WHOUSE02,2024-05-09,091927
100,V2,8000000302,PACK,E,C00008,AG,1,1,154006,2024-04-09,2024-04-09,,,WHOUSE01,2024-05-09,091927
100,V2,8000000303,LD00,E,C00011,AG,1,1,141119,2024-03-12,2024-03-12,175014,,WHOUSE02,2024-04-11,081949
100,V2,8000000303,PACK,E,C00011,AG,1,1,130741,2024-03-12,2024-03-12,,,WHOUSE01,2024-04-11,081949
100,V2,8000000304,LD00,E,C00007,AG,5,1,163713,2024-06-10,2024-06-10,162742,,WHOUSE02,2024-07-10,114840
100,V2,8000000304,PACK,E,C00007,AG,1,1,124210,2024-06-10,2024-06-10,,,WHOUSE01,2024-07-10,114840
100,V2,8000000305,LD00,E,C00006,AG,5,1,102943,2024-10-11,2024-10-11,155029,,WHOUSE01,2024-11-10,094636
100,V2,8000000305,PACK,E,C00006,AG,1,1,124821,2024-10-11,2024-10-11,,,WHOUSE01,2024-11-10,094636
100,V2,8000000306,LD00,E,C00005,AG,5,1,165329,2024-04-30,2024-04-30,161916,,WHOUSE01,2024-05-30,114929
100,V2,8000000306,PACK,E,C00005,AG,1,1,164317,2024-04-30,2024-04-30,,,WHOUSE01,2024-05-30,114929
100,V2,8000000307,LD00,E,C00009,AG,5,1,114810,2024-05-04,2024-05-04,084829,,WHOUSE02,2024-06-03,161757
100,V2,8000000307,PACK,E,C00009,AG,1,1,095014,2024-05-04,2024-05-04,,,WHOUSE01,2024-06-03,161757
100,V2,8000000308,LD00,E,C00010,AG,6,1,061134,2024-06-08,2024-06-08,070945,,WHOUSE01,2024-07-08,143843
100,V2,8000000308,PACK,E,C00010,AG,1,1,103158,2024-06-08,2024-06-08,,,WHOUSE01,2024-07-08,143843
100,V2,8000000309,LD00,E,C00013,AG,1,1,142928,2024-09-23,2024-09-23,070300,,WHOUSE01,2024-10-23,131323
100,V2,8000000309,PACK,E,C00013,AG,1,1,161601,2024-09-23,2024-09-23,,,WHOUSE01,2024-10-23,131323
100,V2,8000000310,LD00,E,C00012,AG,6,1,114840,2024-05-09,2024-05-09,122605,,WHOUSE01,2024-06-08,110449
100,V2,8000000310,PACK,E,C00012,AG,1,1,121634,2024-05-09,2024-05-09,,,WHOUSE01,2024-06-08,110449
100,V2,8000000311,LD00,E,C00001,AG,1,1,070845,2024-09-09,2024-09-09,110804,,WHOUSE01,2024-10-09,153958
100,V2,8000000311,PACK,E,C00001,AG,1,1,071538,2024-09-09,2024-09-09,,,WHOUSE01,2024-10-09,153958
100,V2,8000000312,LD00,E,C00007,AG,1,0,162620,2024-05-14,2024-05-14,091315,,WHOUSE02,2024-06-13,061038
100,V2,8000000312,PACK,E,C00007,AG,1,1,085518,2024-05-14,2024-05-14,,,WHOUSE01,2024-06-13,061038
100,V2,8000000313,LD00,E,C00013,AG,5,2,065852,2024-08-13,2024-08-13,112939,,WHOUSE01,2024-09-12,084325
100,V2,8000000313,PACK,E,C00013,AG,1,1,152238,2024-08-13,2024-08-13,,,WHOUSE01,2024-09-12,084325
100,V2,8000000314,LD00,E,C00013,AG,2,1,062720,2024-04-05,2024-04-05,094855,,WHOUSE01,2024-05-05,145325
100,V2,8000000314,PACK,E,C00013,AG,1,1,132223,2024-04-05,2024-04-05,,,WHOUSE01,2024-05-05,145325
100,V2,8000000315,LD00,E,C00004,AG,5,1,171123,2024-02-03,2024-02-03,132046,,WHOUSE01,2024-03-04,164702
100,V2,8000000315,PACK,E,C00004,AG,1,1,171415,2024-02-03,2024-02-03,,,WHOUSE01,2024-03-04,164702
100,V2,8000000316,LD00,E,C00003,AG,1,1,120730,2024-05-21,2024-05-21,145352,,WHOUSE01,2024-06-20,084206
100,V2,8000000316,PACK,E,C00003,AG,1,1,154102,2024-05-21,2024-05-21,,,WHOUSE01,2024-06-20,084206
100,V2,8000000317,LD00,E,C00002,AG,5,1,122020,2024-04-02,2024-04-02,060600,,WHOUSE01,2024-05-02,073943
100,V2,8000000317,PACK,E,C00002,AG,1,1,071957,2024-04-02,2024-04-02,,,WHOUSE01,2024-05-02,073943
100,V2,8000000318,LD00,E,C00004,AG,1,1,161230,2024-10-02,2024-10-02,134021,,WHOUSE02,2024-11-01,084855
100,V2,8000000318,PACK,E,C00004,AG,1,1,074814,2024-10-02,2024-10-02,,,WHOUSE01,2024-11-01,084855
100,V2,8000000319,LD00,E,C00014,AG,1,1,162301,2024-10-03,2024-10-03,150537,,WHOUSE02,2024-11-02,132338
100,V2,8000000319,PACK,E,C00014,AG,1,1,145159,2024-10-03,2024-10-03,,,WHOUSE01,2024-11-02,132338
100,V2,8000000320,LD00,E,C00004,AG,1,1,090838,2024-09-26,2024-09-26,060504,,WHOUSE01,2024-10-26,134844
100,V2,8000000320,PACK,E,C00004,AG,1,1,123658,2024-09-26,2024-09-26,,,WHOUSE01,2024-10-26,134844
100,V2,8000000321,LD00,E,C00005,AG,2,2,121004,2024-08-20,2024-08-20,091927,,WHOUSE01,2024-09-19,134358
100,V2,8000000321,PACK,E,C00005,AG,1,1,142954,2024-08-20,2024-08-20,,,WHOUSE01,2024-09-19,134358
100,V2,8000000322,LD00,E,C00002,AG,5,1,155641,2024-06-23,2024-06-23,113724,,WHOUSE01,2024-07-23,155407
100,V2,8000000322,PACK,E,C00002,AG,1,1,153335,2024-06-23,2024-06-23,,,WHOUSE01,2024-07-23,155407
100,V2,8000000323,LD00,E,C00011,AG,5,1,113250,2024-07-01,2024-07-01,171519,,WHOUSE01,2024-07-31,064425
100,V2,8000000323,PACK,E,C00011,AG,1,1,113305,2024-07-01,2024-07-01,,,WHOUSE01,2024-07-31,064425
100,V2,8000000324,LD00,E,C00013,AG,6,1,170003,2024-02-19,2024-02-19,152905,,WHOUSE02,2024-03-20,112053
100,V2,8000000324,PACK,E,C00013,AG,1,1,102238,2024-02-19,2024-02-19,,,WHOUSE01,2024-03-20,112053
100,V2,8000000325,LD00,E,C00010,AG,5,1,103458,2024-05-09,2024-05-09,093120,,WHOUSE02,2024-06-08,153847
100,V2,8000000325,PACK,E,C00010,AG,1,1,142031,2024-05-09,2024-05-09,,,WHOUSE01,2024-06-08,153847
100,V2,8000000326,LD00,E,C00009,AG,6,1,174732,2024-08-24,2024-08-24,120419,,WHOUSE02,2024-09-23,130307
100,V2,8000000326,PACK,E,C00009,AG,1,1,075329,2024-08-24,2024-08-24,,,WHOUSE01,2024-09-23,130307
100,V2,8000000327,LD00,E,C00004,AG,5,1,172642,2024-06-01,2024-06-01,140341,,WHOUSE01,2024-07-01,080330
100,V2,8000000327,PACK,E,C00004,AG,1,1,091804,2024-06-01,2024-06-01,,,WHOUSE01,2024-07-01,080330
100,V2,8000000328,LD00,E,C00012,AG,6,0,162843,2024-03-18,2024-03-18,062446,,WHOUSE02,2024-04-17,094806
100,V2,8000000328,PACK,E,C00012,AG,1,1,085748,2024-03-18,2024-03-18,,,WHOUSE01,2024-04-17,094806
100,V2,8000000329,LD00,E,C00013,AG,1,1,121949,2024-06-03,2024-06-03,094736,,WHOUSE01,2024-07-03,084732
100,V2,8000000329,PACK,E,C00013,AG,1,1,104206,2024-06-03,2024-06-03,,,WHOUSE01,2024-07-03,084732
100,V2,8000000330,LD00,E,C00011,AG,6,1,075811,2024-10-05,2024-10-05,151445,,WHOUSE01,2024-11-04,091808
100,V2,8000000330,PACK,E,C00011,AG,1,1,073802,2024-10-05,2024-10-05,,,WHOUSE01,2024-11-04,091808
100,V2,8000000331,LD00,E,C00007,AG,5,1,130203,2024-05-10,2024-05-10,080415,,WHOUSE01,2024-06-09,081631
100,V2,8000000331,PACK,E,C00007,AG,1,1,071338,2024-05-10,2024-05-10,,,WHOUSE01,2024-06-09,081631
100,V2,8000000332,LD00,E,C00013,AG,5,1,114113,2024-03-29,2024-03-29,145337,,WHOUSE01,2024-04-28,095218
100,V2,8000000332,PACK,E,C00013,AG,1,1,083313,2024-03-29,2024-03-29,,,WHOUSE01,2024-04-28,095218
100,V2,8000000333,LD00,E,C00012,AG,1,1,164440,2024-08-16,2024-08-16,083013,,WHOUSE02,2024-09-15,105841
100,V2,8000000333,PACK,E,C00012,AG,1,1,164859,2024-08-16,2024-08-16,,,WHOUSE01,2024-09-15,105841
100,V2,8000000336,LD00,E,C00003,AG,6,1,074406,2024-02-19,2024-02-19,075741,,WHOUSE01,2024-03-20,103354
100,V2,8000000336,PACK,E,C00003,AG,1,1,140707,2024-02-19,2024-02-19,,,WHOUSE01,2024-03-20,103354
100,V2,8000000337,LD00,E,C00010,AG,5,1,130126,2024-04-05,2024-04-05,081104,,WHOUSE02,2024-05-05,075822
100,V2,8000000337,PACK,E,C00010,AG,1,1,100145,2024-04-05,2024-04-05,,,WHOUSE01,2024-05-05,075822
100,V2,8000000338,LD00,E,C00002,AG,6,1,144755,2024-07-18,2024-07-18,120326,,WHOUSE01,2024-08-17,080726
100,V2,8000000338,PACK,E,C00002,AG,1,1,070303,2024-07-18,2024-07-18,,,WHOUSE01,2024-08-17,080726
100,V2,8000000339,LD00,E,C00007,AG,6,1,152008,2024-10-04,2024-10-04,064906,,WHOUSE02,2024-11-03,062931
100,V2,8000000339,PACK,E,C00007,AG,1,1,103116,2024-10-04,2024-10-04,,,WHOUSE01,2024-11-03,062931
100,V2,8000000340,LD00,E,C00006,AG,6,1,061134,2024-04-24,2024-04-24,094140,,WHOUSE02,2024-05-24,072557
100,V2,8000000340,PACK,E,C00006,AG,1,1,070137,2024-04-24,2024-04-24,,,WHOUSE01,2024-05-24,072557
100,V2,8000000341,LD00,E,C00012,AG,1,1,162301,2024-03-29,2024-03-29,120100,,WHOUSE02,2024-04-28,162724
100,V2,8000000341,PACK,E,C00012,AG,1,1,105748,2024-03-29,2024-03-29,,,WHOUSE01,2024-04-28,162724
100,V2,8000000342,LD00,E,C00002,AG,5,1,065425,2024-05-24,2024-05-24,131353,,WHOUSE02,2024-06-23,140545
100,V2,8000000342,PACK,E,C00002,AG,1,1,063643,2024-05-24,2024-05-24,,,WHOUSE01,2024-06-23,140545
100,V2,8000000343,LD00,E,C00010,AG,1,1,124321,2024-01-25,2024-01-25,110430,,WHOUSE01,2024-02-24,153247
100,V2,8000000343,PACK,E,C00010,AG,1,1,114814,2024-01-25,2024-01-25,,,WHOUSE01,2024-02-24,153247
100,V2,8000000344,LD00,E,C00012,AG,5,0,130552,2024-03-03,2024-03-03,093443,,WHOUSE01,2024-04-02,070611
100,V2,8000000344,PACK,E,C00012,AG,1,1,162924,2024-03-03,2024-03-03,,,WHOUSE01,2024-04-02,070611
100,V2,8000000345,LD00,E,C00008,AG,1,1,143532,2024-03-20,2024-03-20,075510,,WHOUSE01,2024-04-19,140256
100,V2,8000000345,PACK,E,C00008,AG,1,1,155329,2024-03-20,2024-03-20,,,WHOUSE01,2024-04-19,140256
100,V2,8000000346,LD00,E,C00010,AG,5,1,090203,2024-07-30,2024-07-30,114247,,WHOUSE01,2024-08-29,084243
100,V2,8000000346,PACK,E,C00010,AG,1,1,080704,2024-07-30,2024-07-30,,,WHOUSE01,2024-08-29,084243
100,V2,8000000347,LD00,E,C00002,AG,5,1,171512,2024-04-09,2024-04-09,065744,,WHOUSE02,2024-05-09,132227
100,V2,8000000347,PACK,E,C00002,AG,1,1,114410,2024-04-09,2024-04-09,,,WHOUSE01,2024-05-09,132227
100,V2,8000000348,LD00,E,C00008,AG,5,1,134659,2024-05-26,2024-05-26,070607,,WHOUSE01,2024-06-25,153550
100,V2,8000000348,PACK,E,C00008,AG,1,1,101753,2024-05-26,2024-05-26,,,WHOUSE01,2024-06-25,153550
100,V2,8000000349,LD00,E,C00008,AG,6,1,111438,2024-06-07,2024-06-07,121227,,WHOUSE01,2024-07-07,063802
100,V2,8000000349,PACK,E,C00008,AG,1,1,075752,2024-06-07,2024-06-07,,,WHOUSE01,2024-07-07,063802
100,V2,8000000350,LD00,E,C00015,AG,6,1,142342,2024-07-07,2024-07-07,172035,,WHOUSE02,2024-08-06,153005
100,V2,8000000350,PACK,E,C00015,AG,1,1,133413,2024-07-07,2024-07-07,,,WHOUSE01,2024-08-06,153005
100,V2,8000000351,LD00,E,C00013,AG,5,1,111500,2024-06-04,2024-06-04,115507,,WHOUSE02,2024-07-04,065248
100,V2,8000000351,PACK,E,C00013,AG,1,1,140245,2024-06-04,2024-06-04,,,WHOUSE01,2024-07-04,065248
100,V2,8000000352,LD00,E,C00013,AG,6,1,104429,2024-03-04,2024-03-04,164402,,WHOUSE02,2024-04-03,090634
100,V2,8000000352,PACK,E,C00013,AG,1,1,162920,2024-03-04,2024-03-04,,,WHOUSE01,2024-04-03,090634
100,V2,8000000353,LD00,E,C00006,AG,5,1,123621,2024-05-03,2024-05-03,171838,,WHOUSE02,2024-06-02,154755
100,V2,8000000353,PACK,E,C00006,AG,1,1,120256,2024-05-03,2024-05-03,,,WHOUSE01,2024-06-02,154755
100,V2,8000000354,LD00,E,C00003,AG,1,1,072454,2024-09-09,2024-09-09,153535,,WHOUSE01,2024-10-09,100152
100,V2,8000000354,PACK,E,C00003,AG,1,1,132824,2024-09-09,2024-09-09,,,WHOUSE01,2024-10-09,100152
100,V2,8000000355,LD00,E,C00004,AG,5,1,075656,2024-05-23,2024-05-23,075159,,WHOUSE02,2024-06-22,135848
100,V2,8000000355,PACK,E,C00004,AG,1,1,113305,2024-05-23,2024-05-23,,,WHOUSE01,2024-06-22,135848
100,V2,8000000356,LD00,E,C00014,AG,1,1,091038,2024-08-20,2024-08-20,070445,,WHOUSE02,2024-09-19,105622
100,V2,8000000356,PACK,E,C00014,AG,1,1,165744,2024-08-20,2024-08-20,,,WHOUSE01,2024-09-19,105622
100,V2,8000000357,LD00,E,C00012,AG,1,1,065207,2024-09-09,2024-09-09,125907,,WHOUSE01,2024-10-09,060118
100,V2,8000000357,PACK,E,C00012,AG,1,1,164313,2024-09-09,2024-09-09,,,WHOUSE01,2024-10-09,060118
100,V2,8000000358,LD00,E,C00009,AG,1,1,160856,2024-10-19,2024-10-19,073558,,WHOUSE02,2024-11-18,143250
100,V2,8000000358,PACK,E,C00009,AG,1,1,135829,2024-10-19,2024-10-19,,,WHOUSE01,2024-11-18,143250
100,V2,8000000359,LD00,E,C00012,AG,5,2,064859,2024-08-31,2024-08-31,140303,,WHOUSE02,2024-09-30,115348
100,V2,8000000359,PACK,E,C00012,AG,1,1,082627,2024-08-31,2024-08-31,,,WHOUSE01,2024-09-30,115348
100,V2,8000000360,LD00,E,C00015,AG,5,1,070037,2024-01-31,2024-01-31,092424,,WHOUSE02,2024-03-01,161434
100,V2,8000000360,PACK,E,C00015,AG,1,1,135548,2024-01-31,2024-01-31,,,WHOUSE01,2024-03-01,161434
100,V2,8000000361,LD00,E,C00013,AG,1,1,065110,2024-07-01,2024-07-01,084814,,WHOUSE02,2024-07-31,115325
100,V2,8000000361,PACK,E,C00013,AG,1,1,103243,2024-07-01,2024-07-01,,,WHOUSE01,2024-07-31,115325
100,V2,8000000362,LD00,E,C00010,AG,1,1,063924,2024-01-20,2024-01-20,153347,,WHOUSE01,2024-02-19,173854
100,V2,8000000362,PACK,E,C00010,AG,1,1,131449,2024-01-20,2024-01-20,,,WHOUSE01,2024-02-19,173854
100,V2,8000000363,LD00,E,C00009,AG,6,1,174158,2024-04-17,2024-04-17,174151,,WHOUSE02,2024-05-17,094310
100,V2,8000000363,PACK,E,C00009,AG,1,1,142646,2024-04-17,2024-04-17,,,WHOUSE01,2024-05-17,094310
100,V2,8000000364,LD00,E,C00007,AG,1,1,074559,2024-09-14,2024-09-14,141553,,WHOUSE01,2024-10-14,135703
100,V2,8000000364,PACK,E,C00007,AG,1,1,171723,2024-09-14,2024-09-14,,,WHOUSE01,2024-10-14,135703
100,V2,8000000365,LD00,E,C00002,AG,1,1,170437,2024-09-02,2024-09-02,143035,,WHOUSE01,2024-10-02,175151
100,V2,8000000365,PACK,E,C00002,AG,1,1,131212,2024-09-02,2024-09-02,,,WHOUSE01,2024-10-02,175151
100,V2,8000000366,LD00,E,C00002,AG,1,0,130700,2024-05-27,2024-05-27,150200,,WHOUSE01,2024-06-26,090745
100,V2,8000000366,PACK,E,C00002,AG,1,1,165459,2024-05-27,2024-05-27,,,WHOUSE01,2024-06-26,090745
100,V2,8000000367,LD00,E,C00005,AG,1,1,110711,2024-06-24,2024-06-24,110452,,WHOUSE01,2024-07-24,071200
100,V2,8000000367,PACK,E,C00005,AG,1,1,134002,2024-06-24,2024-06-24,,,WHOUSE01,2024-07-24,071200
100,V2,8000000370,LD00,E,C00004,AG,5,1,090400,2024-10-17,2024-10-17,132516,,WHOUSE01,2024-11-16,084651
100,V2,8000000370,PACK,E,C00004,AG,1,1,114447,2024-10-17,2024-10-17,,,WHOUSE01,2024-11-16,084651
100,V2,8000000371,LD00,E,C00002,AG,5,1,082457,2024-05-11,2024-05-11,100330,,WHOUSE01,2024-06-10,151430
100,V2,8000000371,PACK,E,C00002,AG,1,1,162327,2024-05-11,2024-05-11,,,WHOUSE01,2024-06-10,151430
100,V2,8000000372,LD00,E,C00003,AG,6,1,151723,2024-07-25,2024-07-25,115659,,WHOUSE02,2024-08-24,112138
100,V2,8000000372,PACK,E,C00003,AG,1,1,071827,2024-07-25,2024-07-25,,,WHOUSE01,2024-08-24,112138
100,V2,8000000373,LD00,E,C00004,AG,1,1,172320,2024-06-09,2024-06-09,102005,,WHOUSE02,2024-07-09,120953
100,V2,8000000373,PACK,E,C00004,AG,1,1,104213,2024-06-09,2024-06-09,,,WHOUSE01,2024-07-09,120953
100,V2,8000000374,LD00,E,C00012,AG,2,0,102308,2024-08-09,2024-08-09,110048,,WHOUSE01,2024-09-08,155959
100,V2,8000000374,PACK,E,C00012,AG,1,1,092705,2024-08-09,2024-08-09,,,WHOUSE01,2024-09-08,155959
100,V2,8000000375,LD00,E,C00003,AG,1,1,165140,2024-03-05,2024-03-05,121719,,WHOUSE02,2024-04-04,155048
100,V2,8000000375,PACK,E,C00003,AG,1,1,110652,2024-03-05,2024-03-05,,,WHOUSE01,2024-04-04,155048
100,V2,8000000376,LD00,E,C00003,AG,1,1,145903,2024-02-19,2024-02-19,110145,,WHOUSE02,2024-03-20,062116
100,V2,8000000376,PACK,E,C00003,AG,1,1,101508,2024-02-19,2024-02-19,,,WHOUSE01,2024-03-20,062116
100,V2,8000000377,LD00,E,C00013,AG,1,1,122305,2024-07-14,2024-07-14,111853,,WHOUSE02,2024-08-13,061512
100,V2,8000000377,PACK,E,C00013,AG,1,1,094251,2024-07-14,2024-07-14,,,WHOUSE01,2024-08-13,061512
100,V2,8000000378,LD00,E,C00006,AG,6,1,145437,2024-04-17,2024-04-17,110011,,WHOUSE02,2024-05-17,142042
100,V2,8000000378,PACK,E,C00006,AG,1,1,095829,2024-04-17,2024-04-17,,,WHOUSE01,2024-05-17,142042
100,V2,8000000379,LD00,E,C00014,AG,6,1,133743,2024-03-15,2024-03-15,074925,,WHOUSE01,2024-04-14,111857
100,V2,8000000379,PACK,E,C00014,AG,1,1,135759,2024-03-15,2024-03-15,,,WHOUSE01,2024-04-14,111857
100,V2,8000000380,LD00,E,C00005,AG,1,1,142231,2024-08-10,2024-08-10,103758,,WHOUSE01,2024-09-09,153505
100,V2,8000000380,PACK,E,C00005,AG,1,1,122754,2024-08-10,2024-08-10,,,WHOUSE01,2024-09-09,153505
100,V2,8000000381,LD00,E,C00013,AG,6,1,105303,2024-10-19,2024-10-19,123158,,WHOUSE01,2024-11-18,085414
100,V2,8000000381,PACK,E,C00013,AG,1,1,070230,2024-10-19,2024-10-19,,,WHOUSE01,2024-11-18,085414
100,V2,8000000382,LD00,E,C00005,AG,6,1,144536,2024-02-16,2024-02-16,085510,,WHOUSE01,2024-03-17,103458
100,V2,8000000382,PACK,E,C00005,AG,1,1,175144,2024-02-16,2024-02-16,,,WHOUSE01,2024-03-17,103458
100,V2,8000000383,LD00,E,C00001,AG,5,1,133832,2024-09-17,2024-09-17,064258,,WHOUSE01,2024-10-17,161953
100,V2,8000000383,PACK,E,C00001,AG,1,1,084540,2024-09-17,2024-09-17,,,WHOUSE01,2024-10-17,161953
100,V2,8000000384,LD00,E,C00006,AG,1,0,074436,2024-06-10,2024-06-10,171934,,WHOUSE02,2024-07-10,141616
100,V2,8000000384,PACK,E,C00006,AG,1,1,144714,2024-06-10,2024-06-10,,,WHOUSE01,2024-07-10,141616
100,V2,8000000385,LD00,E,C00014,AG,5,1,103554,2024-01-30,2024-01-30,152816,,WHOUSE02,2024-02-29,060549
100,V2,8000000385,PACK,E,C00014,AG,1,1,162050,2024-01-30,2024-01-30,,,WHOUSE01,2024-02-29,060549
100,V2,8000000386,LD00,E,C00013,AG,1,0,080649,2024-07-27,2024-07-27,065114,,WHOUSE01,2024-08-26,154151
100,V2,8000000386,PACK,E,C00013,AG,1,1,103228,2024-07-27,2024-07-27,,,WHOUSE01,2024-08-26,154151
100,V2,8000000387,LD00,E,C00015,AG,5,2,134632,2024-07-31,2024-07-31,173809,,WHOUSE02,2024-08-30,175051
100,V2,8000000387,PACK,E,C00015,AG,1,1,162308,2024-07-31,2024-07-31,,,WHOUSE01,2024-08-30,175051
100,V2,8000000388,LD00,E,C00004,AG,5,1,100845,2024-03-18,2024-03-18,064959,,WHOUSE01,2024-04-17,101041
100,V2,8000000388,PACK,E,C00004,AG,1,1,075110,2024-03-18,2024-03-18,,,WHOUSE01,2024-04-17,101041
100,V2,8000000389,LD00,E,C00004,AG,1,1,151831,2024-11-02,2024-11-02,105229,,WHOUSE02,2024-12-02,165914
100,V2,8000000389,PACK,E,C00004,AG,1,1,132835,2024-11-02,2024-11-02,,,WHOUSE01,2024-12-02,165914
100,V2,8000000390,LD00,E,C00011,AG,6,0,164343,2024-04-27,2024-04-27,085559,,WHOUSE01,2024-05-27,165933
100,V2,8000000390,PACK,E,C00011,AG,1,1,104948,2024-04-27,2024-04-27,,,WHOUSE01,2024-05-27,165933
100,V2,8000000391,LD00,E,C00011,AG,6,2,081000,2024-04-08,2024-04-08,164236,,WHOUSE02,2024-05-08,093843
100,V2,8000000391,PACK,E,C00011,AG,1,1,145859,2024-04-08,2024-04-08,,,WHOUSE01,2024-05-08,093843
100,V2,8000000392,LD00,E,C00012,AG,6,0,061916,2024-07-10,2024-07-10,151701,,WHOUSE02,2024-08-09,073550
100,V2,8000000392,PACK,E,C00012,AG,1,1,160422,2024-07-10,2024-07-10,,,WHOUSE01,2024-08-09,073550
100,V2,8000000393,LD00,E,C00010,AG,6,1,153928,2024-04-12,2024-04-12,125818,,WHOUSE02,2024-05-12,063617
100,V2,8000000393,PACK,E,C00010,AG,1,1,142720,2024-04-12,2024-04-12,,,WHOUSE01,2024-05-12,063617
100,V2,8000000395,LD00,E,C00014,AG,5,1,113724,2024-07-06,2024-07-06,172038,,WHOUSE02,2024-08-05,123402
100,V2,8000000395,PACK,E,C00014,AG,1,1,101234,2024-07-06,2024-07-06,,,WHOUSE01,2024-08-05,123402
100,V2,8000000396,LD00,E,C00003,AG,1,1,124032,2024-07-15,2024-07-15,083305,,WHOUSE01,2024-08-14,110704
100,V2,8000000396,PACK,E,C00003,AG,1,1,064551,2024-07-15,2024-07-15,,,WHOUSE01,2024-08-14,110704
100,V2,8000000397,LD00,E,C00014,AG,5,1,140849,2024-01-25,2024-01-25,130626,,WHOUSE02,2024-02-24,164317
100,V2,8000000397,PACK,E,C00014,AG,1,1,081242,2024-01-25,2024-01-25,,,WHOUSE01,2024-02-24,164317
100,V2,8000000398,LD00,E,C00005,AG,5,1,165818,2024-04-24,2024-04-24,123802,,WHOUSE01,2024-05-24,084521
100,V2,8000000398,PACK,E,C00005,AG,1,1,152227,2024-04-24,2024-04-24,,,WHOUSE01,2024-05-24,084521
100,V2,8000000399,LD00,E,C00003,AG,5,1,130215,2024-05-10,2024-05-10,143839,,WHOUSE02,2024-06-09,075611
100,V2,8000000399,PACK,E,C00003,AG,1,1,063043,2024-05-10,2024-05-10,,,WHOUSE01,2024-06-09,075611
100,V2,8000000400,LD00,E,C00014,AG,5,1,094821,2024-07-13,2024-07-13,121549,,WHOUSE02,2024-08-12,064521
100,V2,8000000400,PACK,E,C00014,AG,1,1,134032,2024-07-13,2024-07-13,,,WHOUSE01,2024-08-12,064521
100,V2,8000000401,LD00,E,C00003,AG,6,1,152105,2024-03-15,2024-03-15,064836,,WHOUSE01,2024-04-14,151653
100,V2,8000000401,PACK,E,C00003,AG,1,1,073921,2024-03-15,2024-03-15,,,WHOUSE01,2024-04-14,151653
100,V2,8000000402,LD00,E,C00009,AG,5,1,123751,2024-03-20,2024-03-20,064158,,WHOUSE01,2024-04-19,102831
100,V2,8000000402,PACK,E,C00009,AG,1,1,075444,2024-03-20,2024-03-20,,,WHOUSE01,2024-04-19,102831
100,V2,8000000403,LD00,E,C00012,AG,1,2,174751,2024-07-01,2024-07-01,075822,,WHOUSE01,2024-07-31,063128
100,V2,8000000403,PACK,E,C00012,AG,1,1,104306,2024-07-01,2024-07-01,,,WHOUSE01,2024-07-31,063128
100,V2,8000000404,LD00,E,C00015,AG,5,1,085307,2024-06-10,2024-06-10,091557,,WHOUSE01,2024-07-10,142150
100,V2,8000000404,PACK,E,C00015,AG,1,1,125811,2024-06-10,2024-06-10,,,WHOUSE01,2024-07-10,142150
100,V2,8000000405,LD00,E,C00005,AG,2,1,095437,2024-04-07,2024-04-07,125844,,WHOUSE01,2024-05-07,093031
100,V2,8000000405,PACK,E,C00005,AG,1,1,131649,2024-04-07,2024-04-07,,,WHOUSE01,2024-05-07,093031
100,V2,8000000406,LD00,E,C00004,AG,1,1,060041,2024-02-01,2024-02-01,084840,,WHOUSE02,2024-03-02,070437
100,V2,8000000406,PACK,E,C00004,AG,1,1,145922,2024-02-01,2024-02-01,,,WHOUSE01,2024-03-02,070437
100,V2,8000000407,LD00,E,C00003,AG,1,1,082108,2024-04-13,2024-04-13,111823,,WHOUSE02,2024-05-13,080737
100,V2,8000000407,PACK,E,C00003,AG,1,1,171400,2024-04-13,2024-04-13,,,WHOUSE01,2024-05-13,080737
100,V2,8000000408,LD00,E,C00005,AG,6,0,131701,2024-02-13,2024-02-13,074125,,WHOUSE01,2024-03-14,161015
100,V2,8000000408,PACK,E,C00005,AG,1,1,084213,2024-02-13,2024-02-13,,,WHOUSE01,2024-03-14,161015
100,V2,8000000409,LD00,E,C00013,AG,5,1,154736,2024-04-06,2024-04-06,064606,,WHOUSE01,2024-05-06,110107
100,V2,8000000409,PACK,E,C00013,AG,1,1,092639,2024-04-06,2024-04-06,,,WHOUSE01,2024-05-06,110107
100,V2,8000000410,LD00,E,C00007,AG,5,1,133647,2024-02-23,2024-02-23,092120,,WHOUSE02,2024-03-24,175726
100,V2,8000000410,PACK,E,C00007,AG,1,1,080811,2024-02-23,2024-02-23,,,WHOUSE01,2024-03-24,175726
100,V2,8000000411,LD00,E,C00012,AG,6,1,093917,2024-02-21,2024-02-21,134647,,WHOUSE01,2024-03-22,130022
100,V2,8000000411,PACK,E,C00012,AG,1,1,122320,2024-02-21,2024-02-21,,,WHOUSE01,2024-03-22,130022
100,V2,8000000412,LD00,E,C00013,AG,5,1,061056,2024-04-03,2024-04-03,130841,,WHOUSE02,2024-05-03,161553
100,V2,8000000412,PACK,E,C00013,AG,1,1,152605,2024-04-03,2024-04-03,,,WHOUSE01,2024-05-03,161553
100,V2,8000000413,LD00,E,C00003,AG,1,1,062739,2024-09-13,2024-09-13,085159,,WHOUSE02,2024-10-13,071338
100,V2,8000000413,PACK,E,C00003,AG,1,1,105044,2024-09-13,2024-09-13,,,WHOUSE01,2024-10-13,071338
100,V2,8000000414,LD00,E,C00001,AG,5,1,101304,2024-05-26,2024-05-26,102512,,WHOUSE02,2024-06-25,073751
100,V2,8000000414,PACK,E,C00001,AG,1,1,133739,2024-05-26,2024-05-26,,,WHOUSE01,2024-06-25,073751
100,V2,8000000417,LD00,E,C00012,AG,1,1,070904,2024-06-18,2024-06-18,172958,,WHOUSE02,2024-07-18,144910
100,V2,8000000417,PACK,E,C00012,AG,1,1,114929,2024-06-18,2024-06-18,,,WHOUSE01,2024-07-18,144910
100,V2,8000000418,LD00,E,C00009,AG,1,1,105941,2024-07-07,2024-07-07,142353,,WHOUSE01,2024-08-06,131957
100,V2,8000000418,PACK,E,C00009,AG,1,1,130452,2024-07-07,2024-07-07,,,WHOUSE01,2024-08-06,131957
100,V2,8000000419,LD00,E,C00007,AG,1,0,090000,2024-02-23,2024-02-23,073105,,WHOUSE02,2024-03-24,143613
100,V2,8000000419,PACK,E,C00007,AG,1,1,082101,2024-02-23,2024-02-23,,,WHOUSE01,2024-03-24,143613
100,V2,8000000420,LD00,E,C00003,AG,6,1,170215,2024-09-29,2024-09-29,110911,,WHOUSE02,2024-10-29,062001
100,V2,8000000420,PACK,E,C00003,AG,1,1,094751,2024-09-29,2024-09-29,,,WHOUSE01,2024-10-29,062001
100,V2,8000000422,LD00,E,C00010,AG,1,1,155555,2024-02-26,2024-02-26,082253,,WHOUSE02,2024-03-27,130745
100,V2,8000000422,PACK,E,C00010,AG,1,1,064747,2024-02-26,2024-02-26,,,WHOUSE01,2024-03-27,130745
100,V2,8000000423,LD00,E,C00012,AG,6,1,154614,2024-02-22,2024-02-22,123702,,WHOUSE02,2024-03-23,161827
100,V2,8000000423,PACK,E,C00012,AG,1,1,154606,2024-02-22,2024-02-22,,,WHOUSE01,2024-03-23,161827
100,V2,8000000424,LD00,E,C00005,AG,5,1,092813,2024-04-14,2024-04-14,102524,,WHOUSE01,2024-05-14,133758
100,V2,8000000424,PACK,E,C00005,AG,1,1,151957,2024-04-14,2024-04-14,,,WHOUSE01,2024-05-14,133758
100,V2,8000000425,LD00,E,C00006,AG,6,1,122231,2024-10-09,2024-10-09,102023,,WHOUSE01,2024-11-08,073602
100,V2,8000000425,PACK,E,C00006,AG,1,1,165229,2024-10-09,2024-10-09,,,WHOUSE01,2024-11-08,073602
100,V2,8000000426,LD00,E,C00010,AG,6,1,144221,2024-02-02,2024-02-02,102427,,WHOUSE02,2024-03-03,105510
100,V2,8000000426,PACK,E,C00010,AG,1,1,061534,2024-02-02,2024-02-02,,,WHOUSE01,2024-03-03,105510
100,V2,8000000427,LD00,E,C00013,AG,6,1,070904,2024-09-14,2024-09-14,145929,,WHOUSE02,2024-10-14,123105
100,V2,8000000427,PACK,E,C00013,AG,1,1,131342,2024-09-14,2024-09-14,,,WHOUSE01,2024-10-14,123105
100,V2,8000000428,LD00,E,C00006,AG,1,1,111227,2024-03-25,2024-03-25,084736,,WHOUSE02,2024-04-24,155652
100,V2,8000000428,PACK,E,C00006,AG,1,1,124306,2024-03-25,2024-03-25,,,WHOUSE01,2024-04-24,155652
100,V2,8000000429,LD00,E,C00013,AG,6,1,145929,2024-10-04,2024-10-04,091938,,WHOUSE01,2024-11-03,070018
100,V2,8000000429,PACK,E,C00013,AG,1,1,115159,2024-10-04,2024-10-04,,,WHOUSE01,2024-11-03,070018
100,V2,8000000430,LD00,E,C00008,AG,5,1,133347,2024-05-08,2024-05-08,100033,,WHOUSE01,2024-06-07,100726
100,V2,8000000430,PACK,E,C00008,AG,1,1,142828,2024-05-08,2024-05-08,,,WHOUSE01,2024-06-07,100726
100,V2,8000000431,LD00,E,C00013,AG,5,1,085841,2024-04-13,2024-04-13,113758,,WHOUSE01,2024-05-13,085707
100,V2,8000000431,PACK,E,C00013,AG,1,1,130441,2024-04-13,2024-04-13,,,WHOUSE01,2024-05-13,085707
100,V2,8000000432,LD00,E,C00005,AG,5,1,083001,2024-08-24,2024-08-24,080811,,WHOUSE02,2024-09-23,072731
100,V2,8000000432,PACK,E,C00005,AG,1,1,154147,2024-08-24,2024-08-24,,,WHOUSE01,2024-09-23,072731
100,V2,8000000433,LD00,E,C00014,AG,6,1,091746,2024-09-07,2024-09-07,160949,,WHOUSE01,2024-10-07,115756
100,V2,8000000433,PACK,E,C00014,AG,1,1,170645,2024-09-07,2024-09-07,,,WHOUSE01,2024-10-07,115756
100,V2,8000000434,LD00,E,C00006,AG,5,1,085726,2024-02-09,2024-02-09,171749,,WHOUSE02,2024-03-10,162316
100,V2,8000000434,PACK,E,C00006,AG,1,1,122008,2024-02-09,2024-02-09,,,WHOUSE01,2024-03-10,162316
100,V2,8000000435,LD00,E,C00008,AG,1,1,153639,2024-08-13,2024-08-13,165937,,WHOUSE01,2024-09-12,134206
100,V2,8000000435,PACK,E,C00008,AG,1,1,163309,2024-08-13,2024-08-13,,,WHOUSE01,2024-09-12,134206
100,V2,8000000436,LD00,E,C00011,AG,1,1,084236,2024-08-26,2024-08-26,175533,,WHOUSE02,2024-09-25,121338
100,V2,8000000436,PACK,E,C00011,AG,1,1,061823,2024-08-26,2024-08-26,,,WHOUSE01,2024-09-25,121338
100,V2,8000000439,LD00,E,C00011,AG,5,1,074529,2024-03-17,2024-03-17,072157,,WHOUSE01,2024-04-16,061227
100,V2,8000000439,PACK,E,C00011,AG,1,1,164043,2024-03-17,2024-03-17,,,WHOUSE01,2024-04-16,061227
100,V2,8000000440,LD00,E,C00015,AG,5,1,164240,2024-04-19,2024-04-19,080607,,WHOUSE01,2024-05-19,062105
100,V2,8000000440,PACK,E,C00015,AG,1,1,084210,2024-04-19,2024-04-19,,,WHOUSE01,2024-05-19,062105
100,V2,8000000441,LD00,E,C00011,AG,5,1,101238,2024-04-17,2024-04-17,153702,,WHOUSE02,2024-05-17,065151
100,V2,8000000441,PACK,E,C00011,AG,1,1,095344,2024-04-17,2024-04-17,,,WHOUSE01,2024-05-17,065151
100,V2,8000000442,LD00,E,C00005,AG,6,1,135937,2024-04-18,2024-04-18,100148,,WHOUSE02,2024-05-18,162913
100,V2,8000000442,PACK,E,C00005,AG,1,1,083505,2024-04-18,2024-04-18,,,WHOUSE01,2024-05-18,162913
100,V2,8000000443,LD00,E,C00005,AG,1,1,104313,2024-08-24,2024-08-24,135814,,WHOUSE02,2024-09-23,081757
100,V2,8000000443,PACK,E,C00005,AG,1,1,090200,2024-08-24,2024-08-24,,,WHOUSE01,2024-09-23,081757
100,V2,8000000444,LD00,E,C00010,AG,2,1,081345,2024-03-20,2024-03-20,115021,,WHOUSE01,2024-04-19,111731
100,V2,8000000444,PACK,E,C00010,AG,1,1,110400,2024-03-20,2024-03-20,,,WHOUSE01,2024-04-19,111731
100,V2,8000000445,LD00,E,C00015,AG,2,1,130145,2024-07-15,2024-07-15,094510,,WHOUSE01,2024-08-14,111304
100,V2,8000000445,PACK,E,C00015,AG,1,1,064529,2024-07-15,2024-07-15,,,WHOUSE01,2024-08-14,111304
100,V2,8000000446,LD00,E,C00008,AG,5,0,141515,2024-02-02,2024-02-02,121542,,WHOUSE02,2024-03-03,145548
100,V2,8000000446,PACK,E,C00008,AG,1,1,172242,2024-02-02,2024-02-02,,,WHOUSE01,2024-03-03,145548
100,V2,8000000448,LD00,E,C00012,AG,1,1,104058,2024-03-13,2024-03-13,111334,,WHOUSE02,2024-04-12,121345
100,V2,8000000448,PACK,E,C00012,AG,1,1,122850,2024-03-13,2024-03-13,,,WHOUSE01,2024-04-12,121345
100,V2,8000000449,LD00,E,C00006,AG,1,1,154406,2024-10-19,2024-10-19,155607,,WHOUSE02,2024-11-18,134702
100,V2,8000000449,PACK,E,C00006,AG,1,1,142135,2024-10-19,2024-10-19,,,WHOUSE01,2024-11-18,134702
100,V2,8000000451,LD00,E,C00006,AG,5,1,103828,2024-02-20,2024-02-20,085422,,WHOUSE02,2024-03-21,140241
100,V2,8000000451,PACK,E,C00006,AG,1,1,093632,2024-02-20,2024-02-20,,,WHOUSE01,2024-03-21,140241
100,V2,8000000452,LD00,E,C00003,AG,6,1,122901,2024-06-17,2024-06-17,135518,,WHOUSE01,2024-07-17,070904
100,V2,8000000452,PACK,E,C00003,AG,1,1,092138,2024-06-17,2024-06-17,,,WHOUSE01,2024-07-17,070904
100,V2,8000000453,LD00,E,C00001,AG,5,1,134106,2024-05-25,2024-05-25,172027,,WHOUSE02,2024-06-24,151912
100,V2,8000000453,PACK,E,C00001,AG,1,1,071030,2024-05-25,2024-05-25,,,WHOUSE01,2024-06-24,151912
100,V2,8000000454,LD00,E,C00009,AG,5,1,062801,2024-10-18,2024-10-18,071916,,WHOUSE02,2024-11-17,090226
100,V2,8000000454,PACK,E,C00009,AG,1,1,154614,2024-10-18,2024-10-18,,,WHOUSE01,2024-11-17,090226
100,V2,8000000455,LD00,E,C00006,AG,5,1,170207,2024-04-29,2024-04-29,075729,,WHOUSE02,2024-05-29,171104
100,V2,8000000455,PACK,E,C00006,AG,1,1,100415,2024-04-29,2024-04-29,,,WHOUSE01,2024-05-29,171104
100,V2,8000000456,LD00,E,C00011,AG,5,1,120856,2024-02-11,2024-02-11,163921,,WHOUSE02,2024-03-12,074140
100,V2,8000000456,PACK,E,C00011,AG,1,1,111023,2024-02-11,2024-02-11,,,WHOUSE01,2024-03-12,074140
100,V2,8000000457,LD00,E,C00001,AG,1,0,124602,2024-05-09,2024-05-09,153224,,WHOUSE01,2024-06-08,061904
100,V2,8000000457,PACK,E,C00001,AG,1,1,135911,2024-05-09,2024-05-09,,,WHOUSE01,2024-06-08,061904
100,V2,8000000458,LD00,E,C00005,AG,1,1,062828,2024-02-02,2024-02-02,111138,,WHOUSE02,2024-03-03,144732
100,V2,8000000458,PACK,E,C00005,AG,1,1,163706,2024-02-02,2024-02-02,,,WHOUSE01,2024-03-03,144732
100,V2,8000000459,LD00,E,C00006,AG,6,1,064206,2024-08-28,2024-08-28,160233,,WHOUSE02,2024-09-27,151734
100,V2,8000000459,PACK,E,C00006,AG,1,1,120407,2024-08-28,2024-08-28,,,WHOUSE01,2024-09-27,151734
100,V2,8000000460,LD00,E,C00008,AG,5,1,132335,2024-09-13,2024-09-13,072557,,WHOUSE01,2024-10-13,145059
100,V2,8000000460,PACK,E,C00008,AG,1,1,153824,2024-09-13,2024-09-13,,,WHOUSE01,2024-10-13,145059
100,V2,8000000461,LD00,E,C00009,AG,5,1,071908,2024-09-10,2024-09-10,100215,,WHOUSE02,2024-10-10,065329
100,V2,8000000461,PACK,E,C00009,AG,1,1,073402,2024-09-10,2024-09-10,,,WHOUSE01,2024-10-10,065329
100,V2,8000000462,LD00,E,C00014,AG,5,1,065726,2024-05-21,2024-05-21,162038,,WHOUSE01,2024-06-20,073624
100,V2,8000000462,PACK,E,C00014,AG,1,1,065944,2024-05-21,2024-05-21,,,WHOUSE01,2024-06-20,073624
100,V2,8000000463,LD00,E,C00003,AG,5,0,113417,2024-10-10,2024-10-10,092153,,WHOUSE02,2024-11-09,110018
100,V2,8000000463,PACK,E,C00003,AG,1,1,065437,2024-10-10,2024-10-10,,,WHOUSE01,2024-11-09,110018
100,V2,8000000464,LD00,E,C00005,AG,1,1,155021,2024-09-25,2024-09-25,082716,,WHOUSE02,2024-10-25,143239
100,V2,8000000464,PACK,E,C00005,AG,1,1,142605,2024-09-25,2024-09-25,,,WHOUSE01,2024-10-25,143239
100,V2,8000000465,LD00,E,C00013,AG,5,1,100656,2024-02-18,2024-02-18,170419,,WHOUSE02,2024-03-19,131415
100,V2,8000000465,PACK,E,C00013,AG,1,1,161126,2024-02-18,2024-02-18,,,WHOUSE01,2024-03-19,131415
100,V2,8000000466,LD00,E,C00014,AG,5,1,120556,2024-08-06,2024-08-06,135818,,WHOUSE01,2024-09-05,060307
100,V2,8000000466,PACK,E,C00014,AG,1,1,163839,2024-08-06,2024-08-06,,,WHOUSE01,2024-09-05,060307
100,V2,8000000467,LD00,E,C00012,AG,5,1,173432,2024-09-30,2024-09-30,092031,,WHOUSE02,2024-10-30,085718
100,V2,8000000467,PACK,E,C00012,AG,1,1,073732,2024-09-30,2024-09-30,,,WHOUSE01,2024-10-30,085718
100,V2,8000000468,LD00,E,C00002,AG,1,1,130222,2024-02-07,2024-02-07,143802,,WHOUSE01,2024-03-08,105248
100,V2,8000000468,PACK,E,C00002,AG,1,1,150018,2024-02-07,2024-02-07,,,WHOUSE01,2024-03-08,105248
100,V2,8000000469,LD00,E,C00014,AG,5,1,132843,2024-05-17,2024-05-17,111415,,WHOUSE01,2024-06-16,174151
100,V2,8000000469,PACK,E,C00014,AG,1,1,090741,2024-05-17,2024-05-17,,,WHOUSE01,2024-06-16,174151
100,V2,8000000470,LD00,E,C00010,AG,6,1,135548,2024-09-07,2024-09-07,171557,,WHOUSE01,2024-10-07,133016
100,V2,8000000470,PACK,E,C00010,AG,1,1,110152,2024-09-07,2024-09-07,,,WHOUSE01,2024-10-07,133016
100,V2,8000000471,LD00,E,C00013,AG,6,1,085359,2024-06-13,2024-06-13,063854,,WHOUSE02,2024-07-13,152246
100,V2,8000000471,PACK,E,C00013,AG,1,1,170500,2024-06-13,2024-06-13,,,WHOUSE01,2024-07-13,152246
100,V2,8000000473,LD00,E,C00001,AG,5,1,134840,2024-09-27,2024-09-27,113120,,WHOUSE02,2024-10-27,091846
100,V2,8000000473,PACK,E,C00001,AG,1,1,110400,2024-09-27,2024-09-27,,,WHOUSE01,2024-10-27,091846
100,V2,8000000474,LD00,E,C00007,AG,5,1,155322,2024-09-04,2024-09-04,150045,,WHOUSE02,2024-10-04,110156
100,V2,8000000474,PACK,E,C00007,AG,1,1,093202,2024-09-04,2024-09-04,,,WHOUSE01,2024-10-04,110156
100,V2,8000000475,LD00,E,C00015,AG,1,1,095529,2024-08-09,2024-08-09,092308,,WHOUSE02,2024-09-08,081657
100,V2,8000000475,PACK,E,C00015,AG,1,1,161619,2024-08-09,2024-08-09,,,WHOUSE01,2024-09-08,081657
100,V2,8000000476,LD00,E,C00006,AG,5,1,061212,2024-01-26,2024-01-26,160745,,WHOUSE01,2024-02-25,064236
100,V2,8000000476,PACK,E,C00006,AG,1,1,080248,2024-01-26,2024-01-26,,,WHOUSE01,2024-02-25,064236
100,V2,8000000477,LD00,E,C00013,AG,6,1,120356,2024-10-03,2024-10-03,142616,,WHOUSE01,2024-11-02,084851
100,V2,8000000477,PACK,E,C00013,AG,1,1,161119,2024-10-03,2024-10-03,,,WHOUSE01,2024-11-02,084851
100,V2,8000000478,LD00,E,C00006,AG,5,0,132839,2024-06-18,2024-06-18,080115,,WHOUSE01,2024-07-18,063005
100,V2,8000000478,PACK,E,C00006,AG,1,1,132312,2024-06-18,2024-06-18,,,WHOUSE01,2024-07-18,063005
100,V2,8000000479,LD00,E,C00005,AG,5,1,141946,2024-06-19,2024-06-19,174632,,WHOUSE01,2024-07-19,175333
100,V2,8000000479,PACK,E,C00005,AG,1,1,120622,2024-06-19,2024-06-19,,,WHOUSE01,2024-07-19,175333
100,V2,8000000480,LD00,E,C00013,AG,5,1,152342,2024-05-05,2024-05-05,134640,,WHOUSE01,2024-06-04,095555
100,V2,8000000480,PACK,E,C00013,AG,1,1,175310,2024-05-05,2024-05-05,,,WHOUSE01,2024-06-04,095555
100,V2,8000000481,LD00,E,C00010,AG,5,1,093317,2024-03-07,2024-03-07,161804,,WHOUSE01,2024-04-06,083932
100,V2,8000000481,PACK,E,C00010,AG,1,1,093224,2024-03-07,2024-03-07,,,WHOUSE01,2024-04-06,083932
100,V2,8000000482,LD00,E,C00003,AG,1,1,145352,2024-08-26,2024-08-26,074906,,WHOUSE02,2024-09-25,162246
100,V2,8000000482,PACK,E,C00003,AG,1,1,151208,2024-08-26,2024-08-26,,,WHOUSE01,2024-09-25,162246
100,V2,8000000483,LD00,E,C00004,AG,5,0,134147,2024-03-05,2024-03-05,061449,,WHOUSE02,2024-04-04,092431
100,V2,8000000483,PACK,E,C00004,AG,1,1,084247,2024-03-05,2024-03-05,,,WHOUSE01,2024-04-04,092431
100,V2,8000000484,LD00,E,C00007,AG,5,1,075611,2024-04-04,2024-04-04,145121,,WHOUSE02,2024-05-04,175151
100,V2,8000000484,PACK,E,C00007,AG,1,1,142101,2024-04-04,2024-04-04,,,WHOUSE01,2024-05-04,175151
100,V2,8000000485,LD00,E,C00015,AG,5,1,154243,2024-04-04,2024-04-04,102223,,WHOUSE01,2024-05-04,163924
100,V2,8000000485,PACK,E,C00015,AG,1,1,135652,2024-04-04,2024-04-04,,,WHOUSE01,2024-05-04,163924
100,V2,8000000486,LD00,E,C00006,AG,5,1,070915,2024-03-24,2024-03-24,110137,,WHOUSE02,2024-04-23,094559
100,V2,8000000486,PACK,E,C00006,AG,1,1,140033,2024-03-24,2024-03-24,,,WHOUSE01,2024-04-23,094559
100,V2,8000000487,LD00,E,C00015,AG,5,1,095329,2024-06-16,2024-06-16,170953,,WHOUSE01,2024-07-16,122257
100,V2,8000000487,PACK,E,C00015,AG,1,1,164710,2024-06-16,2024-06-16,,,WHOUSE01,2024-07-16,122257
100,V2,8000000488,LD00,E,C00010,AG,6,1,093921,2024-07-03,2024-07-03,081015,,WHOUSE01,2024-08-02,104655
100,V2,8000000488,PACK,E,C00010,AG,1,1,154351,2024-07-03,2024-07-03,,,WHOUSE01,2024-08-02,104655
100,V2,8000000489,LD00,E,C00002,AG,5,1,070252,2024-10-04,2024-10-04,170300,,WHOUSE02,2024-11-03,131000
100,V2,8000000489,PACK,E,C00002,AG,1,1,093954,2024-10-04,2024-10-04,,,WHOUSE01,2024-11-03,131000
100,V2,8000000490,LD00,E,C00004,AG,5,1,105207,2024-03-20,2024-03-20,134855,,WHOUSE01,2024-04-19,161916
100,V2,8000000490,PACK,E,C00004,AG,1,1,092457,2024-03-20,2024-03-20,,,WHOUSE01,2024-04-19,161916
100,V2,8000000491,LD00,E,C00003,AG,1,1,153832,2024-09-14,2024-09-14,173939,,WHOUSE01,2024-10-14,110537
100,V2,8000000491,PACK,E,C00003,AG,1,1,103732,2024-09-14,2024-09-14,,,WHOUSE01,2024-10-14,110537
100,V2,8000000492,LD00,E,C00007,AG,5,1,112501,2024-02-29,2024-02-29,140534,,WHOUSE01,2024-03-30,175552
100,V2,8000000492,PACK,E,C00007,AG,1,1,125507,2024-02-29,2024-02-29,,,WHOUSE01,2024-03-30,175552
100,V2,8000000493,LD00,E,C00010,AG,1,1,132554,2024-09-24,2024-09-24,085452,,WHOUSE02,2024-10-24,081000
100,V2,8000000493,PACK,E,C00010,AG,1,1,145937,2024-09-24,2024-09-24,,,WHOUSE01,2024-10-24,081000
100,V2,8000000494,LD00,E,C00010,AG,5,1,112746,2024-03-12,2024-03-12,150237,,WHOUSE01,2024-04-11,154132
100,V2,8000000494,PACK,E,C00010,AG,1,1,074421,2024-03-12,2024-03-12,,,WHOUSE01,2024-04-11,154132
100,V2,8000000495,LD00,E,C00002,AG,5,1,061842,2024-10-14,2024-10-14,070033,,WHOUSE02,2024-11-13,095741
100,V2,8000000495,PACK,E,C00002,AG,1,1,060348,2024-10-14,2024-10-14,,,WHOUSE01,2024-11-13,095741
100,V2,8000000496,LD00,E,C00008,AG,5,2,173813,2024-05-22,2024-05-22,171434,,WHOUSE01,2024-06-21,120237
100,V2,8000000496,PACK,E,C00008,AG,1,1,130111,2024-05-22,2024-05-22,,,WHOUSE01,2024-06-21,120237
100,V2,8000000497,LD00,E,C00007,AG,2,0,075629,2024-06-11,2024-06-11,154351,,WHOUSE02,2024-07-11,064717
100,V2,8000000497,PACK,E,C00007,AG,1,1,103639,2024-06-11,2024-06-11,,,WHOUSE01,2024-07-11,064717
100,V2,8000000498,LD00,E,C00004,AG,1,1,111204,2024-01-23,2024-01-23,150141,,WHOUSE01,2024-02-22,123432
100,V2,8000000498,PACK,E,C00004,AG,1,1,175903,2024-01-23,2024-01-23,,,WHOUSE01,2024-02-22,123432
100,V2,8000000499,LD00,E,C00007,AG,5,1,063621,2024-06-21,2024-06-21,115622,,WHOUSE01,2024-07-21,111542
100,V2,8000000499,PACK,E,C00007,AG,1,1,094814,2024-06-21,2024-06-21,,,WHOUSE01,2024-07-21,111542
100,V3,9000000002,RD00,E,C00008,RE,6,0,173243,2024-03-15,2024-03-15,060956,,FINANCE01,2024-04-14,093658
100,V3,9000000003,RD00,E,C00008,RE,6,1,161708,2024-07-24,2024-07-24,153402,,FINANCE02,2024-08-23,161742
100,V3,9000000004,RD00,E,C00003,RE,5,0,114921,2024-03-12,2024-03-12,125229,,FINANCE01,2024-04-11,102905
100,V3,9000000006,RD00,E,C00004,RE,1,1,134606,2024-05-26,2024-05-26,171704,,FINANCE01,2024-06-25,103724
100,V3,9000000007,RD00,E,C00008,RE,1,1,072505,2024-06-28,2024-06-28,115759,,FINANCE02,2024-07-28,160419
100,V3,9000000008,RD00,E,C00004,RE,5,1,071004,2024-03-07,2024-03-07,122828,,FINANCE01,2024-04-06,164451
100,V3,9000000009,RD00,E,C00010,RE,6,0,105259,2024-08-28,2024-08-28,082809,,FINANCE02,2024-09-27,103402
100,V3,9000000010,RD00,E,C00009,RE,6,1,121038,2024-03-18,2024-03-18,172335,,FINANCE02,2024-04-17,171519
100,V3,9000000011,RD00,E,C00008,RE,5,1,061212,2024-03-27,2024-03-27,113013,,FINANCE01,2024-04-26,105144
100,V3,9000000012,RD00,E,C00014,RE,6,1,090341,2024-05-09,2024-05-09,135214,,FINANCE01,2024-06-08,120445
100,V3,9000000013,RD00,E,C00013,RE,1,1,121919,2024-06-29,2024-06-29,173439,,FINANCE02,2024-07-29,172053
100,V3,9000000014,RD00,E,C00010,RE,1,0,082146,2024-06-10,2024-06-10,072020,,FINANCE02,2024-07-10,092831
100,V3,9000000015,RD00,E,C00009,RE,6,1,091638,2024-02-27,2024-02-27,060052,,FINANCE01,2024-03-28,141701
100,V3,9000000016,RD00,E,C00012,RE,5,1,061334,2024-03-22,2024-03-22,123447,,FINANCE01,2024-04-21,070048
100,V3,9000000017,RD00,E,C00012,RE,1,1,092146,2024-09-19,2024-09-19,071500,,FINANCE01,2024-10-19,105637
100,V3,9000000018,RD00,E,C00003,RE,1,1,154729,2024-05-21,2024-05-21,125507,,FINANCE02,2024-06-20,130111
100,V3,9000000020,RD00,E,C00004,RE,1,1,092320,2024-04-11,2024-04-11,062308,,FINANCE02,2024-05-11,084955
100,V3,9000000021,RD00,E,C00005,RE,1,1,130337,2024-06-14,2024-06-14,152539,,FINANCE02,2024-07-14,170148
100,V3,9000000022,RD00,E,C00011,RE,6,1,090615,2024-02-09,2024-02-09,133435,,FINANCE01,2024-03-10,105648
100,V3,9000000023,RD00,E,C00003,RE,5,1,071804,2024-02-10,2024-02-10,110133,,FINANCE01,2024-03-11,100400
100,V3,9000000025,RD00,E,C00008,RE,6,1,071838,2024-05-03,2024-05-03,134951,,FINANCE02,2024-06-02,122250
100,V3,9000000026,RD00,E,C00013,RE,6,1,121642,2024-10-24,2024-10-24,110407,,FINANCE01,2024-11-23,130156
100,V3,9000000027,RD00,E,C00013,RE,5,1,120526,2024-05-23,2024-05-23,091919,,FINANCE01,2024-06-22,124351
100,V3,9000000028,RD00,E,C00012,RE,6,1,113217,2024-06-07,2024-06-07,125203,,FINANCE02,2024-07-07,162308
100,V3,9000000029,RD00,E,C00010,RE,5,0,090908,2024-09-16,2024-09-16,175407,,FINANCE01,2024-10-16,125240
100,V3,9000000030,RD00,E,C00007,RE,5,0,090045,2024-09-03,2024-09-03,095314,,FINANCE01,2024-10-03,122831
100,V3,9000000031,RD00,E,C00001,RE,5,1,174047,2024-10-05,2024-10-05,083632,,FINANCE01,2024-11-04,130637
100,V3,9000000032,RD00,E,C00002,RE,1,2,124659,2024-07-11,2024-07-11,080041,,FINANCE02,2024-08-10,103050
100,V3,9000000033,RD00,E,C00002,RE,6,1,092301,2024-08-02,2024-08-02,162053,,FINANCE02,2024-09-01,144602
100,V3,9000000034,RD00,E,C00011,RE,6,1,140018,2024-03-17,2024-03-17,081734,,FINANCE01,2024-04-16,171716
100,V3,9000000035,RD00,E,C00003,RE,6,1,085726,2024-10-18,2024-10-18,064647,,FINANCE01,2024-11-17,063128
100,V3,9000000036,RD00,E,C00006,RE,6,0,132546,2024-03-18,2024-03-18,083243,,FINANCE01,2024-04-17,144336
100,V3,9000000038,RD00,E,C00014,RE,5,1,134955,2024-02-26,2024-02-26,080649,,FINANCE02,2024-03-27,164717
100,V3,9000000039,RD00,E,C00015,RE,6,1,094343,2024-02-24,2024-02-24,092131,,FINANCE01,2024-03-25,165918
100,V3,9000000040,RD00,E,C00012,RE,5,1,152450,2024-05-02,2024-05-02,071708,,FINANCE02,2024-06-01,133035
100,V3,9000000041,RD00,E,C00012,RE,1,1,161215,2024-08-16,2024-08-16,124625,,FINANCE01,2024-09-15,094110
100,V3,9000000042,RD00,E,C00013,RE,1,1,122631,2024-08-28,2024-08-28,092157,,FINANCE02,2024-09-27,165055
100,V3,9000000043,RD00,E,C00003,RE,6,1,165348,2024-05-24,2024-05-24,103817,,FINANCE01,2024-06-23,094940
100,V3,9000000044,RD00,E,C00013,RE,6,1,100819,2024-08-14,2024-08-14,114621,,FINANCE02,2024-09-13,100934
100,V3,9000000045,RD00,E,C00013,RE,1,1,133328,2024-11-04,2024-11-04,155929,,FINANCE02,2024-12-04,140226
100,V3,9000000046,RD00,E,C00012,RE,6,1,171846,2024-06-28,2024-06-28,154903,,FINANCE02,2024-07-28,082416
100,V3,9000000048,RD00,E,C00013,RE,6,1,171141,2024-10-17,2024-10-17,100456,,FINANCE01,2024-11-16,101323
100,V3,9000000050,RD00,E,C00009,RE,5,0,112801,2024-01-30,2024-01-30,075826,,FINANCE02,2024-02-29,082316
100,V3,9000000051,RD00,E,C00001,RE,6,1,173824,2024-07-10,2024-07-10,084925,,FINANCE01,2024-08-09,130322
100,V3,9000000052,RD00,E,C00009,RE,1,1,153847,2024-02-25,2024-02-25,113205,,FINANCE02,2024-03-26,161019
100,V3,9000000053,RD00,E,C00001,RE,1,1,073621,2024-04-26,2024-04-26,120152,,FINANCE01,2024-05-26,131808
100,V3,9000000055,RD00,E,C00014,RE,5,1,131300,2024-07-26,2024-07-26,134310,,FINANCE02,2024-08-25,061634
100,V3,9000000056,RD00,E,C00012,RE,5,0,080823,2024-04-21,2024-04-21,123721,,FINANCE02,2024-05-21,082527
100,V3,9000000058,RD00,E,C00011,RE,1,1,103724,2024-10-18,2024-10-18,131642,,FINANCE01,2024-11-17,151427
100,V3,9000000059,RD00,E,C00015,RE,6,1,142308,2024-05-10,2024-05-10,080122,,FINANCE02,2024-06-09,164132
100,V3,9000000061,RD00,E,C00005,RE,6,1,145133,2024-06-21,2024-06-21,145025,,FINANCE02,2024-07-21,125240
100,V3,9000000062,RD00,E,C00014,RE,5,0,124421,2024-06-06,2024-06-06,151149,,FINANCE01,2024-07-06,125348
100,V3,9000000064,RD00,E,C00005,RE,6,1,160030,2024-04-28,2024-04-28,074510,,FINANCE01,2024-05-28,140856
100,V3,9000000065,RD00,E,C00009,RE,6,1,153951,2024-07-15,2024-07-15,120419,,FINANCE02,2024-08-14,113417
100,V3,9000000066,RD00,E,C00002,RE,5,1,111445,2024-05-15,2024-05-15,075807,,FINANCE02,2024-06-14,173706
100,V3,9000000067,RD00,E,C00008,RE,6,1,120511,2024-07-11,2024-07-11,171734,,FINANCE02,2024-08-10,075051
100,V3,9000000068,RD00,E,C00009,RE,1,1,121023,2024-02-04,2024-02-04,074051,,FINANCE02,2024-03-05,165018
100,V3,9000000069,RD00,E,C00014,RE,5,1,083617,2024-02-21,2024-02-21,071530,,FINANCE01,2024-03-22,113150
100,V3,9000000070,RD00,E,C00001,RE,6,1,173454,2024-10-01,2024-10-01,174710,,FINANCE01,2024-10-31,173754
100,V3,9000000071,RD00,E,C00014,RE,5,1,085155,2024-03-03,2024-03-03,172035,,FINANCE01,2024-04-02,135429
100,V3,9000000072,RD00,E,C00003,RE,1,1,121438,2024-06-07,2024-06-07,060033,,FINANCE01,2024-07-07,162227
100,V3,9000000075,RD00,E,C00004,RE,1,1,152646,2024-07-17,2024-07-17,163258,,FINANCE02,2024-08-16,073335
100,V3,9000000076,RD00,E,C00008,RE,5,1,141942,2024-04-07,2024-04-07,132550,,FINANCE01,2024-05-07,165818
100,V3,9000000077,RD00,E,C00015,RE,1,1,172924,2024-04-02,2024-04-02,112805,,FINANCE01,2024-05-02,145648
100,V3,9000000078,RD00,E,C00006,RE,1,1,101515,2024-09-16,2024-09-16,102120,,FINANCE01,2024-10-16,061208
100,V3,9000000079,RD00,E,C00006,RE,1,1,142035,2024-04-13,2024-04-13,153320,,FINANCE01,2024-05-13,163450
100,V3,9000000080,RD00,E,C00014,RE,6,1,172412,2024-05-22,2024-05-22,154128,,FINANCE02,2024-06-21,142031
100,V3,9000000081,RD00,E,C00012,RE,6,1,172046,2024-01-28,2024-01-28,172609,,FINANCE02,2024-02-27,104914
100,V3,9000000082,RD00,E,C00014,RE,5,1,130956,2024-03-03,2024-03-03,175922,,FINANCE02,2024-04-02,091653
100,V3,9000000083,RD00,E,C00004,RE,6,1,080530,2024-09-25,2024-09-25,165759,,FINANCE01,2024-10-25,161412
100,V3,9000000084,RD00,E,C00006,RE,1,1,162146,2024-03-12,2024-03-12,111215,,FINANCE01,2024-04-11,125033
100,V3,9000000086,RD00,E,C00004,RE,5,1,125044,2024-10-07,2024-10-07,083932,,FINANCE01,2024-11-06,130015
100,V3,9000000088,RD00,E,C00011,RE,6,1,165359,2024-10-03,2024-10-03,124855,,FINANCE02,2024-11-02,103428
100,V3,9000000091,RD00,E,C00007,RE,6,1,113243,2024-05-17,2024-05-17,072131,,FINANCE01,2024-06-16,103120
100,V3,9000000093,RD00,E,C00001,RE,6,1,160348,2024-10-10,2024-10-10,061708,,FINANCE01,2024-11-09,110434
100,V3,9000000094,RD00,E,C00008,RE,6,1,130326,2024-10-24,2024-10-24,093954,,FINANCE01,2024-11-23,091816
100,V3,9000000096,RD00,E,C00007,RE,1,1,103224,2024-02-15,2024-02-15,104121,,FINANCE01,2024-03-16,113428
100,V3,9000000097,RD00,E,C00008,RE,6,1,135207,2024-08-30,2024-08-30,083424,,FINANCE02,2024-09-29,132612
100,V3,9000000098,RD00,E,C00001,RE,5,1,154110,2024-01-18,2024-01-18,114629,,FINANCE01,2024-02-17,145903
100,V3,9000000099,RD00,E,C00015,RE,1,1,123443,2024-08-24,2024-08-24,060207,,FINANCE01,2024-09-23,131430
100,V3,9000000100,RD00,E,C00015,RE,1,1,121638,2024-03-30,2024-03-30,084302,,FINANCE02,2024-04-29,100911
100,V3,9000000101,RD00,E,C00008,RE,5,1,122542,2024-05-03,2024-05-03,100248,,FINANCE01,2024-06-02,155014
100,V3,9000000102,RD00,E,C00004,RE,5,1,102227,2024-07-19,2024-07-19,144951,,FINANCE02,2024-08-18,071308
100,V3,9000000104,RD00,E,C00002,RE,5,1,155040,2024-08-16,2024-08-16,162227,,FINANCE01,2024-09-15,092450
100,V3,9000000107,RD00,E,C00011,RE,6,1,112023,2024-02-01,2024-02-01,150356,,FINANCE02,2024-03-02,084232
100,V3,9000000108,RD00,E,C00014,RE,5,1,154140,2024-05-05,2024-05-05,135837,,FINANCE02,2024-06-04,153243
100,V3,9000000109,RD00,E,C00011,RE,1,1,111327,2024-04-22,2024-04-22,064940,,FINANCE02,2024-05-22,080607
100,V3,9000000111,RD00,E,C00002,RE,5,0,113913,2024-06-21,2024-06-21,151334,,FINANCE01,2024-07-21,134740
100,V3,9000000112,RD00,E,C00009,RE,5,1,073139,2024-10-06,2024-10-06,131653,,FINANCE02,2024-11-05,091823
100,V3,9000000113,RD00,E,C00013,RE,2,1,142450,2024-08-26,2024-08-26,081123,,FINANCE02,2024-09-25,155656
100,V3,9000000114,RD00,E,C00015,RE,1,0,104343,2024-03-08,2024-03-08,080504,,FINANCE02,2024-04-07,062001
100,V3,9000000116,RD00,E,C00013,RE,5,1,114806,2024-08-17,2024-08-17,122727,,FINANCE02,2024-09-16,173043
100,V3,9000000120,RD00,E,C00006,RE,6,1,144414,2024-08-19,2024-08-19,143513,,FINANCE01,2024-09-18,125711
100,V3,9000000121,RD00,E,C00012,RE,6,1,065429,2024-08-30,2024-08-30,130218,,FINANCE02,2024-09-29,133706
100,V3,9000000122,RD00,E,C00008,RE,5,1,131553,2024-04-28,2024-04-28,071549,,FINANCE02,2024-05-28,071701
100,V3,9000000123,RD00,E,C00006,RE,1,1,175144,2024-04-06,2024-04-06,154725,,FINANCE01,2024-05-06,090900
100,V3,9000000124,RD00,E,C00008,RE,1,1,132535,2024-06-28,2024-06-28,074328,,FINANCE01,2024-07-28,105018
100,V3,9000000125,RD00,E,C00014,RE,1,1,160107,2024-06-28,2024-06-28,113439,,FINANCE02,2024-07-28,081812
100,V3,9000000126,RD00,E,C00010,RE,1,1,150711,2024-07-15,2024-07-15,073906,,FINANCE02,2024-08-14,133547
100,V3,9000000127,RD00,E,C00006,RE,6,1,124903,2024-09-11,2024-09-11,104332,,FINANCE02,2024-10-11,071219
100,V3,9000000128,RD00,E,C00008,RE,1,1,175259,2024-06-10,2024-06-10,135756,,FINANCE02,2024-07-10,143958
100,V3,9000000129,RD00,E,C00009,RE,1,1,104859,2024-09-21,2024-09-21,163702,,FINANCE01,2024-10-21,062305
100,V3,9000000130,RD00,E,C00002,RE,5,1,091438,2024-07-26,2024-07-26,070022,,FINANCE02,2024-08-25,153146
100,V3,9000000132,RD00,E,C00006,RE,1,1,123450,2024-10-18,2024-10-18,164547,,FINANCE01,2024-11-17,160148
100,V3,9000000134,RD00,E,C00011,RE,6,1,100256,2024-06-19,2024-06-19,101008,,FINANCE01,2024-07-19,072116
100,V3,9000000136,RD00,E,C00003,RE,5,1,124636,2024-06-07,2024-06-07,162724,,FINANCE01,2024-07-07,081904
100,V3,9000000137,RD00,E,C00003,RE,5,1,095559,2024-05-20,2024-05-20,165021,,FINANCE02,2024-06-19,143220
100,V3,9000000138,RD00,E,C00010,RE,2,1,152542,2024-07-14,2024-07-14,140300,,FINANCE01,2024-08-13,093332
100,V3,9000000139,RD00,E,C00015,RE,1,1,073058,2024-08-08,2024-08-08,155552,,FINANCE01,2024-09-07,065021
100,V3,9000000140,RD00,E,C00001,RE,6,1,145629,2024-06-20,2024-06-20,100722,,FINANCE01,2024-07-20,094213
100,V3,9000000141,RD00,E,C00015,RE,5,1,162350,2024-01-30,2024-01-30,083609,,FINANCE02,2024-02-29,143543
100,V3,9000000142,RD00,E,C00011,RE,1,1,090341,2024-03-28,2024-03-28,101208,,FINANCE02,2024-04-27,143554
100,V3,9000000143,RD00,E,C00005,RE,2,1,072916,2024-07-07,2024-07-07,115452,,FINANCE02,2024-08-06,130934
100,V3,9000000144,RD00,E,C00006,RE,5,1,103450,2024-06-25,2024-06-25,145021,,FINANCE01,2024-07-25,134602
100,V3,9000000145,RD00,E,C00015,RE,5,1,110904,2024-09-06,2024-09-06,085425,,FINANCE01,2024-10-06,111111
100,V3,9000000146,RD00,E,C00015,RE,5,0,065918,2024-07-25,2024-07-25,171908,,FINANCE02,2024-08-24,130156
100,V3,9000000148,RD00,E,C00001,RE,1,1,121319,2024-04-22,2024-04-22,092427,,FINANCE02,2024-05-22,162839
100,V3,9000000149,RD00,E,C00014,RE,6,1,102320,2024-09-01,2024-09-01,093143,,FINANCE01,2024-10-01,085103
100,V3,9000000150,RD00,E,C00006,RE,6,1,064036,2024-09-16,2024-09-16,071523,,FINANCE01,2024-10-16,070141
100,V3,9000000152,RD00,E,C00004,RE,6,0,134529,2024-06-22,2024-06-22,083250,,FINANCE02,2024-07-22,125514
100,V3,9000000153,RD00,E,C00014,RE,6,1,072535,2024-03-17,2024-03-17,171034,,FINANCE01,2024-04-16,155711
100,V3,9000000154,RD00,E,C00012,RE,1,2,104547,2024-09-02,2024-09-02,145637,,FINANCE02,2024-10-02,115459
100,V3,9000000155,RD00,E,C00006,RE,6,1,135926,2024-08-11,2024-08-11,142442,,FINANCE02,2024-09-10,170934
100,V3,9000000156,RD00,E,C00008,RE,6,1,091353,2024-05-17,2024-05-17,113202,,FINANCE01,2024-06-16,120819
100,V3,9000000157,RD00,E,C00006,RE,5,1,064158,2024-08-02,2024-08-02,152624,,FINANCE02,2024-09-01,143843
100,V3,9000000160,RD00,E,C00002,RE,5,1,093924,2024-10-04,2024-10-04,073621,,FINANCE01,2024-11-03,071212
100,V3,9000000161,RD00,E,C00008,RE,5,1,085929,2024-05-11,2024-05-11,112450,,FINANCE02,2024-06-10,071938
100,V3,9000000162,RD00,E,C00012,RE,5,1,091019,2024-07-07,2024-07-07,164625,,FINANCE02,2024-08-06,073339
100,V3,9000000164,RD00,E,C00003,RE,5,1,101049,2024-01-22,2024-01-22,150830,,FINANCE01,2024-02-21,070200
100,V3,9000000165,RD00,E,C00007,RE,6,0,072116,2024-07-14,2024-07-14,164706,,FINANCE02,2024-08-13,082053
100,V3,9000000166,RD00,E,C00008,RE,5,1,131823,2024-07-18,2024-07-18,175641,,FINANCE02,2024-08-17,150537
100,V3,9000000167,RD00,E,C00010,RE,5,1,122746,2024-04-30,2024-04-30,073550,,FINANCE02,2024-05-30,091834
100,V3,9000000168,RD00,E,C00007,RE,5,1,125303,2024-03-28,2024-03-28,133613,,FINANCE01,2024-04-27,161457
100,V3,9000000169,RD00,E,C00011,RE,5,1,172654,2024-03-21,2024-03-21,060148,,FINANCE02,2024-04-20,160007
100,V3,9000000170,RD00,E,C00015,RE,6,1,171442,2024-03-23,2024-03-23,095118,,FINANCE02,2024-04-22,132516
100,V3,9000000171,RD00,E,C00008,RE,2,2,171519,2024-03-08,2024-03-08,121623,,FINANCE01,2024-04-07,165611
100,V3,9000000173,RD00,E,C00007,RE,1,1,133717,2024-08-06,2024-08-06,143858,,FINANCE01,2024-09-05,105803
100,V3,9000000174,RD00,E,C00003,RE,5,1,164559,2024-04-27,2024-04-27,121731,,FINANCE02,2024-05-27,111427
100,V3,9000000175,RD00,E,C00007,RE,2,1,133154,2024-03-07,2024-03-07,115218,,FINANCE01,2024-04-06,075348
100,V3,9000000177,RD00,E,C00004,RE,5,1,143058,2024-06-24,2024-06-24,141738,,FINANCE01,2024-07-24,070915
100,V3,9000000178,RD00,E,C00004,RE,5,1,142035,2024-04-10,2024-04-10,061308,,FINANCE01,2024-05-10,091219
100,V3,9000000179,RD00,E,C00001,RE,1,1,105614,2024-08-11,2024-08-11,150400,,FINANCE02,2024-09-10,151408
100,V3,9000000180,RD00,E,C00013,RE,1,1,155952,2024-06-18,2024-06-18,140400,,FINANCE02,2024-07-18,170037
100,V3,9000000181,RD00,E,C00006,RE,1,1,175248,2024-06-22,2024-06-22,102935,,FINANCE02,2024-07-22,064751
100,V3,9000000182,RD00,E,C00001,RE,5,1,095652,2024-04-28,2024-04-28,105848,,FINANCE01,2024-05-28,123554
100,V3,9000000183,RD00,E,C00006,RE,6,1,163909,2024-08-11,2024-08-11,134306,,FINANCE02,2024-09-10,131342
100,V3,9000000184,RD00,E,C00015,RE,1,1,104810,2024-10-14,2024-10-14,085652,,FINANCE01,2024-11-13,163443
100,V3,9000000186,RD00,E,C00004,RE,5,1,160526,2024-06-12,2024-06-12,172150,,FINANCE01,2024-07-12,100115
100,V3,9000000187,RD00,E,C00001,RE,1,1,105244,2024-05-18,2024-05-18,155611,,FINANCE02,2024-06-17,113454
100,V3,9000000188,RD00,E,C00007,RE,5,1,124759,2024-07-02,2024-07-02,084306,,FINANCE01,2024-08-01,150908
100,V3,9000000191,RD00,E,C00001,RE,1,2,102231,2024-05-25,2024-05-25,150856,,FINANCE02,2024-06-24,070719
100,V3,9000000192,RD00,E,C00013,RE,1,1,074228,2024-06-08,2024-06-08,155856,,FINANCE01,2024-07-08,085729
100,V3,9000000194,RD00,E,C00013,RE,5,1,172316,2024-06-27,2024-06-27,091816,,FINANCE01,2024-07-27,063309
100,V3,9000000195,RD00,E,C00006,RE,5,1,064655,2024-05-15,2024-05-15,134317,,FINANCE02,2024-06-14,124106
100,V3,9000000196,RD00,E,C00006,RE,5,1,092401,2024-06-09,2024-06-09,080207,,FINANCE02,2024-07-09,162123
100,V3,9000000198,RD00,E,C00006,RE,1,1,124132,2024-09-14,2024-09-14,094328,,FINANCE02,2024-10-14,114525
100,V3,9000000199,RD00,E,C00015,RE,5,1,093606,2024-03-20,2024-03-20,142913,,FINANCE02,2024-04-19,120215
100,V3,9000000200,RD00,E,C00013,RE,1,0,154848,2024-03-08,2024-03-08,142627,,FINANCE01,2024-04-07,063732
100,V3,9000000201,RD00,E,C00011,RE,5,1,070853,2024-09-30,2024-09-30,172208,,FINANCE01,2024-10-30,061400
100,V3,9000000202,RD00,E,C00013,RE,5,1,085622,2024-07-10,2024-07-10,095652,,FINANCE01,2024-08-09,070303
100,V3,9000000203,RD00,E,C00008,RE,1,1,110445,2024-06-14,2024-06-14,101100,,FINANCE01,2024-07-14,073628
100,V3,9000000205,RD00,E,C00004,RE,6,1,093547,2024-06-17,2024-06-17,124010,,FINANCE02,2024-07-17,123354
100,V3,9000000206,RD00,E,C00014,RE,2,1,081423,2024-10-04,2024-10-04,125248,,FINANCE02,2024-11-03,105510
100,V3,9000000207,RD00,E,C00004,RE,5,1,161412,2024-02-29,2024-02-29,062501,,FINANCE02,2024-03-30,120530
100,V3,9000000208,RD00,E,C00015,RE,6,1,163739,2024-09-21,2024-09-21,145006,,FINANCE01,2024-10-21,065726
100,V3,9000000210,RD00,E,C00004,RE,6,0,105559,2024-02-06,2024-02-06,063302,,FINANCE01,2024-03-07,152705
100,V3,9000000211,RD00,E,C00007,RE,1,1,125118,2024-02-16,2024-02-16,115829,,FINANCE02,2024-03-17,111215
100,V3,9000000214,RD00,E,C00005,RE,5,1,061842,2024-03-12,2024-03-12,134655,,FINANCE01,2024-04-11,062646
100,V3,9000000215,RD00,E,C00002,RE,5,1,093806,2024-07-06,2024-07-06,085544,,FINANCE01,2024-08-05,132550
100,V3,9000000216,RD00,E,C00003,RE,1,1,075907,2024-07-07,2024-07-07,090041,,FINANCE01,2024-08-06,091212
100,V3,9000000217,RD00,E,C00015,RE,1,1,083624,2024-08-28,2024-08-28,101608,,FINANCE02,2024-09-27,150915
100,V3,9000000218,RD00,E,C00010,RE,5,1,083520,2024-10-28,2024-10-28,084255,,FINANCE02,2024-11-27,093435
100,V3,9000000219,RD00,E,C00003,RE,2,1,161100,2024-08-19,2024-08-19,080552,,FINANCE01,2024-09-18,063951
100,V3,9000000220,RD00,E,C00002,RE,5,0,140452,2024-07-16,2024-07-16,124102,,FINANCE01,2024-08-15,062405
100,V3,9000000221,RD00,E,C00004,RE,5,1,090645,2024-07-02,2024-07-02,110152,,FINANCE02,2024-08-01,090015
100,V3,9000000222,RD00,E,C00006,RE,5,1,141719,2024-04-20,2024-04-20,110137,,FINANCE02,2024-05-20,111946
100,V3,9000000223,RD00,E,C00014,RE,1,0,112831,2024-06-15,2024-06-15,152954,,FINANCE01,2024-07-15,061742
100,V3,9000000224,RD00,E,C00015,RE,5,0,151108,2024-06-13,2024-06-13,060634,,FINANCE02,2024-07-13,151812
100,V3,9000000225,RD00,E,C00014,RE,1,0,083958,2024-05-24,2024-05-24,105603,,FINANCE02,2024-06-23,083417
100,V3,9000000226,RD00,E,C00004,RE,1,1,154855,2024-09-03,2024-09-03,175136,,FINANCE02,2024-10-03,112801
100,V3,9000000228,RD00,E,C00004,RE,6,1,081519,2024-02-15,2024-02-15,140245,,FINANCE02,2024-03-16,174255
100,V3,9000000229,RD00,E,C00008,RE,5,1,090834,2024-09-16,2024-09-16,170752,,FINANCE02,2024-10-16,094544
100,V3,9000000230,RD00,E,C00003,RE,1,1,101638,2024-09-04,2024-09-04,103043,,FINANCE01,2024-10-04,071949
100,V3,9000000231,RD00,E,C00009,RE,5,1,162928,2024-10-04,2024-10-04,102401,,FINANCE02,2024-11-03,064714
100,V3,9000000232,RD00,E,C00004,RE,2,1,090704,2024-08-01,2024-08-01,161353,,FINANCE01,2024-08-31,152901
100,V3,9000000233,RD00,E,C00008,RE,1,1,175652,2024-09-25,2024-09-25,115210,,FINANCE01,2024-10-25,150441
100,V3,9000000234,RD00,E,C00006,RE,5,1,063109,2024-02-16,2024-02-16,115503,,FINANCE01,2024-03-17,160811
100,V3,9000000235,RD00,E,C00011,RE,6,1,111423,2024-08-19,2024-08-19,142001,,FINANCE01,2024-09-18,063954
100,V3,9000000236,RD00,E,C00001,RE,5,1,061234,2024-09-23,2024-09-23,083058,,FINANCE01,2024-10-23,090048
100,V3,9000000237,RD00,E,C00010,RE,1,1,094143,2024-03-08,2024-03-08,161716,,FINANCE01,2024-04-07,140345
100,V3,9000000238,RD00,E,C00011,RE,6,1,061415,2024-02-20,2024-02-20,131145,,FINANCE01,2024-03-21,164732
100,V3,9000000239,RD00,E,C00002,RE,5,2,065110,2024-09-04,2024-09-04,125021,,FINANCE02,2024-10-04,072746
100,V3,9000000240,RD00,E,C00010,RE,5,1,125248,2024-05-13,2024-05-13,153909,,FINANCE01,2024-06-12,165325
100,V3,9000000241,RD00,E,C00003,RE,5,1,171104,2024-10-12,2024-10-12,061812,,FINANCE01,2024-11-11,105933
100,V3,9000000242,RD00,E,C00002,RE,5,1,094851,2024-06-30,2024-06-30,082958,,FINANCE01,2024-07-30,140530
100,V3,9000000243,RD00,E,C00010,RE,6,0,092512,2024-09-05,2024-09-05,124844,,FINANCE02,2024-10-05,125237
100,V3,9000000244,RD00,E,C00011,RE,5,1,144125,2024-01-24,2024-01-24,061449,,FINANCE01,2024-02-23,174155
100,V3,9000000245,RD00,E,C00009,RE,1,1,165948,2024-06-07,2024-06-07,131438,,FINANCE01,2024-07-07,173505
100,V3,9000000246,RD00,E,C00007,RE,1,1,170504,2024-09-04,2024-09-04,124332,,FINANCE01,2024-10-04,070915
100,V3,9000000247,RD00,E,C00006,RE,1,1,103143,2024-08-15,2024-08-15,064332,,FINANCE01,2024-09-14,110100
100,V3,9000000248,RD00,E,C00004,RE,1,2,175633,2024-09-16,2024-09-16,113736,,FINANCE02,2024-10-16,091857
100,V3,9000000249,RD00,E,C00012,RE,5,1,060318,2024-07-23,2024-07-23,130445,,FINANCE01,2024-08-22,160256
100,V3,9000000250,RD00,E,C00004,RE,6,1,135318,2024-09-22,2024-09-22,123821,,FINANCE02,2024-10-22,142146
100,V3,9000000251,RD00,E,C00008,RE,1,2,110233,2024-05-18,2024-05-18,061538,,FINANCE01,2024-06-17,102405
100,V3,9000000252,RD00,E,C00014,RE,6,0,135237,2024-07-28,2024-07-28,090634,,FINANCE02,2024-08-27,115507
100,V3,9000000253,RD00,E,C00005,RE,5,1,124736,2024-06-16,2024-06-16,114547,,FINANCE02,2024-07-16,103721
100,V3,9000000254,RD00,E,C00009,RE,1,1,175337,2024-10-16,2024-10-16,113736,,FINANCE01,2024-11-15,101923
100,V3,9000000257,RD00,E,C00005,RE,6,0,171649,2024-03-11,2024-03-11,102654,,FINANCE02,2024-04-10,143443
100,V3,9000000258,RD00,E,C00002,RE,2,1,164010,2024-04-06,2024-04-06,075425,,FINANCE02,2024-05-06,102754
100,V3,9000000259,RD00,E,C00006,RE,6,1,091712,2024-06-19,2024-06-19,090437,,FINANCE01,2024-07-19,145637
100,V3,9000000260,RD00,E,C00011,RE,6,1,092053,2024-07-01,2024-07-01,061946,,FINANCE02,2024-07-31,123739
100,V3,9000000262,RD00,E,C00001,RE,6,1,142631,2024-10-04,2024-10-04,070911,,FINANCE01,2024-11-03,100303
100,V3,9000000263,RD00,E,C00003,RE,1,1,100111,2024-09-27,2024-09-27,132805,,FINANCE01,2024-10-27,095744
100,V3,9000000264,RD00,E,C00013,RE,6,1,124006,2024-05-17,2024-05-17,151716,,FINANCE01,2024-06-16,134043
100,V3,9000000265,RD00,E,C00013,RE,5,1,093921,2024-05-14,2024-05-14,143350,,FINANCE01,2024-06-13,144313
100,V3,9000000266,RD00,E,C00015,RE,5,1,080037,2024-08-25,2024-08-25,161315,,FINANCE02,2024-09-24,083647
100,V3,9000000268,RD00,E,C00015,RE,5,1,105151,2024-05-04,2024-05-04,072016,,FINANCE01,2024-06-03,121808
100,V3,9000000269,RD00,E,C00002,RE,2,1,114614,2024-02-07,2024-02-07,094243,,FINANCE02,2024-03-08,062901
100,V3,9000000270,RD00,E,C00008,RE,1,1,151553,2024-07-20,2024-07-20,071445,,FINANCE01,2024-08-19,135555
100,V3,9000000271,RD00,E,C00002,RE,1,1,073632,2024-06-06,2024-06-06,090130,,FINANCE02,2024-07-06,141942
100,V3,9000000274,RD00,E,C00007,RE,6,2,134010,2024-07-27,2024-07-27,143220,,FINANCE01,2024-08-26,151145
100,V3,9000000275,RD00,E,C00014,RE,2,2,105148,2024-04-23,2024-04-23,111608,,FINANCE01,2024-05-23,144440
100,V3,9000000276,RD00,E,C00010,RE,6,1,151056,2024-05-23,2024-05-23,175051,,FINANCE02,2024-06-22,134544
100,V3,9000000277,RD00,E,C00003,RE,5,1,082935,2024-02-04,2024-02-04,135533,,FINANCE02,2024-03-05,075522
100,V3,9000000278,RD00,E,C00007,RE,6,1,120007,2024-03-25,2024-03-25,090537,,FINANCE01,2024-04-24,074002
100,V3,9000000279,RD00,E,C00005,RE,5,1,070908,2024-03-11,2024-03-11,114013,,FINANCE02,2024-04-10,162712
100,V3,9000000280,RD00,E,C00006,RE,1,1,094559,2024-03-07,2024-03-07,061623,,FINANCE02,2024-04-06,094836
100,V3,9000000281,RD00,E,C00013,RE,5,1,141138,2024-04-30,2024-04-30,163109,,FINANCE02,2024-05-30,155618
100,V3,9000000282,RD00,E,C00013,RE,2,1,091916,2024-08-01,2024-08-01,113439,,FINANCE01,2024-08-31,135225
100,V3,9000000283,RD00,E,C00004,RE,1,1,160522,2024-08-18,2024-08-18,121608,,FINANCE02,2024-09-17,084529
100,V3,9000000284,RD00,E,C00013,RE,6,1,165325,2024-03-17,2024-03-17,074836,,FINANCE01,2024-04-16,173043
100,V3,9000000285,RD00,E,C00004,RE,5,1,080245,2024-07-27,2024-07-27,123350,,FINANCE01,2024-08-26,134717
100,V3,9000000286,RD00,E,C00002,RE,1,1,110003,2024-03-07,2024-03-07,155048,,FINANCE01,2024-04-06,062505
100,V3,9000000288,RD00,E,C00006,RE,6,1,104840,2024-10-08,2024-10-08,075033,,FINANCE02,2024-11-07,112008
100,V3,9000000289,RD00,E,C00003,RE,6,1,104429,2024-02-29,2024-02-29,074358,,FINANCE01,2024-03-30,114347
100,V3,9000000290,RD00,E,C00011,RE,6,1,110218,2024-06-09,2024-06-09,135036,,FINANCE02,2024-07-09,114255
100,V3,9000000291,RD00,E,C00005,RE,6,1,075529,2024-06-24,2024-06-24,153836,,FINANCE02,2024-07-24,122635
100,V3,9000000292,RD00,E,C00014,RE,6,1,101030,2024-08-19,2024-08-19,103836,,FINANCE02,2024-09-18,093858
100,V3,9000000293,RD00,E,C00013,RE,1,1,174202,2024-01-26,2024-01-26,062335,,FINANCE01,2024-02-25,145614
100,V3,9000000294,RD00,E,C00012,RE,1,1,085929,2024-06-18,2024-06-18,073105,,FINANCE01,2024-07-18,061519
100,V3,9000000295,RD00,E,C00015,RE,5,1,171912,2024-03-29,2024-03-29,151742,,FINANCE01,2024-04-28,142057
100,V3,9000000296,RD00,E,C00012,RE,6,1,121649,2024-05-10,2024-05-10,140819,,FINANCE01,2024-06-09,111111
100,V3,9000000297,RD00,E,C00006,RE,5,1,112624,2024-10-21,2024-10-21,162035,,FINANCE02,2024-11-20,100841
100,V3,9000000298,RD00,E,C00010,RE,1,1,172839,2024-02-04,2024-02-04,064021,,FINANCE02,2024-03-05,074506
100,V3,9000000300,RD00,E,C00003,RE,2,1,145933,2024-08-23,2024-08-23,133309,,FINANCE02,2024-09-22,135140
100,V3,9000000301,RD00,E,C00005,RE,1,1,174833,2024-08-09,2024-08-09,115922,,FINANCE02,2024-09-08,113632
100,V3,9000000302,RD00,E,C00008,RE,1,1,140422,2024-04-11,2024-04-11,093343,,FINANCE01,2024-05-11,144102
100,V3,9000000303,RD00,E,C00011,RE,5,1,142250,2024-03-15,2024-03-15,061327,,FINANCE02,2024-04-14,074255
100,V3,9000000304,RD00,E,C00007,RE,1,1,174417,2024-06-11,2024-06-11,152327,,FINANCE02,2024-07-11,155259
100,V3,9000000305,RD00,E,C00006,RE,5,0,155603,2024-10-12,2024-10-12,122416,,FINANCE02,2024-11-11,152312
100,V3,9000000306,RD00,E,C00005,RE,5,1,141616,2024-05-03,2024-05-03,133317,,FINANCE02,2024-06-02,060437
100,V3,9000000307,RD00,E,C00009,RE,5,0,082257,2024-05-09,2024-05-09,165322,,FINANCE02,2024-06-08,152709
100,V3,9000000308,RD00,E,C00010,RE,1,1,070326,2024-06-13,2024-06-13,093320,,FINANCE02,2024-07-13,061208
100,V3,9000000309,RD00,E,C00013,RE,6,1,155937,2024-09-28,2024-09-28,144432,,FINANCE01,2024-10-28,113739
100,V3,9000000310,RD00,E,C00012,RE,6,1,090037,2024-05-14,2024-05-14,075656,,FINANCE01,2024-06-13,132657
100,V3,9000000312,RD00,E,C00007,RE,6,1,083250,2024-05-16,2024-05-16,124903,,FINANCE02,2024-06-15,121838
100,V3,9000000313,RD00,E,C00013,RE,1,1,152946,2024-08-18,2024-08-18,151808,,FINANCE01,2024-09-17,175310
100,V3,9000000314,RD00,E,C00013,RE,1,1,123105,2024-04-09,2024-04-09,162657,,FINANCE02,2024-05-09,065633
100,V3,9000000315,RD00,E,C00004,RE,6,1,084636,2024-02-04,2024-02-04,104425,,FINANCE02,2024-03-05,164143
100,V3,9000000316,RD00,E,C00003,RE,1,1,123721,2024-05-23,2024-05-23,165926,,FINANCE01,2024-06-22,162801
100,V3,9000000317,RD00,E,C00002,RE,5,1,092120,2024-04-04,2024-04-04,091230,,FINANCE02,2024-05-04,130203
100,V3,9000000318,RD00,E,C00004,RE,5,1,134236,2024-10-07,2024-10-07,101449,,FINANCE01,2024-11-06,164417
100,V3,9000000319,RD00,E,C00014,RE,1,1,125714,2024-10-07,2024-10-07,101308,,FINANCE02,2024-11-06,075718
100,V3,9000000320,RD00,E,C00004,RE,1,1,093754,2024-10-01,2024-10-01,132142,,FINANCE02,2024-10-31,113105
100,V3,9000000321,RD00,E,C00005,RE,5,1,153539,2024-08-21,2024-08-21,165718,,FINANCE02,2024-09-20,064517
100,V3,9000000322,RD00,E,C00002,RE,1,1,083509,2024-06-24,2024-06-24,072450,,FINANCE02,2024-07-24,163220
100,V3,9000000323,RD00,E,C00011,RE,1,1,131938,2024-07-02,2024-07-02,174036,,FINANCE01,2024-08-01,125233
100,V3,9000000324,RD00,E,C00013,RE,1,1,063046,2024-02-23,2024-02-23,072420,,FINANCE01,2024-03-24,124614
100,V3,9000000325,RD00,E,C00010,RE,5,1,131011,2024-05-11,2024-05-11,065159,,FINANCE02,2024-06-10,102312
100,V3,9000000326,RD00,E,C00009,RE,6,1,171404,2024-08-27,2024-08-27,131601,,FINANCE02,2024-09-26,161327
100,V3,9000000328,RD00,E,C00012,RE,5,1,093131,2024-03-19,2024-03-19,090356,,FINANCE01,2024-04-18,061912
100,V3,9000000329,RD00,E,C00013,RE,5,1,082405,2024-06-08,2024-06-08,154047,,FINANCE02,2024-07-08,083902
100,V3,9000000330,RD00,E,C00011,RE,5,1,124013,2024-10-10,2024-10-10,175744,,FINANCE02,2024-11-09,065933
100,V3,9000000331,RD00,E,C00007,RE,6,1,150615,2024-05-11,2024-05-11,104302,,FINANCE01,2024-06-10,143743
100,V3,9000000332,RD00,E,C00013,RE,6,1,145314,2024-03-30,2024-03-30,143101,,FINANCE01,2024-04-29,093320
100,V3,9000000333,RD00,E,C00012,RE,5,1,111308,2024-08-17,2024-08-17,103109,,FINANCE02,2024-09-16,071834
100,V3,9000000337,RD00,E,C00010,RE,6,1,135652,2024-04-09,2024-04-09,124647,,FINANCE02,2024-05-09,113747
100,V3,9000000338,RD00,E,C00002,RE,6,1,074640,2024-07-20,2024-07-20,085225,,FINANCE02,2024-08-19,151111
100,V3,9000000339,RD00,E,C00007,RE,2,1,093131,2024-10-06,2024-10-06,104544,,FINANCE01,2024-11-05,105926
100,V3,9000000342,RD00,E,C00002,RE,5,1,074313,2024-05-27,2024-05-27,124347,,FINANCE01,2024-06-26,122016
100,V3,9000000343,RD00,E,C00010,RE,6,1,161927,2024-01-29,2024-01-29,172657,,FINANCE02,2024-02-28,173317
100,V3,9000000345,RD00,E,C00008,RE,5,1,174243,2024-03-25,2024-03-25,132520,,FINANCE02,2024-04-24,105344
100,V3,9000000346,RD00,E,C00010,RE,5,1,081742,2024-07-31,2024-07-31,144155,,FINANCE02,2024-08-30,093317
100,V3,9000000348,RD00,E,C00008,RE,1,1,171701,2024-05-27,2024-05-27,134325,,FINANCE01,2024-06-26,060311
100,V3,9000000349,RD00,E,C00008,RE,5,1,170056,2024-06-13,2024-06-13,130556,,FINANCE01,2024-07-13,080923
100,V3,9000000350,RD00,E,C00015,RE,5,1,121357,2024-07-08,2024-07-08,134925,,FINANCE01,2024-08-07,094236
100,V3,9000000351,RD00,E,C00013,RE,5,1,102554,2024-06-06,2024-06-06,140649,,FINANCE02,2024-07-06,151430
100,V3,9000000352,RD00,E,C00013,RE,5,0,082931,2024-03-06,2024-03-06,104040,,FINANCE02,2024-04-05,115355
100,V3,9000000353,RD00,E,C00006,RE,5,2,094321,2024-05-08,2024-05-08,080300,,FINANCE01,2024-06-07,121412
100,V3,9000000354,RD00,E,C00003,RE,6,1,153554,2024-09-10,2024-09-10,160615,,FINANCE01,2024-10-10,141716
100,V3,9000000355,RD00,E,C00004,RE,6,1,101616,2024-05-28,2024-05-28,144240,,FINANCE02,2024-06-27,073035
100,V3,9000000356,RD00,E,C00014,RE,5,2,082238,2024-08-21,2024-08-21,100126,,FINANCE01,2024-09-20,115240
100,V3,9000000357,RD00,E,C00012,RE,5,1,081053,2024-09-14,2024-09-14,073913,,FINANCE01,2024-10-14,061831
100,V3,9000000358,RD00,E,C00009,RE,5,1,143447,2024-10-21,2024-10-21,172813,,FINANCE01,2024-11-20,165348
100,V3,9000000359,RD00,E,C00012,RE,5,2,140834,2024-09-04,2024-09-04,121504,,FINANCE01,2024-10-04,171357
100,V3,9000000360,RD00,E,C00015,RE,2,1,060726,2024-02-03,2024-02-03,133224,,FINANCE02,2024-03-04,173809
100,V3,9000000362,RD00,E,C00010,RE,5,2,100934,2024-01-22,2024-01-22,132208,,FINANCE02,2024-02-21,105325
100,V3,9000000363,RD00,E,C00009,RE,6,1,154547,2024-04-18,2024-04-18,114417,,FINANCE01,2024-05-18,153235
100,V3,9000000364,RD00,E,C00007,RE,5,1,113424,2024-09-16,2024-09-16,090337,,FINANCE02,2024-10-16,091253
100,V3,9000000365,RD00,E,C00002,RE,5,1,082843,2024-09-06,2024-09-06,074810,,FINANCE02,2024-10-06,170756
100,V3,9000000366,RD00,E,C00002,RE,1,1,123250,2024-05-29,2024-05-29,071457,,FINANCE01,2024-06-28,144414
100,V3,9000000367,RD00,E,C00005,RE,6,2,073924,2024-06-28,2024-06-28,133317,,FINANCE02,2024-07-28,114944
100,V3,9000000370,RD00,E,C00004,RE,1,1,091857,2024-10-21,2024-10-21,101608,,FINANCE02,2024-11-20,082038
100,V3,9000000371,RD00,E,C00002,RE,1,0,092131,2024-05-16,2024-05-16,115352,,FINANCE01,2024-06-15,073358
100,V3,9000000372,RD00,E,C00003,RE,6,1,160056,2024-07-29,2024-07-29,175922,,FINANCE02,2024-08-28,073254
100,V3,9000000373,RD00,E,C00004,RE,1,1,093558,2024-06-13,2024-06-13,171412,,FINANCE01,2024-07-13,082108
100,V3,9000000374,RD00,E,C00012,RE,6,1,064255,2024-08-14,2024-08-14,102112,,FINANCE02,2024-09-13,144010
100,V3,9000000375,RD00,E,C00003,RE,1,1,093617,2024-03-06,2024-03-06,131138,,FINANCE01,2024-04-05,071104
100,V3,9000000376,RD00,E,C00003,RE,5,1,124110,2024-02-24,2024-02-24,170341,,FINANCE02,2024-03-25,173806
100,V3,9000000377,RD00,E,C00013,RE,5,1,142520,2024-07-19,2024-07-19,150449,,FINANCE02,2024-08-18,073928
100,V3,9000000379,RD00,E,C00014,RE,5,1,111208,2024-03-16,2024-03-16,060808,,FINANCE01,2024-04-15,124625
100,V3,9000000381,RD00,E,C00013,RE,1,1,065637,2024-10-22,2024-10-22,111723,,FINANCE02,2024-11-21,103402
100,V3,9000000384,RD00,E,C00006,RE,6,1,161145,2024-06-15,2024-06-15,060949,,FINANCE02,2024-07-15,065941
100,V3,9000000386,RD00,E,C00013,RE,5,1,124240,2024-08-01,2024-08-01,145537,,FINANCE02,2024-08-31,161708
100,V3,9000000387,RD00,E,C00015,RE,6,1,151515,2024-08-05,2024-08-05,064710,,FINANCE01,2024-09-04,105014
100,V3,9000000388,RD00,E,C00004,RE,5,1,171908,2024-03-21,2024-03-21,171846,,FINANCE02,2024-04-20,160252
100,V3,9000000389,RD00,E,C00004,RE,5,1,081938,2024-11-03,2024-11-03,111653,,FINANCE02,2024-12-03,110107
100,V3,9000000390,RD00,E,C00011,RE,1,0,124755,2024-04-28,2024-04-28,104128,,FINANCE01,2024-05-28,171430
100,V3,9000000391,RD00,E,C00011,RE,1,1,114859,2024-04-10,2024-04-10,091831,,FINANCE01,2024-05-10,134929
100,V3,9000000392,RD00,E,C00012,RE,1,1,113702,2024-07-12,2024-07-12,170919,,FINANCE01,2024-08-11,125533
100,V3,9000000393,RD00,E,C00010,RE,5,1,091245,2024-04-17,2024-04-17,082631,,FINANCE02,2024-05-17,061927
100,V3,9000000395,RD00,E,C00014,RE,1,0,121149,2024-07-09,2024-07-09,110456,,FINANCE01,2024-08-08,110641
100,V3,9000000396,RD00,E,C00003,RE,1,1,120156,2024-07-18,2024-07-18,074944,,FINANCE02,2024-08-17,101638
100,V3,9000000397,RD00,E,C00014,RE,1,1,134536,2024-01-30,2024-01-30,134043,,FINANCE01,2024-02-29,072338
100,V3,9000000398,RD00,E,C00005,RE,6,1,165106,2024-04-27,2024-04-27,171427,,FINANCE01,2024-05-27,174410
100,V3,9000000399,RD00,E,C00003,RE,5,1,065952,2024-05-15,2024-05-15,153558,,FINANCE02,2024-06-14,103632
100,V3,9000000400,RD00,E,C00014,RE,5,1,100756,2024-07-16,2024-07-16,061727,,FINANCE02,2024-08-15,115852
100,V3,9000000402,RD00,E,C00009,RE,1,1,105025,2024-03-24,2024-03-24,160826,,FINANCE02,2024-04-23,105811
100,V3,9000000403,RD00,E,C00012,RE,6,1,145225,2024-07-03,2024-07-03,100318,,FINANCE02,2024-08-02,103350
100,V3,9000000405,RD00,E,C00005,RE,5,1,123146,2024-04-13,2024-04-13,162654,,FINANCE01,2024-05-13,114948
100,V3,9000000406,RD00,E,C00004,RE,1,1,125252,2024-02-03,2024-02-03,143158,,FINANCE01,2024-03-04,112742
100,V3,9000000407,RD00,E,C00003,RE,1,1,170934,2024-04-18,2024-04-18,104636,,FINANCE02,2024-05-18,063958
100,V3,9000000409,RD00,E,C00013,RE,6,1,151138,2024-04-08,2024-04-08,123432,,FINANCE02,2024-05-08,165752
100,V3,9000000410,RD00,E,C00007,RE,5,1,073146,2024-02-28,2024-02-28,132327,,FINANCE02,2024-03-29,155729
100,V3,9000000411,RD00,E,C00012,RE,5,1,063520,2024-02-26,2024-02-26,083913,,FINANCE02,2024-03-27,125310
100,V3,9000000413,RD00,E,C00003,RE,5,0,133305,2024-09-15,2024-09-15,132627,,FINANCE01,2024-10-15,133728
100,V3,9000000414,RD00,E,C00001,RE,6,1,135033,2024-05-27,2024-05-27,102839,,FINANCE01,2024-06-26,144714
100,V3,9000000417,RD00,E,C00012,RE,5,2,133143,2024-06-23,2024-06-23,175314,,FINANCE01,2024-07-23,071227
100,V3,9000000418,RD00,E,C00009,RE,5,2,121257,2024-07-10,2024-07-10,134759,,FINANCE01,2024-08-09,062146
100,V3,9000000419,RD00,E,C00007,RE,6,1,170152,2024-02-28,2024-02-28,072609,,FINANCE02,2024-03-29,140637
100,V3,9000000420,RD00,E,C00003,RE,6,1,160333,2024-10-02,2024-10-02,120911,,FINANCE01,2024-11-01,094240
100,V3,9000000422,RD00,E,C00010,RE,5,1,121245,2024-02-27,2024-02-27,071034,,FINANCE01,2024-03-28,115055
100,V3,9000000423,RD00,E,C00012,RE,1,2,175941,2024-02-24,2024-02-24,141004,,FINANCE02,2024-03-25,133443
100,V3,9000000424,RD00,E,C00005,RE,6,1,150838,2024-04-18,2024-04-18,140552,,FINANCE02,2024-05-18,083921
100,V3,9000000425,RD00,E,C00006,RE,5,1,145540,2024-10-13,2024-10-13,142531,,FINANCE02,2024-11-12,085459
100,V3,9000000427,RD00,E,C00013,RE,6,1,064702,2024-09-18,2024-09-18,060652,,FINANCE01,2024-10-18,072439
100,V3,9000000428,RD00,E,C00006,RE,6,1,172527,2024-03-29,2024-03-29,090956,,FINANCE02,2024-04-28,131330
100,V3,9000000429,RD00,E,C00013,RE,1,1,085403,2024-10-09,2024-10-09,060745,,FINANCE02,2024-11-08,134647
100,V3,9000000430,RD00,E,C00008,RE,5,1,064751,2024-05-10,2024-05-10,163035,,FINANCE02,2024-06-09,131457
100,V3,9000000431,RD00,E,C00013,RE,5,1,145652,2024-04-16,2024-04-16,070230,,FINANCE02,2024-05-16,062931
100,V3,9000000432,RD00,E,C00005,RE,1,1,090048,2024-08-26,2024-08-26,173736,,FINANCE02,2024-09-25,085752
100,V3,9000000434,RD00,E,C00006,RE,5,1,173828,2024-02-10,2024-02-10,061023,,FINANCE01,2024-03-11,150615
100,V3,9000000436,RD00,E,C00011,RE,5,1,075911,2024-08-31,2024-08-31,160649,,FINANCE02,2024-09-30,082935
100,V3,9000000442,RD00,E,C00005,RE,5,1,171642,2024-04-22,2024-04-22,105737,,FINANCE01,2024-05-22,132757
100,V3,9000000444,RD00,E,C00010,RE,2,1,071245,2024-03-25,2024-03-25,150449,,FINANCE02,2024-04-24,141716
100,V3,9000000445,RD00,E,C00015,RE,6,1,062135,2024-07-18,2024-07-18,133736,,FINANCE01,2024-08-17,123721
100,V3,9000000446,RD00,E,C00008,RE,6,1,150715,2024-02-06,2024-02-06,090145,,FINANCE02,2024-03-07,071123
100,V3,9000000448,RD00,E,C00012,RE,5,1,163709,2024-03-14,2024-03-14,115244,,FINANCE01,2024-04-13,085303
100,V3,9000000449,RD00,E,C00006,RE,1,0,135941,2024-10-23,2024-10-23,130819,,FINANCE01,2024-11-22,171549
100,V3,9000000451,RD00,E,C00006,RE,5,1,103109,2024-02-24,2024-02-24,080911,,FINANCE02,2024-03-25,151627
100,V3,9000000452,RD00,E,C00003,RE,2,1,081530,2024-06-19,2024-06-19,140534,,FINANCE02,2024-07-19,170845
100,V3,9000000453,RD00,E,C00001,RE,2,1,130519,2024-05-28,2024-05-28,061034,,FINANCE01,2024-06-27,091304
100,V3,9000000454,RD00,E,C00009,RE,5,1,170641,2024-10-19,2024-10-19,145229,,FINANCE01,2024-11-18,062735
100,V3,9000000455,RD00,E,C00006,RE,6,2,152931,2024-05-02,2024-05-02,121953,,FINANCE02,2024-06-01,061223
100,V3,9000000456,RD00,E,C00011,RE,5,1,123836,2024-02-12,2024-02-12,110622,,FINANCE02,2024-03-13,172042
100,V3,9000000457,RD00,E,C00001,RE,1,1,160637,2024-05-11,2024-05-11,152016,,FINANCE01,2024-06-10,134358
100,V3,9000000458,RD00,E,C00005,RE,1,1,144855,2024-02-03,2024-02-03,074047,,FINANCE02,2024-03-04,093058
100,V3,9000000459,RD00,E,C00006,RE,6,1,131549,2024-08-29,2024-08-29,122557,,FINANCE01,2024-09-28,113532
100,V3,9000000460,RD00,E,C00008,RE,1,1,154414,2024-09-18,2024-09-18,101230,,FINANCE01,2024-10-18,175014
100,V3,9000000461,RD00,E,C00009,RE,6,2,174417,2024-09-14,2024-09-14,073658,,FINANCE01,2024-10-14,111946
100,V3,9000000462,RD00,E,C00014,RE,5,1,165329,2024-05-26,2024-05-26,134036,,FINANCE02,2024-06-25,145518
100,V3,9000000463,RD00,E,C00003,RE,2,1,125829,2024-10-11,2024-10-11,114836,,FINANCE01,2024-11-10,072446
100,V3,9000000464,RD00,E,C00005,RE,2,1,123717,2024-09-28,2024-09-28,080745,,FINANCE02,2024-10-28,105811
100,V3,9000000465,RD00,E,C00013,RE,5,1,143736,2024-02-19,2024-02-19,085911,,FINANCE01,2024-03-20,165529
100,V3,9000000466,RD00,E,C00014,RE,5,1,170611,2024-08-11,2024-08-11,120700,,FINANCE02,2024-09-10,165856
100,V3,9000000467,RD00,E,C00012,RE,5,1,160607,2024-10-04,2024-10-04,141253,,FINANCE02,2024-11-03,081204
100,V3,9000000468,RD00,E,C00002,RE,5,2,160337,2024-02-11,2024-02-11,155944,,FINANCE02,2024-03-12,142635
100,V3,9000000469,RD00,E,C00014,RE,1,1,105314,2024-05-19,2024-05-19,100634,,FINANCE01,2024-06-18,101927
100,V3,9000000470,RD00,E,C00010,RE,1,0,112858,2024-09-10,2024-09-10,060908,,FINANCE02,2024-10-10,172431
100,V3,9000000471,RD00,E,C00013,RE,6,1,131923,2024-06-20,2024-06-20,135244,,FINANCE01,2024-07-20,122231
100,V3,9000000474,RD00,E,C00007,RE,1,1,110904,2024-09-05,2024-09-05,075729,,FINANCE01,2024-10-05,141111
100,V3,9000000475,RD00,E,C00015,RE,5,1,123724,2024-08-12,2024-08-12,084406,,FINANCE01,2024-09-11,073302
100,V3,9000000476,RD00,E,C00006,RE,5,1,063924,2024-01-28,2024-01-28,175503,,FINANCE02,2024-02-27,060756
100,V3,9000000478,RD00,E,C00006,RE,5,1,144113,2024-06-23,2024-06-23,143851,,FINANCE02,2024-07-23,081219
100,V3,9000000479,RD00,E,C00005,RE,5,1,131453,2024-06-22,2024-06-22,140115,,FINANCE02,2024-07-22,075129
100,V3,9000000480,RD00,E,C00013,RE,1,1,102346,2024-05-08,2024-05-08,063728,,FINANCE01,2024-06-07,071934
100,V3,9000000482,RD00,E,C00003,RE,5,1,115826,2024-08-31,2024-08-31,120838,,FINANCE01,2024-09-30,145155
100,V3,9000000483,RD00,E,C00004,RE,1,1,115410,2024-03-09,2024-03-09,172205,,FINANCE01,2024-04-08,073643
100,V3,9000000484,RD00,E,C00007,RE,1,1,092720,2024-04-11,2024-04-11,095055,,FINANCE01,2024-05-11,141727
100,V3,9000000485,RD00,E,C00015,RE,5,0,100838,2024-04-08,2024-04-08,152023,,FINANCE01,2024-05-08,073609
100,V3,9000000487,RD00,E,C00015,RE,6,2,084551,2024-06-18,2024-06-18,163354,,FINANCE02,2024-07-18,094629
100,V3,9000000488,RD00,E,C00010,RE,6,1,074402,2024-07-08,2024-07-08,140534,,FINANCE01,2024-08-07,104313
100,V3,9000000489,RD00,E,C00002,RE,1,1,110507,2024-10-06,2024-10-06,145607,,FINANCE02,2024-11-05,073621
100,V3,9000000490,RD00,E,C00004,RE,1,1,154944,2024-03-23,2024-03-23,073358,,FINANCE02,2024-04-22,134944
100,V3,9000000491,RD00,E,C00003,RE,6,1,061434,2024-09-15,2024-09-15,074213,,FINANCE01,2024-10-15,140534
100,V3,9000000492,RD00,E,C00007,RE,5,1,160045,2024-03-03,2024-03-03,093309,,FINANCE02,2024-04-02,173205
100,V3,9000000493,RD00,E,C00010,RE,2,1,070337,2024-09-28,2024-09-28,064232,,FINANCE01,2024-10-28,102331
100,V3,9000000494,RD00,E,C00010,RE,1,1,101942,2024-03-14,2024-03-14,134514,,FINANCE01,2024-04-13,104036
100,V3,9000000495,RD00,E,C00002,RE,5,0,095114,2024-10-17,2024-10-17,073624,,FINANCE01,2024-11-16,080926
100,V3,9000000496,RD00,E,C00008,RE,5,1,160808,2024-05-23,2024-05-23,120452,,FINANCE02,2024-06-22,162050
100,V3,9000000497,RD00,E,C00007,RE,5,1,125210,2024-06-16,2024-06-16,172038,,FINANCE02,2024-07-16,143317
100,V3,9000000498,RD00,E,C00004,RE,5,1,110711,2024-01-28,2024-01-28,172116,,FINANCE02,2024-02-27,114647
100,V3,9000000499,RD00,E,C00007,RE,5,1,155114,2024-06-24,2024-06-24,141245,,FINANCE01,2024-07-24,173524
100,MR,51000000002024,NEU,E,V0001,LF,6,1,175333,2024-05-21,2024-05-21,,,FINANCE02,2024-06-20,145433
100,MR,51000000012024,NEU,E,V0013,LF,6,1,162609,2024-05-26,2024-05-26,,,FINANCE01,2024-06-25,070841
100,MR,51000000022024,NEU,E,V0001,LF,6,1,164006,2024-06-24,2024-06-24,,,FINANCE01,2024-07-24,102846
100,MR,51000000032024,NEU,E,V0002,LF,6,1,160556,2024-06-24,2024-06-24,,,FINANCE01,2024-07-24,175711
100,MR,51000000032024,NEU,E,V0002,LF,6,1,160556,2024-06-29,2024-06-29,,,FINANCE01,2024-07-29,175711
100,MR,51000000042024,NEU,E,V0003,LF,6,2,103302,2024-09-15,2024-09-15,,,FINANCE02,2024-10-15,123532
100,MR,51000000052024,NEU,E,V0014,LF,6,1,174158,2024-04-24,2024-04-24,,,FINANCE02,2024-05-24,093046
100,MR,51000000062024,NEU,E,V0012,LF,6,1,144306,2024-06-19,2024-06-19,,,FINANCE02,2024-07-19,090311
100,MR,51000000072024,NEU,E,V0007,LF,6,1,080033,2024-07-27,2024-07-27,,,FINANCE02,2024-08-26,101912
100,MR,51000000082024,NEU,E,V0007,LF,6,1,115121,2024-04-26,2024-04-26,,,FINANCE02,2024-05-26,134929
100,MR,51000000092024,NEU,E,V0001,LF,6,1,142916,2024-08-21,2024-08-21,,,FINANCE01,2024-09-20,123724
100,MR,51000000102024,NEU,E,V0001,LF,6,1,094625,2024-10-03,2024-10-03,,,FINANCE01,2024-11-02,130722
100,MR,51000000102024,NEU,E,V0001,LF,6,1,094625,2024-10-17,2024-10-17,,,FINANCE02,2024-11-16,130722
100,MR,51000000112024,NEU,E,V0012,LF,6,1,061257,2024-07-31,2024-07-31,,,FINANCE01,2024-08-30,074821
100,MR,51000000122024,NEU,E,V0002,LF,6,1,114617,2024-03-27,2024-03-27,,,FINANCE02,2024-04-26,065856
100,MR,51000000132024,NEU,E,V0015,LF,6,1,114240,2024-11-01,2024-11-01,,,FINANCE02,2024-12-01,085433
100,MR,51000000142024,NEU,E,V0003,LF,6,1,094636,2024-10-07,2024-10-07,,,FINANCE02,2024-11-06,065448
100,MR,51000000152024,NEU,E,V0004,LF,6,1,164736,2024-05-01,2024-05-01,,,FINANCE02,2024-05-31,121519
100,MR,51000000162024,NEU,E,V0007,LF,6,2,111719,2024-08-10,2024-08-10,,,FINANCE01,2024-09-09,085222
100,MR,51000000162024,NEU,E,V0007,LF,6,0,111719,2024-08-01,2024-08-01,,,FINANCE01,2024-08-31,085222
100,MR,51000000172024,NEU,E,V0008,LF,6,1,072135,2024-06-21,2024-06-21,,,FINANCE01,2024-07-21,073043
100,MR,51000000182024,NEU,E,V0010,LF,6,1,111319,2024-05-30,2024-05-30,,,FINANCE01,2024-06-29,162512
100,MR,51000000192024,NEU,E,V0006,LF,6,0,080953,2024-09-11,2024-09-11,,,FINANCE01,2024-10-11,103013
100,MR,51000000202024,NEU,E,V0010,LF,6,1,143505,2024-08-15,2024-08-15,,,FINANCE01,2024-09-14,075433
100,MR,51000000212024,NEU,E,V0003,LF,6,1,153116,2024-08-26,2024-08-26,,,FINANCE01,2024-09-25,140604
100,MR,51000000222024,NEU,E,V0007,LF,6,1,173817,2024-04-19,2024-04-19,,,FINANCE01,2024-05-19,084502
100,MR,51000000232024,NEU,E,V0014,LF,6,1,170156,2024-06-09,2024-06-09,,,FINANCE02,2024-07-09,092501
100,MR,51000000242024,NEU,E,V0005,LF,6,1,080604,2024-03-12,2024-03-12,,,FINANCE02,2024-04-11,174421
100,MR,51000000252024,NEU,E,V0007,LF,6,1,163824,2024-09-02,2024-09-02,,,FINANCE01,2024-10-02,102253
100,MR,51000000262024,NEU,E,V0004,LF,6,1,074702,2024-09-15,2024-09-15,,,FINANCE01,2024-10-15,173435
100,MR,51000000272024,NEU,E,V0004,LF,6,1,094240,2024-08-19,2024-08-19,,,FINANCE01,2024-09-18,074236
100,MR,51000000272024,NEU,E,V0004,LF,6,1,094240,2024-08-16,2024-08-16,,,FINANCE02,2024-09-15,074236
100,MR,51000000282024,NEU,E,V0013,LF,6,1,155248,2024-07-15,2024-07-15,,,FINANCE02,2024-08-14,162008
100,MR,51000000292024,NEU,E,V0014,LF,6,1,080011,2024-05-29,2024-05-29,,,FINANCE02,2024-06-28,170456
100,MR,51000000302024,NEU,E,V0008,LF,6,1,145944,2024-06-24,2024-06-24,,,FINANCE02,2024-07-24,075118
100,MR,51000000302024,NEU,E,V0008,LF,6,0,145944,2024-06-29,2024-06-29,,,FINANCE01,2024-07-29,075118
100,MR,51000000312024,NEU,E,V0003,LF,6,1,153154,2024-06-18,2024-06-18,,,FINANCE02,2024-07-18,115618
100,MR,51000000312024,NEU,E,V0003,LF,6,1,153154,2024-06-18,2024-06-18,,,FINANCE01,2024-07-18,115618
100,MR,51000000322024,NEU,E,V0012,LF,6,1,063639,2024-06-23,2024-06-23,,,FINANCE01,2024-07-23,121200
100,MR,51000000322024,NEU,E,V0012,LF,6,1,063639,2024-06-20,2024-06-20,,,FINANCE02,2024-07-20,121200
100,MR,51000000332024,NEU,E,V0003,LF,6,1,104258,2024-09-07,2024-09-07,,,FINANCE01,2024-10-07,071315
100,MR,51000000342024,NEU,E,V0010,LF,6,1,065003,2024-08-09,2024-08-09,,,FINANCE02,2024-09-08,142954
100,MR,51000000342024,NEU,E,V0010,LF,6,1,065003,2024-07-26,2024-07-26,,,FINANCE02,2024-08-25,142954
100,MR,51000000352024,NEU,E,V0004,LF,6,1,140300,2024-09-06,2024-09-06,,,FINANCE01,2024-10-06,092405
100,MR,51000000362024,NEU,E,V0002,LF,6,1,121008,2024-08-23,2024-08-23,,,FINANCE01,2024-09-22,154506
100,MR,51000000362024,NEU,E,V0002,LF,6,1,121008,2024-08-25,2024-08-25,,,FINANCE02,2024-09-24,154506
100,MR,51000000372024,NEU,E,V0010,LF,6,1,102520,2024-03-21,2024-03-21,,,FINANCE01,2024-04-20,141512
100,MR,51000000382024,NEU,E,V0007,LF,6,1,141538,2024-10-20,2024-10-20,,,FINANCE02,2024-11-19,064636
100,MR,51000000382024,NEU,E,V0007,LF,6,1,141538,2024-10-12,2024-10-12,,,FINANCE01,2024-11-11,064636
100,MR,51000000392024,NEU,E,V0006,LF,6,0,151145,2024-10-20,2024-10-20,,,FINANCE02,2024-11-19,080700
100,MR,51000000402024,NEU,E,V0007,LF,6,1,131934,2024-07-06,2024-07-06,,,FINANCE02,2024-08-05,110100
100,MR,51000000412024,NEU,E,V0008,LF,6,0,160115,2024-03-28,2024-03-28,,,FINANCE02,2024-04-27,144425
100,MR,51000000422024,NEU,E,V0005,LF,6,1,152616,2024-07-20,2024-07-20,,,FINANCE02,2024-08-19,161000
100,MR,51000000432024,NEU,E,V0009,LF,6,1,060311,2024-10-01,2024-10-01,,,FINANCE01,2024-10-31,072120
100,MR,51000000442024,NEU,E,V0015,LF,6,1,072850,2024-10-02,2024-10-02,,,FINANCE01,2024-11-01,173243
100,MR,51000000452024,NEU,E,V0014,LF,6,1,093402,2024-06-29,2024-06-29,,,FINANCE02,2024-07-29,091831
100,MR,51000000462024,NEU,E,V0005,LF,6,1,120226,2024-04-16,2024-04-16,,,FINANCE02,2024-05-16,074213
100,MR,51000000472024,NEU,E,V0009,LF,6,1,112705,2024-03-12,2024-03-12,,,FINANCE02,2024-04-11,151134
100,MR,51000000482024,NEU,E,V0006,LF,6,1,135218,2024-07-22,2024-07-22,,,FINANCE02,2024-08-21,144555
100,MR,51000000482024,NEU,E,V0006,LF,6,1,135218,2024-07-20,2024-07-20,,,FINANCE02,2024-08-19,144555
100,MR,51000000492024,NEU,E,V0013,LF,6,1,085114,2024-04-08,2024-04-08,,,FINANCE01,2024-05-08,144347
100,MR,51000000492024,NEU,E,V0013,LF,6,1,085114,2024-04-15,2024-04-15,,,FINANCE02,2024-05-15,144347
100,MR,51000000502024,NEU,E,V0004,LF,6,1,131312,2024-10-13,2024-10-13,,,FINANCE01,2024-11-12,065452
100,MR,51000000502024,NEU,E,V0004,LF,6,1,131312,2024-10-05,2024-10-05,,,FINANCE02,2024-11-04,065452
100,MR,51000000512024,NEU,E,V0002,LF,6,1,085159,2024-08-19,2024-08-19,,,FINANCE01,2024-09-18,160704
100,MR,51000000522024,NEU,E,V0010,LF,6,1,120704,2024-07-25,2024-07-25,,,FINANCE01,2024-08-24,154506
100,MR,51000000532024,NEU,E,V0010,LF,6,1,142401,2024-09-09,2024-09-09,,,FINANCE02,2024-10-09,140534
100,MR,51000000542024,NEU,E,V0011,LF,6,1,161408,2024-03-24,2024-03-24,,,FINANCE02,2024-04-23,113228
100,MR,51000000552024,NEU,E,V0014,LF,6,0,144755,2024-06-07,2024-06-07,,,FINANCE02,2024-07-07,162909
100,MR,51000000552024,NEU,E,V0014,LF,6,1,144755,2024-05-28,2024-05-28,,,FINANCE01,2024-06-27,162909
100,MR,51000000562024,NEU,E,V0005,LF,6,0,101549,2024-10-15,2024-10-15,,,FINANCE01,2024-11-14,074158
100,MR,51000000572024,NEU,E,V0004,LF,6,0,115748,2024-03-23,2024-03-23,,,FINANCE02,2024-04-22,081923
100,MR,51000000582024,NEU,E,V0005,LF,6,1,092450,2024-07-31,2024-07-31,,,FINANCE01,2024-08-30,070808
100,MR,51000000592024,NEU,E,V0002,LF,6,1,102116,2024-09-14,2024-09-14,,,FINANCE02,2024-10-14,164702
100,MR,51000000602024,NEU,E,V0011,LF,6,1,072709,2024-05-14,2024-05-14,,,FINANCE01,2024-06-13,114358
100,MR,51000000612024,NEU,E,V0009,LF,6,1,105440,2024-04-23,2024-04-23,,,FINANCE01,2024-05-23,121342
100,MR,51000000612024,NEU,E,V0009,LF,6,1,105440,2024-04-29,2024-04-29,,,FINANCE02,2024-05-29,121342
100,MR,51000000622024,NEU,E,V0008,LF,6,1,141701,2024-08-03,2024-08-03,,,FINANCE02,2024-09-02,144421
100,MR,51000000632024,NEU,E,V0010,LF,6,1,061242,2024-08-11,2024-08-11,,,FINANCE01,2024-09-10,130715
100,MR,51000000642024,NEU,E,V0014,LF,6,1,171053,2024-02-09,2024-02-09,,,FINANCE01,2024-03-10,102231
100,MR,51000000652024,NEU,E,V0008,LF,6,1,162501,2024-04-26,2024-04-26,,,FINANCE01,2024-05-26,080437
100,MR,51000000662024,NEU,E,V0008,LF,6,0,105856,2024-08-09,2024-08-09,,,FINANCE01,2024-09-08,082020
100,MR,51000000672024,NEU,E,V0013,LF,6,1,073124,2024-11-18,2024-11-18,,,FINANCE01,2024-12-18,063046
100,MR,51000000672024,NEU,E,V0013,LF,6,1,073124,2024-11-21,2024-11-21,,,FINANCE01,2024-12-21,063046
100,MR,51000000682024,NEU,E,V0007,LF,6,0,142346,2024-09-30,2024-09-30,,,FINANCE01,2024-10-30,073001
100,MR,51000000692024,NEU,E,V0008,LF,6,1,135207,2024-05-21,2024-05-21,,,FINANCE02,2024-06-20,074848
100,MR,51000000702024,NEU,E,V0005,LF,6,1,095422,2024-06-14,2024-06-14,,,FINANCE01,2024-07-14,092735
100,MR,51000000712024,NEU,E,V0005,LF,6,1,075025,2024-06-07,2024-06-07,,,FINANCE01,2024-07-07,143706
100,MR,51000000712024,NEU,E,V0005,LF,6,1,075025,2024-06-12,2024-06-12,,,FINANCE01,2024-07-12,143706
100,MR,51000000722024,NEU,E,V0012,LF,6,1,082350,2024-09-30,2024-09-30,,,FINANCE01,2024-10-30,100007
100,MR,51000000732024,NEU,E,V0005,LF,6,1,092754,2024-08-20,2024-08-20,,,FINANCE02,2024-09-19,094347
100,MR,51000000742024,NEU,E,V0007,LF,6,1,133947,2024-04-12,2024-04-12,,,FINANCE01,2024-05-12,123217
100,MR,51000000752024,NEU,E,V0002,LF,6,1,110734,2024-11-13,2024-11-13,,,FINANCE01,2024-12-13,144436
100,MR,51000000762024,NEU,E,V0015,LF,6,1,131819,2024-05-23,2024-05-23,,,FINANCE01,2024-06-22,170515
100,MR,51000000772024,NEU,E,V0009,LF,6,1,120230,2024-03-18,2024-03-18,,,FINANCE02,2024-04-17,103439
100,MR,51000000782024,NEU,E,V0015,LF,6,1,094921,2024-03-24,2024-03-24,,,FINANCE02,2024-04-23,091908
100,MR,51000000792024,NEU,E,V0005,LF,6,0,151627,2024-09-07,2024-09-07,,,FINANCE02,2024-10-07,091212
100,MR,51000000802024,NEU,E,V0005,LF,6,1,111000,2024-10-13,2024-10-13,,,FINANCE01,2024-11-12,072405
100,MR,51000000812024,NEU,E,V0013,LF,6,1,163013,2024-05-26,2024-05-26,,,FINANCE01,2024-06-25,092454
100,MR,51000000822024,NEU,E,V0005,LF,6,1,070611,2024-10-30,2024-10-30,,,FINANCE02,2024-11-29,122909
100,MR,51000000832024,NEU,E,V0014,LF,6,0,105837,2024-05-27,2024-05-27,,,FINANCE01,2024-06-26,093039
100,MR,51000000842024,NEU,E,V0001,LF,6,1,135510,2024-10-29,2024-10-29,,,FINANCE01,2024-11-28,123417
100,MR,51000000842024,NEU,E,V0001,LF,6,1,135510,2024-10-31,2024-10-31,,,FINANCE02,2024-11-30,123417
100,MR,51000000852024,NEU,E,V0014,LF,6,1,165303,2024-09-24,2024-09-24,,,FINANCE01,2024-10-24,112401
100,MR,51000000862024,NEU,E,V0005,LF,6,1,111646,2024-03-04,2024-03-04,,,FINANCE02,2024-04-03,083658
100,MR,51000000872024,NEU,E,V0004,LF,6,1,171315,2024-04-11,2024-04-11,,,FINANCE02,2024-05-11,070741
100,MR,51000000882024,NEU,E,V0012,LF,6,1,102835,2024-08-01,2024-08-01,,,FINANCE02,2024-08-31,112605
100,MR,51000000892024,NEU,E,V0010,LF,6,1,110107,2024-09-05,2024-09-05,,,FINANCE02,2024-10-05,174514
100,MR,51000000902024,NEU,E,V0007,LF,6,1,132142,2024-07-24,2024-07-24,,,FINANCE02,2024-08-23,065629
100,MR,51000000912024,NEU,E,V0011,LF,6,0,155303,2024-06-04,2024-06-04,,,FINANCE02,2024-07-04,111901
100,MR,51000000922024,NEU,E,V0012,LF,6,1,160141,2024-04-14,2024-04-14,,,FINANCE01,2024-05-14,172527
100,MR,51000000932024,NEU,E,V0014,LF,6,2,154521,2024-03-23,2024-03-23,,,FINANCE02,2024-04-22,093847
100,MR,51000000932024,NEU,E,V0014,LF,6,1,154521,2024-03-23,2024-03-23,,,FINANCE01,2024-04-22,093847
100,MR,51000000942024,NEU,E,V0012,LF,6,1,085103,2024-06-10,2024-06-10,,,FINANCE01,2024-07-10,060615
100,MR,51000000952024,NEU,E,V0012,LF,6,1,110111,2024-09-23,2024-09-23,,,FINANCE02,2024-10-23,154158
100,MR,51000000962024,NEU,E,V0013,LF,6,1,080956,2024-08-06,2024-08-06,,,FINANCE02,2024-09-05,163302
100,MR,51000000972024,NEU,E,V0005,LF,6,1,071500,2024-04-22,2024-04-22,,,FINANCE02,2024-05-22,104002
100,MR,51000000972024,NEU,E,V0005,LF,6,1,071500,2024-04-20,2024-04-20,,,FINANCE02,2024-05-20,104002
100,MR,51000000982024,NEU,E,V0008,LF,6,1,140500,2024-10-13,2024-10-13,,,FINANCE01,2024-11-12,132801
100,MR,51000000982024,NEU,E,V0008,LF,6,1,140500,2024-10-13,2024-10-13,,,FINANCE01,2024-11-12,132801
100,MR,51000000992024,NEU,E,V0005,LF,6,0,064536,2024-06-29,2024-06-29,,,FINANCE01,2024-07-29,083043
100,MR,51000001002024,NEU,E,V0012,LF,6,1,142116,2024-04-14,2024-04-14,,,FINANCE02,2024-05-14,155003
100,MR,51000001012024,NEU,E,V0008,LF,6,1,142031,2024-07-19,2024-07-19,,,FINANCE02,2024-08-18,094258
100,MR,51000001022024,NEU,E,V0003,LF,6,1,174340,2024-04-17,2024-04-17,,,FINANCE01,2024-05-17,124532
100,MR,51000001022024,NEU,E,V0003,LF,6,1,174340,2024-04-25,2024-04-25,,,FINANCE01,2024-05-25,124532
100,MR,51000001032024,NEU,E,V0003,LF,6,1,115352,2024-03-08,2024-03-08,,,FINANCE01,2024-04-07,073005
100,MR,51000001042024,NEU,E,V0014,LF,6,1,172012,2024-03-16,2024-03-16,,,FINANCE01,2024-04-15,063028
100,MR,51000001052024,NEU,E,V0006,LF,6,1,120248,2024-08-18,2024-08-18,,,FINANCE02,2024-09-17,073821
100,MR,51000001062024,NEU,E,V0007,LF,6,1,115603,2024-03-04,2024-03-04,,,FINANCE01,2024-04-03,071149
100,MR,51000001072024,NEU,E,V0013,LF,6,0,154540,2024-10-22,2024-10-22,,,FINANCE02,2024-11-21,150333
100,MR,51000001082024,NEU,E,V0004,LF,6,1,165629,2024-10-29,2024-10-29,,,FINANCE02,2024-11-28,175911
100,MR,51000001082024,NEU,E,V0004,LF,6,1,165629,2024-11-08,2024-11-08,,,FINANCE02,2024-12-08,175911
100,MR,51000001092024,NEU,E,V0008,LF,6,1,131704,2024-05-05,2024-05-05,,,FINANCE02,2024-06-04,170256
100,MR,51000001092024,NEU,E,V0008,LF,6,1,131704,2024-05-05,2024-05-05,,,FINANCE01,2024-06-04,170256
100,MR,51000001102024,NEU,E,V0009,LF,6,1,115607,2024-03-30,2024-03-30,,,FINANCE02,2024-04-29,144447
100,MR,51000001112024,NEU,E,V0008,LF,6,1,125926,2024-06-29,2024-06-29,,,FINANCE01,2024-07-29,120300
100,MR,51000001122024,NEU,E,V0003,LF,6,1,152212,2024-12-08,2024-12-08,,,FINANCE01,2025-01-07,155952
100,MR,51000001122024,NEU,E,V0003,LF,6,0,152212,2024-12-14,2024-12-14,,,FINANCE01,2025-01-13,155952
100,MR,51000001132024,NEU,E,V0009,LF,6,1,140233,2024-06-18,2024-06-18,,,FINANCE02,2024-07-18,164010
100,MR,51000001142024,NEU,E,V0001,LF,6,1,130730,2024-09-28,2024-09-28,,,FINANCE01,2024-10-28,165918
100,MR,51000001152024,NEU,E,V0004,LF,6,1,090100,2024-04-25,2024-04-25,,,FINANCE01,2024-05-25,074555
100,MR,51000001152024,NEU,E,V0004,LF,6,1,090100,2024-05-05,2024-05-05,,,FINANCE02,2024-06-04,074555
100,MR,51000001162024,NEU,E,V0015,LF,6,1,163450,2024-09-29,2024-09-29,,,FINANCE01,2024-10-29,172516
100,MR,51000001172024,NEU,E,V0013,LF,6,1,124629,2024-08-06,2024-08-06,,,FINANCE02,2024-09-05,165726
100,MR,51000001172024,NEU,E,V0013,LF,6,1,124629,2024-08-16,2024-08-16,,,FINANCE01,2024-09-15,165726
100,MR,51000001182024,NEU,E,V0009,LF,6,1,131349,2024-08-06,2024-08-06,,,FINANCE01,2024-09-05,103621
100,MR,51000001192024,NEU,E,V0003,LF,6,1,175618,2024-09-12,2024-09-12,,,FINANCE01,2024-10-12,061200
100,MR,51000001202024,NEU,E,V0013,LF,6,1,102557,2024-06-27,2024-06-27,,,FINANCE02,2024-07-27,084313
100,MR,51000001212024,NEU,E,V0007,LF,6,0,115648,2024-11-05,2024-11-05,,,FINANCE02,2024-12-05,124117
100,MR,51000001212024,NEU,E,V0007,LF,6,1,115648,2024-11-11,2024-11-11,,,FINANCE02,2024-12-11,124117
100,MR,51000001222024,NEU,E,V0012,LF,6,1,121049,2024-07-10,2024-07-10,,,FINANCE02,2024-08-09,132312
100,MR,51000001232024,NEU,E,V0002,LF,6,1,110908,2024-10-20,2024-10-20,,,FINANCE01,2024-11-19,172005
100,MR,51000001242024,NEU,E,V0008,LF,6,1,172943,2024-05-09,2024-05-09,,,FINANCE01,2024-06-08,112909
100,MR,51000001242024,NEU,E,V0008,LF,6,1,172943,2024-04-26,2024-04-26,,,FINANCE02,2024-05-26,112909
100,MR,51000001252024,NEU,E,V0014,LF,6,1,061804,2024-04-29,2024-04-29,,,FINANCE01,2024-05-29,135555
100,MR,51000001262024,NEU,E,V0002,LF,6,1,095403,2024-08-17,2024-08-17,,,FINANCE02,2024-09-16,082157
100,MR,51000001262024,NEU,E,V0002,LF,6,1,095403,2024-08-20,2024-08-20,,,FINANCE01,2024-09-19,082157
100,MR,51000001272024,NEU,E,V0011,LF,6,0,082709,2024-11-20,2024-11-20,,,FINANCE01,2024-12-20,074506
100,MR,51000001272024,NEU,E,V0011,LF,6,1,082709,2024-11-16,2024-11-16,,,FINANCE02,2024-12-16,074506
100,MR,51000001282024,NEU,E,V0003,LF,6,1,162557,2024-05-15,2024-05-15,,,FINANCE01,2024-06-14,153428
100,MR,51000001292024,NEU,E,V0015,LF,6,1,174414,2024-07-03,2024-07-03,,,FINANCE02,2024-08-02,080226
100,MR,51000001302024,NEU,E,V0014,LF,6,1,174421,2024-03-30,2024-03-30,,,FINANCE01,2024-04-29,071731
100,MR,51000001312024,NEU,E,V0011,LF,6,1,134747,2024-09-02,2024-09-02,,,FINANCE02,2024-10-02,061408
100,MR,51000001322024,NEU,E,V0003,LF,6,1,084210,2024-05-31,2024-05-31,,,FINANCE02,2024-06-30,141100
100,MR,51000001332024,NEU,E,V0010,LF,6,1,111238,2024-09-11,2024-09-11,,,FINANCE02,2024-10-11,145956
100,MR,51000001342024,NEU,E,V0003,LF,6,1,094614,2024-07-05,2024-07-05,,,FINANCE02,2024-08-04,110719
100,MR,51000001352024,NEU,E,V0001,LF,6,1,113439,2024-08-03,2024-08-03,,,FINANCE02,2024-09-02,072416
100,MR,51000001352024,NEU,E,V0001,LF,6,1,113439,2024-07-24,2024-07-24,,,FINANCE01,2024-08-23,072416
100,MR,51000001362024,NEU,E,V0009,LF,6,1,173505,2024-04-14,2024-04-14,,,FINANCE01,2024-05-14,105540
100,MR,51000001372024,NEU,E,V0015,LF,6,1,144025,2024-05-01,2024-05-01,,,FINANCE01,2024-05-31,093602
100,MR,51000001382024,NEU,E,V0004,LF,6,1,150341,2024-11-19,2024-11-19,,,FINANCE02,2024-12-19,164328
100,MR,51000001392024,NEU,E,V0012,LF,6,1,151253,2024-05-16,2024-05-16,,,FINANCE02,2024-06-15,081515
100,MR,51000001402024,NEU,E,V0007,LF,6,1,175726,2024-03-08,2024-03-08,,,FINANCE01,2024-04-07,121119
100,MR,51000001412024,NEU,E,V0008,LF,6,1,130126,2024-12-15,2024-12-15,,,FINANCE02,2025-01-14,114621
100,MR,51000001422024,NEU,E,V0008,LF,6,0,113243,2024-06-28,2024-06-28,,,FINANCE02,2024-07-28,082435
100,MR,51000001422024,NEU,E,V0008,LF,6,1,113243,2024-06-15,2024-06-15,,,FINANCE01,2024-07-15,082435
100,MR,51000001432024,NEU,E,V0008,LF,6,1,112035,2024-08-23,2024-08-23,,,FINANCE02,2024-09-22,101234
100,MR,51000001442024,NEU,E,V0012,LF,6,1,080007,2024-05-14,2024-05-14,,,FINANCE02,2024-06-13,160830
100,MR,51000001452024,NEU,E,V0009,LF,6,1,060926,2024-05-07,2024-05-07,,,FINANCE02,2024-06-06,083320
100,MR,51000001462024,NEU,E,V0012,LF,6,1,062150,2024-06-07,2024-06-07,,,FINANCE02,2024-07-07,100426
100,MR,51000001472024,NEU,E,V0011,LF,6,1,070637,2024-10-25,2024-10-25,,,FINANCE01,2024-11-24,095248
100,MR,51000001482024,NEU,E,V0008,LF,6,1,114632,2024-10-21,2024-10-21,,,FINANCE01,2024-11-20,081434
100,MR,51000001492024,NEU,E,V0008,LF,6,1,070233,2024-06-24,2024-06-24,,,FINANCE01,2024-07-24,080841
100,MR,51000001502024,NEU,E,V0005,LF,6,1,164328,2024-06-06,2024-06-06,,,FINANCE02,2024-07-06,153347
100,MR,51000001512024,NEU,E,V0007,LF,6,1,144002,2024-08-17,2024-08-17,,,FINANCE01,2024-09-16,132542
100,MR,51000001522024,NEU,E,V0015,LF,6,1,070315,2024-03-26,2024-03-26,,,FINANCE01,2024-04-25,113150
100,MR,51000001532024,NEU,E,V0012,LF,6,1,125329,2024-05-28,2024-05-28,,,FINANCE02,2024-06-27,094351
100,MR,51000001542024,NEU,E,V0010,LF,6,1,132701,2024-04-12,2024-04-12,,,FINANCE02,2024-05-12,165003
100,MR,51000001552024,NEU,E,V0009,LF,6,0,113135,2024-09-10,2024-09-10,,,FINANCE01,2024-10-10,064217
100,MR,51000001562024,NEU,E,V0003,LF,6,1,110407,2024-05-14,2024-05-14,,,FINANCE01,2024-06-13,120056
100,MR,51000001572024,NEU,E,V0004,LF,6,1,060715,2024-08-15,2024-08-15,,,FINANCE01,2024-09-14,144147
100,MR,51000001582024,NEU,E,V0005,LF,6,0,080445,2024-10-30,2024-10-30,,,FINANCE02,2024-11-29,115529
100,MR,51000001592024,NEU,E,V0011,LF,6,1,072153,2024-06-22,2024-06-22,,,FINANCE02,2024-07-22,121219
100,MR,51000001592024,NEU,E,V0011,LF,6,1,072153,2024-06-29,2024-06-29,,,FINANCE02,2024-07-29,121219
100,MR,51000001602024,NEU,E,V0003,LF,6,1,130800,2024-06-30,2024-06-30,,,FINANCE02,2024-07-30,151111
100,MR,51000001612024,NEU,E,V0009,LF,6,1,133120,2024-07-07,2024-07-07,,,FINANCE02,2024-08-06,160345
100,MR,51000001622024,NEU,E,V0009,LF,6,1,174347,2024-11-04,2024-11-04,,,FINANCE02,2024-12-04,091111
100,MR,51000001632024,NEU,E,V0004,LF,6,1,060737,2024-11-14,2024-11-14,,,FINANCE01,2024-12-14,103836
100,MR,51000001642024,NEU,E,V0004,LF,6,1,144702,2024-10-28,2024-10-28,,,FINANCE01,2024-11-27,162050
100,MR,51000001652024,NEU,E,V0015,LF,6,1,160841,2024-10-10,2024-10-10,,,FINANCE01,2024-11-09,155344
100,MR,51000001662024,NEU,E,V0012,LF,6,1,092335,2024-06-25,2024-06-25,,,FINANCE01,2024-07-25,084759
100,MR,51000001672024,NEU,E,V0003,LF,6,1,104206,2024-10-08,2024-10-08,,,FINANCE02,2024-11-07,060641
100,MR,51000001682024,NEU,E,V0012,LF,6,1,070904,2024-10-25,2024-10-25,,,FINANCE01,2024-11-24,175914
100,MR,51000001692024,NEU,E,V0010,LF,6,1,124032,2024-12-18,2024-12-18,,,FINANCE01,2025-01-17,163139
100,MR,51000001692024,NEU,E,V0010,LF,6,1,124032,2024-12-10,2024-12-10,,,FINANCE02,2025-01-09,163139
100,MR,51000001702024,NEU,E,V0012,LF,6,2,164425,2024-06-05,2024-06-05,,,FINANCE02,2024-07-05,070637
100,MR,51000001712024,NEU,E,V0014,LF,6,1,112350,2024-10-28,2024-10-28,,,FINANCE02,2024-11-27,152320
100,MR,51000001722024,NEU,E,V0006,LF,6,1,110248,2024-08-08,2024-08-08,,,FINANCE02,2024-09-07,130348
100,MR,51000001732024,NEU,E,V0014,LF,6,1,103858,2024-08-06,2024-08-06,,,FINANCE02,2024-09-05,145748
100,MR,51000001732024,NEU,E,V0014,LF,6,0,103858,2024-08-12,2024-08-12,,,FINANCE02,2024-09-11,145748
100,MR,51000001742024,NEU,E,V0003,LF,6,1,110130,2024-02-26,2024-02-26,,,FINANCE02,2024-03-27,173250
100,MR,51000001752024,NEU,E,V0008,LF,6,1,063031,2024-07-06,2024-07-06,,,FINANCE02,2024-08-05,134132
100,MR,51000001762024,NEU,E,V0010,LF,6,1,111604,2024-06-21,2024-06-21,,,FINANCE02,2024-07-21,081300
100,MR,51000001772024,NEU,E,V0004,LF,6,1,121419,2024-09-20,2024-09-20,,,FINANCE01,2024-10-20,063639
100,MR,51000001782024,NEU,E,V0015,LF,6,1,091719,2024-08-28,2024-08-28,,,FINANCE02,2024-09-27,160849
100,MR,51000001792024,NEU,E,V0005,LF,6,1,132053,2024-04-25,2024-04-25,,,FINANCE02,2024-05-25,080211
100,MR,51000001802024,NEU,E,V0004,LF,6,1,155225,2024-05-20,2024-05-20,,,FINANCE02,2024-06-19,071601
100,MR,51000001812024,NEU,E,V0015,LF,6,1,084302,2024-11-12,2024-11-12,,,FINANCE02,2024-12-12,171723
100,MR,51000001812024,NEU,E,V0015,LF,6,0,084302,2024-11-21,2024-11-21,,,FINANCE01,2024-12-21,171723
100,MR,51000001822024,NEU,E,V0004,LF,6,1,154506,2024-05-29,2024-05-29,,,FINANCE01,2024-06-28,093639
100,MR,51000001832024,NEU,E,V0010,LF,6,1,171123,2024-07-20,2024-07-20,,,FINANCE01,2024-08-19,123543
100,MR,51000001842024,NEU,E,V0013,LF,6,1,103654,2024-03-28,2024-03-28,,,FINANCE01,2024-04-27,124918
100,MR,51000001852024,NEU,E,V0001,LF,6,1,122954,2024-07-16,2024-07-16,,,FINANCE02,2024-08-15,113547
100,MR,51000001862024,NEU,E,V0007,LF,6,1,131601,2024-04-23,2024-04-23,,,FINANCE02,2024-05-23,102754
100,MR,51000001872024,NEU,E,V0001,LF,6,1,131816,2024-10-31,2024-10-31,,,FINANCE02,2024-11-30,082412
100,MR,51000001882024,NEU,E,V0008,LF,6,2,152757,2024-11-17,2024-11-17,,,FINANCE02,2024-12-17,091234
100,MR,51000001892024,NEU,E,V0006,LF,6,1,062813,2024-10-10,2024-10-10,,,FINANCE01,2024-11-09,082035
100,MR,51000001902024,NEU,E,V0011,LF,6,1,113305,2024-09-08,2024-09-08,,,FINANCE02,2024-10-08,132505
100,MR,51000001912024,NEU,E,V0009,LF,6,1,141704,2024-06-05,2024-06-05,,,FINANCE01,2024-07-05,130318
100,MR,51000001912024,NEU,E,V0009,LF,6,1,141704,2024-05-31,2024-05-31,,,FINANCE01,2024-06-30,130318
100,MR,51000001922024,NEU,E,V0011,LF,6,1,134047,2024-06-29,2024-06-29,,,FINANCE01,2024-07-29,092757
100,MR,51000001932024,NEU,E,V0001,LF,6,1,120434,2024-03-18,2024-03-18,,,FINANCE01,2024-04-17,123135
100,MR,51000001942024,NEU,E,V0014,LF,6,1,164659,2024-08-01,2024-08-01,,,FINANCE01,2024-08-31,140218
100,MR,51000001952024,NEU,E,V0010,LF,6,0,152327,2024-04-12,2024-04-12,,,FINANCE02,2024-05-12,171553
100,MR,51000001962024,NEU,E,V0009,LF,6,0,143513,2024-06-15,2024-06-15,,,FINANCE01,2024-07-15,070637
100,MR,51000001972024,NEU,E,V0010,LF,6,1,161400,2024-09-19,2024-09-19,,,FINANCE01,2024-10-19,064525
100,MR,51000001982024,NEU,E,V0001,LF,6,1,105136,2024-11-24,2024-11-24,,,FINANCE02,2024-12-24,061627
100,MR,51000001992024,NEU,E,V0001,LF,6,1,160545,2024-07-28,2024-07-28,,,FINANCE02,2024-08-27,141723
100,MR,51000002002024,NEU,E,V0015,LF,6,1,094702,2024-08-06,2024-08-06,,,FINANCE01,2024-09-05,132505
100,MR,51000002012024,NEU,E,V0001,LF,6,1,073432,2024-08-25,2024-08-25,,,FINANCE02,2024-09-24,071749
100,MR,51000002022024,NEU,E,V0010,LF,6,1,154710,2024-11-20,2024-11-20,,,FINANCE02,2024-12-20,135552
100,MR,51000002032024,NEU,E,V0012,LF,6,1,110111,2024-04-02,2024-04-02,,,FINANCE02,2024-05-02,122616
100,MR,51000002042024,NEU,E,V0011,LF,6,1,114343,2024-04-15,2024-04-15,,,FINANCE02,2024-05-15,060111
100,MR,51000002042024,NEU,E,V0011,LF,6,1,114343,2024-04-25,2024-04-25,,,FINANCE02,2024-05-25,060111
100,MR,51000002052024,NEU,E,V0007,LF,6,0,090845,2024-04-04,2024-04-04,,,FINANCE01,2024-05-04,154202
100,MR,51000002062024,NEU,E,V0010,LF,6,1,083232,2024-07-13,2024-07-13,,,FINANCE01,2024-08-12,090045
100,MR,51000002062024,NEU,E,V0010,LF,6,1,083232,2024-07-13,2024-07-13,,,FINANCE02,2024-08-12,090045
100,MR,51000002072024,NEU,E,V0003,LF,6,1,061542,2024-08-18,2024-08-18,,,FINANCE01,2024-09-17,162401
100,MR,51000002082024,NEU,E,V0011,LF,6,1,162323,2024-03-12,2024-03-12,,,FINANCE01,2024-04-11,112327
100,MR,51000002082024,NEU,E,V0011,LF,6,1,162323,2024-03-06,2024-03-06,,,FINANCE02,2024-04-05,112327
100,MR,51000002092024,NEU,E,V0001,LF,6,1,143628,2024-04-12,2024-04-12,,,FINANCE01,2024-05-12,143305
100,MR,51000002102024,NEU,E,V0011,LF,6,1,150111,2024-08-15,2024-08-15,,,FINANCE01,2024-09-14,164936
100,MR,51000002102024,NEU,E,V0011,LF,6,1,150111,2024-08-21,2024-08-21,,,FINANCE02,2024-09-20,164936
100,MR,51000002112024,NEU,E,V0013,LF,6,1,153354,2024-04-25,2024-04-25,,,FINANCE02,2024-05-25,063128
100,MR,51000002122024,NEU,E,V0015,LF,6,1,062412,2024-12-05,2024-12-05,,,FINANCE01,2025-01-04,073358
100,MR,51000002132024,NEU,E,V0003,LF,6,1,170052,2024-04-25,2024-04-25,,,FINANCE02,2024-05-25,065752
100,MR,51000002142024,NEU,E,V0009,LF,6,1,093432,2024-08-06,2024-08-06,,,FINANCE02,2024-09-05,131423
100,MR,51000002152024,NEU,E,V0010,LF,6,1,123209,2024-12-10,2024-12-10,,,FINANCE02,2025-01-09,063954
100,MR,51000002162024,NEU,E,V0003,LF,6,1,162308,2024-08-10,2024-08-10,,,FINANCE01,2024-09-09,132509
100,MR,51000002162024,NEU,E,V0003,LF,6,1,162308,2024-08-14,2024-08-14,,,FINANCE02,2024-09-13,132509
100,MR,51000002172024,NEU,E,V0003,LF,6,1,114106,2024-08-27,2024-08-27,,,FINANCE01,2024-09-26,130256
100,MR,51000002182024,NEU,E,V0001,LF,6,1,151130,2024-10-10,2024-10-10,,,FINANCE02,2024-11-09,103443
100,MR,51000002192024,NEU,E,V0009,LF,6,1,112946,2024-07-13,2024-07-13,,,FINANCE02,2024-08-12,060938
100,MR,51000002202024,NEU,E,V0011,LF,6,1,162257,2024-03-19,2024-03-19,,,FINANCE02,2024-04-18,104944
100,MR,51000002202024,NEU,E,V0011,LF,6,1,162257,2024-03-12,2024-03-12,,,FINANCE02,2024-04-11,104944
100,MR,51000002212024,NEU,E,V0001,LF,6,2,175325,2024-07-03,2024-07-03,,,FINANCE01,2024-08-02,062620
100,MR,51000002222024,NEU,E,V0014,LF,6,1,130333,2024-03-19,2024-03-19,,,FINANCE02,2024-04-18,063932
100,MR,51000002232024,NEU,E,V0007,LF,6,1,155941,2024-11-06,2024-11-06,,,FINANCE01,2024-12-06,071053
100,MR,51000002242024,NEU,E,V0002,LF,6,1,075937,2024-07-15,2024-07-15,,,FINANCE01,2024-08-14,145340
100,MR,51000002242024,NEU,E,V0002,LF,6,1,075937,2024-07-15,2024-07-15,,,FINANCE02,2024-08-14,145340
100,MR,51000002252024,NEU,E,V0005,LF,6,1,161457,2024-02-20,2024-02-20,,,FINANCE02,2024-03-21,140115
100,MR,51000002262024,NEU,E,V0007,LF,6,1,114017,2024-09-10,2024-09-10,,,FINANCE02,2024-10-10,064217
100,MR,51000002262024,NEU,E,V0007,LF,6,1,114017,2024-09-05,2024-09-05,,,FINANCE01,2024-10-05,064217
100,MR,51000002272024,NEU,E,V0014,LF,6,1,070504,2024-07-18,2024-07-18,,,FINANCE01,2024-08-17,124447
100,MR,51000002282024,NEU,E,V0004,LF,6,1,123254,2024-02-12,2024-02-12,,,FINANCE02,2024-03-13,074010
100,MR,51000002292024,NEU,E,V0008,LF,6,1,104821,2024-09-17,2024-09-17,,,FINANCE02,2024-10-17,171126
100,MR,51000002292024,NEU,E,V0008,LF,6,1,104821,2024-09-10,2024-09-10,,,FINANCE02,2024-10-10,171126
100,MR,51000002302024,NEU,E,V0005,LF,6,1,165733,2024-03-20,2024-03-20,,,FINANCE02,2024-04-19,102831
100,MR,51000002312024,NEU,E,V0014,LF,6,1,151330,2024-07-10,2024-07-10,,,FINANCE01,2024-08-09,073305
100,MR,51000002312024,NEU,E,V0014,LF,6,1,151330,2024-07-10,2024-07-10,,,FINANCE01,2024-08-09,073305
100,MR,51000002322024,NEU,E,V0002,LF,6,1,160815,2024-10-12,2024-10-12,,,FINANCE01,2024-11-11,155918
100,MR,51000002332024,NEU,E,V0011,LF,6,1,125714,2024-06-11,2024-06-11,,,FINANCE02,2024-07-11,171234
100,MR,51000002342024,NEU,E,V0006,LF,6,1,063851,2024-05-22,2024-05-22,,,FINANCE02,2024-06-21,111723
100,MR,51000002352024,NEU,E,V0013,LF,6,1,111330,2024-07-13,2024-07-13,,,FINANCE02,2024-08-12,164851
100,MR,51000002362024,NEU,E,V0014,LF,6,2,114429,2024-05-25,2024-05-25,,,FINANCE02,2024-06-24,094247
100,MR,51000002362024,NEU,E,V0014,LF,6,1,114429,2024-06-10,2024-06-10,,,FINANCE01,2024-07-10,094247
100,MR,51000002372024,NEU,E,V0012,LF,6,1,173417,2024-06-25,2024-06-25,,,FINANCE01,2024-07-25,090356
100,MR,51000002382024,NEU,E,V0004,LF,6,0,093305,2024-05-19,2024-05-19,,,FINANCE01,2024-06-18,094747
100,MR,51000002392024,NEU,E,V0015,LF,6,1,085722,2024-06-24,2024-06-24,,,FINANCE02,2024-07-24,140011
100,MR,51000002392024,NEU,E,V0015,LF,6,1,085722,2024-07-02,2024-07-02,,,FINANCE02,2024-08-01,140011
100,MR,51000002402024,NEU,E,V0002,LF,6,1,164744,2024-04-17,2024-04-17,,,FINANCE02,2024-05-17,155407
100,MR,51000002412024,NEU,E,V0006,LF,6,1,132801,2024-04-24,2024-04-24,,,FINANCE02,2024-05-24,082442
100,MR,51000002422024,NEU,E,V0002,LF,6,1,083613,2024-06-22,2024-06-22,,,FINANCE02,2024-07-22,103154
100,MR,51000002422024,NEU,E,V0002,LF,6,1,083613,2024-06-23,2024-06-23,,,FINANCE02,2024-07-23,103154
100,MR,51000002432024,NEU,E,V0015,LF,6,1,072524,2024-09-01,2024-09-01,,,FINANCE02,2024-10-01,105048
100,MR,51000002442024,NEU,E,V0001,LF,6,1,135941,2024-11-27,2024-11-27,,,FINANCE02,2024-12-27,104143
100,MR,51000002452024,NEU,E,V0004,LF,6,1,092712,2024-08-24,2024-08-24,,,FINANCE01,2024-09-23,160607
100,MR,51000002462024,NEU,E,V0004,LF,6,0,115822,2024-05-12,2024-05-12,,,FINANCE02,2024-06-11,130938
100,MR,51000002472024,NEU,E,V0011,LF,6,1,175110,2024-06-07,2024-06-07,,,FINANCE02,2024-07-07,100300
100,MR,51000002482024,NEU,E,V0006,LF,6,1,143239,2024-11-18,2024-11-18,,,FINANCE01,2024-12-18,172316
100,MR,51000002482024,NEU,E,V0006,LF,6,0,143239,2024-11-14,2024-11-14,,,FINANCE02,2024-12-14,172316
100,MR,51000002492024,NEU,E,V0007,LF,6,1,115648,2024-05-29,2024-05-29,,,FINANCE01,2024-06-28,105859
100,MR,51000002502024,NEU,E,V0013,LF,6,1,132516,2024-10-22,2024-10-22,,,FINANCE02,2024-11-21,075248
100,MR,51000002512024,NEU,E,V0003,LF,6,1,085637,2024-04-24,2024-04-24,,,FINANCE01,2024-05-24,171738
100,MR,51000002522024,NEU,E,V0003,LF,6,1,070926,2024-08-26,2024-08-26,,,FINANCE02,2024-09-25,172905
100,MR,51000002532024,NEU,E,V0006,LF,6,1,085552,2024-11-04,2024-11-04,,,FINANCE02,2024-12-04,175014
100,MR,51000002542024,NEU,E,V0014,LF,6,0,090808,2024-07-05,2024-07-05,,,FINANCE02,2024-08-04,101100
100,MR,51000002552024,NEU,E,V0001,LF,6,2,172231,2024-03-30,2024-03-30,,,FINANCE02,2024-04-29,145918
100,MR,51000002562024,NEU,E,V0003,LF,6,1,071342,2024-04-06,2024-04-06,,,FINANCE01,2024-05-06,075055
100,MR,51000002572024,NEU,E,V0007,LF,6,1,115644,2024-07-29,2024-07-29,,,FINANCE02,2024-08-28,074806
100,MR,51000002582024,NEU,E,V0014,LF,6,1,121612,2024-10-10,2024-10-10,,,FINANCE01,2024-11-09,094258
100,MR,51000002592024,NEU,E,V0012,LF,6,1,105248,2024-06-07,2024-06-07,,,FINANCE02,2024-07-07,144332
100,MR,51000002602024,NEU,E,V0003,LF,6,0,114055,2024-10-10,2024-10-10,,,FINANCE02,2024-11-09,123454
100,MR,51000002612024,NEU,E,V0014,LF,6,1,174358,2024-05-01,2024-05-01,,,FINANCE02,2024-05-31,153235
100,MR,51000002622024,NEU,E,V0010,LF,6,1,134210,2024-04-20,2024-04-20,,,FINANCE01,2024-05-20,170052
100,MR,51000002632024,NEU,E,V0006,LF,6,0,063435,2024-06-14,2024-06-14,,,FINANCE01,2024-07-14,095129
100,MR,51000002632024,NEU,E,V0006,LF,6,1,063435,2024-06-26,2024-06-26,,,FINANCE02,2024-07-26,095129
100,MR,51000002642024,NEU,E,V0006,LF,6,1,063520,2024-07-30,2024-07-30,,,FINANCE01,2024-08-29,082509
100,MR,51000002642024,NEU,E,V0006,LF,6,0,063520,2024-08-03,2024-08-03,,,FINANCE02,2024-09-02,082509
100,MR,51000002652024,NEU,E,V0007,LF,6,1,150022,2024-10-01,2024-10-01,,,FINANCE01,2024-10-31,175225
100,MR,51000002662024,NEU,E,V0014,LF,6,1,101353,2024-06-04,2024-06-04,,,FINANCE02,2024-07-04,075255
100,MR,51000002672024,NEU,E,V0007,LF,6,1,061849,2024-06-29,2024-06-29,,,FINANCE01,2024-07-29,124948
100,MR,51000002682024,NEU,E,V0012,LF,6,1,082157,2024-07-10,2024-07-10,,,FINANCE01,2024-08-09,085644
100,MR,51000002692024,NEU,E,V0013,LF,6,1,153447,2024-09-03,2024-09-03,,,FINANCE02,2024-10-03,161704
100,MR,51000002702024,NEU,E,V0005,LF,6,1,145952,2024-03-24,2024-03-24,,,FINANCE01,2024-04-23,091549
100,MR,51000002702024,NEU,E,V0005,LF,6,1,145952,2024-03-20,2024-03-20,,,FINANCE01,2024-04-19,091549
100,MR,51000002712024,NEU,E,V0002,LF,6,1,072405,2024-09-27,2024-09-27,,,FINANCE02,2024-10-27,074151
100,MR,51000002722024,NEU,E,V0004,LF,6,1,095759,2024-06-01,2024-06-01,,,FINANCE01,2024-07-01,093143
100,MR,51000002732024,NEU,E,V0004,LF,6,1,150256,2024-10-04,2024-10-04,,,FINANCE01,2024-11-03,093247
100,MR,51000002742024,NEU,E,V0003,LF,6,1,145151,2024-11-23,2024-11-23,,,FINANCE02,2024-12-23,161849
100,MR,51000002742024,NEU,E,V0003,LF,6,1,145151,2024-11-15,2024-11-15,,,FINANCE02,2024-12-15,161849
100,MR,51000002752024,NEU,E,V0008,LF,6,1,071723,2024-06-17,2024-06-17,,,FINANCE02,2024-07-17,101015
100,MR,51000002762024,NEU,E,V0006,LF,6,1,095348,2024-06-01,2024-06-01,,,FINANCE01,2024-07-01,154555
100,MR,51000002762024,NEU,E,V0006,LF,6,1,095348,2024-06-01,2024-06-01,,,FINANCE01,2024-07-01,154555
100,MR,51000002772024,NEU,E,V0003,LF,6,0,075125,2024-08-06,2024-08-06,,,FINANCE02,2024-09-05,154336
100,MR,51000002782024,NEU,E,V0014,LF,6,1,075626,2024-05-25,2024-05-25,,,FINANCE02,2024-06-24,133447
100,MR,51000002792024,NEU,E,V0014,LF,6,1,082335,2024-11-03,2024-11-03,,,FINANCE01,2024-12-03,091138
100,MR,51000002802024,NEU,E,V0005,LF,6,1,131712,2024-06-18,2024-06-18,,,FINANCE01,2024-07-18,080422
100,MR,51000002812024,NEU,E,V0015,LF,6,1,122731,2024-09-29,2024-09-29,,,FINANCE01,2024-10-29,115711
100,MR,51000002812024,NEU,E,V0015,LF,6,1,122731,2024-10-02,2024-10-02,,,FINANCE02,2024-11-01,115711
100,MR,51000002822024,NEU,E,V0009,LF,6,1,121300,2024-07-23,2024-07-23,,,FINANCE01,2024-08-22,125537
100,MR,51000002832024,NEU,E,V0008,LF,6,1,095941,2024-06-17,2024-06-17,,,FINANCE02,2024-07-17,111842
100,MR,51000002832024,NEU,E,V0008,LF,6,1,095941,2024-06-04,2024-06-04,,,FINANCE01,2024-07-04,111842
100,MR,51000002842024,NEU,E,V0011,LF,6,1,131919,2024-06-04,2024-06-04,,,FINANCE02,2024-07-04,081608
100,MR,51000002852024,NEU,E,V0014,LF,6,1,111601,2024-11-16,2024-11-16,,,FINANCE01,2024-12-16,111801
100,MR,51000002862024,NEU,E,V0002,LF,6,1,075225,2024-11-30,2024-11-30,,,FINANCE02,2024-12-30,161545
100,MR,51000002872024,NEU,E,V0014,LF,6,1,092516,2024-09-11,2024-09-11,,,FINANCE01,2024-10-11,074251
100,MR,51000002882024,NEU,E,V0009,LF,6,1,091530,2024-05-20,2024-05-20,,,FINANCE02,2024-06-19,131330
100,MR,51000002892024,NEU,E,V0015,LF,6,1,132901,2024-03-28,2024-03-28,,,FINANCE01,2024-04-27,124051
100,MR,51000002902024,NEU,E,V0008,LF,6,1,134429,2024-05-13,2024-05-13,,,FINANCE01,2024-06-12,073046
100,MR,51000002912024,NEU,E,V0011,LF,6,1,114343,2024-05-05,2024-05-05,,,FINANCE01,2024-06-04,151927
100,MR,51000002922024,NEU,E,V0007,LF,6,1,092023,2024-04-23,2024-04-23,,,FINANCE02,2024-05-23,110749
100,MR,51000002922024,NEU,E,V0007,LF,6,1,092023,2024-04-28,2024-04-28,,,FINANCE02,2024-05-28,110749
100,MR,51000002932024,NEU,E,V0007,LF,6,1,144206,2024-07-01,2024-07-01,,,FINANCE02,2024-07-31,072705
100,MR,51000002942024,NEU,E,V0002,LF,6,1,165941,2024-02-20,2024-02-20,,,FINANCE01,2024-03-21,161938
100,MR,51000002952024,NEU,E,V0008,LF,6,1,152727,2024-04-06,2024-04-06,,,FINANCE02,2024-05-06,075507
100,MR,51000002952024,NEU,E,V0008,LF,6,1,152727,2024-03-29,2024-03-29,,,FINANCE02,2024-04-28,075507
100,MR,51000002962024,NEU,E,V0002,LF,6,1,101445,2024-05-07,2024-05-07,,,FINANCE01,2024-06-06,140318
100,MR,51000002972024,NEU,E,V0013,LF,6,1,112816,2024-07-23,2024-07-23,,,FINANCE02,2024-08-22,125525
100,MR,51000002982024,NEU,E,V0012,LF,6,1,080303,2024-10-25,2024-10-25,,,FINANCE02,2024-11-24,110826
100,MR,51000002992024,NEU,E,V0011,LF,6,1,174210,2024-03-25,2024-03-25,,,FINANCE01,2024-04-24,062220
100,MR,51000003002024,NEU,E,V0008,LF,6,0,083621,2024-03-18,2024-03-18,,,FINANCE01,2024-04-17,153828
100,MR,51000003012024,NEU,E,V0001,LF,6,1,060715,2024-09-20,2024-09-20,,,FINANCE02,2024-10-20,164455
100,MR,51000003012024,NEU,E,V0001,LF,6,1,060715,2024-09-13,2024-09-13,,,FINANCE01,2024-10-13,164455
100,MR,51000003022024,NEU,E,V0009,LF,6,1,164921,2024-10-25,2024-10-25,,,FINANCE02,2024-11-24,115029
100,MR,51000003032024,NEU,E,V0014,LF,6,1,082720,2024-03-21,2024-03-21,,,FINANCE02,2024-04-20,123547
100,MR,51000003042024,NEU,E,V0011,LF,6,0,174406,2024-09-02,2024-09-02,,,FINANCE02,2024-10-02,094247
100,MR,51000003052024,NEU,E,V0002,LF,6,1,070011,2024-06-16,2024-06-16,,,FINANCE01,2024-07-16,124106
100,MR,51000003062024,NEU,E,V0008,LF,6,1,110252,2024-06-23,2024-06-23,,,FINANCE01,2024-07-23,091504
100,MR,51000003072024,NEU,E,V0014,LF,6,1,170404,2024-04-02,2024-04-02,,,FINANCE02,2024-05-02,113120
100,MR,51000003082024,NEU,E,V0013,LF,6,1,170537,2024-09-19,2024-09-19,,,FINANCE01,2024-10-19,161000
100,MR,51000003092024,NEU,E,V0001,LF,6,1,142731,2024-06-20,2024-06-20,,,FINANCE02,2024-07-20,150230
100,MR,51000003102024,NEU,E,V0003,LF,6,0,080830,2024-09-15,2024-09-15,,,FINANCE02,2024-10-15,083131
100,MR,51000003102024,NEU,E,V0003,LF,6,1,080830,2024-09-22,2024-09-22,,,FINANCE01,2024-10-22,083131
100,MR,51000003112024,NEU,E,V0014,LF,6,0,144421,2024-11-19,2024-11-19,,,FINANCE02,2024-12-19,124106
100,MR,51000003122024,NEU,E,V0011,LF,6,1,114136,2024-03-28,2024-03-28,,,FINANCE02,2024-04-27,094502
100,MR,51000003132024,NEU,E,V0008,LF,6,1,114228,2024-06-09,2024-06-09,,,FINANCE02,2024-07-09,173031
100,MR,51000003142024,NEU,E,V0013,LF,6,0,101315,2024-07-05,2024-07-05,,,FINANCE01,2024-08-04,120107
100,MR,51000003152024,NEU,E,V0006,LF,6,1,160237,2024-03-16,2024-03-16,,,FINANCE01,2024-04-15,163854
100,MR,51000003162024,NEU,E,V0003,LF,6,1,103424,2024-12-05,2024-12-05,,,FINANCE02,2025-01-04,141934
100,MR,51000003172024,NEU,E,V0007,LF,6,0,072858,2024-06-26,2024-06-26,,,FINANCE01,2024-07-26,075703
100,MR,51000003182024,NEU,E,V0001,LF,6,1,163728,2024-10-23,2024-10-23,,,FINANCE02,2024-11-22,153220
100,MR,51000003192024,NEU,E,V0009,LF,6,1,063043,2024-03-24,2024-03-24,,,FINANCE01,2024-04-23,174740
100,MR,51000003202024,NEU,E,V0013,LF,6,1,061230,2024-11-15,2024-11-15,,,FINANCE02,2024-12-15,070437
100,MR,51000003212024,NEU,E,V0014,LF,6,1,101445,2024-05-01,2024-05-01,,,FINANCE02,2024-05-31,080326
100,MR,51000003222024,NEU,E,V0011,LF,6,0,060953,2024-05-16,2024-05-16,,,FINANCE01,2024-06-15,173220
100,MR,51000003232024,NEU,E,V0003,LF,6,1,121242,2024-07-10,2024-07-10,,,FINANCE01,2024-08-09,073924
100,MR,51000003232024,NEU,E,V0003,LF,6,1,121242,2024-07-18,2024-07-18,,,FINANCE01,2024-08-17,073924
100,MR,51000003242024,NEU,E,V0005,LF,6,1,141156,2024-09-04,2024-09-04,,,FINANCE02,2024-10-04,062405
100,MR,51000003252024,NEU,E,V0007,LF,6,1,065452,2024-10-31,2024-10-31,,,FINANCE01,2024-11-30,061834
100,MR,51000003262024,NEU,E,V0002,LF,6,1,092123,2024-10-06,2024-10-06,,,FINANCE02,2024-11-05,115329
100,MR,51000003272024,NEU,E,V0002,LF,6,1,081942,2024-10-23,2024-10-23,,,FINANCE01,2024-11-22,170037
100,MR,51000003282024,NEU,E,V0008,LF,6,1,171104,2024-07-11,2024-07-11,,,FINANCE01,2024-08-10,071008
100,MR,51000003292024,NEU,E,V0002,LF,6,1,102253,2024-09-07,2024-09-07,,,FINANCE01,2024-10-07,160241
100,MR,51000003302024,NEU,E,V0008,LF,6,1,173235,2024-08-10,2024-08-10,,,FINANCE01,2024-09-09,065407
100,MR,51000003302024,NEU,E,V0008,LF,6,1,173235,2024-07-31,2024-07-31,,,FINANCE02,2024-08-30,065407
100,MR,51000003312024,NEU,E,V0004,LF,6,0,060037,2024-06-02,2024-06-02,,,FINANCE01,2024-07-02,122939
100,MR,51000003322024,NEU,E,V0007,LF,6,0,070133,2024-08-25,2024-08-25,,,FINANCE01,2024-09-24,121053
100,MR,51000003322024,NEU,E,V0007,LF,6,1,070133,2024-08-15,2024-08-15,,,FINANCE01,2024-09-14,121053
100,MR,51000003332024,NEU,E,V0004,LF,6,1,152616,2024-08-02,2024-08-02,,,FINANCE02,2024-09-01,154833
100,MR,51000003342024,NEU,E,V0014,LF,6,1,161731,2024-08-11,2024-08-11,,,FINANCE01,2024-09-10,061156
100,MR,51000003342024,NEU,E,V0014,LF,6,1,161731,2024-08-14,2024-08-14,,,FINANCE02,2024-09-13,061156
100,MR,51000003352024,NEU,E,V0002,LF,6,1,091931,2024-05-27,2024-05-27,,,FINANCE02,2024-06-26,060511
100,MR,51000003362024,NEU,E,V0011,LF,6,1,141601,2024-10-07,2024-10-07,,,FINANCE01,2024-11-06,093543
100,MR,51000003372024,NEU,E,V0012,LF,6,1,072112,2024-08-09,2024-08-09,,,FINANCE02,2024-09-08,125055
100,MR,51000003372024,NEU,E,V0012,LF,6,1,072112,2024-08-14,2024-08-14,,,FINANCE02,2024-09-13,125055
100,MR,51000003382024,NEU,E,V0004,LF,6,1,164417,2024-06-01,2024-06-01,,,FINANCE01,2024-07-01,080849
100,MR,51000003392024,NEU,E,V0010,LF,6,1,060645,2024-03-10,2024-03-10,,,FINANCE02,2024-04-09,133647
100,MR,51000003402024,NEU,E,V0006,LF,6,1,162023,2024-03-21,2024-03-21,,,FINANCE01,2024-04-20,174910
100,MR,51000003412024,NEU,E,V0007,LF,6,1,113758,2024-08-07,2024-08-07,,,FINANCE02,2024-09-06,160826
100,MR,51000003422024,NEU,E,V0003,LF,6,0,062731,2024-10-30,2024-10-30,,,FINANCE01,2024-11-29,162931
100,MR,51000003422024,NEU,E,V0003,LF,6,1,062731,2024-10-23,2024-10-23,,,FINANCE02,2024-11-22,162931
100,MR,51000003432024,NEU,E,V0011,LF,6,1,175310,2024-09-05,2024-09-05,,,FINANCE01,2024-10-05,090003
100,MR,51000003432024,NEU,E,V0011,LF,6,1,175310,2024-09-03,2024-09-03,,,FINANCE02,2024-10-03,090003
100,MR,51000003442024,NEU,E,V0007,LF,6,1,172327,2024-06-10,2024-06-10,,,FINANCE01,2024-07-10,083035
100,MR,51000003442024,NEU,E,V0007,LF,6,0,172327,2024-06-21,2024-06-21,,,FINANCE02,2024-07-21,083035
100,MR,51000003452024,NEU,E,V0012,LF,6,1,071638,2024-11-06,2024-11-06,,,FINANCE02,2024-12-06,152920
100,MR,51000003462024,NEU,E,V0012,LF,6,1,130707,2024-04-13,2024-04-13,,,FINANCE02,2024-05-13,094540
100,MR,51000003472024,NEU,E,V0001,LF,6,1,134717,2024-05-10,2024-05-10,,,FINANCE02,2024-06-09,152323
100,MR,51000003482024,NEU,E,V0001,LF,6,1,101153,2024-06-05,2024-06-05,,,FINANCE01,2024-07-05,060341
100,MR,51000003492024,NEU,E,V0010,LF,6,1,092720,2024-07-08,2024-07-08,,,FINANCE02,2024-08-07,175941
100,MR,51000003502024,NEU,E,V0014,LF,6,1,074040,2024-06-03,2024-06-03,,,FINANCE01,2024-07-03,145459
100,MR,51000003512024,NEU,E,V0009,LF,6,1,091249,2024-02-24,2024-02-24,,,FINANCE02,2024-03-25,113109
100,MR,51000003522024,NEU,E,V0014,LF,6,1,140923,2024-09-12,2024-09-12,,,FINANCE01,2024-10-12,094136
100,MR,51000003532024,NEU,E,V0011,LF,6,1,094532,2024-09-17,2024-09-17,,,FINANCE01,2024-10-17,095410
100,MR,51000003532024,NEU,E,V0011,LF,6,1,094532,2024-09-25,2024-09-25,,,FINANCE01,2024-10-25,095410
100,MR,51000003542024,NEU,E,V0002,LF,6,1,175848,2024-11-10,2024-11-10,,,FINANCE01,2024-12-10,154833
100,MR,51000003552024,NEU,E,V0003,LF,6,1,062409,2024-09-06,2024-09-06,,,FINANCE02,2024-10-06,080934
100,MR,51000003562024,NEU,E,V0007,LF,6,1,085051,2024-06-08,2024-06-08,,,FINANCE02,2024-07-08,071816
100,MR,51000003572024,NEU,E,V0012,LF,6,1,080752,2024-10-27,2024-10-27,,,FINANCE02,2024-11-26,111949
100,MR,51000003582024,NEU,E,V0006,LF,6,1,064647,2024-07-15,2024-07-15,,,FINANCE02,2024-08-14,140333
100,MR,51000003592024,NEU,E,V0002,LF,6,1,091627,2024-09-20,2024-09-20,,,FINANCE01,2024-10-20,113154
100,MR,51000003602024,NEU,E,V0007,LF,6,1,160819,2024-09-29,2024-09-29,,,FINANCE02,2024-10-29,072142
100,MR,51000003612024,NEU,E,V0008,LF,6,1,105355,2024-11-25,2024-11-25,,,FINANCE01,2024-12-25,065303
100,MR,51000003622024,NEU,E,V0011,LF,6,1,091500,2024-10-22,2024-10-22,,,FINANCE02,2024-11-21,150815
100,MR,51000003622024,NEU,E,V0011,LF,6,1,091500,2024-10-18,2024-10-18,,,FINANCE01,2024-11-17,150815
100,MR,51000003632024,NEU,E,V0007,LF,6,1,093832,2024-09-09,2024-09-09,,,FINANCE01,2024-10-09,121230
100,MR,51000003642024,NEU,E,V0007,LF,6,1,155214,2024-03-15,2024-03-15,,,FINANCE02,2024-04-14,094036
100,MR,51000003652024,NEU,E,V0013,LF,6,1,144532,2024-11-16,2024-11-16,,,FINANCE01,2024-12-16,091515
100,MR,51000003652024,NEU,E,V0013,LF,6,1,144532,2024-11-30,2024-11-30,,,FINANCE01,2024-12-30,091515
100,MR,51000003662024,NEU,E,V0013,LF,6,1,132227,2024-04-28,2024-04-28,,,FINANCE02,2024-05-28,090722
100,MR,51000003672024,NEU,E,V0007,LF,6,0,074228,2024-11-02,2024-11-02,,,FINANCE01,2024-12-02,142220
100,MR,51000003682024,NEU,E,V0014,LF,6,1,061249,2024-04-05,2024-04-05,,,FINANCE01,2024-05-05,171842
100,MR,51000003692024,NEU,E,V0015,LF,6,1,150800,2024-07-15,2024-07-15,,,FINANCE02,2024-08-14,111041
100,MR,51000003702024,NEU,E,V0011,LF,6,1,131934,2024-09-04,2024-09-04,,,FINANCE02,2024-10-04,065555
100,MR,51000003702024,NEU,E,V0011,LF,6,1,131934,2024-09-07,2024-09-07,,,FINANCE01,2024-10-07,065555
100,MR,51000003712024,NEU,E,V0004,LF,6,2,122627,2024-04-24,2024-04-24,,,FINANCE01,2024-05-24,101156
100,MR,51000003722024,NEU,E,V0001,LF,6,1,171931,2024-11-18,2024-11-18,,,FINANCE02,2024-12-18,133924
100,MR,51000003722024,NEU,E,V0001,LF,6,1,171931,2024-11-19,2024-11-19,,,FINANCE02,2024-12-19,133924
100,MR,51000003732024,NEU,E,V0010,LF,6,1,124848,2024-07-21,2024-07-21,,,FINANCE01,2024-08-20,161053
100,MR,51000003732024,NEU,E,V0010,LF,6,1,124848,2024-08-03,2024-08-03,,,FINANCE01,2024-09-02,161053
100,MR,51000003742024,NEU,E,V0006,LF,6,1,151300,2024-08-22,2024-08-22,,,FINANCE01,2024-09-21,155814
100,MR,51000003752024,NEU,E,V0001,LF,6,1,065711,2024-04-07,2024-04-07,,,FINANCE01,2024-05-07,144710
100,MR,51000003762024,NEU,E,V0012,LF,6,1,084744,2024-09-14,2024-09-14,,,FINANCE01,2024-10-14,131534
100,MR,51000003772024,NEU,E,V0013,LF,6,1,071504,2024-08-07,2024-08-07,,,FINANCE01,2024-09-06,093528
100,MR,51000003782024,NEU,E,V0011,LF,6,1,130949,2024-12-01,2024-12-01,,,FINANCE01,2024-12-31,082353
100,MR,51000003792024,NEU,E,V0002,LF,6,1,082735,2024-08-22,2024-08-22,,,FINANCE02,2024-09-21,150715
100,MR,51000003802024,NEU,E,V0002,LF,6,1,082746,2024-05-20,2024-05-20,,,FINANCE02,2024-06-19,090845
100,MR,51000003812024,NEU,E,V0006,LF,6,1,070930,2024-04-12,2024-04-12,,,FINANCE01,2024-05-12,155440
100,MR,51000003822024,NEU,E,V0012,LF,6,1,124325,2024-04-20,2024-04-20,,,FINANCE02,2024-05-20,104158
100,MR,51000003832024,NEU,E,V0008,LF,6,1,100245,2024-07-24,2024-07-24,,,FINANCE01,2024-08-23,070126
100,MR,51000003842024,NEU,E,V0014,LF,6,1,062312,2024-11-25,2024-11-25,,,FINANCE01,2024-12-25,105233
100,MR,51000003852024,NEU,E,V0008,LF,6,1,090018,2024-09-30,2024-09-30,,,FINANCE02,2024-10-30,171716
100,MR,51000003862024,NEU,E,V0008,LF,6,1,173250,2024-03-17,2024-03-17,,,FINANCE02,2024-04-16,150853
100,MR,51000003862024,NEU,E,V0008,LF,6,1,173250,2024-03-12,2024-03-12,,,FINANCE01,2024-04-11,150853
100,MR,51000003872024,NEU,E,V0008,LF,6,1,091601,2024-10-23,2024-10-23,,,FINANCE02,2024-11-22,083420
100,MR,51000003882024,NEU,E,V0006,LF,6,1,114610,2024-03-14,2024-03-14,,,FINANCE02,2024-04-13,142001
100,MR,51000003892024,NEU,E,V0001,LF,6,1,142935,2024-11-01,2024-11-01,,,FINANCE02,2024-12-01,064521
100,MR,51000003902024,NEU,E,V0003,LF,6,1,090337,2024-10-15,2024-10-15,,,FINANCE02,2024-11-14,060348
100,MR,51000003912024,NEU,E,V0013,LF,6,0,063505,2024-07-04,2024-07-04,,,FINANCE01,2024-08-03,071549
100,MR,51000003922024,NEU,E,V0005,LF,6,1,083013,2024-02-20,2024-02-20,,,FINANCE02,2024-03-21,091130
100,MR,51000003932024,NEU,E,V0003,LF,6,0,081838,2024-08-16,2024-08-16,,,FINANCE01,2024-09-15,100815
100,MR,51000003942024,NEU,E,V0001,LF,6,1,103854,2024-08-19,2024-08-19,,,FINANCE01,2024-09-18,144247
100,MR,51000003952024,NEU,E,V0003,LF,6,1,060352,2024-11-13,2024-11-13,,,FINANCE02,2024-12-13,151712
100,MR,51000003962024,NEU,E,V0005,LF,6,0,161253,2024-08-18,2024-08-18,,,FINANCE01,2024-09-17,105926
100,MR,51000003972024,NEU,E,V0004,LF,6,0,071627,2024-07-16,2024-07-16,,,FINANCE01,2024-08-15,134610
100,MR,51000003982024,NEU,E,V0007,LF,6,1,095918,2024-06-24,2024-06-24,,,FINANCE01,2024-07-24,153454
100,MR,51000003992024,NEU,E,V0014,LF,6,1,141734,2024-04-22,2024-04-22,,,FINANCE02,2024-05-22,080048
100,MR,51000004002024,NEU,E,V0008,LF,6,1,080930,2024-07-14,2024-07-14,,,FINANCE01,2024-08-13,061249
100,MR,51000004012024,NEU,E,V0007,LF,6,1,060022,2024-08-04,2024-08-04,,,FINANCE02,2024-09-03,162801
100,MR,51000004012024,NEU,E,V0007,LF,6,1,060022,2024-08-15,2024-08-15,,,FINANCE02,2024-09-14,162801
100,MR,51000004022024,NEU,E,V0014,LF,6,1,144258,2024-05-20,2024-05-20,,,FINANCE01,2024-06-19,063350
100,MR,51000004032024,NEU,E,V0012,LF,6,0,111315,2024-10-07,2024-10-07,,,FINANCE02,2024-11-06,133658
100,MR,51000004042024,NEU,E,V0004,LF,6,1,105737,2024-07-13,2024-07-13,,,FINANCE02,2024-08-12,121400
100,MR,51000004052024,NEU,E,V0010,LF,6,2,084140,2024-10-14,2024-10-14,,,FINANCE02,2024-11-13,163009
100,MR,51000004062024,NEU,E,V0008,LF,6,1,103958,2024-10-01,2024-10-01,,,FINANCE02,2024-10-31,153402
100,MR,51000004072024,NEU,E,V0008,LF,6,1,142450,2024-09-07,2024-09-07,,,FINANCE01,2024-10-07,103613
100,MR,51000004082024,NEU,E,V0004,LF,6,1,120130,2024-09-17,2024-09-17,,,FINANCE02,2024-10-17,061104
100,MR,51000004092024,NEU,E,V0012,LF,6,1,081227,2024-06-29,2024-06-29,,,FINANCE01,2024-07-29,140845
100,MR,51000004092024,NEU,E,V0012,LF,6,1,081227,2024-06-16,2024-06-16,,,FINANCE01,2024-07-16,140845
100,MR,51000004102024,NEU,E,V0005,LF,6,1,164525,2024-04-10,2024-04-10,,,FINANCE02,2024-05-10,091842
100,MR,51000004112024,NEU,E,V0011,LF,6,1,070033,2024-11-25,2024-11-25,,,FINANCE02,2024-12-25,164106
100,MR,51000004122024,NEU,E,V0011,LF,6,1,171508,2024-05-26,2024-05-26,,,FINANCE01,2024-06-25,133435
100,MR,51000004132024,NEU,E,V0002,LF,6,1,071223,2024-05-23,2024-05-23,,,FINANCE02,2024-06-22,165352
100,MR,51000004132024,NEU,E,V0002,LF,6,1,071223,2024-05-14,2024-05-14,,,FINANCE02,2024-06-13,165352
100,MR,51000004142024,NEU,E,V0013,LF,6,1,113128,2024-05-13,2024-05-13,,,FINANCE01,2024-06-12,104925
100,MR,51000004142024,NEU,E,V0013,LF,6,1,113128,2024-05-06,2024-05-06,,,FINANCE01,2024-06-05,104925
100,MR,51000004152024,NEU,E,V0011,LF,6,2,100619,2024-04-29,2024-04-29,,,FINANCE02,2024-05-29,143313
100,MR,51000004162024,NEU,E,V0002,LF,6,1,170849,2024-11-03,2024-11-03,,,FINANCE02,2024-12-03,163547
100,MR,51000004172024,NEU,E,V0011,LF,6,1,140230,2024-10-28,2024-10-28,,,FINANCE01,2024-11-27,144621
100,MR,51000004182024,NEU,E,V0001,LF,6,1,083328,2024-03-07,2024-03-07,,,FINANCE02,2024-04-06,145314
100,MR,51000004192024,NEU,E,V0004,LF,6,1,113951,2024-04-15,2024-04-15,,,FINANCE02,2024-05-15,114013
100,MR,51000004202024,NEU,E,V0011,LF,6,1,141449,2024-10-05,2024-10-05,,,FINANCE01,2024-11-04,131249
100,MR,51000004212024,NEU,E,V0003,LF,6,1,164744,2024-11-30,2024-11-30,,,FINANCE02,2024-12-30,164125
100,MR,51000004212024,NEU,E,V0003,LF,6,1,164744,2024-11-22,2024-11-22,,,FINANCE02,2024-12-22,164125
100,MR,51000004222024,NEU,E,V0004,LF,6,1,134110,2024-10-24,2024-10-24,,,FINANCE01,2024-11-23,103747
100,MR,51000004232024,NEU,E,V0003,LF,6,1,103339,2024-05-17,2024-05-17,,,FINANCE01,2024-06-16,064702
100,MR,51000004242024,NEU,E,V0013,LF,6,1,083721,2024-04-22,2024-04-22,,,FINANCE02,2024-05-22,161427
100,MR,51000004252024,NEU,E,V0014,LF,6,0,120652,2024-07-09,2024-07-09,,,FINANCE02,2024-08-08,090348
100,MR,51000004262024,NEU,E,V0002,LF,6,1,081253,2024-04-19,2024-04-19,,,FINANCE01,2024-05-19,142001
100,MR,51000004272024,NEU,E,V0015,LF,6,1,114918,2024-03-06,2024-03-06,,,FINANCE01,2024-04-05,155522
100,MR,51000004282024,NEU,E,V0014,LF,6,1,063020,2024-10-06,2024-10-06,,,FINANCE01,2024-11-05,071056
100,MR,51000004292024,NEU,E,V0006,LF,6,1,175006,2024-06-24,2024-06-24,,,FINANCE02,2024-07-24,071638
100,MR,51000004292024,NEU,E,V0006,LF,6,1,175006,2024-07-05,2024-07-05,,,FINANCE01,2024-08-04,071638
100,MR,51000004302024,NEU,E,V0012,LF,6,0,071238,2024-08-16,2024-08-16,,,FINANCE01,2024-09-15,153535
100,MR,51000004312024,NEU,E,V0005,LF,6,1,131608,2024-05-24,2024-05-24,,,FINANCE02,2024-06-23,144833
100,MR,51000004322024,NEU,E,V0001,LF,6,0,115151,2024-05-23,2024-05-23,,,FINANCE02,2024-06-22,173202
100,MR,51000004332024,NEU,E,V0007,LF,6,1,115818,2024-09-21,2024-09-21,,,FINANCE01,2024-10-21,152716
100,MR,51000004342024,NEU,E,V0010,LF,6,1,112442,2024-07-12,2024-07-12,,,FINANCE01,2024-08-11,101504
100,MR,51000004352024,NEU,E,V0007,LF,6,1,174536,2024-07-31,2024-07-31,,,FINANCE01,2024-08-30,161030
100,MR,51000004352024,NEU,E,V0007,LF,6,1,174536,2024-07-28,2024-07-28,,,FINANCE02,2024-08-27,161030
100,MR,51000004362024,NEU,E,V0002,LF,6,1,060426,2024-03-24,2024-03-24,,,FINANCE01,2024-04-23,161808
100,MR,51000004372024,NEU,E,V0008,LF,6,1,074125,2024-03-20,2024-03-20,,,FINANCE02,2024-04-19,145218
100,MR,51000004382024,NEU,E,V0010,LF,6,1,174155,2024-05-15,2024-05-15,,,FINANCE02,2024-06-14,165114
100,MR,51000004392024,NEU,E,V0012,LF,6,1,151519,2024-04-17,2024-04-17,,,FINANCE01,2024-05-17,174406
100,MR,51000004402024,NEU,E,V0013,LF,6,1,143420,2024-09-29,2024-09-29,,,FINANCE01,2024-10-29,091115
100,MR,51000004402024,NEU,E,V0013,LF,6,1,143420,2024-10-02,2024-10-02,,,FINANCE02,2024-11-01,091115
100,MR,51000004412024,NEU,E,V0002,LF,6,1,063954,2024-11-04,2024-11-04,,,FINANCE01,2024-12-04,093101
100,MR,51000004412024,NEU,E,V0002,LF,6,1,063954,2024-10-22,2024-10-22,,,FINANCE02,2024-11-21,093101
100,MR,51000004422024,NEU,E,V0009,LF,6,1,120626,2024-05-09,2024-05-09,,,FINANCE02,2024-06-08,103424
100,MR,51000004432024,NEU,E,V0015,LF,6,0,142520,2024-07-18,2024-07-18,,,FINANCE01,2024-08-17,174058
100,MR,51000004442024,NEU,E,V0007,LF,6,1,105703,2024-08-12,2024-08-12,,,FINANCE01,2024-09-11,164247
100,MR,51000004452024,NEU,E,V0008,LF,6,1,164155,2024-07-12,2024-07-12,,,FINANCE02,2024-08-11,153135
100,MR,51000004462024,NEU,E,V0004,LF,6,1,111041,2024-10-10,2024-10-10,,,FINANCE02,2024-11-09,091212
100,MR,51000004462024,NEU,E,V0004,LF,6,1,111041,2024-10-14,2024-10-14,,,FINANCE02,2024-11-13,091212
100,MR,51000004472024,NEU,E,V0005,LF,6,1,175514,2024-09-22,2024-09-22,,,FINANCE02,2024-10-22,150226
100,MR,51000004482024,NEU,E,V0014,LF,6,1,064755,2024-09-09,2024-09-09,,,FINANCE02,2024-10-09,095752
100,MR,51000004492024,NEU,E,V0006,LF,6,1,140526,2024-09-23,2024-09-23,,,FINANCE01,2024-10-23,173924
100,MR,51000004502024,NEU,E,V0015,LF,6,1,133205,2024-06-12,2024-06-12,,,FINANCE01,2024-07-12,134844
100,MR,51000004502024,NEU,E,V0015,LF,6,1,133205,2024-06-05,2024-06-05,,,FINANCE01,2024-07-05,134844
100,MR,51000004512024,NEU,E,V0015,LF,6,0,161931,2024-08-03,2024-08-03,,,FINANCE02,2024-09-02,140711
100,MR,51000004522024,NEU,E,V0008,LF,6,1,082631,2024-04-01,2024-04-01,,,FINANCE02,2024-05-01,102138
100,MR,51000004532024,NEU,E,V0009,LF,6,1,133713,2024-06-18,2024-06-18,,,FINANCE02,2024-07-18,104644
100,MR,51000004542024,NEU,E,V0009,LF,6,1,074406,2024-07-06,2024-07-06,,,FINANCE01,2024-08-05,093058
100,MR,51000004552024,NEU,E,V0001,LF,6,1,124925,2024-08-31,2024-08-31,,,FINANCE02,2024-09-30,164759
100,MR,51000004562024,NEU,E,V0010,LF,6,1,100000,2024-05-15,2024-05-15,,,FINANCE02,2024-06-14,085922
100,MR,51000004572024,NEU,E,V0002,LF,6,1,145036,2024-09-05,2024-09-05,,,FINANCE02,2024-10-05,083639
100,MR,51000004582024,NEU,E,V0005,LF,6,1,170841,2024-12-03,2024-12-03,,,FINANCE01,2025-01-02,120737
100,MR,51000004592024,NEU,E,V0013,LF,6,1,063332,2024-07-14,2024-07-14,,,FINANCE01,2024-08-13,161408
100,MR,51000004602024,NEU,E,V0013,LF,6,1,125244,2024-07-30,2024-07-30,,,FINANCE02,2024-08-29,152813
100,MR,51000004602024,NEU,E,V0013,LF,6,1,125244,2024-08-01,2024-08-01,,,FINANCE02,2024-08-31,152813
100,MR,51000004612024,NEU,E,V0012,LF,6,1,120137,2024-04-01,2024-04-01,,,FINANCE02,2024-05-01,130715
100,MR,51000004622024,NEU,E,V0002,LF,6,1,153609,2024-03-10,2024-03-10,,,FINANCE01,2024-04-09,162731
100,MR,51000004622024,NEU,E,V0002,LF,6,0,153609,2024-03-13,2024-03-13,,,FINANCE01,2024-04-12,162731
100,MR,51000004632024,NEU,E,V0003,LF,6,1,174032,2024-08-15,2024-08-15,,,FINANCE01,2024-09-14,135844
100,MR,51000004642024,NEU,E,V0006,LF,6,0,103828,2024-05-21,2024-05-21,,,FINANCE01,2024-06-20,115210
100,MR,51000004652024,NEU,E,V0005,LF,6,1,143932,2024-08-21,2024-08-21,,,FINANCE02,2024-09-20,102913
100,MR,51000004662024,NEU,E,V0014,LF,6,0,075029,2024-06-08,2024-06-08,,,FINANCE02,2024-07-08,125029
100,MR,51000004662024,NEU,E,V0014,LF,6,1,075029,2024-06-08,2024-06-08,,,FINANCE01,2024-07-08,125029
100,MR,51000004672024,NEU,E,V0001,LF,6,2,112943,2024-11-01,2024-11-01,,,FINANCE02,2024-12-01,175522
100,MR,51000004682024,NEU,E,V0003,LF,6,2,170507,2024-07-19,2024-07-19,,,FINANCE01,2024-08-18,093636
100,MR,51000004682024,NEU,E,V0003,LF,6,1,170507,2024-07-28,2024-07-28,,,FINANCE02,2024-08-27,093636
100,MR,51000004692024,NEU,E,V0015,LF,6,1,122235,2024-09-19,2024-09-19,,,FINANCE01,2024-10-19,121953
100,MR,51000004702024,NEU,E,V0014,LF,6,1,121631,2024-07-01,2024-07-01,,,FINANCE02,2024-07-31,115656
100,MR,51000004702024,NEU,E,V0014,LF,6,1,121631,2024-07-04,2024-07-04,,,FINANCE02,2024-08-03,115656
100,MR,51000004712024,NEU,E,V0003,LF,6,1,131553,2024-11-27,2024-11-27,,,FINANCE02,2024-12-27,104325
100,MR,51000004722024,NEU,E,V0007,LF,6,1,121623,2024-08-02,2024-08-02,,,FINANCE02,2024-09-01,122657
100,MR,51000004732024,NEU,E,V0005,LF,6,1,152412,2024-10-25,2024-10-25,,,FINANCE01,2024-11-24,120452
100,MR,51000004742024,NEU,E,V0008,LF,6,0,165344,2024-04-03,2024-04-03,,,FINANCE02,2024-05-03,123413
100,MR,51000004752024,NEU,E,V0012,LF,6,1,061200,2024-07-29,2024-07-29,,,FINANCE01,2024-08-28,135248
100,MR,51000004752024,NEU,E,V0012,LF,6,1,061200,2024-07-16,2024-07-16,,,FINANCE01,2024-08-15,135248
100,MR,51000004762024,NEU,E,V0002,LF,6,1,114651,2024-04-03,2024-04-03,,,FINANCE02,2024-05-03,154717
100,MR,51000004772024,NEU,E,V0012,LF,6,1,150515,2024-09-04,2024-09-04,,,FINANCE02,2024-10-04,163809
100,MR,51000004782024,NEU,E,V0003,LF,6,1,092457,2024-09-10,2024-09-10,,,FINANCE01,2024-10-10,144213
100,MR,51000004792024,NEU,E,V0003,LF,6,1,155310,2024-07-23,2024-07-23,,,FINANCE01,2024-08-22,145103
100,MR,51000004802024,NEU,E,V0008,LF,6,1,093913,2024-08-24,2024-08-24,,,FINANCE01,2024-09-23,081338
100,MR,51000004812024,NEU,E,V0006,LF,6,1,161419,2024-03-25,2024-03-25,,,FINANCE01,2024-04-24,125225
100,MR,51000004822024,NEU,E,V0004,LF,6,1,164358,2024-10-09,2024-10-09,,,FINANCE01,2024-11-08,071919
100,MR,51000004832024,NEU,E,V0015,LF,6,1,155210,2024-11-27,2024-11-27,,,FINANCE01,2024-12-27,140307
100,MR,51000004842024,NEU,E,V0013,LF,6,1,123058,2024-08-17,2024-08-17,,,FINANCE02,2024-09-16,151723
100,MR,51000004842024,NEU,E,V0013,LF,6,1,123058,2024-08-03,2024-08-03,,,FINANCE01,2024-09-02,151723
100,MR,51000004852024,NEU,E,V0012,LF,6,0,104017,2024-08-26,2024-08-26,,,FINANCE01,2024-09-25,091449
100,MR,51000004862024,NEU,E,V0014,LF,6,1,163054,2024-05-21,2024-05-21,,,FINANCE02,2024-06-20,145210
100,MR,51000004872024,NEU,E,V0005,LF,6,1,140056,2024-11-26,2024-11-26,,,FINANCE02,2024-12-26,072257
100,MR,51000004872024,NEU,E,V0005,LF,6,1,140056,2024-11-30,2024-11-30,,,FINANCE01,2024-12-30,072257
100,MR,51000004882024,NEU,E,V0012,LF,6,1,143954,2024-06-26,2024-06-26,,,FINANCE01,2024-07-26,132057
100,MR,51000004892024,NEU,E,V0002,LF,6,1,133443,2024-06-29,2024-06-29,,,FINANCE02,2024-07-29,174417
100,MR,51000004892024,NEU,E,V0002,LF,6,1,133443,2024-06-23,2024-06-23,,,FINANCE02,2024-07-23,174417
100,MR,51000004902024,NEU,E,V0003,LF,6,1,131342,2024-05-17,2024-05-17,,,FINANCE01,2024-06-16,133335
100,MR,51000004912024,NEU,E,V0009,LF,6,1,121923,2024-06-28,2024-06-28,,,FINANCE02,2024-07-28,153721
100,MR,51000004922024,NEU,E,V0008,LF,6,1,075856,2024-08-28,2024-08-28,,,FINANCE02,2024-09-27,160500
100,MR,51000004922024,NEU,E,V0008,LF,6,1,075856,2024-08-27,2024-08-27,,,FINANCE02,2024-09-26,160500
100,MR,51000004932024,NEU,E,V0005,LF,6,1,132724,2024-11-17,2024-11-17,,,FINANCE01,2024-12-17,175155
100,MR,51000004942024,NEU,E,V0002,LF,6,1,094818,2024-09-18,2024-09-18,,,FINANCE02,2024-10-18,165733
100,MR,51000004952024,NEU,E,V0012,LF,6,0,164451,2024-06-01,2024-06-01,,,FINANCE01,2024-07-01,091453
100,MR,51000004962024,NEU,E,V0014,LF,6,1,172631,2024-10-09,2024-10-09,,,FINANCE01,2024-11-08,171638
100,MR,51000004972024,NEU,E,V0002,LF,6,1,170456,2024-10-02,2024-10-02,,,FINANCE02,2024-11-01,065014
100,MR,51000004982024,NEU,E,V0014,LF,6,1,063013,2024-11-19,2024-11-19,,,FINANCE01,2024-12-19,163728
100,MR,51000004982024,NEU,E,V0014,LF,6,1,063013,2024-11-16,2024-11-16,,,FINANCE01,2024-12-16,163728
100,MR,51000004992024,NEU,E,V0001,LF,6,1,110507,2024-09-28,2024-09-28,,,FINANCE01,2024-10-28,105444
